Japanese;English;French;
"あける";"Open";"Ouvrir";
"も つ";"Pick up";"Soulever";
"なげる";"Throw";"Lancer";
"へきが";"Merge";"Peinture";
"で る";"Exit";"Sortir";
"もぐる";"Dive";"Plonger";
"はなす";"Talk";"Parler";
"よ む";"Read";"Lire";
"み る";"View";"Regarder";
"しらべる";"Check";"Examiner";
"つかむ";"Grab";"Saisir";
"ふれる";"Touch";"Toucher";
"ぬ く";"Pull out";"Retirer";
"つかむ";"Grab";"Saisir";
"つれてく";"Lead";"Suis-moi !";
"またせる";"Separate";"Attends !";
"と る";"Grab";"Prendre";
"ふ る";"Swing";"Frapper";
"と る";"Take";"Prendre";
"忘れ物の剣";"Forgotten Sword";"Épée oubliée";
"マスターソード";"Master Sword";"Épée de légende";
"マスターソードLV2";"Master Sword Lv2";"Épée de légende niv. 2";
"マスターソードLV3";"Master Sword Lv3";"Épée de légende niv. 3";
"緑の服";"Green Tunic";"Tunique verte";
"青い服";"Blue Mail";"Tunique bleue";
"赤い服";"Red Mail";"Tunique rouge";
"盾";"Shield";"Bouclier";
"ハイリアの盾";"Hylian Shield";"Bouclier d'Hylia";
"ラヴィオの腕輪";"Ravio's Bracelet";"Bracelet de Lavio";
"ラヴィオの腕輪";"Ravio's Bracelet";"Bracelet de Lavio";
"パワーグローブ";"Power Glove";"Gants de puissance";
"パワフルグローブ";"Titan's Mitt";"Moufles du titan";
"ペガサスの靴";"Pegasus Boots";"Bottes de Pégase";
"スベスベ石";"Smooth Gem";"Pierre toute douce";
"ゾーラの水かき";"Zora's Flippers";"Palmes de zora";
"ハチバッヂ";"Bee Badge";"Badge des abeilles";
"頑張りの秘訣";"Stamina Scroll";"Arcane de l'endurance";
"ハートのかけら";"Pieces of Heart";"Fragments de cœur";
"ルピー";"Rupees";"Rubis";
"マスターストーン";"Master Ore";"Roche de légende";
"魔物の尻尾";"Monster Tail";"Queue de monstre";
"魔物の角";"Monster Horn";"Corne de monstre";
"魔物の肝";"Monster Guts";"Foie de monstre";
"迷子マイマイ";"Lost Maiamai";"Ti'gorneaux perdus";
"勇気の紋章";"Pendant of Courage";"Pendentif du courage";
"力の紋章";"Pendant of Power";"Pendentif de la force";
"おまもり";"Charm";"Amulette";
"知恵の紋章";"Pendant of Wisdom";"Pendentif de la sagesse";
"賢者 インパ";"Sage Impa";"Sage Impa";
"賢者 オーレン";"Sage Oren";"Sage Orlène";
"賢者 グリ";"Sage Gulley";"Sage Guly";
"賢者 アスファル";"Sage Osfala";"Sage Asphar";
"賢者 セレス";"Sage Seres";"Sage Célès";
"賢者 アイリン";"Sage Irene";"Sage Aëline";
"賢者 ロッソ";"Sage Rosso";"Sage Rosso";
"兵士長さんの忘れ物
誰にでも扱いやすそうな剣だ";"The sword left behind by the
captain, forged so well that
it could fit anyone's hand.";"L'arme oubliée du capitaine,
forgée par le patron. Élégante
et très facile à manier.";
"勇者のみが持つことを
許される退魔の剣
ハート満タンでビームが出る！";"The sword of evil's bane!
It will shoot a beam if
you have full health!";"L'épée du Héros, unique
au monde. Émet des rayons
si vous avez tous vos cœurs.";
"切れ味が鋭くなったマスターソード
手によくなじむ匠の逸品";"The Master Sword, made
stronger! Now it's even
fiercer in your hand!";"L'épée de légende, affutée
avec soin. Votre main épouse
agréablement sa poignée.";
"最強のマスターソード
切っ先から発せられる
オーラが凄まじい";"The Master Sword, made
ultimate! Now it's the
fiercest blade imaginable!";"L'épée de légende à son
apogée. Une aura redoutable
se dégage de sa lame.";
"おかみさん特製の
かじ屋の仕事着
とっても動きやすい";"Clothing made by the
blacksmith's wife. It's a
perfect fit for you!";"Habit de travail confectionné
par la femme du forgeron.
Quelle liberté de mouvement !";
"丈夫な素材でできた厚手の服
緑の服よりも
敵から受けるダメージが少なくなる";"Sturdy mail that provides
great defense.";"Taillée dans une étoffe plus
résistante pour une meilleure
protection.";
"霊糸が編み込まれた不思議な服
敵からのダメージを
さらに軽減してくれる";"Superb mail that provides
excellent defense.";"Tissée avec un fil aux
propriétés mystiques. Réduit
encore les dommages reçus.";
"冒険の必需品
で構えれば 飛んできた
石や矢を防ぐことができる";"A must-have for any
adventurer. Raise it with 
to block arrows and stones.";"Ne partez pas à l'aventure
sans lui ! Levez-le avec .
Bloque pierres et flèches.";
"古代の技術で作られた盾
で構えれば
炎やビームも受け止める";"A shield that's based on
Hylian design. Raise it with
 to block flames and beams.";"Le savoir-faire hylien à son
apogée. Levez-le avec .
Bloque flammes et rayons.";
"ラヴィオから宿代代わりに
押し付けられた 古ぼけた腕輪
どうせなら新品がほしかった";"An old bracelet that Ravio
gave you in exchange for
staying at your house.";"Un vieux bracelet offert par
Lavio en guise de loyer. Pas
sûr qu'il vaille grand-chose...";
"絵になって壁に出入りできる
不思議な腕輪
ラヴィオに感謝！";"A bracelet Ravio gave you
that now gives you the
ability to merge into walls!";"Un mystérieux bracelet qui
vous permet de glisser à la
surface des murs. Merci Lavio.";
"";"A glove that makes you feel
strong! Pick up small
boulders by pressing .";"Vous permet de soulever
des rochers avec  et de
vous sentir grand et fort.";
"";"A powered-up version of the
Power Glove. Pick up large
boulders by pressing !";"La version améliorée des
gants de puissance. Soulevez
d'énormes rochers avec  !";
"でダッシュができる
走りすぎに要注意！";"Boots that let you dash
incredibly fast when you
press .";"Appuyez sur  pour courir.
Mais ne vous laissez pas
emporter par votre élan !";
"見た目も美しいスベスベした石
手触り抜群！";"A beautifully polished stone.
It's smooth to the touch.";"Une superbe pierre polie
extraordinairement agréable
au toucher.";
"で泳ぎ で潜ることができる
ゾーラ族からもらった水かき
これがあれば水泳名人！";"Flippers given to you by
the Zoras. Dive with ,
and swim with !";"Cadeau du peuple zora pour
barboter sans danger. Nagez
avec  et plongez avec .";
"ハチと仲良くなれるバッヂ
もう刺される心配はない！";"No more stings! This badge
makes you the friend of
every bee.";"Un insigne qui vous vaudra
l'amitié des abeilles. Finies
les piqûres !";
"頑張るためのコツが記された巻物
これでもっともっと頑張れる！";"Contains the secrets of
great stamina and expands
your energy gauge.";"Ce parchemin révèle le secret
d'une endurance optimisée.
On ne vous arrêtera plus !";
"4つ集めるとハートの器になって
ハートの最大値が1つ増える";"Collect four pieces of heart
to gain another heart
container.";"Trouvez-en 4 pour obtenir
un nouveau réceptacle de
cœur et gagner en vitalité.";
"この世界のお金
買い物やゲームに必要";"Hyrulean currency. Needed
for buying items and playing
games.";"La monnaie d'Hyrule.
Nécessaire pour faire des
achats et jouer à des jeux.";
"マスターソードを強くできる
めずらしい鉱石
かじ屋さんに持って行こう！";"Take these to the blacksmith
so that he can strengthen
the Master Sword.";"Minerai rare nécessaire pour
renforcer l'épée de légende.
Apportez-en à la forge !";
"薬の素材の1つ
魔法おばばの薬屋に持って行けば
青い薬を作ってもらえる";"The witch will make you
some blue potion if
you bring her 10 of these.";"Ingrédient principal de la
potion bleue. Apportez-la
à Mamie Magie !";
"薬の素材の1つ
魔法おばばの薬屋に持って行けば
黄色い薬を作ってもらえる";"The witch will make you
some yellow potion if
you bring her 10 of these.";"Ingrédient principal de la
potion jaune. Apportez-la
à Mamie Magie !";
"薬の素材の1つ
魔法おばばの薬屋に持って行けば
紫の薬を作ってもらえる";"The witch will make you
some purple potion if
you bring her 10 of these.";"Ingrédient principal de la
potion violette. Apportez-le
à Mamie Magie !";
"迷子のマイマイ
どこかでお母さんが
探しているに違いない";"Shelled cuties that seem to
squeak like they're lost.
But where are they from?";"Jeune gorneau égaré. Les
enfants perdus ont toujours
une maman qui s'inquiète...";
"迷子のマイマイ
マザーマイマイの所に
連れて行ってあげよう";"Maiamai children that were
parted from their mother.
Find and return them to her.";"Jeune gorneau égaré. Sans
ses enfants, Big'ornette est
malheureuse. Rendez-les-lui !";
"迷子のマイマイ
手元にいる[IntNumberN]匹の迷子を
早くマザーマイマイに届けよう！";"Maiamais on hand: [IntNumberN]
Return the lost children to
their mother, OK?";"Vous avez avec vous
[IntNumberN] des ti'gorneaux de
Big'ornette. Allez la voir !";
"迷子マイマイは全て届けた
無表情なマザーだが
喜んでいるようだった";"All Maiamais have been
returned to their mother. 
She was glowing with joy!";"Les ti'gorneaux sont rentrés !
L'impassibilité de leur mère
cache une joie sans bornes.";
"ゼルダ姫にもらったおまもり
実は勇気の紋章だった";"A pendant you got from
Princess Zelda, needed for
claiming the Master Sword.";"L'amulette remise par la
princesse Zelda. C'est en
fait le pendentif du courage.";
"マスターソードを手にするために
必要な紋章
ヘラの塔で手に入れた";"A pendant you found at the
Tower of Hera, needed for
claiming the Master Sword.";"Un bijou précieux reçu à la
tour d'Héra, nécessaire pour
obtenir l'épée de légende.";
"ゼルダ姫にもらった
大切なおまもり";"A special gift that you
received from Princess
Zelda.";"Une amulette précieuse
qui vous a été remise par
la princesse Zelda.";
"マスターソードを手にするために
必要な紋章
風の館で手に入れた";"A pendant you found at the
House of Gales, needed for
claiming the Master Sword.";"Un bijou d'une extrême
importance, nécessaire pour
obtenir l'épée de légende.";
"インパの姿が描かれている
上品に年を重ねてきた
様子が伝わってくる";"The portrait of Lady Impa.
It is clear to see the years
have been kind to her.";"Impa. Les années glissent
sur elle sans altérer l'aura
de grâce qui la caractérise.";
"ゾーラ族の女王オーレン
さすがに絵の中では
スベスベ石は不要のようだ";"The portrait of Queen Oren.
Her beauty shines through,
even as a painting.";"Orlène, reine zora. Elle n'a
vraiment pas besoin de la
pierre toute douce.";
"親方の息子グリ
無邪気な笑顔は変わらない";"The portrait of Gulley.
His smile is as bright as 
it ever was.";"Guly, le fils de votre
patron. Son sourire innocent
est parfaitement rendu.";
"アスファル
目に宿る光が自信家で
あることを伺わせる";"The portrait of Osfala.
The light in his eyes shows
confidence and assurance.";"Asphar. L'éclat de ses yeux
trahit un amour-propre
exacerbé.";
"神父の娘セレス
微笑みが無限の
愛を感じさせる";"The portrait of Seres.
Her smile projects boundless
love for all living beings.";"Célès, la fille du prêtre.
Son sourire exprime une
tendresse indescriptible.";
"魔法おばばの孫アイリン
大好きなおばあちゃんに
会えなくて 少しさみしそうだ";"The portrait of Irene.
For all her brashness, she
really misses her grandma.";"Aëline, la petite-fille de la
sorcière. Elle a l'air triste
sans sa mamie.";
"鉱石屋のロッソ
分厚い胸板 太い腕
豪快さもそのままだ";"The portrait of Rosso.
His broad chest and beefy
arms are well-captured.";"Rosso, fournisseur de la
forge. On reconnaît bien
ses muscles colossaux.";
"リンク";"Link";"Link";
"裏からでは読めない……";"You can't read it from this side.";"Vous ne pouvez pas lire d'ici...";
"暗くって読めない……";"It's too dark to read.";"Vous ne pouvez pas lire
dans la pénombre.";
"やられちゃったから
貸してた道具は返してもらうよ";"Sorry, buddy. I'll be taking back
what's mine now.";"Ton compte est bon, on dirait !
Je vais récupérer toutes nos
affaires, t'en auras plus besoin !";
"前回のセーブ以降にプレイした情報が
失われますが、よろしいですか？";"All progress since your last save will
be lost. Are you sure?";"Toute votre progression depuis votre
dernière sauvegarde sera perdue.
Voulez-vous continuer ?";
"はい";"OK";"Oui.";
"いいえ";"Cancel";"Non.";
"セーブしますか？[ChoiceN]";"Save your progress?[ChoiceN]";"Voulez-vous sauvegarder votre
progression ?[ChoiceN]";
"はい";"Save";"Oui.";
"いいえ";"Don't save";"Non.";
"つづけて遊ぶ？[ChoiceN]";"Continue adventuring?[ChoiceN]";"Voulez-vous poursuivre l'aventure ?[ChoiceN]";
"つづける";"Continue";"Oui.";
"やめる";"Quit";"Quitter.";
"[Flush]セーブ中です
電源を切らないでください";"[Flush]Saving. Please do not turn off the
power.";"[Flush]Sauvegarde en cours.
N'éteignez pas la console.";
"セーブしました";"Saving complete.";"Sauvegarde terminée.";
"STARTボタンメニューから
ゲームをやめることができます";"You can end your game from the
Pause menu, opened by pressing
START.";"Pour quitter la partie, ouvrez le
menu de pause avec START.";
"そろそろ休憩しませんか？";"You've been playing for a while.
Why not take a break?";"Que diriez-vous de faire une pause ?";
"新しい風見鶏を地図に記録しました";"A new weather vane has been added
to the map.";"Une nouvelle girouette vient
d'être ajoutée sur la carte.";
"ハチをつかまえた！";"You caught a bee!";"Vous avez attrapé une abeille !";
"何と、金ピカにかがやく
黄金のハチだ！";"You caught a golden bee! It's so
bright and buzzy!";"Ça alors !!! Une abeille d'or
étincelante !";
"妖精だ！
一緒にいると心強い！";"You caught a fairy! It should come
in really handy!";"Une fée ! Sa présence à vos côtés
a quelque chose de rassurant.";
"ハートだ！
これで元気を回復だ！";"You got a heart! That could help you
out in a pinch!";"Un cœur ! Voilà qui fait plaisir !";
"リンゴだ！
甘酸っぱい、いい香り";"You got an apple! It looks so juicy!";"Une pomme ! Quel délicieux
parfum sucré...";
"青リンゴだ！
ひと味違う感じがする";"You got a green apple! It looks so
very tasty!";"Une pomme verte ! 
Ça change !";
"だけど、空いてるビンがない……
逃がしてあげよう";"But you don't have an empty
bottle to put it in. Better let it go.";"Dommage que vous n'ayez pas de
flacon vide... Mieux vaut la laisser
partir.";
"どうしよう？[ChoiceN]";"What do you want to do?[ChoiceN]";"Voulez-vous l'emporter ?[ChoiceN]";
"ビンに入れとく";"Put it in a bottle";"Oui.";
"逃がしてあげる";"Let it go";"Non.";
"だけど、空いてるビンがない……
あきらめるしかない";"But you don't have an empty
bottle to put it in...";"Vous n'avez pas de flacon vide...
Impossible de l'emporter !";
"どうしよう？[ChoiceN]";"What will you do? [ChoiceN]";"Voulez-vous l'emporter ?[ChoiceN]";
"ビンに入れとく";"Put it in a bottle";"Oui.";
"入れないでおく";"Drop it";"Non.";
"足をくじいて、動けなくなってから
どれだけの時間がたっただろう
なぜこんな奥地まで来てしまったのか
ヘラの塔でやめていれば……
もう私はダメかもしれない……
でも、最後に……最後に一口だけ……
ミルクバーの
プレミアムミルクを飲みたかったなぁ……";"I was up on the mountain doing some
bouldering...when I lost my grip.
And fell. And sort of hurt myself.
Eh, all in the day of a boulderer.
Going climbing without equipment
isn't for the faint of heart!
Anyway, I'm stuck on the mountain
way past the Tower of Hera, and I
could really go for some premium milk!
Yeah, that'd really get me up and
going again. So if you're at the
Milk Bar, pick some up for me!";"Je ne peux plus bouger à cause de
ma cheville foulée... Depuis combien
de temps suis-je coincé ici ?
Qu'est-ce qui m'a pris de venir dans
ce coin perdu ? Si seulement j'avais
fait demi-tour à la tour d'Héra...
C'en est sûrement fini de moi...
J'aimerais juste... juste une dernière
fois...
... pouvoir goûter au lait grand cru du
bar laitier...";
"残り1本の貴重なプレミアムミルクだ
飲まずにちゃんと届けよう！";"Don't drink this last bottle of precious
premium milk. Deliver it!";"C'est le dernier flacon de lait
grand cru ! Ne le buvez pas,
il n'est pas pour vous !";
"ゼルダの伝説 神々のトライフォース2";"Zelda: A Link Between Worlds";"Zelda: A Link Between Worlds";
"誰かがやって来ました！";"Someone is here!";"Vous avez de la visite !";
"セーブファイルを準備中です
しばらくお待ちください……";"Preparing save file. Please wait...";"Préparation du fichier de sauvegarde.
Veuillez patienter.";
"セーブファイルを作成しました";"The save file has been created.";"Création du fichier de sauvegarde
terminée.";
"セーブファイルを全て削除します
よろしいですか？[ChoiceN]";"This will delete all save files. Do you
want to proceed?[ChoiceN]";"Vous vous apprêtez à effacer tous les
fichiers de sauvegarde. Voulez-vous
continuer ?[ChoiceN]";
"削除する";"Delete";"Oui.";
"キャンセル";"Cancel";"Non.";
"削除したデータは元に戻せません
本当によろしいですか？[ChoiceN]";"Deleted data cannot be restored.
Are you sure you want to proceed?[ChoiceN]";"Les données effacées ne peuvent
pas être récupérées. Confirmer
l'effacement ?[ChoiceN]";
"キャンセル";"Cancel";"Non.";
"[ChoicePositive]削除する";"[ChoicePositive]Delete";"[ChoicePositive]Oui.";
"削除しています……";"Deleting data...";"Effacement en cours...";
"削除しました";"Data has been deleted.";"Les données ont été effacées.";
"中は空だった";"It's empty.";"Il n'y a rien à l'intérieur.";
"「小さな鍵」を手に入れた！
鍵のかかった扉を開くことができる！";"You got a small key! 
It will open a locked door!";"Vous avez obtenu une petite clé !
Elle ouvre une porte verrouillée.";
"「大きな扉の鍵」を手に入れた！
大きな扉を開くことができる！";"You got the Big Key! Now you can
open the dungeon's huge door!";"Vous avez obtenu la grande clé !
Vous pouvez à présent pénétrer
dans le repaire du boss.";
"「コンパス」を手に入れた！
宝箱と鍵のかかった扉の位置が分かる！";"You got the compass! Now you
can see the locations of the
treasure chests and locked doors!";"Vous avez obtenu la boussole !
Elle indique l'emplacement des
trésors et des portes verrouillées.";
"「ハートの器」を手に入れた
ハートの最大値が1つ増える！
おまけに体力全回復！";"You got a heart container! Your
maximum hearts increase by one,
and your hearts are replenished!";"Vous avez obtenu un réceptacle
de cœur ! Votre énergie vitale est
restaurée et augmente d'un cœur !";
"20ルピーを手に入れた！
おサイフにうるおいをプラス！";"You got a Red Rupee!
It's worth 20 Rupees. Don't
spend it all in one place!";"Vous avez obtenu 20 rubis !
Offrez-vous donc un petit
quelque chose !";
"5ルピーを手に入れた！
うれしい？ビミョー？";"You got a Blue Rupee!
It's worth 5 Rupees.
What a find!";"Vous avez obtenu 5 rubis !
Ça fait toujours plaisir !";
"1ルピーを手に入れた！
コツコツ集めよう！";"You got a Green Rupee!
It's worth just 1 Rupee, so
collect lots of them!";"Vous avez obtenu 1 rubis !
Ne vous en tenez pas là !";
"300ルピーを手に入れた！
この世界で最高額のルピー！";"You got a Gold Rupee!
It's worth 300 Rupees!
Unbelievable!";"Vous avez obtenu 300 rubis !
Du jamais vu !!!";
"100ルピーを手に入れた！
気分はセレブリティ！";"You got a Silver Rupee!
It's worth 100 Rupees!
Lucky you!";"Vous avez obtenu 100 rubis !
Ça fait plaisir, n'est-ce pas ?";
"50ルピーを手に入れた！
思わずホッペがゆるんじゃう♪";"You got a Purple Rupee!
It's worth 50 Rupees!
Now how about that?!";"Vous avez obtenu 50 rubis !
Ça ne se trouve pas tous
les jours !";
"ハートのかけらを手に入れた！
これで4つ集まった！！
ハートの最大値が1つ増える！";"You got a piece of heart!
You've earned a heart container!";"Vous avez obtenu un
fragment de cœur !

Vous en avez rassemblé quatre.
Votre énergie vitale augmente
d'un cœur !";
"ハートのかけらを手に入れた！
あと3つ集めるとハートの器になる！";"You got a piece of heart! Collect
three more to get a heart
container.";"Vous avez obtenu un
fragment de cœur !

Trouvez-en encore trois pour
former un réceptacle de cœur !";
"ハートのかけらを手に入れた！
あと2つ集めるとハートの器になる！";"You got a piece of heart! Collect
two more to get a heart container.";"Vous avez obtenu un
fragment de cœur !

Trouvez-en encore deux pour
former un réceptacle de cœur !";
"ハートのかけらを手に入れた！
あと1つ集めるとハートの器になる！";"You got a piece of heart! Collect
one more to get a heart container.";"Vous avez obtenu un
fragment de cœur !

Trouvez-en encore un pour
former un réceptacle de cœur !";
"アイスロッドを買い取った";"You bought the Ice Rod!";"Vous avez acheté la
baguette de glace.";
"サンドロッドを買い取った";"You bought the Sand Rod!";"Vous avez acheté la
baguette des sables.";
"トルネードロッドを買い取った";"You bought the Tornado Rod!";"Vous avez acheté la
baguette des tornades.";
"バクダンを買い取った";"You bought bombs!";"Vous avez acheté les bombes.";
"ファイアロッドを買い取った";"You bought the Fire Rod!";"Vous avez acheté
la baguette de feu.";
"フックショットを買い取った";"You bought the Hookshot!";"Vous avez acheté le grappin.";
"ブーメランを買い取った";"You bought the boomerang!";"Vous avez acheté le boomerang.";
"ハンマーを買い取った";"You bought the hammer!";"Vous avez acheté le marteau.";
"弓矢を買い取った";"You bought the bow!";"Vous avez acheté l'arc.";
"盾を手に入れた！
で構えることができる";"You got the shield! Press and
hold  to raise it.";"Vous avez obtenu un bouclier.
Brandissez-le avec .";
"ビンを手に入れた！
色んな物を入れることができる";"You got a bottle! You can put all
sorts of things in it!";"Vous avez obtenu un flacon !
Vous pouvez y conserver
toute sorte de choses.";
"赤い薬を手に入れた！
多少転んでも安心だ";"You got some red potion! This will
help you through some scrapes.";"Vous avez obtenu une potion
rouge ! Pratique pour soigner
les petites égratignures.";
"青い薬を手に入れた！
ハートが全回復する薬
さすが高いだけの効果はあるようだ";"You got some blue potion! This
will restore all of your hearts!";"Vous avez obtenu
une potion bleue !

Cette potion vaut amplement
son prix : elle restaure toute
votre énergie vitale.";
"紫の薬を手に入れた！
強力な攻撃を放てる薬
周囲の魔物に大ダメージ！";"You got some purple potion! Use it
to unleash an attack that will deal
big damage to surrounding foes!";"Vous avez obtenu
une potion violette !

Utilisez-la pour effectuer une
attaque surpuissante contre
les ennemis qui vous entourent !";
"黄色い薬を手に入れた！
しばらくの間、魔物の攻撃が効かなくなる";"You got some yellow potion!
This will make you invulnerable for
a short amount of time!";"Vous avez obtenu
une potion jaune !

Elle vous rend momentanément
invulnérable aux attaques des
monstres.";
"スベスベ石を手に入れた！
ほおずりすると止まらないから注意";"You got the smooth gem! It's so
irresistibly smooth!";"Vous avez obtenu la
pierre toute douce !

Attention, si vous commencez
à la caresser, vous ne pourrez
plus vous arrêter.";
"力の紋章を手に入れた！
何だか強くなった気がする";"You got the Pendant of Power!
It makes you feel...well, powerful!";"Vous avez obtenu le
pendentif de la force !

Cet objet fort bien nommé
vous donne une incroyable
sensation de force.";
"知恵の紋章を手に入れた！
見つめるだけで頭がさえてきそう";"You got the Pendant of Wisdom!
Keep your mind sharp!";"Vous avez obtenu le
pendentif de la sagesse !

Le simple fait de poser les yeux
sur cet objet fascinant affine
votre perception du monde.";
"ゼルダ姫のくれた
大事なおまもりは
何と勇気の紋章だった！";"What? You got the Pendant of
Courage? Good thing the
princess thought ahead!";"La précieuse amulette offerte par
la princesse Zelda était en fait
le pendentif du courage !";
"カンテラを手に入れた！
下画面を使ってセットしてみよう";"You got the lamp! Equip it
on the Touch Screen.";"Vous avez obtenu la lanterne !
Équipez-la depuis l'écran tactile.";
"スーパーカンテラを手に入れた！
明るさはそのままに攻撃力がUP！";"You got the super lamp! It's bright
as ever—and has more attack
power now!";"Vous avez obtenu
la super lanterne !

Elle éclaire autant que l'ancienne,
mais sa puissance d'attaque est
bien plus grande !";
"忘れ物の剣を借りた！
兵士長さんにお届けするはずだった剣
で剣を振ることができる！";"You got a sword! Sort of, anyway.
The captain won't mind if you
borrow it. Swing it with .";"Vous avez emprunté l'épée
oubliée ! Vous étiez censé la
rendre au capitaine de la garde.
Appuyez sur  pour donner
un coup d'épée !";
"マスターソードを手に入れた！
勇者だけが手にすることのできる剣だ！
ハート満タンでビームが出る！";"You got the Master Sword—a 
blade for a true hero! It fires a 
beam when you're at full health.";"Vous avez obtenu l'épée de
légende ! Seul un véritable héros
peut manier cette arme.
Lorsque vous avez tous vos cœurs,
sa lame émet des rayons.";
"マスターソードがパワーアップ！
切れ味を確かめてみよう";"You've increased the power of
the Master Sword! You can really
feel the difference!";"L'épée de légende a
été améliorée !

Le tranchant de sa lame est
devenu plus redoutable encore.";
"マスターソードがパワーアップ！
勇者にふさわしい剣になった！";"The Master Sword is now at its
maximum strength! This is a true
hero's weapon!";"L'épée de légende
a été améliorée !

Cette ultime transformation fait
d'elle une arme réellement digne
d'un héros...";
"ゾーラの水かきをもらった！
これで水に落ちても安心だ！
で速く泳いで、でもぐることもできる";"You got Zora's Flippers! Time to
jump in with both feet! Press  to
dive, and press  to swim faster!";"Vous avez obtenu les
palmes de zora !

Désormais, vous n'aurez plus
rien à craindre de l'eau !

Appuyez sur  pour nager plus
vite, ou sur  pour plonger.";
"ラヴィオから古ぼけた腕輪をもらった
何かの役に立つのだろうか……？

……少し不思議な香りがする";"You got Ravio's bracelet! Pretty
old, but a gift's a gift!";"Vous avez obtenu le vieux
bracelet de Lavio ! Qui sait,
il servira peut-être un jour...
Une étrange odeur en émane.";
"ベルをもらった！
鳴らせばいつでもアイリンに会える！";"You got the bell! Now you can
call Irene anytime!";"Vous avez obtenu la clochette !
Utilisez-la à tout moment pour
appeler Aëline !";
"パワーグローブを手に入れた！
小さな岩を持ち上げることができるぞ！";"You got the Power Glove! Now you
can pick up small rocks!";"Vous avez obtenu les
gants de puissance !

Vous pouvez désormais soulever
les rochers de petite taille !";
"ムシ獲りアミを手に入れた！
両手でにぎるとワクワクするぞ！";"You got the net! Now you can
catch bees—and more!";"Vous avez obtenu le
filet à papillons !

Que de belles parties de chasse
en perspective !";
"スーパームシ獲りアミを手に入れた！
攻撃力がなんと8倍になった！
でも……コレって武器なの？";"You got the super net! That's one
fierce piece of equipment!";"Vous avez obtenu le
super filet à papillons !

Il inflige désormais huit fois
plus de dommages ! Eh oui,
c'est aussi une arme.";
"パワフルグローブを手に入れた！
両手に力がみなぎる！
大きな岩も持ち上げられそうだ！";"You got the Titan's Mitt! Now
hoisting even large boulders will
be a snap!";"Vous avez obtenu les
moufles du titan !

Vous pouvez désormais soulever
d'énormes rochers !";
"迷子マイマイを見つけた！
マザーマイマイの所まで
連れて行ってあげよう";"You caught a lost Maiamai. Take it
to Mother Maiamai, won't you?";"Vous avez trouvé un
ti'gorneau perdu !
Ramenez-le vite à Big'ornette !";
"最後の迷子マイマイを見つけた！
迷子で泣いている子はもういない！";"You caught a lost Maiamai. Whew!
No more crying Maiamais!";"Vous avez trouvé le dernier
ti'gorneau perdu ! Big'ornette va
enfin retrouver le sourire...";
"ハチバッヂをもらった！
ハチの絵がかわいいバッヂ
これでハチも怖くない！";"You got the Bee Badge! 
Now those pesky bees won't 
pester you anymore!";"Vous avez obtenu le
badge des abeilles !

Il est décoré d'une adorable
petite abeille. Plus aucune raison
de les craindre, désormais !";
"黄金のハチを手に入れた！
キラキラ光ってて、すごくキレイ
でも、やっぱりちょっと怖い！";"You got a golden bee!
It shines so bright and beautiful.
Still..."bee" careful!";"Vous avez obtenu
une abeille d'or !

Quel éclat ! Quelle beauté !
Mais elle fait quand
même un peu peur...";
"ヒントメガネをもらった！
困った時は、照れずに使おう！";"You got the Hint Glasses!
Don't hesitate to use them
when you're in trouble!";"Vous avez obtenu les lunettes
occultes ! N'hésitez pas à les
utiliser en cas de difficulté.";
"ドロンの実を手に入れた！
ダンジョンで迷ったら使ってみよう";"You got a Scoot Fruit!
Use it if you get lost in a dungeon.";"Vous avez obtenu un
fruit d'escampette !

Extrêmement pratique si vous
vous perdez dans un donjon.";
"ビリリの実を手に入れた！
魔物に囲まれたら使ってみよう";"You got a Foul Fruit!
Try using it if you get
surrounded by monsters.";"Vous avez obtenu un
fruit du tournis !

Recommandé lorsque vous êtes
encerclé par des ennemis.";
"ハチを手に入れた！
近くで見ると顔が怖い！";"You got a bee!
Wow! Their faces look really scary
up close like this!";"Vous avez obtenu une abeille !
Elles sont vraiment effrayantes,
vues de près...";
"妖精を手に入れた！
倒れた時にハートを回復してくれる";"You got a fairy! If you fall in
battle, it will restore five of
your hearts automatically!";"Vous avez obtenu une fée !
Si vos forces vous abandonnent,
elle restaurera votre jauge vitale.";
"魔物の尻尾を手に入れた！
ちょっとニオう……";"You got a monster tail!
Ugh, it's a bit smelly.";"Vous avez obtenu une queue
de monstre ! Elle ne sent pas
très bon...";
"魔物の肝を手に入れた！
すごく栄養がありそうだ";"You got some monster guts!
Eww, they're a handful!";"Vous avez obtenu un foie de
monstre ! C'est certainement
très nutritif.";
"魔物の角を手に入れた！
トゲトゲがチクチクする";"You got a monster horn!
Ouch. Watch that you don't hurt
yourself on that thing!";"Vous avez obtenu une corne de
monstre ! Attention aux doigts,
elle est couverte d'épines !";
"忘れ物の剣を預かった！
大切なお届け物だ
急いで兵士長さんを追いかけよう！";"You got the captain's sword.
Now deliver it!";"On vous a confié l'épée oubliée !
Rattrapez vite le capitaine de
la garde pour la lui rendre !";
"おまもりを手に入れた！
まだ、ゼルダ姫のぬくもりが残っている";"You got a special charm from
Princess Zelda!";"Vous avez obtenu une amulette !
La pierre conserve encore la
chaleur de la princesse Zelda...";
"青い服を手に入れた！
ダメージが半減するスゴイ服だ！";"You got the blue mail!
This mail cuts damage by half!";"Vous avez obtenu la
tunique bleue !

Cet habit extraordinaire réduit
les dommages reçus de moitié !";
"赤い服を手に入れた！
ダメージがさらに半減する！
他では絶対に手に入らない";"You got the red mail!
Damage from enemies has been 
halved again!";"Vous avez obtenu la
tunique rouge !

Les dommages infligés par vos
ennemis sont à nouveau réduits
de moitié ! Du jamais vu !";
"ハイリアの盾を手に入れた！
魔法攻撃も防御できるスグレモノ";"You got the Hylian Shield!
This can protect you against 
magical attacks.";"Vous avez obtenu le
bouclier d'Hylia !

Grâce à lui, vous serez protégé
contre les attaques magiques.";
"マスターストーンを手に入れた！
親方に頼んでマスターソードを
鍛えてもらおう！";"You got some Master Ore!
The blacksmith can use it to 
improve the Master Sword!";"Vous avez obtenu un morceau
de roche de légende !

Apportez-le au forgeron pour qu'il
améliore l'épée de légende !";
"マスターストーンを手に入れた！
親方に頼んでマスターソードを
鍛えてもらおう！";"You got some Master Ore!
The blacksmith can use it to 
improve the Master Sword!";"Vous avez obtenu un morceau
de roche de légende !

Apportez-le au forgeron pour qu'il
améliore l'épée de légende !";
"マスターストーンを手に入れた！
親方に頼んでマスターソードを
鍛えてもらおう！";"You got some Master Ore!
The blacksmith can use it to 
improve the Master Sword!";"Vous avez obtenu un morceau
de roche de légende !

Apportez-le au forgeron pour qu'il
améliore l'épée de légende !";
"マスターストーンを手に入れた！
親方に頼んでマスターソードを
鍛えてもらおう！";"You got some Master Ore!
The blacksmith can use it to 
improve the Master Sword!";"Vous avez obtenu un morceau
de roche de légende !

Apportez-le au forgeron pour qu'il
améliore l'épée de légende !";
"頑張りの秘訣を手に入れた！
がんばりゲージ増量！
もっと頑張れる強い勇者になった！";"You got the Stamina Scroll!
Your energy gauge has increased!";"Vous avez obtenu
l'arcane de l'endurance !

Votre jauge d'endurance a
augmenté ! Vous vous sentez
fort et particulièrement résistant.";
"アイスロッドを借りた
色んな物を凍らせる
ことができるぞ！";"You rented the Ice Rod. Cool!";"Vous avez obtenu la baguette
de glace de location !

Elle vous permet de geler
toute sorte de choses !";
"サンドロッドを借りた
砂地を見つけたら使ってみよう！";"You rented the Sand Rod. This
should be helpful in the desert!";"Vous avez obtenu la baguette
des sables de location !

N'hésitez pas à l'essayer si
vous traversez un désert...";
"サンドロッドを受け取った
後で返しに行こう！";"You got the Sand Rod, but you'll
have to return it to Ravio. At least
then you can find it at his shop!";"On vous a remis la baguette des
sables. Pensez à aller la rendre !";
"トルネードロッドを借りた
使うと竜巻が発生する魔法の杖";"You rented the Tornado Rod.
Use it to blow things around,
including monsters!";"Vous avez obtenu la baguette
des tornades de location !

Elle fait des merveilles pour
disperser les monstres !";
"バクダンを借りた
怪しいところは爆破してみよう";"You rented bombs. Use them on
any suspicious-looking areas...";"Vous avez obtenu les
bombes de location !

N'hésitez pas à essayer de faire
sauter tout élément suspect.";
"ファイアロッドを借りた
使うと火柱が出現する魔法の杖";"You rented the Fire Rod. That's
some hot stuff!";"Vous avez obtenu la baguette
de feu de location !

Avec elle, presque aucun ennemi
ne peut vous résister.";
"フックショットを借りた
色んなものに引っ掛けてみよう！";"You rented the Hookshot. Try
latching on to all sorts of things!";"Vous avez obtenu le grappin
de location ! Essayez de l'utiliser
sur différentes cibles !";
"ブーメランを借りた
初心者でも上手に投げられるように
工夫された逸品だ！";"You rented the boomerang. This is
designed to be easy to throw!";"Vous avez obtenu le
boomerang de location !

Cet article exceptionnel est
reconnu pour sa simplicité
d'utilisation.";
"ハンマーを借りた
見た目通りの重量感
色んな物をたたいてみよう！";"You rented the hammer. It's as
heavy as it looks, so it should
really pack a punch!";"Vous avez obtenu le marteau de
location ! Il a l'air bien lourd, et
ce n'est pas qu'une impression !";
"弓矢を借りた
矢を放ち、遠くから敵を狙い撃ち！
狙いながら移動もできるスグレモノ";"You rented the bow. Don't forget 
you can aim on the go!";"Vous avez obtenu
l'arc de location !

Ce superbe article permet
de viser tout en marchant
et d'attaquer à distance.";
"ポーチをもらった
にもアイテムをセットできる
大切に使わせてもらおう！";"You got the pouch! Now you
can set items to  as well!";"Vous avez ramassé une sacoche !
Vous pouvez maintenant assigner
un objet à  !";
"ラヴィオの腕輪に救われた！
壁に張り付いたり、抜け出したりできる
不思議な能力が使えるようになった！
……でも、どうして？";"Ravio's bracelet saved you?
But how? Anyway, it seems that
now you can merge into walls!";"Vous avez été sauvé par le
bracelet de Lavio !

Il confère le pouvoir de se
déplacer à la surface des murs !
Comment est-ce possible ?";
"ペガサスの靴を手に入れた！
をしばらく押すとダッシュができる！";"You got the Pegasus Boots!
Press  for a short time to dash!";"Vous avez obtenu les bottes de
Pégase ! Maintenez  brièvement
enfoncé pour filer comme le vent !";
"手紙入りボトルを拾った";"You got a letter in a bottle!";"Vous avez ramassé un
message dans un flacon !";
"ミルクを手に入れた！
キッチリ、フタをしたから
いつでも美味しく頂けるぞ";"You got some milk!
The lid seals in the freshness,
so you can enjoy it anytime.";"Vous avez obtenu une
dose de lait !

Bien protégé dans son flacon, il
conservera toujours sa fraîcheur !";
"プレミアムミルクをもらった
ミルクバーの裏メニュー！
常連さんになった気分";"You got some premium milk.
It looks delicious!";"Vous avez obtenu une
dose de lait grand cru !";
"アイスロッドがパワーアップ！
とてもナイスな感じになった！
実際に使って効果を試してみよう！";"Nice! The Ice Rod is more
powerful now! Try it out to
see its stronger effects!";"Votre baguette de glace a gagné
en puissance ! Very GREAT, non ?
Essayez-la sans tarder !";
"サンドロッドがパワーアップ！
とてもナイスな感じになった！
実際に使って効果を試してみよう！";"Nice! The Sand Rod is more
powerful now! Try it out to
see its stronger effects!";"Votre baguette des sables a gagné
en puissance ! Very GREAT, non ?
Essayez-la sans tarder !";
"トルネードロッドがパワーアップ！
とてもナイスな感じになった！
実際に使って効果を試してみよう！";"Nice! The Tornado Rod is more
powerful now! Try it out to
see its stronger effects!";"Votre baguette des tornades a
gagné en puissance ! Very GREAT,
non ? Essayez-la sans tarder !";
"バクダンがパワーアップ！
とてもナイスな感じになった！
実際に使って効果を試してみよう！";"Nice! The bombs are more
powerful now! Try them out to
see their stronger effects!";"Vos bombes ont gagné en
puissance ! Very GREAT, non ?
Essayez-les sans tarder !";
"ファイアロッドがパワーアップ！
とてもナイスな感じになった！
実際に使って効果を試してみよう！";"Nice! The Fire Rod is more
powerful now! Try it out to
see its stronger effects!";"Votre baguette de feu a gagné
en puissance ! Very GREAT, non ?
Essayez-la sans tarder !";
"フックショットがパワーアップ！
とてもナイスな感じになった！
実際に使って効果を試してみよう！";"Nice! The Hookshot is more
powerful now! Try it out to
see its stronger effects!";"Votre grappin a gagné en
puissance ! Very GREAT, non ?
Essayez-le sans tarder !";
"ブーメランがパワーアップ！
とてもナイスな感じになった！
実際に使って効果を試してみよう！";"Nice! The boomerang is more
powerful now! Try it out to
see its stronger effects!";"Votre boomerang a gagné en
puissance ! Very GREAT, non ?
Essayez-le sans tarder !";
"ハンマーがパワーアップ！
とてもナイスな感じになった！
実際に使って効果を試してみよう！";"Nice! The hammer is more
powerful now! Try it out to
see its stronger effects!";"Votre marteau a gagné en
puissance ! Very GREAT, non ?
Essayez-le sans tarder !";
"弓矢がパワーアップ！
とてもナイスな感じになった！
実際に使って効果を試してみよう！";"Nice! The bow is more powerful
now! Try it out to see its
stronger effects!";"Votre arc a gagné en puissance !
Very GREAT, non ? Essayez-le
sans tarder !";
"大回転斬りをマスターした！
を押して気合をタメて放とう！";"Incredible! You've mastered the
Great Spin! Build power
by holding , and then let loose!";"Vous maîtrisez à présent
l'attaque tourbillon !

Maintenez  enfoncé pour
accumuler de l'énergie,
puis relâchez !";
"光の弓矢を手に入れた！
トライフォースの光をまとった弓矢
壁画になった時に使える";"You got the Bow of Light! Its
light banishes evil! You can use it
only when you're a painting.";"Vous avez obtenu l'arc de
lumière ! Cet arc est imprégné
de la lumière de la Triforce !
Vous ne pouvez l'utiliser
que lorsque vous êtes
transformé en peinture murale.";
"がんばりツボを手に入れた！
がんばりゲージを回復してくれるツボ
疲れていてもリフレッシュ！";"You got an energy potion! It
refills your energy gauge!";"Vous avez obtenu une
fiole d'endurance !

Ce philtre restaure votre jauge
d'endurance. Rafraîchissement
garanti !";
"勇気のトライフォースを手に入れた！";"You got the Triforce of Courage!";"Vous avez obtenu la
Triforce du courage !";
"お姉さんのハートを
ありがたくいただいた！";"The young woman blew you a
heart. How thoughtful!";"La demoiselle vous a envoyé un
cœur.

Sans commentaire...";
"道具屋おばさん";"Item Seller";"Vendeuse";
"アイテム屋さん";"Item Seller";"Vendeur";
"道具屋おじさん";"Runaway Item Seller";"Mari de la vendeuse";
"占いおじさん";"Fortune-Teller";"Diseur de bonne aventure";
"占いおじさん";"Fortune-Teller";"Diseur de bonne aventure";
"オクタちゃん";"Octo";"Octounet";
"パパ";"Papa";"Papa";
"おしゃれ姉さん";"Stylish Woman";"Jeune femme coquette";
"お手伝いさん";"Housekeeper";"Gouvernante";
"男の子";"Boy";"Petit garçon";
"男の子";"Derby Boy";"Petit garçon";
"おねえさん";"Young Woman";"Jeune femme";
"おばさん";"Woman";"Femme";
"女の子";"Girl";"Petite fille";
"女の子";"Derby Girl";"Petite fille";
"かじ職人";"Craftsman";"Employé de la forge";
"かじ職人";"Craftsman";"Employé de la forge";
"おかみさん";"Blacksmith's Wife";"Patronne";
"おかみさん";"Blacksmith's Wife";"Patronne";
"親方";"Blacksmith";"Patron";
"親方";"Blacksmith";"Patron";
"仮面のおばあさん";"Masked Granny";"Grand-mère masquée";
"教祖";"Masked Elder";"Gourou";
"女信者";"Masked Follower";"Fidèle";
"見張り";"Sentry";"Guetteur";
"男信者";"Masked Follower";"Fidèle";
"ギリギリお兄さん";"Rupee Rush Guy";"Jeune homme aux rubis";
"ギリギリお姉さん";"Rupee Rush Gal";"Jeune femme aux rubis";
"小悪魔ちゃん";"Devilish Girl";"Petite démone";
"ゴシップさん";"Rumor Guy";"Monsieur Potins";
"畑のお姉さん";"Cucco Girl";"Jeune femme de l'enclos";
"常習犯";"Veteran Thief";"Récidiviste";
"常連客";"Customer";"Habitué";
"シロ";"Sheerow";"Shiro";
"神父";"Priest";"Prêtre";
"神父";"Philosopher";"Prêtre";
"すれちがいじいさん";"Gramps";"Papy StreetPass";
"ゾーラ族";"Zora Underling";"Zora";
"バクダン花屋さん";"Bomb-Shop Man";"Vendeur de fleurs bombes";
"宝箱お兄さん";"Fortune's Choice Guy";"Maître des coffres";
"宝箱お兄さん";"Fortune's Choice Guy";"Maître des coffres";
"ダンジョン兄弟";"Dungeon Bro";"Frère Dudonjon";
"ダンジョン兄弟";"Dungeon Bro";"Frère Dudonjon";
"ダンペイ";"Dampé";"Igor";
"ダンペイさん？";"Dampé?";"Igor ?";
"怪しげな男";"Shady Guy";"Homme louche";
"盗賊の女";"Thief Girl";"Voleuse";
"登山者";"Bouldering Guy";"Alpiniste";
"鳥おじさん";"Bird Lover";"Homme aux oiseaux";
"仮面鳥おじさん";"Bird-Masked Man";"Homme masqué aux oiseaux";
"トレジャーハンター";"Treasure Hunter";"Chasseur de trésors";
"トレジャーハンター";"Treasure Hunter";"Chasseur de trésors";
"マスター";"Milk Bar Owner";"Gérant";
"マスター";"Milk Bar Owner";"Gérant";
"ハイラル兵士";"Hyrule Soldier";"Soldat d'Hyrule";
"ハチおじさん";"Bee Guy";"Monsieur l'Abeille";
"ヒノックス";"Hinox";"Hinox";
"笛吹き少年";"Flute Boy";"Petit flûtiste";
"袋のおじさん";"Bag Guy";"Homme au sac";
"文官";"Official";"Fonctionnaire";
"兵士長";"Captain";"Capitaine de la garde";
"マイマイ";"Maiamai";"Ti'gorneau";
"マザーマイマイ";"Mother Maiamai";"Big'ornette";
"魔法おばば";"Witch";"Mamie Magie";
"魔法おばば";"Witch";"Mamie Magie";
"なぞのおじさん";"Mysterious Man";"Homme mystérieux";
"湖のアイテム屋さん";"Lakeside Item Seller";"Vendeur du lac";
"湖のアイテム屋さん";"Lakeside Item Seller";"Vendeur du lac";
"湖のお兄さん";"Swimmer";"Jeune homme du lac";
"吟遊詩人";"Bard";"Troubadour";
"ルピー大妖精";"Great Rupee Fairy";"Grande fée des rubis";
"レース兄弟";"Racing Bro";"Frère Lacourse";
"レース兄弟";"Racing Bro";"Frère Lacourse";
"露天商";"Street Merchant";"Vendeur de rue";
"大妖精";"Great Fairy";"Grande fée";
"ヤリ少年";"Spear Boy";"Garçon à la lance";
"おばさん";"Woman";"Femme";
"カメママ";"Mama Turtle";"Maman tortue";
"タロー";"Tallo";"Pierre";
"ジロー";"Jillo";"Paul";
"サブロー";"Sabro";"Jacques";
"兵士長";"Captain";"Capitaine de la garde";
"おねえさん";"Young Woman";"Jeune femme";
"シャドウリンク";"Shadow Link";"Link noir";
"吟遊詩人";"Bard";"Troubadour";
"ゲームコインとヒントおばけ

ニンテンドー3DS本体を持ち歩くと歩数が
カウントされ、100歩で1枚の
ゲームコインが貯まります

ゲームコインは1日10枚まで
最大300枚貯めることができます
このゲームコインを
ヒントおばけに1枚お供えすると
謎解きの答えを教えてくれます
どうしても、どうしても、どーーーしても！
謎の解き方が分からない時だけ
利用しましょう";"Hint Ghosts and Play Coins


Your system will give you a Play Coin
for every 100 steps you take.

You can get 10 Play Coins a day, and
you can hold a maximum of 300.

If you find yourself stuck on a puzzle,
a Hint Ghost will give you a hint in
exchange for a Play Coin.
But you probably won't ever need to
do that...right?";"        Fantastus et pièces de jeu


La Nintendo 3DS compte les pas
que vous effectuez. 100 pas vous
rapportent une pièce de jeu.
Vous pouvez obtenir jusqu'à 10 pièces
de jeu par jour, et vous pouvez en
accumuler un maximum de 300.
Faites don d'une pièce de jeu à
un fantastus et il vous donnera
la solution d'une énigme.
Mais essayez de ne solliciter l'aide
des fantastus qu'en dernier recours !";
"ゲームコインを1枚、お供えしますか？
※一度使ったゲームコインは返ってきません[ChoiceN]";"Would you like to offer 1 Play Coin?
Remember, once you give it up,
you can't get it back.[ChoiceN]";"Voulez-vous lui faire don d'une pièce
de jeu ? Les pièces de jeu offertes ne
peuvent pas être récupérées.[ChoiceN]";
"お供えする";"Offer";"Oui !";
"やめておく";"Never mind";"Pas la peine.";
"話し終えるとヒントおばけは
再び静かになった……";"The Hint Ghost goes back to its book.";"Le fantastus est retombé dans
son silence.";
"ヒントおばけが静かに
佇んでいる……";"The Hint Ghost is studying its book.";"Un fantastus se tient devant vous
en silence.";
"ゲームコインが、ありません

ヒントを聞きたい時は3DS本体を
持ち歩いてゲームコインを貯めましょう";"Looks like you don't have any
Play Coins!

If you'd like a hint, you'll need to
walk around with your Nintendo 3DS
system to save up Play Coins.";"Vous n'avez pas de pièces de jeu.


Si vous voulez parler au fantastus,
marchez avec votre console pour
obtenir des pièces de jeu.";
"アイスロッド";"Ice Rod";"la baguette de glace";
"サンドロッド";"Sand Rod";"la baguette des sables";
"トルネードロッド";"Tornado Rod";"la baguette des tornades";
"バクダン";"bombs";"les bombes";
"ファイアロッド";"Fire Rod";"la baguette de feu";
"フックショット";"Hookshot";"le grappin";
"ブーメラン";"boomerang";"le boomerang";
"ハンマー";"hammer";"le marteau";
"弓矢";"bow";"l'arc";
"盾";"shield";"bouclier";
"ビン";"bottle";"flacon";
"赤い薬";"red potion";"potion rouge";
"青い薬";"blue potion";"potion bleue";
"ハート";"heart";"cœur";
"ラヴィオの腕輪";"Ravio's bracelet";"bracelet de Lavio";
"カンテラ";"lamp";"lanterne";
"迷子マイマイ";"Lost Maiamai";"ti'gorneau perdu";
"ゲームコイン";"Play Coins";"pièces de jeu";
"スベスベ石";"smooth gem";"pierre toute douce";
"ビリリの実";"Foul Fruit";"fruit du tournis";
"ドロンの実";"Scoot Fruit";"fruit d'escampette";
"ハートのかけら";"piece of heart";"fragment de cœur";
"ハチ";"bee";"abeille";
"ハチバッヂ";"Bee Badge";"badge des abeilles";
"パワーグローブ";"Power Glove";"gants de puissance";
"パワフルグローブ";"Titan's Mitt";"moufles du titan";
"ペガサスの靴";"Pegasus Boots";"bottes de Pégase";
"ベル";"bell";"clochette";
"ヒントメガネ";"Hint Glasses";"lunettes occultes";
"黄金のハチ";"golden bee";"abeille d'or";
"黄色い薬";"yellow potion";"potion jaune";
"紫の薬";"purple potion";"potion violette";
"ゾーラの水かき";"Zora's Flippers";"palmes de zora";
"ムシ獲りアミ";"net";"filet à papillons";
"知恵の紋章";"Pendant of Wisdom";"pendentif de la sagesse";
"勇気の紋章";"Pendant of Courage";"pendentif du courage";
"力の紋章";"Pendant of Power";"pendentif de la force";
"妖精";"fairy";"fée";
"マスターストーン";"Master Ore";"roche de légende";
"忘れ物の剣";"forgotten sword";"épée oubliée";
"おまもり";"charm";"amulette";
"ラヴィオの腕輪";"Ravio's bracelet";"bracelet de Lavio";
"大バクダン花";"Big Bomb Flower";"grosse fleur bombe";
"マスターソード";"Master Sword";"épée de légende";
"魔物の尻尾";"monster tail";"queue de monstre";
"魔物の肝";"monster guts";"foie de monstre";
"魔物の角";"monster horn";"corne de monstre";
"青い服";"blue mail";"tunique bleue";
"赤い服";"red mail";"tunique rouge";
"ハイリアの盾";"Hylian Shield";"bouclier d'Hylia";
"頑張りの秘訣";"Stamina Scroll";"arcane de l'endurance";
"ポーチ";"pouch";"sacoche";
"小さな鍵";"small key";"petite clé";
"大きな扉の鍵";"Big Key";"grande clé";
"ハートの器";"heart container";"réceptacle de cœur";
"コンパス";"compass";"boussole";
"リンゴ";"apple";"pomme";
"青リンゴ";"green apple";"pomme verte";
"ミルク";"milk";"lait";
"プレミアムミルク";"premium milk";"lait grand cru";
"手紙入りボトル";"letter in a bottle";"message dans un flacon";
"大回転斬り";"Great Spin";"attaque tourbillon";
"作業服";"work clothes";"habit de travail";
"緑の服";"green tunic";"tunique verte";
"スーパーカンテラ";"super lamp";"super lanterne";
"スーパームシ獲りアミ";"super net";"super filet à papillons";
"光の弓矢";"Bow of Light";"arc de lumière";
"がんばりツボ";"energy potion";"fiole d'endurance";
"知恵のトライフォース";"Triforce of Wisdom";"Triforce de la sagesse";
"勇気のトライフォース";"Triforce of Courage";"Triforce du courage";
"力のトライフォース";"Triforce of Power";"Triforce de la force";
"ナイスアイスロッド";"Nice Ice Rod";"great baguette de glace";
"ナイスサンドロッド";"Nice Sand Rod";"great baguette des sables";
"ナイストルネードロッド";"Nice Tornado Rod";"great baguette des tornades";
"ナイスバクダン";"nice bombs";"great bombes";
"ナイスファイアロッド";"Nice Fire Rod";"great baguette de feu";
"ナイスフックショット";"Nice Hookshot";"great grappin";
"ナイスブーメラン";"nice boomerang";"great boomerang";
"ナイスハンマー";"nice hammer";"great marteau";
"ナイス弓矢";"nice bow";"great arc";
"借りたアイスロッド";"rented Ice Rod";"baguette de glace de location";
"借りたサンドロッド";"rented Sand Rod";"baguette des sables de location";
"借りたトルネードロッド";"rented Tornado Rod";"baguette des tornades de location";
"借りたバクダン";"rented bombs";"bombes de location";
"借りたファイアロッド";"rented Fire Rod";"baguette de feu de location";
"借りたフックショット";"rented Hookshot";"grappin de location";
"借りたブーメラン";"rented boomerang";"boomerang de location";
"借りたハンマー";"rented hammer";"marteau de location";
"借りた弓矢";"rented bow";"arc de location";
"アイスロッド";"Ice Rod";"Baguette de glace";
"サンドロッド";"Sand Rod";"Baguette des sables";
"トルネードロッド";"Tornado Rod";"Baguette des tornades";
"バクダン";"Bombs";"Bombes";
"ファイアロッド";"Fire Rod";"Baguette de feu";
"フックショット";"Hookshot";"Grappin";
"ブーメラン";"Boomerang";"Boomerang";
"ハンマー";"Hammer";"Marteau";
"弓矢";"Bow";"Arc";
"盾";"Shield";"Bouclier";
"ビン";"Bottle";"Flacon";
"赤い薬";"Red Potion";"Potion rouge";
"青い薬";"Blue Potion";"Potion bleue";
"ハート";"Heart";"Cœur";
"ラヴィオの腕輪";"Ravio's Bracelet";"Bracelet de Lavio";
"カンテラ";"Lamp";"Lanterne";
"迷子マイマイ";"Lost Maiamai";"Ti'gorneaux perdus";
"ゲームコイン";"Play Coins";"Pièces de jeu";
"スベスベ石";"Smooth Gem";"Pierre toute douce";
"ビリリの実";"Foul Fruit";"Fruit du tournis";
"ドロンの実";"Scoot Fruit";"Fruit d'escampette";
"ハートのかけら";"Piece of Heart";"Fragments de cœur";
"ハチ";"Bee";"Abeille";
"ハチバッヂ";"Bee Badge";"Badge des abeilles";
"パワーグローブ";"Power Glove";"Gants de puissance";
"パワフルグローブ";"Titan's Mitt";"Moufles du titan";
"ペガサスの靴";"Pegasus Boots";"Bottes de Pégase";
"ベル";"Bell";"Clochette";
"ヒントメガネ";"Hint Glasses";"Lunettes occultes";
"黄金のハチ";"Golden Bee";"Abeille d'or";
"黄色い薬";"Yellow Potion";"Potion jaune";
"紫の薬";"Purple Potion";"Potion violette";
"ゾーラの水かき";"Zora's Flippers";"Palmes de zora";
"ムシ獲りアミ";"Net";"Filet à papillons";
"知恵の紋章";"Pendant of Wisdom";"Pendentif de la sagesse";
"勇気の紋章";"Pendant of Courage";"Pendentif du courage";
"力の紋章";"Pendant of Power";"Pendentif de la force";
"妖精";"Fairy";"Fée";
"マスターストーン";"Master Ore";"Roche de légende";
"忘れ物の剣";"Forgotten Sword";"Épée oubliée";
"おまもり";"Charm";"Amulette";
"ラヴィオの腕輪";"Ravio's Bracelet";"Bracelet de Lavio";
"大バクダン花";"Big Bomb Flower";"Grosse fleur bombe";
"借り物の剣";"Borrowed Sword";"Épée empruntée";
"マスターソード";"Master Sword";"Épée de légende";
"魔物の尻尾";"Monster Tail";"Queue de monstre";
"魔物の肝";"Monster Guts";"Foie de monstre";
"魔物の角";"Monster Horn";"Corne de monstre";
"青い服";"Blue Mail";"Tunique bleue";
"赤い服";"Red Mail";"Tunique rouge";
"ハイリアの盾";"Hylian Shield";"Bouclier d'Hylia";
"頑張りの秘訣";"Stamina Scroll";"Arcane de l'endurance";
"ポーチ";"Pouch";"Sacoche";
"小さな鍵";"Small Key";"Petite clé";
"大きな扉の鍵";"Big Key";"Grande clé";
"ハートの器";"Heart Container";"Réceptacle de cœur";
"コンパス";"Compass";"Boussole";
"リンゴ";"Apple";"Pomme";
"青リンゴ";"Green Apple";"Pomme verte";
"ミルク";"Milk";"Lait";
"プレミアムミルク";"Premium Milk";"Lait grand cru";
"手紙入りボトル";"Letter in a Bottle";"Message dans un flacon";
"大回転斬り";"Great Spin";"Attaque tourbillon";
"作業服";"Work Clothes";"Habit de travail";
"緑の服";"Green Tunic";"Tunique verte";
"スーパーカンテラ";"Super Lamp";"Super lanterne";
"スーパームシ獲りアミ";"Super Net";"Super filet à papillons";
"光の弓矢";"Bow of Light";"Arc de lumière";
"がんばりツボ";"Energy Potion";"Fiole d'endurance";
"知恵のトライフォース";"Triforce of Wisdom";"Triforce de la sagesse";
"勇気のトライフォース";"Triforce of Courage";"Triforce du courage";
"力のトライフォース";"Triforce of Power";"Triforce de la force";
"ナイスアイスロッド";"Nice Ice Rod";"Great baguette de glace";
"ナイスサンドロッド";"Nice Sand Rod";"Great baguette des sables";
"ナイストルネードロッド";"Nice Tornado Rod";"Great baguette des tornades";
"ナイスバクダン";"Nice Bombs";"Great bombes";
"ナイスファイアロッド";"Nice Fire Rod";"Great baguette de feu";
"ナイスフックショット";"Nice Hookshot";"Great grappin";
"ナイスブーメラン";"Nice Boomerang";"Great boomerang";
"ナイスハンマー";"Nice Hammer";"Great marteau";
"ナイス弓矢";"Nice Bow";"Great arc";
"借りたアイスロッド";"Rented Ice Rod";"Baguette de glace de location";
"借りたサンドロッド";"Rented Sand Rod";"Baguette des sables de location";
"借りたトルネードロッド";"Rented Tornado Rod";"Baguette des tornades de location";
"借りたバクダン";"Rented Bombs";"Bombes de location";
"借りたファイアロッド";"Rented Fire Rod";"Baguette de feu de location";
"借りたフックショット";"Rented Hookshot";"Grappin de location";
"借りたブーメラン";"Rented Boomerang";"Boomerang de location";
"借りたハンマー";"Rented Hammer";"Marteau de location";
"借りた弓矢";"Rented Bow";"Arc de location";
"借りたアイスロッド";"Rented Ice Rod";"Baguette de glace
de location";
"借りたサンドロッド";"Rented Sand Rod";"Baguette des sables
de location";
"借りたトルネードロッド";"Rented Tornado Rod";"Baguette des tornades
de location";
"借りたバクダン";"Rented Bombs";"Bombes de location";
"借りたファイアロッド";"Rented Fire Rod";"Baguette de feu
de location";
"借りたフックショット";"Rented Hookshot";"Grappin de location";
"借りたブーメラン";"Rented Boomerang";"Boomerang de location";
"借りたハンマー";"Rented Hammer";"Marteau de location";
"借りた弓矢";"Rented Bow";"Arc de location";
"アイスロッド";"Ice Rod";"Baguette de glace";
"サンドロッド";"Sand Rod";"Baguette des sables";
"トルネードロッド";"Tornado Rod";"Baguette des tornades";
"バクダン";"Bombs";"Bombes";
"ファイアロッド";"Fire Rod";"Baguette de feu";
"フックショット";"Hookshot";"Grappin";
"ブーメラン";"Boomerang";"Boomerang";
"ハンマー";"Hammer";"Marteau";
"弓矢";"Bow";"Arc";
"ナイスアイスロッド";"Nice Ice Rod";"Great baguette
de glace";
"ナイスサンドロッド";"Nice Sand Rod";"Great baguette
des sables";
"ナイストルネードロッド";"Nice Tornado Rod";"Great baguette
des tornades";
"ナイスバクダン";"Nice Bombs";"Great bombes";
"ナイスファイアロッド";"Nice Fire Rod";"Great baguette de feu";
"ナイスフックショット";"Nice Hookshot";"Great grappin";
"ナイスブーメラン";"Nice Boomerang";"Great boomerang";
"ナイスハンマー";"Nice Hammer";"Great marteau";
"ナイス弓矢";"Nice Bow";"Great arc";
"ビン";"Bottle";"Flacon";
"赤い薬";"Red Potion";"Potion rouge";
"青い薬";"Blue Potion";"Potion bleue";
"黄色い薬";"Yellow Potion";"Potion jaune";
"紫の薬";"Purple Potion";"Potion violette";
"妖精";"Fairy";"Fée";
"リンゴ";"Apple";"Pomme";
"青リンゴ";"Green Apple";"Pomme verte";
"ハート";"Heart";"Cœur";
"手紙入りボトル";"Letter in a Bottle";"Message dans
un flacon";
"プレミアムミルク";"Premium Milk";"Lait grand cru";
"ミルク";"Milk";"Lait";
"ハチ";"Bee";"Abeille";
"黄金のハチ";"Golden Bee";"Abeille d'or";
"カンテラ";"Lamp";"Lanterne";
"スーパーカンテラ";"Super Lamp";"Super lanterne";
"ヒントメガネ";"Hint Glasses";"Lunettes occultes";
"ムシ獲りアミ";"Net";"Filet à papillons";
"スーパームシ獲りアミ";"Super Net";"Super filet à papillons";
"ビリリの実";"Foul Fruit";"Fruit du tournis";
"ドロンの実";"Scoot Fruit";"Fruit d'escampette";
"光の弓矢";"Bow of Light";"Arc de lumière";
"ラヴィオからの借り物
振ると色んな物を
凍らせることができる";"If you wave it, you can
freeze all sorts of things.";"Un petit coup de cette
baguette suffit à geler
toute sorte de choses.";
"ラヴィオからの借り物
砂地で使えば大きな壁が出現！";"If the ground in front of you 
is sand, you can conjure
up a giant wall!";"Grâce à elle, vous pouvez
faire jaillir du sable un
mur gigantesque !";
"ラヴィオからの借り物
自分に使えば高い所へひとっ跳び
敵に使えば目を回すことができる";"Fly up and hover in the air!
Also gives nearby foes a
whirl!";"Invoquez une tornade pour
vous élever dans les airs et
déstabiliser vos ennemis !";
"ラヴィオからの借り物
で持ち上げて投げられる
爆発すると自分も痛い！";"Use these with caution!
You'll get hurt if you're
caught in the blast!";"Gare à l'explosion ! Pour en
lancer une, ramassez-la avec
prudence et appuyez sur .";
"ラヴィオからの借り物
取扱い注意！
大きな火柱で敵を攻撃！！";"Handle with care! Attack
enemies with a burst of
flame!";"Invoque une redoutable
colonne de flammes. À
manipuler avec précaution.";
"ラヴィオからの借り物
木製の壁や杭などに突き刺さり
離れた場所へ移動できる";"Hooks on to anything made 
of wood. Can help you travel
across treacherous gaps.";"Se plante dans tout élément
en bois. Grâce à lui, vous
pouvez franchir des fossés.";
"ラヴィオからの借り物
遠くの仕掛けもこれでスイッチON
だけど敵は気絶するだけ";"Returns when you throw it.
It can also hit switches and
stun enemies on the way!";"Étourdit les ennemis et
permet d'activer les
interrupteurs à distance.";
"ラヴィオからの借り物
ジャマな杭もこれでドスン！
ジャマな敵もこれでドスン！";"Bang down any pegs that
block your way! Enemies
too—wham!";"Besoin de passer vos nerfs ?
Aplatissez les ennemis et les
obstacles qui vous agacent !";
"ラヴィオからの借り物
まっすぐに飛んで敵を打ち抜く！
狙いながらの移動も可能！！";"Arrows fly straight to take
down enemies! You can also
move while aiming!";"Visez en vous déplaçant et
tirez droit devant pour vous
débarrasser de vos ennemis.";
"振ると色んな物を
凍らせることができる";"If you wave it, you can
freeze all sorts of things.";"Un petit coup de cette
baguette suffit à geler
toute sorte de choses.";
"砂地で使えば大きな壁が出現！
ただし壁はしばらくたつと
消滅するので注意が必要！";"If the ground in front of you 
is sand, you can conjure
up a giant wall!";"Grâce à elle, vous pouvez
faire jaillir du sable un mur
immense pour un moment !";
"グルグルッと上空にひとっ跳び！
そばにいる敵の目もグルグル！";"Fly up and hover in the air!
Also gives nearby foes a
whirl!";"Invoquez une tornade pour
vous élever dans les airs et
déstabiliser vos ennemis !";
"取扱い注意！
で持ち上げて投げられる
爆発すると自分も痛い！";"Use these with caution!
You'll get hurt if you're
caught in the blast!";"Pour en lancer une, posez-la
et ramassez-la rapidement
avec . Gare à l'explosion !";
"取扱い注意！
大きな火柱で敵を攻撃！！
炎に触れると自分も痛い！";"Handle with care! Attack
enemies with a burst of
flame!";"Invoque une redoutable
colonne de flammes. À
manipuler avec précaution.";
"木製の壁や杭などに突き刺さり
離れた場所へ移動できる";"Hooks on to anything made 
of wood. Can help you travel
across treacherous gaps.";"Se plante dans tout élément
en bois. Grâce à lui, vous
pouvez franchir des fossés.";
"遠くの仕掛けもこれでスイッチON
だけど敵は気絶するだけ
軌道を上手く利用するのがコツ！";"Returns when you throw it.
It can also hit switches and
stun enemies on the way!";"Optimisez sa trajectoire
pour étourdir les monstres
et activer les interrupteurs !";
"ジャマな杭もこれでドスン！
ジャマな敵もこれでドスン！";"Bang down any pegs that
block your way! Enemies
too—wham!";"Aplatit les obstacles et les
ennemis qui vous agacent.";
"まっすぐに飛んで敵を打ち抜く！
狙いながらの移動も可能！！";"Arrows fly straight to take
down enemies! You can also
move while aiming!";"Visez en vous déplaçant et
tirez droit devant pour vous
débarrasser de vos ennemis.";
"4つのツララで広範囲に
色んな物を凍らせられる！";"Freeze lots of things in a 
wide area with four icicles!";"4 blocs de glace pour un
pouvoir de congélation
plus étendu !";
"時間がたっても壊れない
頑丈な砂の壁を作れる！
壊したい時は もう一振り";"Lets you make and break
your own sand pillars!";"Invoque de solides colonnes
de sable qui ne s'effondrent
que quand vous le voulez.";
"グルグルッと上空にひとっ跳び！
に加えて風力UPで
広範囲の敵の目をグルグルに！";"Use a powered-up tornado
to snare your enemies in
one fell swoop!";"Invoquez une tornade
surpuissante qui balaye vos
ennemis d'un seul coup !";
"取扱い要注意！
サイズも2倍で 攻撃力も2倍！
セットしたら急いで逃げろ！";"Caution! Twice as big for
twice the oomph! Set 'em
and RUN!";"Deux fois plus grosses, deux
fois plus puissantes ! Ne
vous éternisez pas à côté...";
"取扱い要注意！
より大きな火柱で敵を攻撃！！
炎に触れると自分も痛い！";"Caution! You're wielding
bigger fire now!";"Gare à l'incendie ! Votre
baguette invoque désormais
un véritable brasier !";
"フックショットの威力がUP！
敵に攻撃ができるようになった！
加えて速度もグーンとUP！";"The Hookshot got mightier.
Its attack speed is faster,
and it inflicts damage!";"Un grappin plus rapide qui
peut désormais infliger des
dommages à vos ennemis.";
"3つ連続で投げられるスグレモノ
スピードも飛距離もアップ！";"You can now throw three in
a row! Speed and flying
distance are also improved!";"3 boomerangs par lancer,
une vitesse et une portée
améliorées. Qui dit mieux ?";
"衝撃範囲と攻撃力が
なんと今までの2倍！";"Shockwave range and attack
power are now doubled!";"Sa puissance d'attaque et
la portée de l'onde de choc
sont maintenant doublées !";
"多少狙いが外れても大丈夫！
一度に3本の矢が飛ばせるゾ！";"Don't worry if your aim is a
little bit off. You can fire
three arrows at once now!";"Tire 3 flèches à la fois. Si
viser n'est pas votre fort,
vous apprécierez sûrement !";
"色んな物を入れられる
薬を買うためにも必要";"Can hold many different 
things. You'll need one to 
buy potions.";"Nécessaire pour acheter
une potion, ce flacon peut
contenir diverses choses.";
"ハートが8つ回復する
心強い味方";"Restores eight hearts! This
will definitely come in
handy.";"Restaure huit cœurs. Un
coup de pouce toujours
bienvenu !";
"体力が全回復する！
使いどころを考えよう";"Restores all of your hearts.
You can never go wrong
with one!";"Restaure complètement
votre jauge d'énergie vitale.
À ne pas utiliser à la légère.";
"しばらく無敵状態になる
ここぞという時に
使ってみよう！";"Drink it to make yourself
invulnerable for a brief time.";"Rend momentanément
invulnérable. À garder pour
les situations désespérées.";
"周りにいる敵に効果抜群の
攻撃をお見舞いする！";"Unleashes a great attack on
surrounding foes!";"Déclenche une attaque
dévastatrice qui élimine les
ennemis environnants.";
"ハートを5つ回復
おまけに倒れたらその場で回復！
心強い冒険の味方！！";"A welcome friend in times of
need! Restores five hearts
and will revive you too!";"Restaure cinq cœurs et vous
ranime si vous tombez au
combat. Une amie précieuse.";
"ハートが1つ回復する
ほうじゅんな香りが
鼻をくすぐる";"Restores one heart. It has a
nice, sweet fragrance.";"Restaure un cœur. De plus,
son parfum délicat est un
véritable enchantement.";
"ハートが3つ回復する
普通のリンゴに比べて
甘みが少なく酸味は強め";"Restores three hearts. Not
as sweet as a red apple.";"Restaure 3 cœurs. Moins
sucrée que la pomme rouge,
elle est aussi plus acidulée.";
"ハートが1つだけ回復する
本当に困った時には
役に立つはずだ";"Restores one heart.
Handy in a pinch.";"Restaure un cœur. Toujours
utile en cas d'urgence.";
"誰かの思いが込められた
メッセージ
その気持ちを大切にしたい";"Someone's heartfelt
message. You should take
good care of it.";"Un auteur inconnu s'est
épanché dans ce message.
Prenez-en bien soin.";
"ミルクバーの裏メニュー
ただのミルクではない！
でもこれは タダでもらった";"This is no ordinary milk, and
it's much more expensive!";"Un lait de cette qualité n'a
pas de prix ! La preuve,
vous ne l'avez pas payé.";
"ロンロン牧場から直送！
絞りたてのおいしいミルク";"Tasty milk straight from
Lon Lon Ranch. It doesn't
get any fresher!";"Un délicieux breuvage
directement issu du ranch
Lon Lon. Quelle fraîcheur !";
"ハチおじさんが
買い取ってくれる
ちょっとアルバイト気分";"That guy who's fond of bees
will buy these from you.
Time to earn some Rupees!";"Besoin d'un peu d'argent
de poche ? Apportez-la
à monsieur l'Abeille !";
"めったに見つからない
金ピカのハチ
高値で取引される";"This rare bee is bright gold
and sells for a high price.";"Un type d'abeille plutôt
rare, qui se vend à prix
d'or !";
"暗いダンジョンの必需品
明かりがあるだけで心強いが
使うと敵に攻撃もできる！";"A little light makes it a little
safer...right? You can also
use it to scorch enemies!";"L'incontournable des
donjons obscurs, rassurante
et efficace sur les monstres.";
"暗いダンジョンの必需品
攻撃力が8倍になり
心強さも8倍にUP！！";"Eight times the attack power
of your old lamp! Wait—is
this a weapon?";"Huit fois plus redoutable,
et huit fois plus rassurante
dans les donjons obscurs !";
"見えない物が見えてしまう
不思議なメガネ";"Mysterious spectacles that 
let you see the unseen.";"D'étranges lunettes qui
rendent visible l'invisible.";
"ハチをつかまえるのに必要なアミ
夏にはいつも持ち歩きたい";"A net you can use to catch
every bee in your path.
Go get 'em!";"Nécessaire à la capture
des abeilles. L'accessoire
indispensable de l'été.";
"攻撃力が8倍にUP！！
ハチをつかまえるのも
敵を倒すのも これ一本でOK！";"Eight times the attack power
of your old net!
Whatever that means!";"Idéal pour la capture des
abeilles et huit fois plus
efficace contre les monstres.";
"周りにいる敵をシビレさせる
一気にやっつけよう！";"Knocks out all the enemies
in your vicinity. They'll
never know what hit 'em!";"Assomme tous les ennemis
des alentours. Ils ne verront
rien venir !";
"ダンジョンから一気に脱出
することができる！";"Lets you escape a dungeon
in the blink of an eye!";"Vous aide à sortir d'un
donjon en un clin d'œil.";
"トライフォースの光を
まとった弓矢";"A bow imbued with the light
of the Triforce.";"Une arme imprégnée de
la lumière de la Triforce.";
"サッと一振り一発冷え冷え！
手強いアイツも瞬間冷凍！";"Unleashes an icy blast!
Instantly freeze even the
toughest of enemies!";"Un coup de cette baguette
suffit à geler sur place les
ennemis les plus coriaces !";
"あら不思議！
一振りで砂の中から柱が出現！
ただし…砂地でしか使えない";"Raises a towering pillar of
sand with tremendous force.
Only effective on sand.";"Permet de faire jaillir du sol
un mur impressionnant.
* Uniquement sur le sable.";
"竜巻をおこし敵の目を回す杖
その強風は自分自身を
上空へと舞い上がらせる！";"A staff that can lift you up in 
the air and blow enemies
and objects around!";"Élevez-vous dans les airs en
invoquant une tornade ! Son
souffle affecte les alentours.";
"たまにはドカンといってみよう
で持ち上げて投げられる！
ただし…自爆に要注意";"Boom! You can throw them or 
place them on the ground. Be
careful not to hurt yourself!";"Une fois posée, soulevez-la
avec  et appuyez à nouveau
pour la lancer... sans tarder.";
"炎の柱で目の前の敵を一網打尽！
ただし…炎に当たると自分もダメージ";"One wave of this fearsome rod
unleashes a pillar of flame.
Don't fall while holding it!";"Un coup de cette baguette
invoque un pilier de flammes.
N'allez pas vous brûler avec !";
"杭を狙って発射すると
なんと自分も高速移動！
盾を持った魔物に使うと……";"Sink the hook into a distant
object to go flying toward it.
Handy for crossing chasms!";"Agrippez-vous à tout élément
en bois. Et si vous visiez le
bouclier d'un monstre ?";
"投げても戻るブーメラン
手の届かない仕掛けも
これさえあれば一安心！";"Throw it to stun enemies, snag
Rupees, and flick switches.
And it comes back, of course!";"Lancez-le, il revient vers vous.
Plus besoin d'être à côté pour
activer un mécanisme !";
"見たまんまの巨大なハンマー
色んな物を叩きたくなる
衝動にかられるのは ナゼ？";"Smash obstacles and
brittle-looking objects with
this hammer.";"Conçu pour aplatir tout ce
qui dépasse et détruire ce
qui vous semble fragile.";
"まっすぐ飛んで敵を射抜く！
遠くの敵に攻撃できるスグレモノ";"Fires an arrow in the direction
you're facing! It's perfect for
hitting foes from a distance!";"Tire des flèches droit devant
vous. Un article exceptionnel,
idéal pour l'attaque à distance.";
"で構えて防御！
色んな攻撃を防いでくれるタフな奴";"A tough shield that will defend
you from all sorts of attacks.
Hold it up with .";"Un bouclier massif qui vous
protégera des attaques.
Utilisez-le avec .";
"色んな物が入れられる
不思議なビン
色々入れて試してみよう！";"A container that can hold
many things. You'll need one
to buy potions.";"Étrange objet qui peut
contenir diverses choses.
Essayez donc, pour voir !";
"魔法おばばの薬屋の常備薬
ハートを8つ回復できる！";"Restores eight hearts! This
will definitely come in handy.";"Un grand classique de la
boutique de Mamie Magie.
Restaure huit cœurs.";
"もうダメと思った時はこの薬
ハートをすべて回復！";"Restores all of your hearts.
You can't go wrong with one!";"Pour quand vous êtes à bout.
Restaure complètement votre
jauge d'énergie vitale.";
"ハートを1つ回復する
この1つに命を救われることも！？";"Restores one heart. Perfect
for a little pick-me-up!";"Restaure un cœur. À ne pas
sous-estimer : parfois, ça peut
suffire à vous sauver la vie.";
"これを飲むと 周辺にいる敵全体に
大ダメージを与えられる";"Drink this to damage all
surrounding enemies.";"Buvez-la pour infliger de gros
dommages aux ennemis
environnants.";
"これを飲むと しばらくの間
無敵になり ダメージを受けなくなる
敵に囲まれてしまった時に使おう！";"Drink it to make yourself
invulnerable for a short time!";"Rend momentanément
invulnérable. À utiliser quand
vous êtes entouré d'ennemis !";
"ダンジョンの入口まで
移動できる不思議な実
冒険には不可欠の物だ";"A mysterious fruit that takes
you to a dungeon's entrance.
Essential for any adventurer.";"Vous ramène en un clin
d'œil à l'entrée du donjon.
À toujours avoir sur soi.";
"なんとたったの一粒で
周りの敵をシビれさせる不思議な実
敵がたくさんいるところで使おう！";"A seriously sour fruit. One bite
will make you squeal so loud
you can stun nearby enemies.";"Un fruit mystérieux capable
d'assommer tous les ennemis
du secteur.";
"触ると気持ちのいいスベスベした石
ポッケの中でズッと触っていたい";"This beautifully polished
gemstone is eerily smooth.";"Cette pierre polie si agréable
à l'œil l'est encore plus au
toucher. Quelle douceur !";
"全身が愛と優しさで包まれている
いつまでも 仲良くしてもらいたい";"A being of pure love and
kindness. It wants to be your
friend forever!";"L'amour incarné. Si elle le
pouvait, elle vous serrerait
très fort dans ses petits bras.";
"ビンから出すと
一緒に敵と戦ってくれる
意外と心強い！";"If you keep a bee in a bottle
and then release it, it will fight
foes alongside you!";"Libérez-la de son flacon et elle
se battra vaillamment à vos
côtés ! C'est adorable, non ?";
"ビンから出すと一緒に戦ってくれる
普通のハチの3倍強い
頼もしい味方！さすが金色！！";"This bee will fight alongside
you with triple strength when
freed from a bottle.";"Libérez-la de son flacon et elle
infligera de gros dommages à
vos ennemis. Une alliée en or !";
"ハートを5つ回復する
安心と信頼のロンロン牧場の名産品";"Restores five hearts. Straight
from the noted Lon Lon Ranch.";"Restaure 5 cœurs. Produit sur
les terres du ranch Lon Lon,
un nom gage de qualité.";
"東の神殿";"Eastern Palace";"palais de l'est";
"風の館";"House of Gales";"demeure des vents";
"ヘラの塔";"Tower of Hera";"tour d'Héra";
"ハイラル城";"Hyrule Castle";"château d'Hyrule";
"闇の神殿";"Dark Palace";"palais des ténèbres";
"水のほこら";"Swamp Palace";"palais du marais";
"ドクロの森";"Skull Woods";"forêt de squelettes";
"はぐれ者の村";"Thieves' Town";"village des bandits";
"氷の遺跡";"Ice Ruins";"ruines de glace";
"砂漠の神殿";"Desert Palace";"palais du désert";
"カメイワ";"Turtle Rock";"rocher de la tortue";
"ロウラル城";"Lorule Castle";"château de Lorule";
"教会";"Sanctuary";"sanctuaire";
"カカリコ村";"Kakariko Village";"village Cocorico";
"ハイリア湖";"Lake Hylia";"lac Hylia";
"自分の家";"Your House";"chez moi";
"ヘブラ山";"Death Mountain";"mont Hébra";
"魔法おばばの家";"Witch's House";"chez Mamie Magie";
"痛快！大バトル道場";"Treacherous Tower";"tour de l'escarmouche";
"占いの館";"Fortune-Teller";"pavillon de la divination";
"墓場";"Graveyard";"cimetière";
"魔法の館";"Magic Shop";"boutique magique";
"かじ屋";"Blacksmith";"forge";
"空き家";"Vacant House";"maison vide";
"ミルクバー";"Milk Bar";"bar laitier";
"悪魔の沼";"Misery Mire";"marais des démons";
"ゾーラの里";"Zora's Domain";"village zora";
"デスマウンテン";"Death Mountain";"montagne de la mort";
"王の間";"Throne Room";"salle du trône";
"コッコ畑";"Dodge the Cuccos";"enclos aux cocottes";
"ダダッとレース場";"Hyrule Hotfoot";"course vite-vite";
"オクタ球場";"Octoball Derby";"terrain d'octoball";
"ギリギリルピー広場";"Rupee Rush";"rubis sur le fil";
"宝箱の部屋";"Fortune's Choice";"salle des coffres";
"迷いの森";"Lost Woods";"bois perdus";
"はぐれ者のアジト";"Thieves' Hideout";"repaire des bandits";
"ハイラル城内部";"Hyrule Castle Interior";"château d'Hyrule";
"東の神殿";"Eastern Palace";"Palais de l'est";
"風の館";"House of Gales";"Demeure des vents";
"ヘラの塔";"Tower of Hera";"Tour d'Héra";
"ハイラル城";"Hyrule Castle";"Château d'Hyrule";
"闇の神殿";"Dark Palace";"Palais des ténèbres";
"水のほこら";"Swamp Palace";"Palais du marais";
"ドクロの森";"Skull Woods";"Forêt de squelettes";
"はぐれ者の村";"Thieves' Town";"Village des bandits";
"氷の遺跡";"Ice Ruins";"Ruines de glace";
"砂漠の神殿";"Desert Palace";"Palais du désert";
"カメイワ";"Turtle Rock";"Rocher de la tortue";
"ロウラル城";"Lorule Castle";"Château de Lorule";
"教会";"Sanctuary";"Sanctuaire";
"カカリコ村";"Kakariko Village";"Village Cocorico";
"ハイリア湖";"Lake Hylia";"Lac Hylia";
"自分の家";"Your House";"Chez moi";
"ヘブラ山";"Death Mountain";"Mont Hébra";
"魔法おばばの家";"Witch's House";"Chez Mamie Magie";
"痛快！大バトル道場";"Treacherous Tower";"Tour de l'escarmouche";
"占いの館";"Fortune-Teller";"Pavillon de la divination";
"墓場";"Graveyard";"Cimetière";
"魔法の館";"Magic Shop";"Boutique magique";
"かじ屋";"Blacksmith";"Forge";
"空き家";"Vacant House";"Maison vide";
"ミルクバー";"Milk Bar";"Bar laitier";
"悪魔の沼";"Misery Mire";"Marais des démons";
"ゾーラの里";"Zora's Domain";"Village zora";
"デスマウンテン";"Death Mountain";"Montagne de la mort";
"王の間";"Throne Room";"Salle du trône";
"コッコ畑";"Dodge the Cuccos";"Enclos aux cocottes";
"ダダッとレース場";"Hyrule Hotfoot";"Course vite-vite";
"オクタ球場";"Octoball Derby";"Terrain d'octoball";
"ギリギリルピー広場";"Rupee Rush";"Rubis sur le fil";
"宝箱の部屋";"Fortune's Choice";"Salle des coffres";
"迷いの森";"Lost Woods";"Bois perdus";
"はぐれ者のアジト";"Thieves' Hideout";"Repaire des bandits";
"ハイラル城内部";"Inside Hyrule Castle";"Château d'Hyrule";
"ゼルダ";"Zelda";"Zelda";
"インパ";"Impa";"Impa";
"アスファル";"Osfala";"Asphar";
"オーレン";"Oren";"Orlène";
"ダンペイ";"Dampé";"Igor";
"アイリン";"Irene";"Aëline";
"セレス";"Seres";"Célès";
"ロッソ";"Rosso";"Rosso";
"神父";"priest";"prêtre";
"サハスラーラ";"Sahasrahla";"Sahasrahla";
"ガノン";"Ganon";"Ganon";
"ヒルダ";"Hilda";"Hilda";
"ラヴィオ";"Ravio";"Lavio";
"ユガ";"Yuga";"Yuga";
"兵士長";"captain";"capitaine de la garde";
"ヒントおばけ";"Hint Ghost";"Fantastus";
"シロ";"Sheerow";"Shiro";
"グリ";"Gulley";"Guly";
"魔法おばば";"witch";"Mamie Magie";
"マザーマイマイ";"Mother Maiamai";"Big'ornette";
"ハイラル王国にて
語り継がれる伝説";"There is a legend oft told in
Hyrule Kingdom.";"Il existe une légende qui se
transmet dans le royaume
d'Hyrule...";
"はるかなる昔……ハイラルという
王国にはトライフォースと呼ばれる
聖なる三角形がありました";"It is the legend of the Triforce,
once kept within Hyrule itself.";"Elle dit qu'il y a bien longtemps,
Hyrule abritait un triangle sacré
que l'on appelait la Triforce.";
"神から賜ったと言い伝えられてる
トライフォースは、触れた者の願いを
叶えると信じられており……";"Said to be a gift of the gods,
the Triforce could grant a wish
of all those who touched it.";"Persuadés que cet objet légué
par les Dieux exauçait les vœux
de quiconque le touchait...";
"人々はその力を得ようとして
争いが絶えませんでした";"So of course, many wanted to
get their hands on it. Wars were
fought for the Triforce.";"... nombreux furent ceux qui
prirent les armes pour
s'approprier son pouvoir.";
"王家はすさんだハイラル王国を憂い
七人の賢者を集めトライフォースを
聖地に隠しました";"The royal family summoned the
Seven Sages, who sealed the
Triforce in the Sacred Realm.";"Affligée de ces affrontements,
la famille royale rassembla sept
Sages et dissimula la Triforce.";
"悪名高い盗賊のガノンドロフは
聖地の場所を暴き
トライフォースをその手にしました";"But a thief of notorious repute
broke into the Sacred Realm
and claimed the Triforce.";"Mais le voleur Ganondorf
découvrit la terre sacrée où
elle reposait et s'en empara.";
"大魔王ガノンとなった彼はハイラルを
我が物とするために襲い掛かりました";"With its power, he became the
Demon King Ganon, who sought
to dominate all Hyrule.";"Devenu Ganon, le seigneur
du mal, il s'attaqua à Hyrule
et entreprit de la soumettre.";
"ハイラルが大魔王ガノンの
手に落ちようとした その時……";"But just as Ganon had the
kingdom in his evil clutches...";"Mais alors que le royaume était
sur le point de tomber aux
mains de Ganon...";
"王女の導きによって
勇者が立ち上がりました";"a legendary hero answered the
call of Hyrule's princess.";"... le Héros, guidé par la
princesse, s'interposa.";
"勇者はマスターソードと呼ばれる
伝説の剣とともに
ガノンに立ち向かいました";"And this hero, wielding the
Master Sword, took up a quest
to challenge Ganon's might.";"Armé de l'épée de légende,
il se dressa contre Ganon...";
"勇者と七賢者は力を合わせ
ガノンを封印したと言われています";"He joined with the descendants
of the Seven Sages to seal the
Demon King in darkness.";"... et l'on raconte qu'avec l'aide
des Sept Sages, il scella
le seigneur du mal.";
"ガノンの封印とともにトライフォースは
三つに分かれ 眠りにつきます";"The Triforce was divided into
three—its tempting power out
of any one person's reach.";"La Triforce se divisa alors en
trois fragments et sombra dans
un profond sommeil.";
"一つは大魔王ガノンとともに……
一つはハイラル王家に……";"One part stayed with the royal
family, while another slipped
into Ganon's possession.";"Un fragment repose avec
Ganon... un autre avec la
famille royale d'Hyrule...";
"そして もう一つは勇者の心に";"Legend says that the third part
found its home in the heart of
the hero eternal...";"Et le dernier dans l'âme du
Héros.";
"この伝説は今も人々に
語り継がれています";"And while legends come to us
from the distant past, others
have yet to be written...";"Telle est la légende qui,
aujourd'hui encore, se transmet
de génération en génération.";
"DIRECTOR";"DIRECTOR";"DIRECTOR";
"四方 宏昌";"Hiromasa Shikata";"Hiromasa Shikata";
"SUB DIRECTOR
PROGRAMMING LEAD";"SUB DIRECTOR
PROGRAMMING LEAD";"SUB DIRECTOR
PROGRAMMING LEAD";
"毛利 志朗";"Shiro Mouri";"Shiro Mouri";
"SUB DIRECTOR
PLANNING LEAD";"SUB DIRECTOR
PLANNING LEAD";"SUB DIRECTOR
PLANNING LEAD";
"冨永 健太郎";"Kentaro Tominaga";"Kentaro Tominaga";
"FIELD PLANNING";"FIELD PLANNING";"FIELD PLANNING";
"山田 洋一
菅野 龍太郎
山下 善一
山村 康久
成田 稔
赤間 康弘";"Yoichi Yamada
Ryutaro Kanno
Yoshikazu Yamashita
Yasuhisa Yamamura
Minoru Narita
Yasuhiro Akama";"Yoichi Yamada
Ryutaro Kanno
Yoshikazu Yamashita
Yasuhisa Yamamura
Minoru Narita
Yasuhiro Akama";
"DUNGEON PLANNING";"DUNGEON PLANNING";"DUNGEON PLANNING";
"";"Takayuki Ikkaku
Yasutaka Takeuchi
Hiroshi Sakasai";"Takayuki Ikkaku
Yasutaka Takeuchi
Hiroshi Sakasai";
"SCRIPT";"SCRIPT";"SCRIPT";
"菱田 達也
白川 真理";"Tatsuya Hishida
Mari Shirakawa";"Tatsuya Hishida
Mari Shirakawa";
"PLAYER PROGRAMMING";"PLAYER PROGRAMMING";"PLAYER PROGRAMMING";
"岡根 慎治";"Shinji Okane";"Shinji Okane";
"SYSTEM PROGRAMMING";"SYSTEM PROGRAMMING";"SYSTEM PROGRAMMING";
"中村 正宏
櫻庭 義彦";"Masahiro Nakamura
Yoshihiko Sakuraba";"Masahiro Nakamura
Yoshihiko Sakuraba";
"UI SYSTEM PROGRAMMING";"UI SYSTEM PROGRAMMING";"UI SYSTEM PROGRAMMING";
"鈴木 ゆかり
木谷 有沙
畠田 信治";"Yukari Suzuki
Arisa Kitani
Shinji Hatada";"Yukari Suzuki
Arisa Kitani
Shinji Hatada";
"SHADOW LINK PROGRAMMING";"SHADOW LINK PROGRAMMING";"SHADOW LINK PROGRAMMING";
"山崎 淳司";"Atsushi Yamazaki";"Atsushi Yamazaki";
"ENEMY PROGRAMMING";"ENEMY PROGRAMMING";"ENEMY PROGRAMMING";
"竹下 義隆
三宅 広通
能登 英司
葛原 貴光
西脇 篤
西川 英治
守 由圭里
清水 勇作";"Yoshitaka Takeshita
Hiromichi Miyake
Eiji Noto
Takamitsu Kuzuhara
Atsushi Nishiwaki
Eiji Nishikawa
Yukari Mori
Yusaku Shimizu";"Yoshitaka Takeshita
Hiromichi Miyake
Eiji Noto
Takamitsu Kuzuhara
Atsushi Nishiwaki
Eiji Nishikawa
Yukari Mori
Yusaku Shimizu";
"CINEMA SCENE PROGRAMMING";"CINEMA SCENE PROGRAMMING";"CINEMA SCENE PROGRAMMING";
"河合 利紀";"Toshinori Kawai";"Toshinori Kawai";
"CAMERA PROGRAMMING";"CAMERA PROGRAMMING";"CAMERA PROGRAMMING";
"木内 俊一";"Toshikazu Kiuchi";"Toshikazu Kiuchi";
"NPC PROGRAMMING";"NPC PROGRAMMING";"NPC PROGRAMMING";
"芦田 経久
湊 恵一
岩田 健志";"Norihisa Ashida
Keiichi Minato
Kenji Iwata";"Norihisa Ashida
Keiichi Minato
Kenji Iwata";
"PROGRAMMING SUPPORT";"PROGRAMMING SUPPORT";"PROGRAMMING SUPPORT";
"岡村 祐一郎
雫石 祐介
信田 龍哉
福本 直成
松村 信宏
袖山 美聖";"Yuichiro Okamura
Yusuke Shizukuishi
Tatsuya Shinada
Naonari Fukumoto
Nobuhiro Matsumura
Misato Sodeyama";"Yuichiro Okamura
Yusuke Shizukuishi
Tatsuya Shinada
Naonari Fukumoto
Nobuhiro Matsumura
Misato Sodeyama";
"DESIGN LEAD
CHARACTER";"DESIGN LEAD
CHARACTER";"DESIGN LEAD
CHARACTER";
"高橋 幸嗣";"Koji Takahashi";"Koji Takahashi";
"PLAYER DESIGN";"PLAYER DESIGN";"PLAYER DESIGN";
"濱田 裕基";"Yuki Hamada";"Yuki Hamada";
"ENEMY DESIGN";"ENEMY DESIGN";"ENEMY DESIGN";
"梅田 啓介
藤井 一範
金子 幸樹
奥中 瑞貴";"Keisuke Umeda
Kazunori Fujii
Yuki Kaneko
Mizuki Okunaka";"Keisuke Umeda
Kazunori Fujii
Yuki Kaneko
Mizuki Okunaka";
"NPC DESIGN";"NPC DESIGN";"NPC DESIGN";
"廣野 著子
福地 翔子
北井 峰史
渡邊 雄二
高田 あゆみ
毛笠 剛彦
朝原 洋輔
青木 理香";"Akiko Hirono
Shoko Fukuchi
Minechika Kitai
Yuji Watanabe
Ayumi Takata
Takehiko Kegasa
Yosuke Asahara
Rika Aoki";"Akiko Hirono
Shoko Fukuchi
Minechika Kitai
Yuji Watanabe
Ayumi Takata
Takehiko Kegasa
Yosuke Asahara
Rika Aoki";
"DESIGN LEAD
FIELD";"DESIGN LEAD
FIELD";"DESIGN LEAD
FIELD";
"高村 潤";"Jun Takamura";"Jun Takamura";
"FIELD DESIGN";"FIELD DESIGN";"FIELD DESIGN";
"竹下 伸子
安倍 愛梨
金子 咲
古川 麻佑
小山内 朗人
西尾 理子
清成 弘子
森本 絵梨
廣江 俊行";"Shinko Takeshita
Airi Abe
Saki Kaneko
Mayu Furukawa
Akito Osanai
Satoko Nishio
Hiroko Kiyonari
Eri Morimoto
Toshiyuki Hiroe";"Shinko Takeshita
Airi Abe
Saki Kaneko
Mayu Furukawa
Akito Osanai
Satoko Nishio
Hiroko Kiyonari
Eri Morimoto
Toshiyuki Hiroe";
"DUNGEON DESIGN";"DUNGEON DESIGN";"DUNGEON DESIGN";
"小池 武志
久田 華子
田守 洋介
魚野 紀子
雁部 すばる
北岡 准
高橋 文吾";"Takeshi Koike
Hanako Hisada
Yosuke Tamori
Noriko Uono
Subaru Ganbe
Tomomi Marunami
Bungo Takahashi";"Takeshi Koike
Hanako Hisada
Yosuke Tamori
Noriko Uono
Subaru Ganbe
Tomomi Marunami
Bungo Takahashi";
"OBJECT DESIGN";"OBJECT DESIGN";"OBJECT DESIGN";
"山下 順平
丸浪 友実";"Jumpei Yamashita
Tomomi Marunami";"Jumpei Yamashita
Tomomi Marunami";
"EFFECTS DESIGN LEAD";"EFFECTS DESIGN LEAD";"EFFECTS DESIGN LEAD";
"植田 宏詞";"Hiroshi Ueda";"Hiroshi Ueda";
"EFFECTS DESIGN";"EFFECTS DESIGN";"EFFECTS DESIGN";
"池内 隼生";"Junki Ikeuchi";"Junki Ikeuchi";
"UI DESIGN LEAD";"UI DESIGN LEAD";"UI DESIGN LEAD";
"岡田 智子";"Satoko Okada";"Satoko Okada";
"UI DESIGN";"UI DESIGN";"UI DESIGN";
"柿本 泰人
西部 寛子";"Yasuto Kakimoto
Hiroko Nishibe";"Yasuto Kakimoto
Hiroko Nishibe";
"FIELD DESIGN SUPPORT";"FIELD DESIGN SUPPORT";"FIELD DESIGN SUPPORT";
"牧野 亜美
菱沼 明花里
山田 直宜
杉本 裕美
臼井 聡美
中村 亜未
中村 真悠子
西川 圭祐";"Ami Makino
Akari Hishinuma
Naoki Yamada
Hiromi Sugimoto
Satomi Usui
Ami Nakamura
Mayuko Nakamura
Keisuke Nishikawa";"Ami Makino
Akari Hishinuma
Naoki Yamada
Hiromi Sugimoto
Satomi Usui
Ami Nakamura
Mayuko Nakamura
Keisuke Nishikawa";
"CINEMA SCENE DIRECTOR";"CINEMA SCENE DIRECTOR";"CINEMA SCENE DIRECTOR";
"荒谷 朋恵";"Tomoe Aratani";"Tomoe Aratani";
"CINEMA SCENE PLANNING";"CINEMA SCENE PLANNING";"CINEMA SCENE PLANNING";
"吉田 繁樹
平野 弘樹
田邊 聡史
味園 義仁
徐 策";"Shigeki Yoshida
Hiroki Hirano
Satoshi Tanabe
Yoshihito Misono
Ce Xu";"Shigeki Yoshida
Hiroki Hirano
Satoshi Tanabe
Yoshihito Misono
Ce Xu";
"SOUND LEAD
SOUND EFFECTS";"SOUND LEAD
SOUND EFFECTS";"SOUND LEAD
SOUND EFFECTS";
"水田 真人";"Masato Mizuta";"Masato Mizuta";
"SOUND EFFECTS";"SOUND EFFECTS";"SOUND EFFECTS";
"阪東 太郎";"Taro Bando";"Taro Bando";
"MUSIC";"MUSIC";"MUSIC";
"永松 亮";"Ryo Nagamatsu";"Ryo Nagamatsu";
"VOICE";"VOICE";"VOICE";
"斎賀 みつき
藤村 歩
荻野 晴朗
はやみ けい";"Mitsuki Saiga
Ayumi Fujimura
Seiro Ogino
Kei Hayami";"Mitsuki Saiga
Ayumi Fujimura
Seiro Ogino
Kei Hayami";
"(北米版のみ)";"NOA Localization Management";"NOA Localization Management";
"(北米版のみ)";"Leslie Swan
Nate Bihldorff
Rich Amtower
Reiko Ninomiya
Tim O'Leary
Dan Owsen
Scot Ritchey";"Leslie Swan
Nate Bihldorff
Rich Amtower
Reiko Ninomiya
Tim O'Leary
Dan Owsen
Scot Ritchey";
"(北米版のみ)";"NOA Localization";"NOA Localization";
"(北米版のみ)";"Gema Almoguera
Álvaro García Barbón
Daniel Campbell
Billy Carroll
David Caussèque
Raymond Elliget
Natacha Faubert
Alexander Gordon
Steven Grimm
Kristen Groth
Sabrina Jouillat
Ryan Kelley
Kristin Kirby
Ed Murray
Sara Sáinz Nieto
Raúl Guerrero Plaza
Greg T. Sadownik
Eric Smith
Rob Tunstall
Thaddée Wiseur";"Gema Almoguera
Billy Carroll
Steven Grimm
Kristen Groth
Ryan Kelley
Kristin Kirby
Mariano Lozano
Ed Murray
Eric Smith
Rob Tunstall
Thaddee Wiseur";
"(北米版のみ)";"NOA Product Testing";"NOA Product Testing";
"(北米版のみ)";"Robert Jahn
Kaylee Lewis
Tomoko Henley";"Robert Jahn
Kaylee Lewis
Tomoko Henley";
"(欧州版のみ)";"NOE Localisation Management";"NOE Localisation Management";
"(欧州版のみ)";"Fabrizio Cattaneo
Amaury Bagnariol";"Fabrizio Cattaneo
Amaury Bagnariol";
"(欧州版のみ)";"NOE Localisation";"NOE Localisation";
"(欧州版のみ)";"Araceli Mazón Figueroa
Kevin Murray
Greg T. Sadownik
Daniel Campbell
Alexander Gordon
Helen Weetman
Steven Grimm
Kristen Groth
Ryan Kelley
Ed Murray
Eric Smith
Rob Tunstall
Natacha Faubert
David Caussèque
Sabrina Jouillat
Arne Glinka
Katharina Glowotz
Sinan Kement
Giaime Carbonara
Vincenzo Russo
Bruno Gramigna
Imma Olivazzi
Sara Sáinz Nieto
Álvaro García Barbón
Raúl Guerrero Plaza
Andrea De Benedetto
Oliver Bates
Johnny Benoit
Sascha Michalke
Matteo Zuzzi
Ana Oliveras Daví
NOE Testing Team";"Araceli Mazón Figueroa
Kevin Murray
Greg T. Sadownik
Daniel Campbell
Alexander Gordon
Helen Weetman
Steven Grimm
Kristen Groth
Ryan Kelley
Ed Murray
Eric Smith
Rob Tunstall
Natacha Faubert
David Caussèque
Sabrina Jouillat
Arne Glinka
Katharina Glowotz
Sinan Kement
Giaime Carbonara
Vincenzo Russo
Bruno Gramigna
Imma Olivazzi
Sara Sáinz Nieto
Álvaro García Barbón
Raúl Guerrero Plaza
Andrea De Benedetto
Oliver Bates
Johnny Benoit
Sascha Michalke
Matteo Zuzzi
Ana Oliveras Daví
NOE Testing Team";
"SUPERVISORS";"SUPERVISORS";"SUPERVISORS";
"手塚 卓志
江口 勝也
岩本 大貴
中郷 俊彦
森田 和明";"Takashi Tezuka
Katsuya Eguchi
Daiki Iwamoto
Toshihiko Nakago
Kazuaki Morita";"Takashi Tezuka
Katsuya Eguchi
Daiki Iwamoto
Toshihiko Nakago
Kazuaki Morita";
"TECHNICAL SUPPORT";"TECHNICAL SUPPORT";"TECHNICAL SUPPORT";
"川口 恭弘
岡本 慎吾
小川 優太";"Yasuhiro Kawaguchi
Shingo Okamoto
Yuta Ogawa";"Yasuhiro Kawaguchi
Shingo Okamoto
Yuta Ogawa";
"DEBUG";"DEBUG";"DEBUG";
"大田 康晴
谷川 祐貴
マリオクラブ株式会社
株式会社デジタルハーツ";"Yasuharu Ohta 
Yuuki Tanikawa 
Mario Club Co., Ltd.
DIGITAL Hearts Co., Ltd.";"Yasuharu Ohta 
Yuuki Tanikawa 
Mario Club Co., Ltd.
DIGITAL Hearts Co., Ltd.";
"ILLUSTRATION";"ILLUSTRATION";"ILLUSTRATION";
"中野 祐輔
綾部 奈保子";"Yusuke Nakano
Naoko Ayabe";"Yusuke Nakano
Naoko Ayabe";
"SPECIAL THANKS";"SPECIAL THANKS";"SPECIAL THANKS";
"河越 巧
宮永 真
今村 梨奈
中村 祐貴
吉岡 一哉
平山 遼介
中道 幸呼
長谷川 直哉
本根 康之
萩原 智洋
内山 博
山田 真士
石川 由紀子
春花 良紀
井上 圭次郎
昇 大祐
澤田 佳之
小林 仁志
蒔田 俊介
株式会社SRD
株式会社モノリスソフト
株式会社モックス
株式会社 賢プロダクション";"Takumi Kawagoe
Makoto Miyanaga
Rina Imamura
Yuki Nakamura
Kazuya Yoshioka
Ryosuke Hirayama
Sachiko Nakamichi
Naoya Hasegawa
Yasuyuki Honne
Tomohiro Hagiwara
Hiroshi Uchiyama
Shinji Yamada
Yukiko Ishikawa
Yoshiki Haruhana
Keijiro Inoue
Daisuke Nobori
Yoshiyuki Sawada 
Hitoshi Kobayashi
Shunsuke Makita
SRD Co., Ltd.
MONOLITH SOFTWARE INC.
Mox Co., Ltd.
Kenproduction Co., Ltd.";"Takumi Kawagoe
Makoto Miyanaga
Rina Imamura
Yuki Nakamura
Kazuya Yoshioka
Ryosuke Hirayama
Sachiko Nakamichi
Naoya Hasegawa
Yasuyuki Honne
Tomohiro Hagiwara
Hiroshi Uchiyama
Shinji Yamada
Yukiko Ishikawa
Yoshiki Haruhana
Keijiro Inoue
Daisuke Nobori
Yoshiyuki Sawada 
Hitoshi Kobayashi
Shunsuke Makita
SRD Co., Ltd.
MONOLITH SOFTWARE INC.
Mox Co., Ltd.
Kenproduction Co., Ltd.";
"PRODUCER";"PRODUCER";"PRODUCER";
"青沼 英二";"Eiji Aonuma";"Eiji Aonuma";
"GENERAL PRODUCER";"GENERAL PRODUCER";"GENERAL PRODUCER";
"宮本 茂";"Shigeru Miyamoto";"Shigeru Miyamoto";
"EXECUTIVE PRODUCER";"EXECUTIVE PRODUCER";"EXECUTIVE PRODUCER";
"岩田 聡";"Satoru Iwata";"Satoru Iwata";
"Nintendo is the author of this software for
the purpose of copyright. All rights reserved.
©2013 Nintendo.";"Nintendo is the author of this software for
the purpose of copyright. All rights reserved.
©2013 Nintendo";"Nintendo est l'auteur de ce logiciel au regard
du droit d'auteur. Tous droits réservés.
©2013 Nintendo";
"[ColoringStart]";"[ColoringStart]";"[ColoringStart]";
"[ColoringEnd]";"[ColoringEnd]";"[ColoringEnd]";
"ルピー";" Rupee";" rubis";
"ルピー";" Rupees";" rubis";
"秒";" second";" seconde";
"秒";" seconds";" secondes";
"分";" minute";" minute";
"分";" minutes";" minutes";
"む、娘を……
セレスをどうする気だ！";"What do you want with Seres? I swear,
if you hurt my daughter...!";"Ma... Ma fille ! Qu'allez-vous faire
de Célès, démon ?!";
"お前は一体、何者なんだ！";"And what sort of fiend dares to defile
the Sanctuary in this manner?";"Qui êtes-vous ?";
"私の名はユガ

この世の美しいものを、求めてやまない者
とでも言っておきましょうか？";"A fiend? How easily you stoop to
petty insults.

My name is Yuga. And I have come
here seeking nothing less than...
perfection.";"Excellente question !
Je m'appelle Yuga.

Je suis... un esthète qui parcourt
le monde en perpétuelle quête de
beauté.";
"そなたは美しいです……シスター

まさに、掃き溜めに舞い降りた一羽のツル

今から私の手で
さらに美しくして差し上げましょう
感謝してください";"And you, my dear, are perfection.


How can you stand being so lovely,
surrounded by these filthy fools?

I will put you on a pedestal. Or rather,
upon a wall—perfect forever.";"Quant à vous, ma sœur, vous êtes
absolument ravissante !

Un véritable joyau perdu parmi les
immondices !

C'est pourquoi j'ai décidé de vous
faire le grand honneur de vous inclure
dans mon admirable collection.
Vous me remercierez plus tard.";
"すばらしいっ！

やはり絵にすると
一層、美しくなりますね
あのお方も、きっと
喜んでくれることでしょう";"Ah!


As I suspected, you're even lovelier
as a painting. I think that Her Grace
will be most pleased.";"
	　　Magnifique !

Comme je l'avais prévu, votre
transformation n'a fait qu'accentuer
votre beauté !
Sa Magnificence sera ravie.";
"ところでアナタ……
どこから入って来たんです？
まさか、その剣で
私の邪魔をするつもりですか？";"Oh? What have we here? Another
worm comes wriggling in?";"Mais dis donc, toi !
Tu viens d'où, comme ça ?

Ne me dis pas que tu vas essayer
de m'arrêter avec cette épée ?";
"その神父の言うとおりです
アナタ如きに何ができるというのです";"I believe this worm here wishes to
tangle with me. Come on then.
Wriggle, wriggle, little worm!";"Tu n'as pas entendu le monsieur ?
Qu'est-ce qu'un avorton comme
toi peut bien espérer contre moi ?";
"……[PlayerName]！
ど、どうしてここに……";"H-how did you get in the Sanctuary,
[PlayerName]?

Run, child!";"... [PlayerName] !
Que... Que fais-tu ici ?!";
"よ、よせ……危険だ！
兵士長もアイツに……";"Wh-why do you just stand there?
RUN! Not even the captain stood a
chance against him!";"Fais attention, cet homme est
dangereux ! Le capitaine de la garde
lui-même n'a rien pu faire contre lui...";
"[PlayerName]！！";"N-no, [PlayerName]!";"[PlayerName] !!!";
"ホホホホ……
この世界の住人は、皆さん乱暴ですねぇ
この私に刃向かおうなどと
なんと身の程知らずな……いや

なんと美しくないのでしょう！
ホホホ……、でもまあこの醜い世界とも
もう少しでオサラバです";"You think you can challenge ME?
Why, I am the portrait of perfection!

While all of you...? Merely scribbles
and squiggles. The very sight of
you offends my eyes!
Still, I'll be leaving this ugly world
soon enough.";"Hahaha ! Comme tous les habitants
de ce monde, tu n'es qu'un rustre
incapable de la moindre subtilité.
Et tu oses te mesurer à moi ! Tu fais
preuve d'une insolence rare, petit...


　　　Pire encore, tu es LAID !!!

Mais qu'importe tout cela... Ce
monde répugnant n'en a plus pour
très longtemps... Hahahaha !";
"ふんっ！
アナタは絵にするほどの価値もない";"Gah! Out of my way.";"Hors de ma vue !";
"そういえば、さっき絵にした男は
思ったよりも美しくならなかったですね
まあ、いいでしょう

さあ、次の美しいモチーフを
探しに行くとしましょうか
ホーホホホ……";"Not even that captain of yours could
stand against my might.

For all his spit and polish, he made
for but a crude doodle on the wall.
A waste of my magic.
Farewell, fools. I'm off to acquire
what little perfection I can find in
this gaudy world of yours.";"Tu ferais un bien piètre modèle.
Tout comme l'homme que j'ai
transformé tout à l'heure, d'ailleurs...
Mais rien de tout cela n'a
d'importance.

Il est temps pour moi de me mettre
en quête de ma prochaine source
d'inspiration...
Hahahaha !";
"セレス……
このことを……だれかゼルダ姫様に……";"N-n-no! Don't take my Seres...


We must...warn...Princess Zelda...";"Célès...
La princesse Zelda doit être
informée... au plus vite...";
"あーっ、もう！
アナタ邪魔ですね！";"Enough of this! You're going to
spoil everything!";"Mais arrête ça tout de suite !
Tu vas tout gâcher !";
"そこに張り付いてなさい！";"You've forced my hand. I must brush
you aside!";"Tiens, voilà qui devrait te calmer !";
"やはり……くだらない
ただのラクガキになってしまった
そこで朽ちはてるがいい";"What a sad, drab painting you make.
You can rot there for all I care.";"Je l'aurais parié ! Un rendu tout
à fait quelconque, au bas mot.
Un vulgaire graffiti.

Reste donc à moisir sur ton mur !";
"さあ次はゼルダ姫を私のアートに……
ホーホッホッホッ……";"Now, onward. My collection requires
even more perfect paintings.

Oh, how I long to hang that exquisite
Princess Zelda on my wall...";"Bien, c'est à présent au tour de
la princesse Zelda de rejoindre
ma collection... Hahahaha !";
"アナタ、とてもツイてます";"You've arrived just in time!";"Tu as beaucoup de chance, tu sais.";
"ご覧なさい
良いコレクションだと思いませんか？";"A splendid collection, don't you think?
All Seven Sages, and Zelda herself...";"Contemple ces merveilles !
Une collection remarquable,
n'est-ce pas ?";
"今から素晴らしいショーを
お見せしましょう";"But even they pale in comparison
to my NEXT artful creation.";"À présent, tu vas assister à un
spectacle exceptionnel.";
"刮目なさい！！

大魔王復活の……";"ME!


I will use the Sages to reach the one
who shall help me attain true beauty.

I mean, of course...";"
　 OUVRE GRAND TES YEUX !

Et admire ma sublime illusion...";
"イリュージョン！";"GANON!";"
　La renaissance de Ganon !";
"おぉ……これが力のトライフォース……
美しい！
私と一つになり
美を追求しようではありませんか！";"Behold! The Triforce of Power!


Join with me! Let us destroy all
ugliness in this world or any other.
We shall be TRULY superior!";"Voici donc la Triforce de la force...
Comme elle est belle !

Viens... Toi et moi ne ferons plus
qu'un, et ensemble, nous poursuivrons
ma quête de la beauté absolue !!!";
"ハイラルの勇者[PlayerName]
私はヒルダ
とうとうユガは七賢者の力によって
古の大魔王ガノンの力を手にしてしまいました
ユガはこの強大な魔力で
世界を支配しようとするでしょう";"Oh, Hero of Hyrule, I can hold the
beast at bay for only so long.

It should prove enough time to bid
you a most sorrowful welcome to
my kingdom. Welcome to Lorule.
My name is Princess Hilda, and I
have failed you in every way.

I knew Yuga planned to slip into your
world to abduct Zelda and the Sages.
I...I couldn't stop him.
Now he has used them to summon the
Demon King and siphon his power.

Yuga's appetite will soon consume
our worlds. Hyrule and Lorule—the
beast's for the taking.";"[PlayerName], héros du
royaume d'Hyrule.
Je suis Hilda.
Grâce aux pouvoirs des Sept Sages,
Yuga s'est approprié la puissance de
Ganon, l'antique seigneur du mal.
Il utilisera certainement ses pouvoirs
pour conquérir ce monde.

Et il s'en prendra ensuite à Hyrule.";
"話は後で……
ここは、私の力で食い止めます";"I cannot hold him back much longer.
So...I must see you to safety.";"J'ai encore bien des choses à te dire,
mais pour le moment il me faut tenter
de contenir son pouvoir.";
"よく来てくれました
勇気のトライフォースを得たのですね？";"You have done well to come so far,
Hero of Hyrule. I trust you now have
the Triforce of Courage?";"Ainsi, tu es de retour... Tu as obtenu
la Triforce du courage, n'est-ce pas ?";
"少しこの国のお話をしましょうか……";"Perhaps it's only fair that I share a
story with you.

It's the legend of how Lorule fell to
its...current condition.";"Alors, si tu le veux bien, je voudrais
te raconter l'histoire de mon royaume
bien-aimé.";
"かつて、このロウラルには触れた者の願いを
叶える黄金の聖三角がありました
トライフォースと呼ばれています

人々はその力を我が物にせんと争い
王国は荒れ果てました";"Long ago, Lorule possessed a sacred
golden treasure. It could grant the
wish of anyone who touched it.
It was known as the Triforce in our
world, as it is in yours.

Many sought to control the Triforce,
plunging Lorule into endless war.
Our kingdom was on the verge of ruin.";"En des temps reculés, Lorule détenait
un fabuleux triangle d'or qui exauçait
les vœux de quiconque le touchait.
On l'appelait la Triforce.


Cette Triforce éveilla les convoitises,
et le royaume de Lorule fut bientôt
déchiré par la guerre.";
"我がロウラル王家の先祖はそれを憂い、争いの
元であるトライフォースを破壊したのです
しかし、それは過ちでした……

トライフォースは神の力……
その存在は、世界を支える柱でもあったのです
支えを失ったロウラルは
滅びの運命をたどっています";"My ancestors got rid of the Triforce
to stop the war—by destroying it.
Utterly and absolutely.
It was done with good intentions.
But it had disastrous consequences.

The Triforce was the foundation of
our world, and without it, our kingdom
crumbled.
Chaos has since reigned in Lorule.";"La famille royale d'alors, mes ancêtres,
prit finalement la décision de détruire
ce qui leur avait valu tant de malheur.
Ce fut une terrible erreur.


La Triforce était le pouvoir des Dieux,
la fondation même de notre monde.

Dès qu'elle fut détruite, Lorule sombra
dans la décadence.";
"……この地にはトライフォースが
必要なのです
そしてある時、私たちはもう一つの世界の
トライフォースを知りました";"We NEED a Triforce. So imagine my
surprise when I learned of the
existence of another one.
Yours.";"Sans sa Triforce, notre monde était
condamné.

Ce n'est que bien plus tard que
nous apprîmes l'existence d'une
autre Triforce...";
"力と、知恵と、勇気のトライフォース

あなたを導いてきたのは
勇気のトライフォースを呼び覚ますため……";"A Triforce based on such virtues as
Power, Wisdom, and Courage.

To that end, I have guided your
destiny, Hero of Hyrule.";"La Triforce... Sagesse, force et
courage réunis...

C'est pour éveiller la Triforce du
courage qui sommeillait en toi
que je t'ai guidé.";
"私はこの国の王女
先祖の過ちを正さねばなりません
あなたの、その……";"As the Princess of Lorule, it is my
duty to save my kingdom. So I know
you'll understand it when I say...";"Je suis la souveraine de ce royaume,
et je corrigerai l'erreur de mes
ancêtres. Ainsi...";
"勇気のトライフォースを渡しなさい！";"I must have your Triforce of Courage!";"[Flush]
   Donne-moi la Triforce du courage !";
"ユガ！
勇気のトライフォースを手に入れるのです！
ロウラルの復活のために！";"Yuga! I command you! Seize the
Triforce of Courage from him!
Lorule shall be reborn!";"Yuga ! Empare-toi de
la Triforce du courage !

Rends à mon royaume sa grandeur
passée !";
"ユガ！
力のトライフォースをこちらに！
それを失ったらロウラルは……";"Give me your Triforce of Power,
Yuga!

We mustn't be defeated! If we are,
Lorule will be lost forever!";"Yuga !
Donne-moi la Triforce de la force !

Sans elle, Lorule est...";
"どうしたのです！？";"Come now, obey me! Give it to me
at once!";"Qu'est-ce que... ?";
"フフフフ……";"Ha ha ha ha...";"Héhéhéhé...";
"ヒルダ様……

私はこんな醜い王国など
本当はどうでもいいのです
私の夢はトライフォースを完成させて
この世の全てを私の作品に作り替えること";"My dear, sweet, deluded Hilda...!


What care have I to save your
crumbling kingdom? It's no better
than that hideous Hyrule.
When the Triforce is mine, I plan to
remake Lorule in MY image.";"Pour être parfaitement honnête, ma
chère Hilda...

Je me moque bien de ce qui peut
arriver à ce pays lugubre.

Aussi, tu m'excuseras si je préfère
vivre mon propre rêve...

Je reconstituerai la Triforce et ferai de
ce monde un véritable chef-d'œuvre !";
"アナタは、その中でも最高のアートにして
差し上げますよ……";"Now you, my dark beauty, must
serve your purpose.";"Ta place est d'ailleurs toute trouvée :
tu seras le joyau de ma collection !";
"やはり、アナタは美しい……";"I can hardly decide which of my
princess portraits is prettier.

But I do know which of you foolish
royal girls has what I need. And
now it will be mine.";"Oh... Quelle beauté radieuse, et
quel chef-d'œuvre !
Décidément, tu ne me déçois pas.";
"ガーッハッハッハ！

ようやく、この世で最も美しい物と
神の力を得ることが出来ました！";"Ha ha ha! I shall soon take my
rightful place among the gods!

And then the beauty of destruction
will rain down upon this world!";"Hahahaha !


Je possède enfin la plus belle chose
que cet horrible monde ait à offrir !
Sans oublier le pouvoir des Dieux...";
"残るはあと一つ……
アナタの醜い顔を見るのも、これで最後です！";"Now, I'll be taking that last piece of
the Triforce from you, worm!

How far you've wriggled! But at last
you know your true destiny—to
give me what's MINE.";"Il ne me reste donc plus qu'une chose
à faire... M'assurer de ne plus jamais
revoir ton affreux visage !";
"最初にこの入口を見つけたのは
ユガでした";"Yuga discovered that there was a
strange crack in this grim slate...";"C'est Yuga qui découvrit
ce passage.";
"私たちは、この向こう側にトライフォースが
あることを知り、今回のことを企てたのです";"Through it, we could sense that there
was another world beyond ours...
a place where the Triforce still existed.
He and I devised the scheme that
imperiled your kingdom. But I alone
will set this right.";"Nous avions appris l'existence
d'une Triforce de l'autre côté, et
nous élaborâmes notre plan.";
"[PlayerName]……
その腕輪を私に……";"Please now, if you will give me your
bracelet, [PlayerName].";"Puis-je avoir ton bracelet,
[PlayerName] ?";
"ハイラルの勇者[PlayerName]
ボクもキミのようになりたかった";"It's been a pleasure, my friend. I got
to meet a real, live, genuine hero.

Ha! Who knows? Maybe some of your
courage rubbed off on me. So thanks,
[PlayerName].";"[PlayerName], héros du royaume
d'Hyrule... J'aurais tellement voulu
te ressembler !";
"腕輪に残った力で、あなたたち二人を
ハイラルへ帰すことが出来るはず……";"I should be able to use the last of its
power to send the both of you home
to Hyrule.";"Il reste suffisamment de magie dans
ton bracelet pour vous renvoyer tous
les deux en Hyrule.";
"私はいったい……";"Wh-what more can I do...?";"Que veux-tu que je...";
"あなたも絵にされて
取りこまれていたのです";"So it was you who had me imprisoned
in that painting, Princess Hilda?";"Ainsi, c'est également à vous que je
dois mon emprisonnement sur cette
toile...";
"…………";"Obviously.";"...";
"ヒルダ姫……

私もハイラルの王女
あなたが国を救いたい気持ちは分かります";"Please, Princess Hilda...


No one understands the sacred duty
a princess has to her people more
than I, but you can't—";"Princesse Hilda...


En tant que souveraine d'Hyrule, je
comprends que vous ayez voulu tout
tenter pour sauver votre royaume.";
"……！！";"...Oh, my!";"...";
"トライフォースに守られていたあなたに
何が分かると言うの？";"You understand nothing!


Your kingdom has been under the
protection of your Triforce...";"Comment pourrais-tu comprendre ?!
Protégé par sa Triforce, ton royaume
n'a rien à craindre...";
"……それは";"But that's...!";"Pourtant, je...";
"まだ終わってない……
終わらせるわけには……";"This isn't over! I must have it!";"Tout n'est pas encore perdu...
Je ne l'accepterai pas !";
"待ってください！";"Please! This has to stop!";"Attendez !";
"……";"Who—?";"...";
"[PlayerName]さん
実はボクは……この世界の人間なんです
……昔はヒルダ様に
お仕えしていました
ゼルダ姫
[PlayerName]さん……
ここはボクに任せてもらえませんか？";"Well, funny story there. Your hero
and I have gotten to know each
other pretty well.
But not long ago, I served Princess
Hilda here in Lorule.

So, begging your pardon, Princess
Zelda, but would you mind if I
intervene here?";"[PlayerName]...
Je... Je suis en fait un habitant de
ce monde.
J'étais au service de dame Hilda,
il y a bien longtemps...

Princesse Zelda, si cela ne vous
fait rien, j'aimerais essayer de lui
parler.";
"逃げ出したあなたがなぜ
今さら戻ってきたの？";"You vanish on me and now come
crawling back? Why?";"Tu as fui notre royaume...
Pourquoi es-tu revenu ?";
"申しわけありません、ヒルダ様……
あなたもご存じの通り、私は臆病者です
あなたやユガを止められず、無力な私は
ハイラルに行き、勇者の力を借りたのです";"Forgive me, Your Highness. I'm a
coward at heart.

There was no way that I had the
courage to stand up to you and Yuga.

But I was smart enough to go to
Hyrule. I knew they'd have a hero
who could help me.";"Je vous demande pardon, princesse
Hilda. Je ne suis qu'un lâche,
comme vous le savez...
J'étais incapable de vous arrêter,
Yuga et vous. Je suis donc parti
demander l'aide du héros d'Hyrule.";
"ヒルダ様……";"Your Royal Highness...";"Dame Hilda...";
"私を裏切って勇者に力を貸していたのね";"Another betrayal?! This hero has
proven useful to me, but you—!
You wanted him to defeat me?";"Ainsi, tu m'as trahie pour te ranger
aux côtés du Héros ?";
"そうかもしれません

しかし、ロウラルを元のような光あふれる国に
したいという願いは私も同じです！";"I-I'm sorry, my princess. But it was
with the best of intentions.";"Ce n'est qu'une façon de voir les
choses...

Ce que je voulais surtout, c'était voir
Lorule retrouver sa lumière d'antan !";
"だけど……そのためにハイラルが
どうなっても構わないというのですか？";"I wish the best for our kingdom.
But by ruining Hyrule...? 

You'd bring out the absolute worst
in Lorule.";"Mais la poursuite de ce but nous
donne-t-elle le droit de condamner
Hyrule ?";
"あなたこそ、ロウラルがどうなってもいいと？";"You'd rather see Lorule crumble?!";"Si tu ne prends pas ce droit, c'est
Lorule que tu condamnes !";
"あなたがロウラルのことを思っているのは
よく分かっています
しかし、これが本当に正しいことでしょうか？";"No, no... Of course not, Princess. But
there must be some other way.";"Croyez-moi, je sais à quel point le
destin de Lorule vous tient à cœur.

Mais croyez-vous sincèrement que
votre méthode soit défendable ?";
"…………";"No...";"...";
"ご先祖様がトライフォースを壊したのも
元々はトライフォースを巡る争いを……";"Don't you realize? The reason your
noble ancestors destroyed our
Triforce...";"Après tout, vos ancêtres avaient une
bonne raison de détruire la Triforce.";
"やめさせたかったからではありませんか！";"was to STOP such chaos!";"Ils voulaient mettre fin aux conflits
nés de la convoitise qu'elle éveillait.";
"それは……";"That's not what I...!";"Je ne...";
"しかし、あなたのやろうとしていることは……";"Look around you...";"Mais en menant à bien votre plan,
Votre Altesse...";
"過去のトライフォースを巡る
争いそのものです";"This is EXACTLY what happened with
our Triforce...!";"... vous laissez votre convoitise pour
la Triforce répandre une nouvelle fois
la destruction.";
"…………";"Oh, no...";"...";
"ヒルダ様……私は……";"Princess Hilda, I...";"Princesse Hilda...";
"ロウラルを憂い苦しんでいる
あなたを救いたかった……";"I just wanted to save you from all
this—you, who've worried endlessly
about the fate of Lorule.";"Je voulais vous sauver de vous-même,
vous qui n'avez jamais voulu que le
bien de Lorule !";
"ヒルダ様……
もう終わりにしましょう
トライフォースを失ったロウラルは
滅びるのかもしれません
しかし、これが私たちのロウラルなのです";"Please, Princess Hilda, let's do the
right thing.

Lorule may be doomed, but at least
our kingdom won't be condemned
for stealing their Triforce.";"Princesse Hilda...
Il est encore temps de tout arrêter.

Sans sa Triforce, Lorule a perdu son
lustre et sa grandeur...

... mais c'est toujours notre royaume !";
"ゼルダ姫……私もトライフォースの力に
惑わされた一人のようです";"You're right.


Princess Zelda, I have been led
astray, tempted by the power of
your Triforce. But I swear...";"Princesse Zelda... Je crains de m'être
égarée en chemin. Le pouvoir de la
Triforce m'a aveuglée...";
"ロウラルの王女として失格です……";"I did it for my people.";"Je ne suis pas digne de régner
sur Lorule...";
"……ヒルダ姫";"Please, Princess Hilda, there is no
need to—";"Princesse Hilda...";
"勇者[PlayerName]よ
あなたは真の勇気の持ち主……
正しい心を持ったあなたの世界にこそ
トライフォースはふさわしい
お二人をトライフォースとともに
元の世界へお送りします";"No, please, let me finish. You are so
fortunate to have a hero like
[PlayerName].
What courage he has displayed!
That alone proves that Hyrule
deserves its Triforce.
Now I will ensure that you leave this
dark kingdom of mine safely—and
with your Triforce.
Please, follow me. I know of a way
that you can go home.";"[PlayerName], héros du
royaume d'Hyrule. Tu possèdes le 
véritable courage et ton cœur est pur.
La place de la Triforce est dans ton
monde. C'est là qu'elle doit reposer.

Je vais vous renvoyer tous les
deux en Hyrule, et la Triforce
vous y suivra.";
"ここは我々の聖地……";"Welcome to Lorule's Sacred Realm...";"Ce lieu est notre terre sacrée.";
"ありがとう……
……ゼルダ";"Thank you, Princess Zelda...
Oh, thank you...";"Zelda...
Merci à toi...";
"ありがとう
[PlayerName]……";"And to you as well, Hero of Hyrule...
Thank you, [PlayerName]!";"Merci, [PlayerName]...";
"アナタの顔は見飽きました！";"I have what I've come to Hyrule for,
so I refuse to let you delay my
departure any further.";"Je t'ai assez vu, misérable !";
"なんて美しいアートでしょう
自分の才能が恐ろしい";"What a beautiful masterpiece. My
talent is almost frightening.";"Cette toile est parfaitement sublime.
Parfois, mon infini talent me surprend
moi-même.";
"それに引き替えアナタは……
何て見苦しい……";"And then there's you, worm.


I can barely bring myself to look at
such an inferior creature.";"Toi, en revanche, tu es tout ce qu'il
y a de plus commun. Pour ne pas dire
absolument LAID.";
"アナタ、あの壁からどうやって
出てきたんです？
そんな力を持っているなんて……
……あなどれませんね";"And yet, it seems there's more to you
than meets the eye. How DID you
manage to escape that wall?";"Comment un avorton tel que toi a-t-il
pu échapper à mon sortilège, voilà qui
me dépasse !";
"ゆっくり訳を聞きたいところですが……
今は話を聞いているヒマがありません";"Never mind. I don't have time to
listen to your prattle.";"Il y a deux minutes, je t'aurais posé
la question, mais pour tout te dire,
tu ne m'intéresses déjà plus.";
"おのれえ～
小賢しい虫ケラめ！";"Gah! I bore of this fight.";"Misérable !";
"大魔王ガノンの力を手に入れたら
真っ先にお前をぶっ潰してやる！";"Once I have released Ganon, lowly
creatures like you won't be worth
my time.";"Dès que je posséderai les pouvoirs de
Ganon, le seigneur du mal, tu seras le
premier à périr sous mes coups !";
"しかし！
その髪の色！
太陽の光をうけて輝く黄金色……
私の好みではありませんね";"Ah, what golden hair you have...
Such bright locks are normally far
too sunny for my tastes.
But for you, I'll make an exception.";"Cependant... ces cheveux clairs, ce
halo de lumière...

De l'or pur où s'accrochent les rayons
du soleil ! Je dois dire que tout cela
n'est guère à mon goût.";
"………私の言葉など
聞く耳を持たないという訳ですね";"You're not even listening to me!";"... ... ... Très bien. Je vois que vous
n'avez aucunement l'intention
d'écouter ce que j'ai à vous dire.";
"[Flush]キャアアアアアアア！";"[Flush]Aaaahhh!";"[Flush]Aaaaaaaaaahhhhh !!!";
"ホーホッホッホ……

これはすばらしい
実にすばらしい！
私の代表作と呼ぶにふさわしい
傑作となりました！";"Haha! My lovely masterpiece! How
utterly scrumptious!

Dare I say, it's my best work ever!";"Hahahaha...


Quelle merveille ! Une réussite
incontestable.

Une œuvre qui mérite amplement
son titre de joyau de ma collection !";
"ホーホッホッホ！";"Wah-hahaha!";"Hahahahaha !!!";
"壁ニ ハリツイテ 上カラ槍ヲ投ゲテ来ル
テキヲ倒スノダ";"Aha! Well, it says here that you can
beat soldiers throwing spears from
above by merging with the wall.";"Glisse-toi dans le mur en haut des
escaliers pour aller vaincre l'ennemi
qui te lance des javelots d'en haut.";
"ホッホッホッ……

七賢者最後の一人……
インパと言いましたかね
彼女は、なかなか味わい深い
絵になりましたねえ";"My little acquisition tour of Hyrule
is nearly over, Princess.

It really was quite a spree. A Sage
here, a Sage there. And now your
Impa too.
I've already got all seven Sages.";"Hohoho...


Voilà, les Sept Sages sont au complet.
Cette Impa était la dernière. 

Elle fait un tableau tout à fait
fascinant.";
"インパが……！？
何ということを……";"What do you plan to do with them?";"Impa... ?!
Que lui avez-vous fait ?";
"さて、私が欲しい絵は残り一つになりました";"Never you mind. For I have one more
painting to make. So please, rid
your mind of all concern.";"Bien, il ne me reste plus qu'un tableau
à acquérir.";
"おお……その顔立ち、そのまなざし
まさに、あのお方と肩を並べるにふさわしい";"I don't want your portrait to feature
any unsightly worry lines.

I wish to preserve you at your very
best. I daresay you're a match even
for Her Grace.";"Ooh... Ce visage, ce regard...
Votre beauté rivalise avec celle de
Sa Magnificence.";
"あなたは、七賢者を集めて
ガノンを復活させようとしているのですか！？";"Confess it, monster! You plan to use
our Seven Sages to revive Ganon,
don't you?";"Est-ce pour tenter de ressusciter
Ganon que vous avez rassemblé
les Sept Sages ?!";
"……アナタの話は、少々退屈でね";"I find your protests inelegant.
Not to mention irrelevant.";"Vos paroles m'ennuient
profondément.";
"さぁ、ハイラルの王女ゼルダよ！";"I wish only to possess your beauty,
Princess Zelda of Hyrule, not all
these ugly words of yours!";"Zelda, princesse d'Hyrule !";
"！？";"...What's that?";"?!";
"アナタは……つまらない壁のラクガキじゃ
ないですか？
どうやって出てきたのですか？";"YOU! Didn't I splash you on some wall
somewhere? How did you get out?";"Toi... ? N'étais-tu pas devenu un
vulgaire graffiti sur un coin de mur ?

Comment es-tu parvenu à sortir ?";
"図々しく出てきて
また醜い姿をさらすなんて……
許せません！";"How impudent! Emerging? Foisting
your inferior form upon my eyes?
I will not tolerate this!";"Tu as l'impudence de briser mon
sortilège et de venir exposer à
nouveau ta laideur sous mes yeux...
C'est impardonnable !";
"ラクガキはラクガキと遊んでなさい！";"You should have remained nothing
but a stain on that wall.

But I will be glad to leave you HERE,
once and for all!";"Amuse-toi donc avec tes congénères,
misérable graffiti !";
"……あなたは、いったい何者ですか？";"Your rampage through my kingdom
must stop, Yuga! How many more of
my people do you intend to take?";"Mais qui êtes-vous, à la fin ?!";
"ここでサヨナラです！";"Farewell—for the LAST time!";"Je vais en finir avec toi ici même !";
"その美しい姿を永遠のものに
してさしあげましょう！
アナタは私のアートとなるのです！";"Oh, you are going to make for a
spectacular painting, my dear!";"Laissez-moi préserver à jamais
tout l'éclat de votre beauté !

Soyez la bienvenue dans ma
collection d'œuvres d'art !";
"スイッチノ近クニバクダンヲ
置イテ リフトマデ急イデ 乗ッテ待ツノ！";"Ah, yes... Since you can't be in two
places at once, maybe you can use a
bomb as a stand-in!";"Place une bombe à proximité
de l'interrupteur, hâte-toi vers
l'ascenseur, et patiente sagement.";
"暗クテ怖イ時ハ カンテラデ
燭台ニ 火ヲ灯スノ！
向コウノ通路ニハ 壁伝イデ渡レソウ！";"This one gives me the chills! If you're
afraid of the dark, just light the 
sconces with a lamp.
Sometimes the most direct path
between two points is actually a
two-dimensional line!";"La pénombre t'oppresse ? Utilise ta
lanterne pour allumer les torches,
petit !
Tu peux sûrement atteindre le couloir
de l'autre côté en empruntant le mur.";
"コノ床ヲバクダンデ壊シタラ
光ガ下ノ階マデ 届クト思ウノ！";"Heh heh. Let's see. Have you thought
about using a bomb to make that
next breakthrough?";"Si je ne m'abuse, placer une bombe au
sol devrait suffire pour que la lumière
se fraye un chemin jusqu'en bas...";
"上ノ階カラ 落チテ来タラ
コノ下ノ イイ所ニ行ケソウナノ！";"Ah yes... You know, sometimes the
floor falling out from beneath you
can lead to a real breakthrough!";"Une chute n'est pas forcément un mal,
petit. Ça peut même te permettre de
découvrir des coins sympathiques !";
"緑ト赤ノ アイツラハ 上下左右逆ニ動クノ！
赤ノアイツハ剣ガ効カナイ
バクダンデ ヤッツケテ！";"Oooh, yes! I remember this one. Isn't
it weird to feel like every move of
yours is being mirrored?
Your sword won't work on the red
ones, though. Hmm, I'm sure other
weapons could work. Try bombs?";"Ce curieux énergumène rouge et
ses camarades verts reproduisent
tes déplacements en sens inverse.
Ta lame restera sans effet contre le
rouge. Heureusement, les bombes
règlent tous les problèmes !";
"南ノ壁ヲ バクダンデ壊スノ！";"Oh yes, yes... There was something a
bit strange about that wall to the
south. Try a bomb!";"Tiens donc, intéressant... Ce mur,
là-bas, au sud... Que dirais-tu d'aller
y placer une petite bombe ?";
"バクダン投ゲテ スイッチヲ
2ツ点ケルノ！
セッカク点ケテモ 急ガナイト 消エチャウノ！

リフトノ ミナミガワノ壁ガ
バクダンデ壊セソウ！";"Ah, right. This was a fun one! Throw
bombs to activate the two switches!
Be quick, though!
The wall to the south of the moving
platform may need a well-placed
bomb!";"Tu dois activer les deux interrupteurs,
petit ! Et pour cela, quoi de plus
efficace que de lancer des bombes ?
Mais il ne va pas falloir traîner...
Quand tu en as activé un, occupe-toi
vite de l'autre, ou tout sera à refaire...
Quant à ce mur, au sud de la
plateforme mobile, une petite bombe
devrait suffire à le détruire, non ?";
"ムシ獲リアミガアレバ 妖精サン
オ持チ帰リ　デキルノ！
怖イカラ 部屋ノ明カリ 消サナイデネ！";"It says here that a net can get
you a net gain of a fairy!

Net gain! Ha! Hey, do me a favor.
Leave the lights on when you go.
This place is scary, even to ghosts!";"Ah, les filets à papillons... C'est
merveilleux, petit, tu sais... Avec ça,
tu peux capturer une fée !
Laisse allumé en partant, tu veux
bien ? C'est pas drôle d'être tout
seul dans le noir...";
"スイッチノ近クニ バクダン
置イタラ マークガアル 壁ニ入ッテ待ツノ！";"Ah, that's right! Dropping a bomb near
the switch will give you time to merge
into the wall before it flips!";"Pose une bombe vers l'interrupteur,
va te coller sur le blason au mur et
attends bien sagement !";
"ココノ床 次々ニ メクレチャウノ！
落チソウニナッタラ 壁ニ入ッテネ！
スイッチガ点イテル間ダケ 扉ガ開クミタイ！";"Oh right, right. I remember this one.
See, these floor tiles will fall away one
by one...
If you ever get nervous about falling,
go ahead and merge into the wall!

That door will only open if the switch
is activated, though. Hope you have
better luck with that than I did!";"Les plaques au sol s'effondrent les
unes après les autres...

Si tu sens venir la chute, glisse-toi
dans le mur, petit ! Il n'y a pas de
honte à se mettre à l'abri, tu sais.
Quant à la porte, je serais bien étonné
qu'elle s'ouvre tant que l'interrupteur
n'est pas activé...";
"ココノ床 次々ニ メクレチャウノ！

スイッチハ バクダンヲ
投ゲタラ点ケラレルノ！
スイッチガ点イテル間ダケ 扉ガ開クミタイ！";"Oooh, this one was tough. See, these
floor tiles will fall away one by one...

Activate that switch with a perfect
bomb toss!

That door will only open if the switch
is activated, though. Hope you have
better luck with that than I did!";"Les plaques au sol s'effondrent les
unes après les autres, dans cette
salle !
Si tu tires parti de cette merveilleuse
invention que sont les bombes, tu
devrais pouvoir activer l'interrupteur.
Si tu veux mon avis, la porte ne
s'ouvrira pas avant que l'interrupteur
ne s'allume...";
"スイッチデ 床ガ上ガッタリ下ガッタリ！
床ノ上カラ スイッチ点ケテ 登レソウ！
アッチノスイッチデ 壁ガ クルット 回ルノ！

バクダンヲ 置イタラ
アノ壁マデ急イデ！";"Heh heh. This one was so much fun!
Those switches will make certain areas
of the floor elevate and descend.
Get on the platform and flip the switch
to go up! After that, see what you can
do with a little creative merging!
Drop a bomb, and then hurry on over!";"Cet interrupteur fait monter et
descendre la plateforme. Active-le
depuis la plateforme pour monter.
L'autre interrupteur, plus bas, fait
pivoter un pan du mur.

Pose une bombe à proximité et
reviens vite jusqu'au mur !";
"床ノ上カラ スイッチヲ点ケテ 登ッタラ
壁ニ入ッテ 窓ノ所ヘ 歩イテイクノ！";"Ah, yes. Get on the platform, trigger
the switch, and voila! See if you can
take the wall over to the window!";"Active l'interrupteur depuis la
plateforme pour monter, et hop là,
dans le mur jusqu'à la fenêtre !";
"窓ヲバクダンデ割ッタラ
下ノ階マデ 光ガ届クノ！";"If you break the window with a
bomb, the light will reach the lower
floors!";"Je crois avoir lu quelque part qu'en
faisant sauter la fenêtre avec une
bombe, la lumière arriverait en bas...";
"窓ノ近クニ 下カラバクダンヲ
投ゲ込ムノ！
向コウノスイッチ 点ケタ時ニ
ココノ壁ガ クルット 回ッタ気ガスルノ！";"Hrm. It says that you should try to
approach the window and toss a
bomb from below!
I think I remember something about
the walls shifting if you hit that switch
over there...";"Approche-toi de la fenêtre avec
une bombe, petit, et jette-la
en l'air !
Je pense que si tu actives
l'interrupteur là-bas, un pan
de ce mur pivote.";
"白イノハ 部屋ガ明ルイト 見エルノ！
黒イノハ 部屋ガ暗イト 見エルノ！
黒イノハ カンテラノ
明カリデモ 見エナクナルカラ 気ヲツケテ！";"Oooh, heh heh! You can see the white
ones when the room is bright and the
dark ones when the room is not!
Careful with the lamp, though. You
can still only see half of what you
need to...";"Alors, voyons voir... Les blancs sont
visibles quand la pièce est éclairée, 
et les noirs, dans la pénombre.
Mais si tu utilises ta lanterne, petit,
les noirs n'apparaîtront pas ! Te voilà
averti.";
"アノ鍵ハ 上ノ階カラ 
落チテ来タラ 取レルノ！";"Yes, this one was quite difficult. It
says that the key to getting what you
want is in taking a fall from above...";"Si j'étais toi, je pense que je me
laisserais tomber de l'étage supérieur
pour obtenir cette clé...";
"部屋ヲ暗クスルト 壁ガ見エルノ！

ヨ～ク見ルト 壁ノ隙間ガ 見エルカラ
壁移動デ抜ケラレソウ！";"Ah, right! Only if you darken the room
will you be able to see the walls.

And if you look closely, you can see
something in those walls that will
help you slip in and out freely...";"Bien, voilà ; si tu plonges la pièce
dans la pénombre, les murs feront
leur apparition !
Regarde avec attention, petit. Il y a
des fentes dans ces murs ! Elles te
permettront de te déplacer partout.";
"部屋ヲ暗クスルト 床ガ見エルノ！
落チナイヨウニ 気ヲ付ケテ！";"Well, according to this, you'll need to
darken the room to see where you're
going. How does that work...?";"Ah, voilà qui devrait t'intéresser :
pour distinguer le sol, fais l'obscurité
autour de toi, mais gare à la chute !";
"4ツノ眼ニ 光ガ射セバ 道ハ開カレルノ！
ソウ聞イタコトガ アルノ！";"Ooh, yes! That's right! In order to
open the path, you must be bright
enough to blind all four eyes.";"Hmm, j'avais lu quelque chose au
sujet de ces yeux... Ah oui ! Éblouis
les quatre yeux, et la voie s'ouvrira !";
"眼ニ光ガ射セバ 扉ガ開クノ！
窓ノ近クニ バクダン投ゲルノ！";"Ah, that's right. You are looking for
a bright idea... Go to the window and
throw a bomb!";"Tu as remarqué les yeux, petit ? Il faut
les éblouir pour que la porte s'ouvre.
Essaye une bombe sur la fenêtre !";
"ココカラ壁伝イデ 
向コウノ眼ノ近クマデ 行ケソウナノ！";"Well, this seems simple enough.
Merge and make your way along the
wall to get close to that eye.";"En partant d'ici, tu devrais pouvoir
emprunter les murs pour t'approcher
de cet œil, là-bas...";
"リフトニ乗リナガラ バクダンヲ
投ゲ込ンデ スイッチ3ツヲ 全部点ケルノ！";"Heh heh, yes. A good one. Try a
bomb to activate the trio of switches!";"J'imagine qu'il doit falloir emprunter la
plateforme mobile et jeter des bombes
sur les trois interrupteurs...";
"動キヲ マネスル アイツラヲ ウマク誘導シテ
金網ノ穴カラ 下ニ落トスノ！";"Right, now I remember. If these things
want to mimic your movements, see if
there's a way to get rid of them!";"Tu vois comme ils copient tes
mouvements ? Profites-en pour les
faire tomber par le trou du grillage !";
"暗クテ怖イナラ  カンテラデ
燭台ニ 火ヲ灯シタラドウダ？";"Aw, are you afraid of the dark...? Why
not try lighting the sconces with your
lamp?";"Si tu as peur du noir, pourquoi ne pas
allumer les torches avec ta lanterne ?";
"捕マリタクナキャ
壁画ニデモナッタラドウダ？";"Well, if you don't wanna get caught,
why not merge into the wall?";"Si tu ne veux pas qu'on t'attrape,
n'hésite pas à emprunter le mur !";
"アノ 石像 スイッチニ乗セテ
石ノ壁ヲ ツナイダラドウダ？";"OK, I got an idea. How about you put
those stone statues on the switches,
and then move along the wall?";"Pourquoi ne placerais-tu pas ces
statues sur les interrupteurs avant
d'emprunter le mur de pierre ?";
"アノ スイッチ
アイツニ 押シテモラッタラドウダ？";"Lemme see... Have you thought about
using something or someone else to
activate that other switch?";"Et si tu utilisais un monstre pour
activer l'autre interrupteur ?";
"コノ目玉
台ニハメタラドウダ？";"Well, let's see... Try fitting the eyeball
onto the pedestal. See what that does.";"Tu pourrais essayer de placer l'œil
sur le socle...";
"アノ目玉 トリタケリャ
外ニデテ 穴カラ 落チタラドウダ？";"Aha! So, you need to get your hands
on that eyeball!

Try heading back outside and
dropping down through that hole.";"Pour atteindre l'œil, quelque chose me
dit que tu devrais sortir et te laisser
tomber jusqu'à lui...";
"ソコノ 大キナ 宝箱
外ニデテ 穴カラ落チテ
ソノアト 絵ニナッテ 移動シタラドウダ？";"So...if you want to get to that big
chest, go out, drop back in, and see if
merging into a wall does the trick!";"Pour atteindre ce grand coffre, tu
devrais sortir et rentrer en te laissant
tomber avant d'emprunter le mur...";
"フン……口ほどにもないですね

それでは……心の準備はいいですか？
さあ、アナタをアートにしてさしあげましょう";"Ha! After all your posing, all your
preening...just look at you now!

Now, my fine fellow, prepare to be
made into my latest work of art!";"Comme c'est décevant... Après
toutes tes belles paroles, tu n'en
mènes pas large, à présent !
Es-tu prêt ? D'ici quelques instants,
tu vas rejoindre mon admirable
collection !";
"七賢者の血をひいたことを感謝しなさい！";"You'll have a privileged place in my
collection of Sages!";"Tu peux remercier le ciel d'être
le descendant d'un Sage !";
"ほう、なかなかユニークな絵ができました
やはり私の才能は素晴らしい……";"Aha! An excellent painting! What a
knack I have for capturing the
smallest details JUST so.";"Oh, voici une œuvre tout à fait
singulière. Mon inégalable talent ne
cessera jamais de me surprendre...";
"おや？
アナタ……
どこかで見たような……
";"Oh? Who—?";"Mais ?
Attends...

Je t'ai déjà vu quelque part...";
"あぁ……！
教会にいた……
アナタ、また私の邪魔をする気ですか？";"You're that wriggling worm I saw at
the Sanctuary!

What, have you come to challenge
me again? I don't have time to
coddle would-be heroes.";"Ah, ça me revient ! Tu es l'avorton
du sanctuaire, n'est-ce pas ?

Oh... Laisse-moi deviner...
Tu as l'intention d'être pénible,
c'est ça ?";
"いいでしょう
ならば……";"But since you insist...";"Inutile de répondre.
Mieux vaut prévenir que guérir,
n'est-ce pas ? Aussi ai-je décidé...";
"ここで始末してさしあげましょう！";"I will oblige.";"
　　　... DE T'EXTERMINER !";
"しつこい人ですね……
何度来ても同じですよ！";"Stubborn one, aren't you? No matter.
I won't let you stand in my way.";"Eh bien, tu es plutôt du genre têtu, à
ce que je vois... Tant pis pour toi ! Tu
ne te dresseras pas sur mon chemin !";
"奥ニ見エル スイッチヲ
弓矢デ 狙イ撃チ！";"Ah yes... Use your bow
and aim for the switch!";"Avec l'arc, vise l'interrupteur que
tu aperçois de l'autre côté !";
"ココカラ ムコウノ通路ノ スイッチヲ
弓矢デ 狙イ撃チ！";"Let's see... It says here to take aim
with your bow and go
for the switch on the opposite path...";"Vise l'interrupteur situé sur l'autre
chemin avec ton arc !";
"コノスイッチヲ踏ムト 扉ガ開ク！";"Oh, right! If you step on this here
hidden switch, the door will open!";"Si tu veux ouvrir la porte, il te
faut marcher sur cet interrupteur,
juste à côté de moi !";
"リフトガ 下ガッタ時 左ヘ！
リフトガ 上ガッタ時 右ヘ！
弓矢デ スイッチ狙イ撃チ！
スイッチガ点イテル間ダケ 床ガ下ガル！";"Here you'll need to look left when
the platform is down! When the
platform is up, look to the right!
Aim for the switches with your trusty
bow.

The floor sections stay down for as
long as the switches are active!";"Quand l'ascenseur est en bas, regarde
à gauche ! Quand il est en haut,
regarde à droite !
Vise les interrupteurs avec ton arc.


Le sol ne reste en position basse
que tant que les interrupteurs
sont activés !";
"リフトガ 下ガッタ時
南ノ部屋ヘノ 通路ニ入レル！";"Hmm. When the platform is down, you
should be able to enter the room to
the south!";"Lorsque l'ascenseur est en bas, tu
peux accéder au chemin qui mène
à la pièce qui se trouve au sud.";
"高台ノ下ニ
南ノ部屋ヘノ 通路ガ アル！";"Oh, right! The path to the room to the
south is under the raised platform!";"Sous le promontoire est dissimulé un
accès à la pièce qui se trouve au sud !";
"回転スル壁ガ ツナガッタ時
壁ニ入ッタママ 隣ノ壁ニ 移動デキル！";"It says here that when revolving walls
connect, you can merge into one
wall to move to the other wall!";"Emprunte le mur pivotant et attends
qu'il touche le mur voisin pour passer
de l'un à l'autre.";
"コノスイッチヲ 踏ミ続ケルト
壁カラ 階段ガ 出テクル！
離レルト マタ引ッ込ムカラ 急ゲ！";"That's right! If you step on the switch,
you'll see a new way up! You'll need
to take it in a hurry, though!";"Marche sur cet interrupteur pour faire
sortir un escalier du mur. Il y rentre
dès que tu bouges, alors fais vite !";
"コノスイッチヲ 踏ミ続ケルト
階段ガ 壁ニ引ッ込ム！
階段ノ下ニモ スイッチガ 隠レテル！";"Ah yes, yes... Simply step on this
switch to make the stairs slide into
the wall. So crafty!
There's another switch hidden under
the stairs! Don't miss that!";"Marche sur cet interrupteur pour faire
rentrer l'escalier dans le mur.

Tu trouveras un deuxième interrupteur
caché sous l'escalier !";
"飛ンデクル矢ハ 盾デ防ゲル！
コノ部屋ノ 敵ヲ全部タオスト 宝箱ガデル！";"It says here that one of the keys to
protecting yourself from arrows is
good shield technique!
A treasure chest will appear in this
room if you defeat all the enemies...
But you didn't hear that from me.";"Les flèches pleuvent, par ici...
Protège-toi avec ton bouclier.

Si tu viens à bout de tous les
ennemis, un coffre apparaîtra
dans cette pièce.";
"低イ所ノスイッチハ ココカラ
弓矢デ狙イ撃チ！
チョット高イ所ノスイッチハ 
縦ニ動ク リフトノ上カラ 狙イ撃チ！";"OK, so use your bow and take aim
at the lower switches.

Aim for the higher ones from the
platforms!";"Vise l'interrupteur d'en bas à
partir d'ici avec ton arc.

Quant à l'interrupteur du haut,
vise-le depuis l'ascenseur.";
"奥ノスイッチハ 大キナ扉ノ
前カラ 弓矢デ 狙イ撃チ！
高イ所ノスイッチハ 縦ニ動ク
リフトノ上カラ 狙イ撃チ！";"Got it! Just aim for the far switches
from in front of the large door with the
bow!
Aim for the other switches from the
top of the platforms!";"Vise l'interrupteur qui est derrière
moi avec ton arc en te plaçant
devant la grande porte.
Vise l'interrupteur en hauteur
depuis l'ascenseur !";
"剣ヲ避ケル敵ハ 壁ニ追イツメテ 斬ル！
弓矢デ狙イ撃チスルト ラク！";"Let's see, let's see... Corner enemies
that dodge your sword attacks against
the wall, and then slash them!
Or you could just shoot them with
your bow and make your life so much
easier.";"Accule dans un coin les ennemis qui
évitent tes coups pour pouvoir les
frapper.
L'arc peut aussi te faciliter les
choses !";
"リフトニ乗ッテ 4ツノスイッチヲ
弓矢デ狙イ撃チ！";"Oh, I remember now! Just get on the
platform and hit the four switches
with the bow!";"Monte sur une plateforme mouvante
et active les quatre interrupteurs
avec ton arc !";
"床ガ無イ所ハ 壁ニ入ッテ進ム！
床ガ出テル時ニ 急イデ渡ル！";"Oh yes, this is good! If you can't walk
on a floor, try merging with a wall!

If you find yourself standing on air...
hurry to the other side!";"Emprunte les murs quand il n'y a pas
de sol sur lequel marcher. Traverse
vite dès que tu peux reprendre pied !";
"外壁ヲ グルット 向コウニ回ルト
下ニ降リラレル！";"Hm... Ah, here it is! If you go around
the outer walls to the other side, you
can get to the lower floor!";"En contournant les murs extérieurs
jusqu'à l'autre côté, tu atteindras
l'étage inférieur !";
"勇気ヲ 持ッテ 飛ビ降リロ";"Ah, this is an interesting one...
Have faith, and just jump. Easier said
than done, right?!";"N'écoute que ton courage et jette-toi
dans le vide !";
"フックショットデ スイッチヲ 入レロ";"OK, so...have you thought about
using the Hookshot to flip
the switch? Just a thought.";"Utilise le grappin pour activer
l'interrupteur.";
"バクダンヲ スイッチノ 近クニ
置イテ 走レ";"It says: leave a bomb at the base of
the switch, and then...RUN!";"Place une bombe sous l'interrupteur
et pars en courant !";
"バクダンヲ 右ノ 段差ノ 上ニ投ゲテ
左ノ 赤イブロックマデ 急ゲ";"Oh yes... Throw a bomb up on the
platform. Hurry over to the red block
on the left...and cover your ears!";"Lance une bombe sur la plateforme de
droite, puis rejoins en toute hâte le
bloc rouge sur la gauche.";
"バクダンヲ 右ニ 投ゲロ
ソノアト壁ニ 入ッテ 回リ込メ";"Throw a bomb to the right. Then just
go around along the wall!";"Lance une bombe vers la droite, puis
emprunte le mur et passe de l'autre
côté !";
"大バクダン花デ 壊セ";"Oh, that's right. You need to destroy
it with a big bomb.";"Détruis-le avec une grosse bombe !";
"北ニ アル 鉄球ヲ 連レテ来イ
石像ヲ 横ニ 引ケバ 動キ出ス";"Let's see... Get the iron ball from the
north to follow you! If you pull the
statue to the side, it'll move!";"Essaye d'attirer un boulet pour qu'il
te suive depuis le nord ! Tu peux tirer
la statue pour la déplacer sur le côté.";
"真ン中ノ ショク台ノ 炎ヲ
2ツ消シテ 細イ 通路ヲ 渡レ";"Try to extinguish the flames of the
two candles in the center and then
cross the narrow pathway.";"Éteins les flammes des deux torches
au centre et emprunte le chemin
étroit.";
"出テクル 柱ニ 入ッテ 回リ込メ";"OK, just enter the pillar that pops up
and go around. Does that make
sense?";"Emprunte le pilier qui dépasse du mur
et passe de l'autre côté !";
"北ノ 壁カラ 出テイル 鉄球ヲ
連レテ来イ
右ノ 通路カラ 左隣リニ
柱ヲ 出シ続ケロ
途中デ 壁ニ 入レバ
ココマデ 連レテ来ルコトガ デキル";"Lead the iron balls that come out from 
the north wall over here.

From the passage on the right, keep 
raising the neighboring pillars on the
left.
You'll be able to lead it all the way
here if you merge into the wall
at one point.";"Conduis un boulet depuis le mur au
nord jusqu'ici.

Place-toi sur le côté droit et fais
monter les piliers sur la gauche.

Pour qu'il arrive jusqu'ici, il te
faudra emprunter le mur à un
moment.";
"ショク台ノ 炎ヲ 消シテ 道ヲ 覚エロ
ソノアト 炎ヲ ツケテ 歩ケ";"Heh heh, right. Extinguish the flames
and memorize the path. Then light
them back up and go!";"Éteins les torches et mémorise le
chemin ! Ensuite, rallume-les pour
l'emprunter.";
"フックショットデ 目玉ヲ
右ノ リフトカラ 引キ寄セロ";"Oh, of course! The Hookshot can grab
that eyeball from the right platform.";"Agrippe l'œil sur la plateforme de
droite avec ton grappin.";
"フォールマスターヲ スイッチノ 上ニ
オビキ寄セロ";"Ooh, this is a fun one! All you need
to do is lure a Wallmaster over the
switch!";"Attire une Main sur l'interrupteur !";
"石像ヲ スイッチノ 上ニ置イテ

フォールマスターガ スイッチヲ タタク
トキニ モウ1ツノ スイッチヲ 踏メ";"Place a statue on one switch.
When the Wallmaster hits the other
one, you step on the third!";"Place une statue sur un interrupteur.
Dès que la Main atteint le deuxième,
marche sur le troisième !";
"うう……";"Argh...";"Oooh...";
"[PlayerName]……
聞こえますか？
私です、ゼルダです

壁画となったユガには
あなたの持っている武器は通用しません
これをお使いください！";"Hear me, [PlayerName]...!
It is I, Princess Zelda...

Your current weapons will be useless
while Yuga is a painting.

So I bestow upon you, my hero, one
more gift.";"[PlayerName], m'entendez-vous ?


C'est moi, Zelda...


Lorsque Yuga se transforme en
peinture murale, les attaques
normales ne l'atteignent pas.
Prenez ceci !";
"それはトライフォースの光をまとった弓矢です

壁画となったユガとは
その弓矢で戦う他ありません
その光の弓矢ならば壁の中でも
ユガと戦えるはず！
その矢で……ユガを封じるのです

[PlayerName]
あなたなら、きっとできます！";"This bow is imbued with the light of
the Triforce and can be fired only
while you are merged into a wall.
Yuga cannot escape its radiance, not
even in his painted form.

Now, for the sake of our worlds, let
fly these arrows. And may your aim
be true, [PlayerName]!";"Cet arc est imprégné de la lumière
de la Triforce...

Ses flèches seules peuvent atteindre
Yuga malgré sa transformation.

Il vous faudra emprunter le mur
pour les décocher !

Avec cet arc, [PlayerName],
vous arrêterez Yuga.
Je n'en doute pas un instant.";
"うぅ……";"Urrrgh...";"Aaaah...";
"アンタ、誰！？
どうやって入ってきたのよ！？
……絵？
ああ……アレのことね
アレが何か知らないけど、この村の親分が
ずいぶん大切そうに隠し持ってるわ
私はその隠し場所を知ってしまった……
それでここに閉じ込められているの
……そうだ、アンタ！
私をここから出してくれない？
そしたら絵がある場所くらい教えてあげるよ
早く出してちょうだい";"Who are you supposed to be?! And
how did you get in here?!

Hang on a second. You wouldn't
happen to be looking for some kind of
painting, would you?
I knew it! That thing must be pretty
valuable if the boss went to all that
trouble just to hide it.
And now folks are searchin' for it.
Hm. Well, I may have "accidentally"
learned where the boss hid it...maybe.
That's why the creep locked me in
here! Can you believe that?! Say...
we could help each other out here.
If you could get me out of here, then
maybe I could help you find what
you're looking for. Maybe.
So get going! I don't wanna spend any
more time than I have to down here!
No maybes about that one!";"Hé, mais t'es qui, toi ?
Et comment t'es rentré, d'abord ?

Quoi, un tableau ? Ah, ouais,
ce truc-là.

Je sais pas trop ce que c'est, moi.
Ce que je sais, c'est que le chef avait
pas l'air de vouloir qu'on le trouve.
Je suis tombée dessus comme qui
dirait par hasard, tu vois. Résultat,
je me retrouve enfermée ici.
Hé, mais dis donc ! Tu pourrais pas
me faire sortir, puisque t'es là ?

Si t'y arrives, je te dirai où il est
planqué, le truc que tu cherches.
Alors vas-y, pas de temps à perdre !";
"まずはそのトビラ、何とかしてちょうだい
早く出たいのよ";"Well, first things first. You gotta do
something about the door. I want to
get out of here already.";"Déjà, faudrait p'têtre commencer
par t'occuper de la porte. J'ai pas
spécialement envie de moisir ici.";
"アンタ……何なの？
さっきからペラペラ壁の中を動き回って……
何者なの？
気持ちが悪いわ……
あの絵は村のはずれにある
場所はあとで教える
とにかく今は、ここから抜け出すのよ
急いで";"Ohh, thank you very much! You saved
my life. Please take me outside.

That painting you're looking for is 
hidden on the outskirts of town. I'll
take you to it.
By the way, where did you learn how
to slide in and out of the walls like
that?! That's...a little bit creepy.
Maybe you can teach me how to do it!";"Dis donc, mon gars... t'es comme qui
dirait pas tout à fait normal, toi...
Tu rentres dans les murs, tout ça...
C'est pas clair, cette histoire. Et
ça me file les jetons, si tu veux savoir.

Au fait, ton tableau, là, il est planqué
en ville, dans un coin isolé. Je te dirai
où plus tard.
Mais avant, sors-moi de là, d'accord ?


Allez, en piste !";
"アンタ誰！？
どうやって入ってきたのよ！？
……絵？
ああ……アレのことね
アレが何か知らないけど、この村の親分が
ずいぶん大切そうに隠し持ってるわ
私はその隠し場所を知ってしまった……
それで、ここに閉じ込められているの
……そうだ、アンタ！
ここから逃げるの手伝ってくれない？
そしたら絵がある場所くらい教えてあげるよ
あの絵は村のはずれにあるわ
場所はあとで教える
とにかく今はここから抜け出すのよ、急いで";"Ohh, thank you very much! You saved
my life. Please take me outside.

Hang on a second. You wouldn't
happen to be looking for some kind of
painting, would you?
Hee hee! I knew it! That thing must be
valuable to the boss if he went to the
trouble of hiding it, and now you...
Hm. Well...I may have "accidentally"
learned where the boss hid it. Maybe.

That's why the creep locked me in
here! Can you believe that?! Hey...
maybe we could help each other out.
If you could get me out of here, then
I could help you find what you're
looking for.
Come on. Let's hurry out of here. This
place gives me the chills.";"Hé, mais t'es qui, toi ?
Et comment t'es rentré, d'abord ?

Quoi, un tableau ? Ah, ouais,
ce truc-là.

Je sais pas trop ce que c'est, moi.
Ce que je sais, c'est que le chef avait
pas l'air de vouloir qu'on le trouve.
Je suis tombée dessus comme qui
dirait par hasard, tu vois. Résultat,
je me retrouve enfermée ici.
Hé, mais dis donc ! Tu pourrais pas
me faire sortir, puisque t'es là ?

Si t'y arrives, je te dirai où il est
planqué, le truc que tu cherches.
Il est en ville, dans un endroit isolé.
Je te dirai où plus tard. Mais avant,
sors-moi de là, d'accord ?

Allez, en piste !";
"閉じられたわね
北のトビラから逃げるわよ";"We're locked in! Check that northern
door. See if we can get out that way!";"Super, on est coincés. Bon ben, va
falloir utiliser la porte au nord si on
veut filer.";
"ここも閉じられたわね
そこのトビラから逃げるしかないか……";"We're cut off! That big door is our
only way outta here! Hope you got
a key for that, kid!";"Celle-là aussi, elle est fermée. On
dirait bien qu'il reste que la porte
de là-bas pour nous carapater.";
"この先に出口があるわ
ついてきて";"The exit is just over there! Follow me!";"Hé, la sortie est juste là !
Suis-moi !";
"グハハ、バカモノメ！
ニガスモノカ！";"HUAHAHAHA! SILLY GIRL! DO YOU
ACTUALLY THINK I'D LET YOU ESCAPE
WITH YOUR LITTLE HERO?";"MOUAHAHA ! TU CROYAIS VRAIMENT
QUE J'ALLAIS TE LAISSER PARTIR
COMME ÇA ?";
"ちょっと！
置いてかないでよ！";"Hey! What are you doing?! You can't
just leave me behind like some sort
of monster!";"Hé !!! Ça serait sympa de pas
m'oublier !";
"きゃー！
ちょっと待ってー！";"Gyaaah! What gives?!";"AÏE ! Mais ça va pas, non ?
Qu'est-ce que tu fabriques ?";
"そこのトビラから表に出られるわ
行くわよ";"Wow. Looks like you got him...
Good riddance.

Let's go. That door will lead us outta
this place.";"Suis-moi, on peut filer par derrière.";
"まだまだ追っ手は来るわ
この先も頼むわよ
……アタシ？
アタシは戦わないわよ
武器も防具も取り上げられたし……
お腹だってペコペコだし";"There's more where that came from.


I'd help you fight, but they took all
my gear and armor and...y'know, all
my other stuff.
Plus I'd just be getting in the way, I'm
so hungry. Starving, actually. So I'm
weak and feeble and so on, ya know?";"Ils nous laisseront pas tranquilles, je
sais pas si t'es au courant. Va falloir
que tu continues à me couvrir.
Comment ça, que je me débrouille ?
Ça risque pas, vu que j'ai pas
l'intention de me battre.
UN : On m'a pris mes armes et
mon armure.
DEUX : Je meurs de faim.";
"ん？
見ない顔だな？
新入りか？
それなら丁度いい
門番、交代してくれよ
あとは頼んだぞー新入り！
俺は外の空気吸ってくらぁー";"Never seen you 'round here before...
You one of the new recruits, eh?
Perfect timing!
You can take over here on guard duty
for me. Have fun. And don't do nothin'
that'll get me in trouble, fresh meat!
I'm gonna go get me some fresh air.
♪ Fresh meat, fresh air...
Hmm hm...hmm hm...";"Hein ? Tiens, t'as une tête que je
connais pas, toi.

T'es nouveau ? 
Mais ça tombe à pic, ça !

Tu vas me remplacer pour mon tour
de garde, d'accord ? Parfait, je te
laisse la place.
Et me déçois pas, surtout ! Je vais
aller me relaxer un peu dehors.";
"フンフン～♪";"Say, that's kinda catchy! Maybe I'll
see if the bard can put a tune to that.
♪ Fresh meat, fresh air...";"Lalalila lalèèère...♪";
"柵ヲ 下ゲレバイインジャネーカ！？
ソシタラ 石像 運ベルヨナァ？";"Just lower them bars, why don't ya!
Then you could move the statue, yah?";"Et si tu abaissais cette barrière ?
Après ça, tu devrais pouvoir déplacer
la statue...";
"アイツヲ 斬レバ バクダンニナルゼ！
ソイツデ 壁ヲ 壊セルヨナァ？";"If you take a swipe at this guy, he'll
turn into a bomb! Then you could use
him to blow a hole in the wall! BOOM.";"Si tu donnes un coup d'épée à cet
ennemi, il se transforme en bombe.
Ça pourrait t'aider à percer le mur...";
"オマエ 壁画ニナレルノカ？
ソシタラ コレ 倒セルヨナァ？";"Well...hm. You can merge into walls?
Then you can knock this over, right?";"Tu peux emprunter les murs, n'est-ce
pas ? Alors, tu ne devrais pas avoir de
problèmes à passer cet obstacle.";
"盾ッテ 壁ミタイナモンダロ？
壁画ニナレタリスルカモナァ？";"His shield looks like a wall doesn't it?
Maybe you could treat it like a wall...";"Un bouclier, c'est plus ou moins pareil
qu'un mur, non ? Tu dois pouvoir
l'emprunter comme un mur, alors...";
"マズハ 右ノスイッチジャネーカ？
ツギニ 左ノスイッチヲ
コンベアニ乗セテ バーン！
……カモナァ？";"All right, so right switch first. Then put
a bomb on the conveyor belt, and 
BOOM! Get the left one. I think...?";"L'interrupteur de droite en premier,
n'est-ce pas ? Ensuite, une bombe
sur le tapis roulant...
Et boum ! Celui de gauche est activé !
Enfin, j'imagine...";
"ちょっとアンタ！
ちゃんと、アタシを外に連れてきなさいよ！";"Hey! What do you think you're
doing?! Take me outside!";"Hé, attends ! Tu dois me faire
sortir, je te rappelle !";
"コノ先
デッカイ宝箱アルカモナァ？";"Ya know what? I think maybe there's
a huge treasure chest up this way...";"Il pourrait bien y avoir un coffre
gigantesque, plus loin...";
"ニタニタ笑ッテイル 丸イ顔ヲ
ハンマーデ ブッ叩ケバ
先ニ 進メタノニィ……";"Hm... If you were to smash those
snickering faces with a hammer,
you might be smiling yourself!";"Voyons, voyons... J'imagine qu'en
aplatissant ces visages ricaneurs au
marteau, tu devrais pouvoir passer...";
"ニタニタ笑ッテイル 丸イ顔ヲ
ブッ叩イテ ソノ上ニ乗レバ
高イ場所ニ飛ンデ 先ニ進メタノニィ……";"If you smash those laughing faces
and then hop on top of them, you
could fly to higher ground!";"Si tu montes sur les visages ricaneurs
après les avoir aplatis, tu seras
propulsé en hauteur.
Ainsi, tu pourras poursuivre ton
chemin...";
"赤イ柱ガ 地面ニ引ッコンデイル時
柱ノ上ニ乗ッテ 青イ スイッチヲ叩ケバ
鍵ヲ取ッテ 先ニ進メタノニィ……";"OK, when the red pillars are in the
floor, stand on top of them and hit the
blue switch!";"Lorsque les piliers rouges sont rentrés
dans le sol, monte dessus et frappe
l'interrupteur bleu.
Tu pourras alors aller chercher la clé
et continuer ton chemin...";
"壁ガ ジャマデ 先ニ進メナクテモ
壁画ニナレレバ 先ニ進メタノニィ……
ソンナノ ナレルワケ ナイト オモッテルノ？";"If a wall is in the way, try merging and
becoming a wall painting to continue
onward!";"Lorsqu'un mur te barre le chemin, tu 
peux toujours l'emprunter en te
transformant en peinture...
Ça te paraît faisable ?";
"青イ柱ノ 上ニ乗ッテ 壁伝イニ
窓ノ鉄格子ヲ スリ抜ケラレタラ
先ニ進メタノニィ……";"Ah yes! Stand on top of the blue
pillars, and move along the wall. You'll
be able to sneak through that window!";"Si tu montes sur les piliers bleus pour
emprunter les murs, tu pourras passer
les barreaux de la fenêtre...";
"一番 左上ノ ヒビガ入ッタ床ヲ
ハンマーデ 叩キコワセバ
下ニアル 鍵ガ 取レタノニィ……";"It says: Use your hammer
to smash the floor in the upper-left
corner to get to the floor below...";"En frappant le sol fêlé en haut à
gauche avec ton marteau...

... tu devrais pouvoir récupérer la clé
qui se trouve à l'étage du dessous.";
"4ツノ スイッチヲ スベテ叩ケバ
丸イ顔ガ 降リテキテ
上ニ 進メタノニィ……";"Of course! If you just hit each of the
four switches, the round face will
descend, allowing you to elevate!";"En activant les quatre interrupteurs,
le visage rond s'abaissera, et tu
pourras accéder à l'étage supérieur...";
"尻尾ノ赤イ部分ヲ ヒタスラ攻撃シタラ
アイツヲ 倒セタノニィ……
シカモ ハンマーデ 頭ヲ叩ケバ
シバラク気絶サセルコトガ デキタノニィ……";"Oh, that's right! Just smack the red
part of the tail.

You can also use a hammer to knock
him silly for a second... But don't tell
anyone I told you that one.";"C'est en attaquant la partie rouge de
sa queue que tu pourras le vaincre...

Par ailleurs, si tu lui frappes la tête
avec ton marteau, il devrait être sonné
pendant un instant...";
"骨ヲ 投ゲテクルトキヲ 狙ッテ
剣デ 攻撃スレバ コイツラヲ 倒セタノニィ……
コイツラガ ヨケラレルノハ 剣ダケダカラ
道具ヲ 使エバ楽ニ 倒セタノニィ……";"OK, it says that timing is key when
you're going against thrown bones.
Whatever that means...
But really you're going to need
something else, since they can avoid
sword attacks pretty easily...";"Donne un coup d'épée au bon moment
quand ils te jettent des os, et tu
devrais pouvoir les vaincre...
De plus, ils évitent les attaques à
l'épée, mais les autres armes sont
certainement efficaces...";
"壁画ニナッテ 青イ柱ニ ソッテ進メバ
スイッチヲ叩イテ 先ニ進メタノニィ……
ソンナノ ナレルワケ ナイト オモッテルノ？";"If you merge into a wall and go along
the blue pillars, you can hit the
switch and continue on!";"Transforme-toi en peinture murale sur
les piliers bleus et longe-les pour aller
frapper l'interrupteur...
Tu ne savais pas que tu pouvais
faire ça ?";
"ベロヲ 引ッパッタラ 何カガ オコル";"Heh heh. This is one of my favorites.
If you pull the tongue, something will
happen. That's it!";"Tire-lui la langue, et observe le
résultat.";
"ショク台 全部ニ 火ヲ ツケテ";"OK, so... Hmm. Have you tried lighting
all the lanterns? Just a thought.";"Allume toutes les torches.";
"ツララヲ 溶カセ
ドンドン 溶カセ";"Oh yes! It says here that you need
to melt the icicles! Melt them all!
Just go for it!";"Tous les glaçons doivent fondre.";
"ショク台ニ 火ヲ ツケテ";"Yes...here it is. Light the lantern.
That's all it says.";"Allume la torche.";
"高イ トコロカラ ファイアロッドデ
氷ヲ 溶カシテ";"Right, right! That's it. See if you can
melt the ice from an elevated spot
using the Fire Rod.";"Perche-toi quelque part et fais fondre
la glace avec la baguette de feu.";
"コノ ショク台ハ
トテモ高イ トコロカラ ファイアロッド";"Apparently you need to light this
lantern from an elevated place using
a Fire Rod. Do you have one of those?";"Allume la torche depuis un point très
élevé au moyen de la baguette de feu.";
"床ガ 無カッタラ 落チルシカナイ";"Heh heh. This is a fun one. If there is
no floor, all you can do is fall. Think
about that!";"S'il n'y a pas de sol, la chute est la
seule conclusion possible.";
"穴ヲ フサゲバ ショク台ニ
火ヲ ツケラレル";"Of course! If you can somehow fill in
the hole, you can find a way to light
the lantern!";"En remplissant le trou, tu pourras
allumer la torche.";
"薄イ氷ハ 壊レテモ
シバラク スルト 復活スル";"Oh, actually I didn't need to look up
this one. See, even if the thin ice
cracks, it will reappear shortly.";"La glace très fine se brise facilement,
mais elle se reforme assez vite.";
"大キナ扉ヲ　アケル　鍵ハ　
エレベータデ　下ッタトコロニ　アル";"Hmm. According to this, the Big Key
is at the elevator's lowest point. Does
that make any sense to you?";"La grande clé se trouve au point le
plus bas du parcours de l'ascenseur.";
"アイスロッドデ
溶岩固メテ 渡レルヨ！";"Let's see. It looks like you harden
the lava with an Ice Rod.
And then maybe you can cross!";"Pour traverser, solidifie la lave avec
la baguette de glace !";
"アイスロッドデ シーソーノ真ン中狙ッテ！
固マッテル間ハ 乗ッテモ傾カナイヨ！";"Aha! Aim for the middle of the seesaw
with an Ice Rod! Once it's frozen, go
for a walk! A careful one!";"Vise le centre de la passerelle à
bascule avec la baguette de glace.
Ainsi, elle cessera de basculer !";
"アイスロッドデ 噴キ上ゲルマグマモ固マルヨ！
固マッテル間ハ 壁入リモデキルヨ！";"Oh, that's right! You can freeze the
lava jets with an Ice Rod.
Then try doing a wall crawl!";"Les geysers de lave peuvent aussi
être solidifiés avec la baguette de
glace !
Et pendant qu'ils sont solides,
tu peux te transformer en peinture
murale sur eux !";
"アイツハ プヨプヨシテテ ヤリニクイ！
アイスロッドデ 固メテカラ攻撃ヨ！";"It says here that you'll need an
Ice Rod to take out those jiggly
things. Firm them up and attack!";"Ces choses gélatineuses sont difficiles
à affronter ! Solidifie-les avec la
baguette de glace avant de frapper.";
"燃エテルヤツラハ 触ッタラ ヤケドシチャウ！
アイスロッドデ 冷ヤシテカラ攻撃ヨ！";"So...if you play with fire, you're going
to get burned! Cool them off with an
Ice Rod, and then attack!";"Mieux vaut ne pas toucher ces
créatures enflammées ! Utilise la
baguette de glace pour les refroidir.";
"魔法使イヲ ヤッツケルト
溶岩ノ中カラ 柱ガ現レルヨ！";"It says here that if you defeat the
Wizzrobes, pillars will rise from out
of the lava!";"Il semblerait qu'il faille triompher des
sorciers pour faire jaillir des piliers
de la lave...";
"アレガ吐ク炎ハ ハイリアの盾デ 防ゲルヨ！
アイスロッドデ固メチャウノモ アリ！";"The flames those things spit out can
be blocked by a Hylian Shield. You can
also harden them up with an Ice Rod!";"Bloque les flammes de ces créatures
avec le bouclier d'Hylia, ou utilise la
baguette de glace pour les solidifier.";
"柱ニ乗ッテ 上マデ登ッタラ
壁ニ入ッテ 扉マデ行ケルヨ！";"I got it! If you ride up the pillars, you
might be able to reach the door by
going along the wall!";"Monte sur un pilier et lorsqu'il est en
position haute, emprunte le mur pour
aller rejoindre la porte !";
"西ノ部屋ノスイッチデ
東ノ部屋ヘノ道ガ現レルヨ！
東ノ部屋ノスイッチデ
南ノ部屋ヘノ道ガ現レルヨ！";"Use the switch in the western room to
open a route to the eastern room!

Use the switch in the eastern room to
open a route to the south room!";"L'interrupteur de la pièce à l'ouest
ouvre l'accès à la pièce à l'est...

... et l'interrupteur de la pièce à l'est
ouvre l'accès à la pièce au sud !";
"サンドロッドノ砂ノ柱デ
壁画ニナレル……";"Remember that you can always merge
into the sand pillars made with the
Sand Rod.";"Il est possible d'emprunter les murs
que tu invoques avec la baguette
des sables...";
"壁画ニナレバ
ビーム アタラナイ……";"I guess I should point out that the
beams won't hit you if you merge into
a wall.";"Tu peux emprunter les murs pour
éviter les rayons !";
"サンドロッドデ
アノ石像 持チ上ゲラレル……";"Ah. Have you tried raising that statue
with the Sand Rod?";"Utilise la baguette des sables pour
soulever la statue...";
"サンドロッドデ
地中ノ アイツ 掘リ出セル……";"So...it looks like you can dig that guy
out of the ground by using the 
Sand Rod.";"Utilise la baguette des sables pour
faire sortir ce monstre de son trou !";
"パワフルグローブデ
大キナ 岩 持チ上ゲラレル……";"Yes, yes... So if you're wearing the
Titan's Mitt, you can lift large
rocks, you know?";"Les moufles du titan te permettent
de soulever des rochers de taille
impressionnante...";
"アノ石像 サンドロッドデ
ドカセバ 弓矢ガ スイッチニ アタル……";"If you use the Sand Rod
to move that statue, you'll be able to
hit the switch with an arrow.";"En déplaçant cette statue avec la
baguette des sables, tu pourras
atteindre l'interrupteur avec ton arc...";
"鉄球ヲ
サンドロッドノ砂柱ノ上デ転ガス……";"Let's see... Can you make a couple of
pillars with the Sand Rod
that those iron balls could roll over?";"Invoque un mur avec ta baguette
des sables et fais rouler les boulets
dessus...";
"アイツヲ サンドロッドデ
持チ上ゲラレル……";"Oh, of course! Have you tried lifting
him up with the Sand Rod?";"Utilise la baguette des sables pour
le soulever du sol...";
"アイツノ ビームデ
スイッチ 起動スル……";"Well, it says here that you can use his
own beam to activate the switches!";"Utilise son rayon pour activer les
interrupteurs...";
"サンドロッドノ砂柱
崩レル前ニアイツラ 倒シテ
急イデ 渡リキル……";"Once you defeat the enemies, hurry
across before the pillars you made
with the Sand Rod crumble.";"Élimine les monstres avant que le mur
invoqué par la baguette des sables ne
s'effondre et traverse rapidement !";
"アイツラ 斬ルト バクダンニナル
爆発シタラ ブロック 壊レル……";"When you cut these enemies, they
become bombs, so use their
explosions to destroy the blocks!";"Si tu frappes ces ennemis d'un coup
d'épée, ils se transforment en bombes.
Utilise-les pour détruire les blocs...";
"左ニ向カッテ砂柱ヲ作ル
ソイツニ 入ッテ 滝ノ裏ヲ移動スル……";"Head left, create a sand pillar, merge
with it, and then move behind the
sand spout...";"Dirige-toi vers la gauche en invoquant
un mur de sable, puis emprunte-le
pour passer derrière la chute de sable.";
"引ケルスイッチハ フックショットデ
引ッ張レルデ！";"Aha! It looks like you can pull that
switch over there with your Hookshot!";"Tu peux tirer cet interrupteur là-bas
avec ton grappin.";
"大キイ宝箱ハ 水ノ量ヲ 増ヤセバ
取レソウヤネ！";"Oh yes... If you're looking for a way to
get to that big treasure chest, maybe
you should raise the water level!";"On dirait bien qu'avec un peu plus
d'eau, tu devrais pouvoir atteindre
ce grand coffre, là-bas...";
"木ノ壁ガ 見エタラ フックショットヤデ";"That's right. Remember you can use
your Hookshot anytime you see a
wooden wall!";"Lorsque tu aperçois un pan de bois au
mur, utilise le grappin.";
"イカダニ 乗ッテ フックショットヤ！";"OK, I remember this one. Just get on
the raft and aim your Hookshot!";"Monte sur le radeau et utilise ton
grappin !";
"ココニ スイッチガ アルデー！";"Lo and behold, there are switches in
here! ...Hm. That's all it says.";"Il y a des interrupteurs, par ici...";
"ココカラ　北ノ部屋ニ
大キイ宝箱ガ　アルデ！";"Well, I hope this is helpful. There's a
big treasure chest in the room north
of here.";"Il y aurait un grand coffre dans la
pièce qui se trouve juste au nord
d'ici...";
"スイッチハ フックショットデ
トドクハズヤデー！";"I see... You should be able to reach
the switch with a Hookshot!";"Le grappin devrait te permettre
d'atteindre l'interrupteur.";
"バルブハ 端ッコヲ 引ッ張ッタラ
右ニモ 左ニモ 回セルデー！";"Apparently you can turn the valve by
pulling on either side of it.";"En agrippant l'une des poignées de
la valve, tu peux la faire tourner dans
un sens ou dans l'autre.";
"トルネードロッドデ センプウキノ
風ニ流サレヨウ";"It looks like you'll need the
Tornado Rod to ride the windmill's
air current here.";"Utilise la baguette des tornades
pour entrer dans le courant d'air
des ventilateurs.";
"遠クノ スイッチハ 飛ビ道具デモ
オーケー";"Apparently, it's OK to hit far switches
with projectiles.";"Il est possible d'activer des
interrupteurs distants en leur
jetant des projectiles.";
"凹ンダ 地面ハ 壁ニ入レバ
向コウニ 行ケル";"It says if there is a gap in the floor,
you may have to use the wall to find
a way around.";"Si le sol présente un trou qui
t'empêche d'avancer, emprunte
le mur pour le contourner.";
"バブルハ 炎ヲ失ウト 浮力ヲ無クス";"Oh, yes! Remember that Fire Bubbles
can't float once they've lost their
flames.";"Les tetdoss ne flottent dans les airs
que tant que leurs flammes brûlent.";
"移動シテイル 壁ニモ入レル";"Don't forget you can enter and move
along walls that are in motion too.";"N'hésite pas à emprunter les murs
qui se déplacent.";
"コイツハ トルネードロッドデ
超エラレル";"Aha! It looks like you can use the
Tornado Rod to continue on.";"Tu peux passer cet obstacle avec
la baguette des tornades.";
"風ヲ止メル スイッチハ ココカラ
北ニアル";"Apparently there is a switch that will
stop the wind. It's just north of here.";"Au nord d'ici, tu trouveras
un interrupteur qui arrête
ce courant d'air.";
"炎ハ トルネードロッドノ風デ
消スコトガデキル";"Remember that flames can be put out
with the Tornado Rod.";"Tu peux éteindre les flammes grâce
au souffle que provoque la baguette
des tornades.";
"風ガ 邪魔ナトキハ 壁ニ
入ッテ 進ムコトヲ 考エル";"Aha! If the wind is blocking you, try
moving along the walls!";"Si un courant d'air t'empêche de
passer, essaye d'emprunter le mur.";
"トルネードロッドデ 乗リツイデ
進ムコトヲ 考エル";"Hmm. Looks like you should use the
Tornado Rod to transfer between
platforms.";"Essaye d'utiliser la baguette
des tornades pour passer
d'une plateforme à une autre.";
"ココカラ　カベニ入レバ
西ノ足場ニ　行ケル";"Yes, yes... You'll be able to reach the
platform to the west if you merge
with the wall here.";"Emprunte le mur juste ici, et tu
pourras atteindre la plateforme
qui se trouve à l'ouest.";
"ショク台全部ニ　火ヲツケテ";"Hmm. What's this? Light all the
sconces. Well, that's that.";"Allume toutes les torches.";
"明かりを与えし者に
道は開かれん";"The path will open to the one who
lights the way.";"Le chemin s'ouvrira pour celui
qui apporte la lumière.";
"旅の疲れをいやしましょう
すこしの間、目をとじて……";"I will soothe your wounds and
provide comfort. Close your
eyes and relax...";"Laisse-moi te soulager de la fatigue
qui t'accable. Ferme les yeux et
prends un instant de repos.";
"泉にルピーを投げ込んでみませんか？[ChoiceN]";"Throw Rupees into the fountain?
[ChoiceN]";"Veux-tu jeter des rubis dans
la fontaine ?[ChoiceN]";
"50ルピー投げ込む";"Throw 50";"Oui, 50 rubis.";
"200ルピー投げ込む";"Throw 200";"Oui, 200 rubis.";
"投げ込まない";"Don't throw any";"Non.";
"あなたが幸せでありますように……";"May good fortune find you...";"Que la fortune t'accompagne.";
"小さな幸せをありがとう";"I thank you for your small kindness.";"Accepte ma reconnaissance pour
ce geste symbolique.";
"私があげられる
小さな幸せです";"A small token of gratitude.";"Mes remerciements.";
"また一つ
幸せになりました";"Thank you for all you've done.";"Ma gratitude est tienne pour tout
ce que tu as fait.";
"さらに幸せになりました";"Your generosity fills my heart.";"Ta générosité emplit mon cœur
de joie.";
"幸せで溢れてしまいそうです";"You have done a lot for my fountain.
Thank you... Please, do not stop now!";"Je m'en remets à toi !";
"あなたの豊かな心で、私は
幸せに満ち溢れることができました";"I have grown much. Thanks to you.";"J'ai beaucoup grandi, grâce à toi.";
"これをあなたに差し上げます
この泉に代々伝わる家宝です";"Let me give you this bottle. May it
prove useful in your travels.";"Laisse-moi t'offrir ce flacon.
Puisse-t-il t'être utile dans
ton périple.";
"……それでも私は幸せです";"Your thoughts are still appreciated.";"Tes moyens ne permettent pas à ton
cœur généreux de s'exprimer...
Mais l'intention est touchante.";
"このシャドウリンクとお別れしますか？[ChoiceN]";"Would you like to banish this
Shadow Link?[ChoiceN]";"Voulez-vous refuser l'affrontement
avec ce Link noir ?[ChoiceN]";
"はい";"Yes";"Oui.";
"いいえ";"No";"Non.";
"[ShadowLinkPlayerName]とは
バトルできなくなりますがいいですか？[ChoiceN]";"You won't be able to battle
[ShadowLinkPlayerName] if you banish
him. Are you sure?[ChoiceN]";"Vous ne pourrez plus affronter
[ShadowLinkPlayerName] !
Voulez-vous continuer ?[ChoiceN]";
"はい";"Yes";"Oui.";
"いいえ";"No";"Non.";
"火山のふもとで待つ";"He waits at the base
of a volcano.";"Je t'attends au pied
du volcan.";
"迷いの森で待つ";"He waits in the
Lost Woods.";"Je t'attends dans les
bois perdus.";
"鉱石屋の南で待つ";"He waits south of the
miner's house.";"Je t'attends au sud
de chez Rosso.";
"占いの館の前で待つ";"He waits in front of
the fortune-teller.";"Je t'attends devant
chez le voyant.";
"小さな池の前で待つ";"He waits near a
small lake.";"Je t'attends devant
une petite mare.";
"教会の前で待つ";"He waits before the
Sanctuary.";"Je t'attends devant
le sanctuaire.";
"墓場で待つ";"He waits at the
Graveyard.";"Je t'attends dans
le cimetière.";
"おばばの薬屋の前で待つ";"He waits at the
witch's shop.";"Je t'attends devant la
boutique de potions.";
"かじ屋の前で待つ";"He waits before the
Blacksmith.";"Je t'attends devant
la forge.";
"ハイラル城付近で待つ";"He waits near
Hyrule Castle.";"Je t'attends près du
château d'Hyrule.";
"東の神殿の近くで待つ";"He waits near
Eastern Palace.";"Je t'attends près du
palais de l'est.";
"どうぶつ広場で待つ";"He waits near the
wildlife clearing.";"Je t'attends dans
la clairière.";
"リンゴの木の下で待つ";"He waits below the
apple tree.";"Je t'attends sous le
pommier.";
"あなたの家の前で待つ";"He waits in front of
your house.";"Je t'attends devant
chez toi.";
"橋の上で待つ";"He waits on a
bridge.";"Je t'attends sur
un pont.";
"湖の洋館で待つ";"He waits near the
house in the lake.";"Je t'attends à la
demeure sur le lac.";
"ハイリア湖で待つ";"He waits at 
Lake Hylia.";"Je t'attends au
lac Hylia.";
"砂漠の真ん中で待つ";"He waits in the
middle of a desert.";"Je t'attends dans
le désert.";
"ドクロの森で待つ";"He waits at
Skull Woods.";"Je t'attends dans la
forêt de squelettes.";
"氷の遺跡の前で待つ";"He waits before the
Ice Ruins.";"Je t'attends devant
les ruines de glace.";
"はぐれ者の村で待つ";"He waits at
Thieves' Town.";"Je t'attends au
village des bandits.";
"ロウラル城の前で待つ";"He waits in front of
Lorule Castle.";"Je t'attends devant le
château de Lorule.";
"闇の神殿の近くで待つ";"He waits near
Dark Palace.";"Je t'attends près du
palais des ténèbres.";
"カメの上で待つ";"He waits upon a
turtle.";"Je t'attends sur
la tortue.";
"沼の真ん中で待つ";"He waits in the
middle of a swamp.";"Je t'attends dans le
marais des démons.";
"水のほこらの前で待つ";"He waits before the
Swamp Palace.";"Je t'attends devant
le palais du marais.";
"空き家の前で待つ";"He waits before the
Vacant House.";"Je t'attends devant
la maison vide.";
"バトル道場の前で待つ";"He waits before the
Treacherous Tower.";"Je t'attends à la tour
de l'escarmouche.";
"荒れた聖地で待つ";"He waits near the
ruined holy place.";"Je t'attends près des
ruines du lieu sacré.";
"ワシの勝ちじゃな
まだまだ修行が足りんのう";"I've defeated you.
You need to train harder!";"J'ai gagné. Faut croire que tu t'es
pas suffisamment entraîné,
bonhomme.";
"引き分けか……
まだまだ修行が足りんのう";"Ah, a tie. You could still
use some more training.";"Égalité, dis donc. Un petit peu plus
d'entraînement te ferait pas de mal,
tu crois pas ?";
"ワシの負けじゃ……

これほど強い者がいるとは、ワシは嬉しいぞ";"I lost...


I'm glad to know there are still heroes
as strong as you in this world.";"J'ai perdu...


Mais ça fait chaud au cœur de savoir
qu'il y a des gens aussi forts que toi
dans le monde !";
"もう一度ワシとバトルしてみるか？[ChoiceN]";"Would you like to battle again?[ChoiceN]";"On remet ça, bonhomme ?[ChoiceN]";
"はい";"Yes";"Oh oui !";
"いいえ";"No";"Non merci.";
"そうか……
それは残念じゃな
戦いたくなったら、またいつでもワシに
話しかけてくれ";"I see...
That's a shame.

If you ever feel like fighting,
come talk to me again.";"Bon, bon...
Dommage...

Mais si l'envie t'en prend un peu
plus tard, reviens donc me parler !";
"ところで、ワシの懸賞金の額が少ないのが
気にならんか？[ChoiceN]";"By the way, do you want to know
why the reward for defeating me
is so...modest?[ChoiceN]";"Au fait, tu te demandes peut-être
pourquoi tu reçois aussi peu de rubis
quand tu réussis à me vaincre ?[ChoiceN]";
"はい";"Yes";"En effet...";
"いいえ";"No";"Pas vraiment.";
"実はのう……シャドウリンクに懸賞金を
かけておるのはワシなんじゃ
ワシは自分より強い者に会いたかった

強いシャドウリンクに高い懸賞金をかければ
強い者が現れると考えたのじゃ
それで自分にかける懸賞金をいくらにするのか
迷ったんじゃが……
自分に高い懸賞金をかけるほど
ワシは図々しくないからのう
それで金額を少なくしたというわけじゃ

それはさておき……";"Well, you see...the Rupee reward you
receive for defeating a Shadow Link
comes out of my own pocket.
Yep, I started offering a prize because
I wanted to meet someone stronger
than myself.
I thought if a powerful Shadow Link
yielded a hefty reward, worthy
challengers would appear.
But I had a hard time deciding how
many Rupees to give to fighters
who defeated me...
Ha! I'm not so bold as to put a high
price on my head. That's why the
reward is so meager.
Now, putting that aside...";"Ben, c'est pas compliqué. C'est moi
qui fixe les primes que rapportent
les Link noirs.
Je voulais rencontrer un jour
quelqu'un qui soit plus fort que
moi, tu comprends.
Alors je me suis dit que de puissants
Link noirs avec une prime élevée
attireraient des guerriers très forts.
Maintenant, pour ce qui est de ma
prime à moi, je savais pas trop,
tu vois...
J'aurais quand même pas osé mettre
trop, ça aurait été déplacé.

Alors je me suis limité.


Voilà, tu sais tout.";
"そうか……
気にならんのか
ところで……";"I see...
Kids these days.

Very well...";"Bon, bon... Ça a pas l'air de te
passionner... C'est pas grave.

Au fait...";
"すれちがい通信について
説明を聞くか？[ChoiceN]";"Want me to tell you all about
StreetPass battles?[ChoiceN]";"Dis donc, ça t'intéresse des
informations sur StreetPass,
bonhomme ?[ChoiceN]";
"説明を聞く";"Yes";"Je t'écoute.";
"聞かない";"Later";"Non, merci.";
"ところで、ワシに何か用かな？[ChoiceN]";"Do you need some help with
StreetPass battles?[ChoiceN]";"Au fait, est-ce que je peux te
renseigner sur quelque chose ?[ChoiceN]";
"すれちがいの設定";"Setup";"Les paramètres.";
"記録リストを見る";"Challenges";"Les défis.";
"説明を聞く";"Explanation";"Explications.";
"何でもない";"Nothing";"Ça ira.";
"それでは ちと長いが 
すれちがい通信について説明するぞ
すれちがい通信では
すれちがった相手とバトルできるんじゃ
すれちがった相手は、『シャドウリンク』となり
この世界のどこかに現れるぞ
シャドウリンクとのバトル中に
使える道具は、その時ボタンに
セットしてあるものだけじゃぞ

バトルの開始前と終了後にはハートが
自動的に満タンまで回復するぞ
バトル中に使って無くなった道具は
バトル終了後には自動的に復活するのじゃ
借りた道具が無くなることもないぞ

つまり勝っても負けても 損することは
ないから、どんどんバトルするのがいいぞ
「すれちがいの設定」を選ぶと相手に配信する
おぬしの分身の設定や更新ができるからのう
あと、忘れてはならぬことがもう一つある！

入力したおぬしの名前は
すれちがった相手に公開されるんじゃ！
すれちがった相手に、名前を語らず
勝負を挑むのは失礼じゃからのう
心得たら「すれちがいの設定」をするのじゃ！";"You can battle players you've tagged
with StreetPass!

Their characters become Shadow Link
characters in this world. Once they
appear, you can then battle them.
The only items you can use are those
you have selected before you begin
battle with the Shadow Link.
Don't worry—your hearts will be fully
restored before and after battle.

And no matter whether you win or
lose the fight, you'll leave with the
items you battled with.
So in battling Shadow Links, you have
nothing to lose...and EVERYTHING
to gain.
Select Setup to create your own
Shadow Link character that will be
sent out to others in StreetPass.
Oh—there's one more thing to know.
The name you chose will be shown
to others via StreetPass.
Keep that in mind if you choose to
send your Shadow Link to others.";"Bon, bon... Ça risque de prendre un
moment, bonhomme. Je vais te dire
tout ce que je sais de StreetPass.
Tu peux affronter d'autres joueurs dès
que tu les croises via StreetPass.

Ils apparaissent çà et là dans notre
monde sous forme de Link noirs.

Quand tu affrontes un Link noir, tu ne
peux utiliser que les objets assignés
aux boutons sur le moment.
Quant à tes cœurs, ils sont tous
automatiquement restaurés avant
et après le combat.
De même, les objets et les armes
que tu utilises en combat ne sont
pas perdus.
En fin de compte, que tu gagnes
ou pas, ce système n'a que des
avantages ! Y a pas à hésiter.
Sélectionne « Les paramètres. » pour
définir ou modifier ton double avant
qu'il soit envoyé aux autres joueurs.
Ah oui, une dernière chose !


Tes adversaires pourront voir le nom
que tu choisis, alors n'écris pas ton
vrai nom, compris, bonhomme ?
Ça ne se fait pas, quand on utilise
StreetPass.

Voilà, c'est tout !
Sélectionne « Les paramètres. »
si t'es prêt à te lancer.";
"ついに全ての記録を達成したようじゃの

全ての記録を達成したのは、おぬしで
二人めじゃ
ちなみに一人めは誰か知っておるか？[ChoiceN]";"Well done. It looks like you've finally
completed all the challenges.

You're only the second person who's
ever done that.

Want to know who the first person
to do it was?[ChoiceN]";"Tiens, tiens... On dirait bien que tu
as réussi à relever tous les défis !

Tu es la deuxième personne au monde
à avoir réalisé cet exploit.

Sais-tu qui a réussi avant toi,
bonhomme ?[ChoiceN]";
"はい";"I do";"Je m'en doute.";
"いいえ";"Not really";"Aucune idée.";
"ほかに何かあるか？[ChoiceN]";"Any other StreetPass tasks I can
help you with?[ChoiceN]";"Veux-tu des renseignements sur
autre chose, bonhomme ?[ChoiceN]";
"すれちがいの設定";"Setup";"Les paramètres.";
"記録リストを見る";"Challenges";"Les défis.";
"説明を聞く";"Explanation";"Explications.";
"何でもない";"Nope";"Ça ira.";
"それでは、その一人めの人物と戦って
みたいか？[ChoiceN]";"Well then. Want to try your hand
at battling that Shadow Link?[ChoiceN]";"Eh bien, que dirais-tu de te mesurer
à cette personne, bonhomme ?[ChoiceN]";
"はい";"Yes";"D'accord.";
"いいえ";"No";"Pas envie.";
"そうか……
それは残念じゃのう……";"I see...
That's a shame...";"Bon, bon...
Dommage, dommage...";
"そうか……知っておるか";"You do, do you?";"Ah ah. Tu crois savoir, alors...";
"そうか……知らんか";"I see... Not a clue, huh?";"Ah ah. Tu ne vois pas du tout, alors ?";
"そうか……
ならば本気でいくぞ！";"I see...
Then I'm going to give this everything
I've got!";"Bon, bon... 
Dans ce cas, prépare-toi, car
je ne retiendrai pas mes coups !";
"全ての記録を達成するとは……
おぬし、ただ者ではないな
もう一度ワシとバトルしてみるか？[ChoiceN]";"No ordinary fellow could've completed
all of those challenges.

Do you want to try battling me again?[ChoiceN]";"Pour avoir réussi tous les défis... tu
n'es pas un bonhomme ordinaire, ça
non ! Veux-tu m'affronter à nouveau ?[ChoiceN]";
"はい";"Yes";"Je veux bien.";
"いいえ";"No";"Je préfère pas.";
"……本当は興味あるんじゃろ？
しかし、無理強いはせん
説明を聞きたくなったら、またいつでも
ワシに話しかけてくれ";"I see...
That's a shame.

If you ever feel like hearing about
StreetPass, come back and talk to me
again.";"Bon, bon...
C'est dommage, oui, bien dommage.

Si jamais tu veux entendre parler un
peu plus de StreetPass, viens donc
me faire un brin de causette.";
"そんな名前で、すれちがい通信をするとは
何事じゃ！
「本体設定」の「 ユーザーネーム」を
付け直すのじゃ";"What are you trying to pull, son?!
There's no way I'm letting you
StreetPass with a name like that!
You need to change your user name
in your System Settings first.";"Dis donc, bonhomme, qu'est-ce que
c'est que ce nom ? Et tu croyais
que j'allais laisser passer ça ?
Pas de StreetPass tant que tu n'auras
pas changé ton pseudo dans les
paramètres de la console.";
"セーブが終了したぞ

このゲームを終了しても、すれちがい通信は
自動で行われるからな
ニンテンドー3DS本体右側の無線スイッチを
スライドして無線通信をONにして
黄色いランプを付けないと通信できんぞ

これで、すれちがいの設定は完了じゃ

誰かとすれちがった時は、ここの広場に
看板が立つから見に来るといい";"All right. I've saved your settings.


Even if you stop playing this game,
StreetPass will continue to function
automatically.
Just make sure to push the wireless
switch to enable wireless 
communication.
And with that, your StreetPass is all
set up.

When you tag someone via StreetPass,
I'll put a sign up here in this field.
Come take a look from time to time.";"Les paramètres ont été sauvegardés.


Même si tu quittes le jeu, StreetPass
continuera de fonctionner tout seul.

Mais il faut que tu aies poussé le
bouton de connexion sans fil pour
activer la communication sans fil.
Si le témoin jaune est allumé,
c'est que c'est bon.

Voilà, le paramétrage de StreetPass
est terminé.

Si tu croises quelqu'un via StreetPass,
je planterai un panneau juste là. Passe
voir de temps en temps !";
"すれちがったシャドウリンクの看板が
立っていないようじゃの";"You haven't tagged any Shadow Links
via StreetPass, so I didn't put any
signs in the field.";"Il n'y a pas de panneaux. Tu n'as
croisé personne via StreetPass, il n'y
a donc pas encore de Link noirs.";
"すれちがったシャドウリンクの看板が
いくつか立っているようじゃの";"Ah, it appears that you've tagged
a Shadow Link via StreetPass.";"Tu as croisé des joueurs via
StreetPass ! Il y a des Link noirs
dans notre monde...";
"「他のユーザーとのすれちがい通信」が
保護者により制限されておるぞ
残念ながら、すれちがい通信は
利用できんのう";"It appears that StreetPass is restricted
in your system's Parental Controls.

Sorry, but that means you can't use
StreetPass.";"On dirait que l'utilisation de
StreetPass est restreinte par
le contrôle parental.
Désolé bonhomme, tu ne peux
donc pas utiliser StreetPass.";
"すれちがい通信を利用するには
最新の利用規約に同意する必要があるぞ
本体設定で「インターネット設定」→
「その他の情報」→「利用規約の確認」を選び
最新の利用規約に同意するのじゃ";"To use StreetPass, you must accept
the most recent Nintendo 3DS Service
User Agreement.
In your System Settings, go to
Internet Settings>Other Information>
User Agreement.";"Pour pouvoir utiliser StreetPass tu
dois accepter...

... les termes du contrat d'utilisation
des services Nintendo 3DS et de la
politique de confidentialité. 
Dans les paramètres de la console,
va dans « paramètres Internet »,
« autres informations »...
...puis « contrat d'utilisation des
services Nintendo 3DS ».

Là, tu devras accepter les termes du
dernier contrat.";
"いま配信している、おぬしの分身は
こんなカンジじゃ";"Your Shadow Link is currently being
sent out like this.";"Pour l'instant, ton double reçu par les
autres joueurs ressemble à ça.";
"設定を変更するか?[ChoiceN]";"Change your settings?[ChoiceN]";"Veux-tu modifier les paramètres ?[ChoiceN]";
"変更する";"Change";"Oui.";
"このままでいい";"Keep as is";"Non.";
"設定が変わったようじゃの
セーブするがよいか？[ChoiceN]";"You've changed your settings a bit.
Want to save those changes?[ChoiceN]";"On dirait que tu as modifié tes
paramètres. Que dirais-tu de
sauvegarder ?[ChoiceN]";
"はい";"Yes";"Je veux bien.";
"いいえ";"No";"Pas la peine.";
"ワシに何か用か？[ChoiceN]";"Did you need some StreetPass help?[ChoiceN]";"Tu voulais des renseignements sur
autre chose ?[ChoiceN]";
"すれちがいの設定";"Setup";"Les paramètres.";
"記録リストを見る";"Challenges";"Les défis.";
"説明を聞く";"Explanation";"Explications.";
"何でもない";"Nope";"Ça ira.";
"今日は記念日じゃのう

なぜなら、おぬしがすれちがいデビューを
したからじゃ
おぬしの、すれちがいデビューを記念して
ワシからプレゼントがあるぞ！
プレゼントというのは何と……
「リンゴの木」じゃ
おぬしの家の庭に植えておくでの
後で見に行くとよかろう";"Today is a day for the history books.


Why? Because you are making your
StreetPass debut!

I'd like to commemorate this special
occasion with a gift.

That gift is...an apple tree!


I'll plant it in the garden near your
house. Go take a look at it when you
get a chance.";"C'est un jour à marquer d'une pierre
blanche, bonhomme !

Quoi ? Tu te demandes pourquoi ?
Eh bien, parce que c'est le jour de
tes débuts sur StreetPass !
Ça se fête, ça, bonhomme ! Pour la
peine, je vais même t'offrir un cadeau.

Tu es prêt ? Je vais t'offrir...
un pommier !!!

Je vais le planter dans le jardin,
là-bas, à côté de chez toi. Va donc
y jeter un coup d'œil plus tard !";
"そうか……設定しないのか";"All right, we won't do that then.";"Bon, bon... T'as pas vraiment
l'intention de t'en servir, je
comprends.";
"設定が変わっていないようじゃの";"Doesn't seem like you changed
anything.";"On dirait pas que t'as changé
quoi que ce soit, bonhomme.";
"このソフトのすれちがい通信を
登録するがよいか？[ChoiceN]";"Want to activate StreetPass
for this software, young one?[ChoiceN]";"Veux-tu activer StreetPass pour
ce logiciel, bonhomme ?[ChoiceN]";
"はい";"Yes";"S'il te plaît !";
"いいえ";"No";"Non, ça ira.";
"セーブするがよいか?[ChoiceN]";"I'll need to save your game first...
Is it okay to save now?[ChoiceN]";"Pour ça, tu vas devoir sauvegarder,
bonhomme. Ça te va ?[ChoiceN]";
"はい";"Yes";"Oui, d'accord.";
"いいえ";"No";"Non, c'est bon.";
"本体に、これ以上すれちがい通信を
登録できないみたいじゃのう
本体設定の「すれちがい通信管理」でほかの
ソフトのすれちがい通信をやめることじゃ";"Hmm. It seems you can't activate any
more titles with StreetPass on this
system.
If you go into StreetPass Management
within your System Settings, you can
deactivate other software titles.";"Bon, bon... On dirait que tu as déjà
activé StreetPass pour le nombre
maximum de logiciels...
Dans les paramètres de la console,
rends-toi au menu « Gestion
StreetPass »...
... et désactive StreetPass pour
d'autres logiciels.";
"そうじゃ……ワシがプレゼントした
リンゴの木は、もう見に行ったか?[ChoiceN]";"Say...have you gone to see that
apple tree I gave you yet?[ChoiceN]";"Dis-moi, bonhomme... T'es allé le voir,
le pommier que je t'ai planté ?[ChoiceN]";
"うん";"Sure have";"Bien sûr.";
"まだ";"Not yet";"Pas encore.";
"そうか……まだ見ておらんか

おぬしの家の庭に植えておいたから
あとで見に行くとよかろう";"I see... You're more of an orange
guy, eh?

Well, I planted it near your house. You
should go check it out sometime.";"Bon, bon... Tu l'as pas encore vu...


Je l'ai planté dans le jardin, pas loin
de ta maison. Passe donc le voir un
de ces jours !";
"ふむ……
おぬしはウソをついておるな 
ワシには分かるぞ

おぬしの家の庭に植えておいたから
あとで見に行くとよかろう";"Hmph... You're a bad liar. 


I planted it near your house. Go
check it out sometime.";"Mouarf, tu parles !
Ton nez s'allonge, bonhomme !

Je l'ai planté dans le jardin, pas loin
de ta maison. Passe donc le voir un
de ces jours !";
"そうか……見て来たか

あのリンゴはうまいぞ
おぬしも 食ってみることじゃな";"Ah. You've gone to see it, have you?


Those apples are something else.
You should try eating one sometime.";"Bon, bon... Tu es passé le voir...


Ses pommes sont délicieuses. Tu
devrais en goûter une, un jour.";
"新たにすれちがったシャドウリンクの
看板が立っておるようじゃの
緑色に点滅しておる看板がそれじゃ

すれちがったシャドウリンクの情報が
書かれておるから読んでみることじゃな";"If you see a sign blinking green, that
means you tagged a new Shadow Link
via StreetPass.
Those signs have information about
the Shadow Links you tagged, so you
should check them from time to time.";"Quand un panneau clignote en
vert, ça veut dire que tu as croisé
quelqu'un via StreetPass.
Va le consulter pour obtenir des
informations sur ce nouveau
Link noir !";
"じゃが……おぬし
見たところ剣を扱えぬようじゃな
すれちがい通信には、剣が必要なんじゃ
剣を扱えるようになったら、また来るがいい";"Hm... It looks like you don't have a
sword of your own yet.

You need a sword for StreetPass.
Sorry. I don't make the rules. Come
back once you get your own sword.";"Par contre, j'ai l'impression que
tu ne sais pas encore te servir
d'une épée...
C'est dommage, ça...
Il faut savoir se battre pour utiliser
StreetPass. C'est comme ça.";
"すれちがいとは人生なり

なんじゃ、おぬしも
すれちがいに興味があるのか？
ワシはここですれちがい通信の
手ほどきをしておるんじゃ";"Ever stop to think how many times we
just pass right on by people on the
street? You know, all our life?
Well, I know a secret that will make
passing by people a lot more fun.

Because I am in the business of
introducing people such as yourself
to StreetPass!";"C'est incroyable de penser au nombre
de gens qu'on peut croiser au cours
d'une vie...
Oh, dis donc, bonhomme ! Rencontrer
des gens que tu croises dans la rue,
ça t'intéresse ?
Ça tombe plutôt bien, alors ! Je suis là
pour présenter les fonctionnalités de
StreetPass aux jeunes dans ton genre.";
"はじめて勝利した！";"Win your first battle!";"Remportez votre premier
combat !";
"5勝した！";"Win 5 times!";"Remportez 5 combats !";
"10勝した！";"Win 10 times!";"Remportez 10 combats !";
"20勝した！";"Win 20 times!";"Remportez 20 combats !";
"トルネードロッドを
使って勝利した！";"Win while using the
Tornado Rod!";"Utilisez la baguette des
tornades et gagnez le combat !";
"フックショットを
使って勝利した！";"Win while using the
Hookshot!";"Utilisez le grappin et
gagnez le combat !";
"ブーメランを
使って勝利した！";"Win while using the
boomerang!";"Utilisez le boomerang et
gagnez le combat !";
"ナイスブーメランを
使って勝利した！";"Win while using the 
nice boomerang!";"Utilisez le great boomerang et
gagnez le combat !";
"サンドロッドを
使って勝利した！";"Win while using the
Sand Rod!";"Utilisez la baguette des sables
et gagnez le combat !";
"ナイスサンドロッドを
使って勝利した！";"Win while using the
Nice Sand Rod!";"Utilisez la great baguette des
sables et gagnez le combat !";
"盾を
使って勝利した！";"Win while using
a shield!";"Utilisez le bouclier et
gagnez le combat !";
"ハイリアの盾を
使って勝利した！";"Win while using a
Hylian Shield!";"Utilisez le bouclier d'Hylia et
gagnez le combat !";
"ビリリの実を
使って勝利した！";"Win while using a
Foul Fruit!";"Utilisez le fruit du tournis et
gagnez le combat !";
"赤い薬を
飲んで勝利した！";"Win after drinking a
red potion!";"Utilisez la potion rouge et
gagnez le combat !";
"青い薬を
飲んで勝利した！";"Win after drinking a
blue potion!";"Utilisez la potion bleue et
gagnez le combat !";
"ミルクを
飲んで勝利した！";"Win after drinking
some milk!";"Buvez du lait et
gagnez le combat !";
"リンゴを
食べて勝利した！";"Win after eating an
apple!";"Mangez une pomme et
gagnez le combat !";
"青リンゴを
食べて勝利した！";"Win after eating a
green apple!";"Mangez une pomme verte et
gagnez le combat !";
"妖精に
触れて勝利した！";"Win after using
a fairy!";"Utilisez une fée et
gagnez le combat !";
"弓矢で
トドメをさした！";"Use the bow
to deal the final blow!";"Infligez le coup final
avec l'arc !";
"ナイス弓矢で
トドメをさした！";"Use the nice bow
to deal the final blow!";"Infligez le coup final avec
le great arc !";
"ナイストルネードロッドで
トドメをさした！";"Use the Nice Tornado Rod
to deal the final blow!";"Infligez le coup final avec la
great baguette des tornades !";
"ハンマーで
トドメをさした！";"Use the hammer
to deal the final blow!";"Infligez le coup final
avec le marteau !";
"ナイスハンマーで
トドメをさした！";"Use the nice hammer
to deal the final blow!";"Infligez le coup final avec le
great marteau !";
"バクダンで
トドメをさした！";"Use a bomb
to deal the final blow!";"Infligez le coup final
avec une bombe !";
"ナイスバクダンで
トドメをさした！";"Use a nice bomb
to deal the final blow!";"Infligez le coup final avec
une great bombe !";
"ファイアロッドで
トドメをさした！";"Use the Fire Rod
to deal the final blow!";"Infligez le coup final avec
la baguette de feu !";
"ナイスファイアロッドで
トドメをさした！";"Use the Nice Fire Rod
to deal the final blow!";"Infligez le coup final avec la
great baguette de feu !";
"ナイスフックショットで
トドメをさした！";"Use the Nice Hookshot
to deal the final blow!";"Infligez le coup final avec
le great grappin !";
"アイスロッドで
トドメをさした！";"Use the Ice Rod
to deal the final blow!";"Infligez le coup final avec
la baguette de glace !";
"ナイスアイスロッドで
トドメをさした！";"Use the Nice Ice Rod
to deal the final blow!";"Infligez le coup final avec la
great baguette de glace !";
"カンテラで
トドメをさした！";"Use the lamp
to deal the final blow!";"Infligez le coup final avec
la lanterne !";
"スーパーカンテラで
トドメをさした！";"Use the super lamp
to deal the final blow!";"Infligez le coup final avec la
super lanterne !";
"ムシ獲りアミで
トドメをさした！";"Use the net
to deal the final blow!";"Infligez le coup final avec
le filet à papillons !";
"スーパームシ獲りアミで
トドメをさした！";"Use the super net
to deal the final blow!";"Infligez le coup final avec
le super filet à papillons !";
"ハチで
トドメをさした！";"Use a bee
to deal the final blow!";"Infligez le coup final avec
une abeille !";
"黄金のハチで
トドメをさした！";"Use a golden bee
to deal the final blow!";"Infligez le coup final avec
une abeille d'or !";
"紫の薬で
トドメをさした！";"Use a purple potion
to deal the final blow!";"Infligez le coup final avec
une potion violette !";
"剣ビームで
トドメをさした！";"Use a sword beam
to deal the final blow!";"Infligez le coup final avec
un rayon émis par l'épée !";
"回転斬りで
トドメをさした！";"Use a spin attack
to deal the final blow!";"Infligez le coup final avec
une attaque circulaire !";
"ペガサスの靴のダッシュ斬りで
トドメをさした！";"Use the Pegasus Boots to deal
a dash attack final blow!";"Infligez le coup final grâce
aux bottes de Pégase !";
"マスターソードLV3で
トドメをさした！";"Use the level 3 Master Sword
to deal the final blow!";"Infligez le coup final avec
l'épée de légende niv. 3 !";
"壁画になって勝利した！";"Win after using
Ravio's bracelet!";"Utilisez le bracelet de Lavio
et gagnez le combat !";
"黄色い薬の効果中に勝利した！";"Win while under the effect
of a yellow potion!";"Gagnez un combat sous l'effet
d'une potion jaune !";
"ヒントメガネをかけたまま勝利した！";"Win while wearing
the Hint Glasses!";"Gagnez un combat en portant
les lunettes occultes !";
"ノーダメージで勝利した！";"Win without taking damage!";"Gagnez un combat sans subir
de dommages !";
"1歩も動かずに勝利した！";"Win without taking
a single step!";"Gagnez un combat sans faire
un seul pas !";
"10秒以内に勝利した！";"Win within 10 seconds!";"Gagnez un combat en
10 secondes maximum !";
"を押さずに勝利した！";"Win without using  or !";"Gagnez un combat sans
utiliser  et  !";
"を押さずに勝利した！";"Win without using , , or !";"Gagnez un combat sans
utiliser ,  et  !";
"シェード";"Shade";"Shade";
"レジェンド";"Legendary";"Légende";
"すれちがいじいさん";"Gramps";"Papy";
"アオキシ";"Reita";"Aoki";
"グリザ";"Grisa";"Grisaille";
"タブロー";"Tablo";"Tableau";
"ワニス";"Varnis";"Vernis";
"エクル";"Ecru";"Écru";
"リーフ";"Leef";"Leaf";
"マティエ";"Matti";"Matière";
"ガッシュ";"Goush";"Gouache";
"ビュラン";"Burin";"Burin";
"ビリー";"Byll";"Billy";
"バルール";"Vale";"Valeur";
"バンドル";"Bandle";"Bundle";
"スレート";"Slatt";"Ardoise";
"エボニー";"Ebon";"Ébène";
"ロキ";"Loki";"Loki";
"キーロ";"Keelo";"Safran";
"アドム";"Adom";"Adom";
"バーミン";"Barmon";"Vermin";
"ダイク";"Dock";"Dyck";
"ラセット";"Rasset";"Rouille";
"[PlayerName]
トライフォースはこちらです";"Come on, [PlayerName].
The Triforce!";"Par ici, [PlayerName] !
La Triforce est là !";
"王女ヒルダ……

あなたは自分の国を救おうとして
このトライフォースを求めたのですね";"How terribly sad for Princess Hilda...
to be driven to such desperation!
Her kingdom was in such a sorry state.
She and I aren't as different as she
thought. I really do understand why
she needed our Triforce.";"Princesse Hilda... La Triforce que nous
avions perdue... Vous la vouliez pour
sauver votre royaume, n'est-ce pas ?";
"[PlayerName]！

あなたの力でハイラルのトライフォースが
再び一つになりました
きっとあなたなら、その力を
正しく導いてくれるでしょう
成すべきことは、あと一つです

[PlayerName]……
私たちの願いは、同じですよね？";"Thanks to your heroic efforts, our
Triforce and Hyrule itself have
been made whole again.
There is just one thing left to do,
[PlayerName].

You restored the Triforce. Now, just
reach out and touch it. Whatever
your wish, it will be granted.
Yet, after all that we've seen, do we
not share the same wish?";"[PlayerName] ! Vos efforts
ont permis de reconstituer la Triforce.

Son pouvoir est entre de bonnes
mains, je n'en doute pas un instant.

Ainsi, il ne nous reste plus qu'une
seule question à régler.

[PlayerName]...
Nous souhaitons la même chose,
vous et moi, n'est-ce pas ?";
"[PlayerName]……
聞こえますか……？
目を覚ましてください……";"Can you hear me? Please, open your
eyes, [PlayerName]...";"[PlayerName]...
M'entendez-vous ? Je vous en prie,
réveillez-vous...";
"大丈夫ですか？";"Oh, I'm so glad you're all right!";"Vous n'êtes pas blessé ?";
"[PlayerName]……あれを！";"And look, [PlayerName]!";"[PlayerName]...
Regardez...";
"……帰って来たのですね";"How wonderful... We're back home!";"... Nous sommes rentrés chez nous.";
"[PlayerName]……あなたには
感謝しております……ありがとう";"I'm so very grateful for all that you've
done, [PlayerName].";"Vous avez toute ma gratitude,
[PlayerName].
Merci de tout cœur.";
"ここはハイラル王国の聖地……";"How rare to visit our Sacred Realm!";"Voici la terre sacrée du royaume
d'Hyrule.";
"トライフォースが、あちらにあります
一緒に向かいましょう";"The Triforce is over there.
Let us go to it together.";"La Triforce est juste là.
Approchons-nous ensemble.";
"[PlayerName]……
成すべきことは、あと一つです";"There is but one task remaining to us,
[PlayerName].";"[PlayerName]...
Il nous reste encore une chose
à faire...";
"さあ、[PlayerName]
行きましょう！";"You know, I've never seen the Triforce
whole. Let's go take a closer look,
[PlayerName]!";"Allons-y, [PlayerName] !";
"さあ、[PlayerName]
共に願いましょう";"Let's make the wish together,
[PlayerName].";"Bien, [PlayerName].
Faisons notre vœu, ensemble.";
"すれちがい通信でやって来た
[ShadowLinkPlayerName]です";"I'm [ShadowLinkPlayerName]!
I've come via StreetPass. Let's battle!";"Je suis [ShadowLinkPlayerName],
je suis arrivé via StreetPass.";
"今、ボタンにセットしている道具で
バトルしますか？[ChoiceN]";"Want to battle with the items you
currently have equipped?[ChoiceN]";"Veux-tu engager le combat avec
les armes qui sont assignées aux
boutons en ce moment ?[ChoiceN]";
"はい";"Yes";"Oui.";
"自分の記録を見る";"See records";"Voir les défis.";
"ルールを聞く";"Hear rules";"Les règles.";
"いいえ";"No";"Non.";
"バトルの開始前と終了後にはハートが
自動的に満タンまで回復します
バトル中に使って無くなった道具は
バトル終了後には自動的に復活します
借りた道具が無くなることもありません

バトル中に使える道具は、その時ボタンに
セットしてある物だけです";"Your hearts will be fully replenished
before and after the battle.

Items you use up will be restored
once the battle ends, and you won't
lose rented items if defeated.
During the battle, you can only use
the items that are currently set
to the X and Y Buttons.";"Avant le début et après la fin du
combat, tes cœurs seront restaurés
automatiquement.
Les objets que tu perds en les
utilisant pendant le combat seront
restaurés juste après.
Tu ne perds pas les objets loués.


Pendant le combat, tu ne peux
utiliser que les objets qui sont
assignés aux boutons.";
"カギが かかっているようだ……";"It seems to be locked.";"C'est fermé à clé...";
"……

開店時間にはまだ早いようだ";"Seems like it's not opening time yet.";"...


On dirait que ce n'est pas encore
ouvert.";
"カギがかかっているようだ
中から声が聞こえる……
「うーん、今日はどの服を着ようかしら？
 迷うわねぇ……」";"It seems to be locked. Someone inside
is raising a fuss over what to wear
today. How peculiar!";"C'est fermé à clé.
On entend une voix qui provient de
l'intérieur...
« Hmm... Qu'est-ce que je vais bien
pouvoir mettre aujourd'hui ?
J'hésite... »";
"扉はかたく閉ざされている";"The doors are shut tight.";"La porte est solidement verrouillée.";
"カギが かかっているようだ";"It seems to be locked.";"On dirait que c'est fermé à clé.";
"扉はかたく閉ざされている";"The doors are locked.";"La porte est solidement verrouillée.";
"ここからゴール地点までひとっ走り！
その名も ダダッとレース場！
自慢の足を確かめてみないか？
お兄ちゃん！
あんたを相当の走り屋だと見た！
きっといい勝負になるぜ！";"Step right up, and try your feet at
Hyrule Hotfoot! It's a mad dash
for the finish!
Put those feet of yours to the test,
fella. I can tell you're fleet of foot.
I bet you'll burn up the tracks!";"Cours d'ici jusqu'à l'arrivée
sans t'arrêter ! C'est la « course
vite-vite » !
Tu veux mettre tes gambettes à
l'épreuve, mon p'tit gars ?

Tu m'as l'air d'être un bon coureur !
Je suis sûr que tu peux y arriver !";
"ここからゴール地点までひとっ走り！
ご存知 『ダダッとレース場！』
お兄ちゃんほどの走り屋なら
まだまだ やれそうな気がするぜ！";"Ready for some Hyrule Hotfoot? I bet
a primo racer like you can handle a
tougher challenge!";"Cours d'ici jusqu'à l'arrivée
sans t'arrêter ! C'est la « course
vite-vite » !
Je suis sûr qu'un coureur comme toi
peut faire encore mieux !";
"ここからゴール地点までひとっ走り！
『ダダッとレース場！』
あんたの熱い走りで
俺たち兄弟に夢を見せてくれ！
[PlayerName]！";"Ready for some Hyrule Hotfoot? Come
on—time to show my brother and me
what you've got. Pour on the speed!";"Cours d'ici jusqu'à l'arrivée
sans t'arrêter ! C'est la « course
vite-vite » !
Fais-nous rêver par ta course
endiablée, [PlayerName] !";
"参加料は 20ルピー
ゴール出来れば豪華なご褒美がまってるぜ！";"The entry fee is 20 Rupees. If you
make it to the finish, you'll get an
excellent prize.";"Pour participer, c'est 20 rubis !
Si tu franchis la ligne d'arrivée dans
les temps, tu gagneras un super prix.";
"ん？

お兄ちゃん……その靴で走る気？

このレースで勝ちたいなら
”走れる靴”をはいた方がいいぜ！
まあ、走りに自信があるなら
問題は無いけどな
さて……";"Huh?


Hey, guy...Don't tell me you're 
planning on racing in those shoes?

If you wanna win this race you're
gonna want some proper running
boots!
I mean, you can still give it a shot if
you've got faith in those legs of
yours. Well then...";"Oula !


Dis, mon p'tit gars, tu comptes quand
même pas courir avec ces bottes-là ?

Si tu veux avoir une chance de
gagner, tu ferais mieux de porter
des bottes de course !
Enfin... Si t'es sûr de toi, je vais pas
t'empêcher de relever le défi.

Bon...";
"挑戦してみるかい？[ChoiceN]";"Ready for this?[ChoiceN]";"Tu veux tenter ta chance ?[ChoiceN]";
"やります！";"Born ready";"Ouais !";
"やめときます！";"Nope";"Euh, non...";
"オーケイ！

ゴールは鉱石屋さんのそば！
地図にもゴールの旗を付けといたぜ！
ゴール地点に俺の兄貴が立ってるから
話しかけてくれよ
制限時間は75秒！";"The finish is behind the miner's place.
I'll mark it on your map with a flag.

My brother is standing at the finish,
so talk to him when you get there.
OK, you have 75 seconds!";"OK !


L'arrivée se trouve à côté de la
chaumière du livreur de minerai !
J'ai dessiné un drapeau sur ta carte !
Une fois arrivé, va parler à mon
frangin qui attend là-bas.

Le temps limite est de 75 secondes !";
"次は中級に挑戦してもらうよ
制限時間は65秒だ！";"This time we're bumping up the
challenge—65 seconds!";"Cette fois-ci, tu cours dans la
catégorie intermédiaire. Le temps
limite est de 65 secondes !";
"上級の制限時間は [IntNumberN].[IntNumberN]秒だ！";"This time we'll give you an advanced
challenge—[IntNumberN].[IntNumberN]!";"Le temps limite dans la catégorie
expert est de [IntNumberN],[IntNumberN] secondes !";
"準備はいいかい？";"All set?";"Tu es prêt ?";
"よーい……";"Ready...";"Attention...";
"オーケイ！
またその気になったら挑戦してくれよ
待ってるからな！";"No worries. Come back when you feel
like a run. I'll be here.";"OK ! Si tu changes d'avis, reviens
tenter ta chance.

Je bouge pas d'ici !";
"早く行かないとタイムアップになっちまうぜ？";"Uh, you know you'll run out of time
if you don't hurry, right?";"Si tu te dépêches pas, t'arriveras
jamais dans les temps, tu sais...";
"ルピーが足りないみたいだな
ルピーを貯めてからまた来な！";"You don't have enough Rupees. Come
back once you've saved up some.";"T'as pas assez de rubis, on dirait.
Reviens quand t'auras économisé
un peu !";
"おめでとう！
ゴールだぜ
タイムは[IntNumberN].[IntNumberN]秒だ！";"Congrats! You made it! And with a
time of [IntNumberN].[IntNumberN] seconds!";"Félicitations !
Tu as franchi la ligne d'arrivée !

Ton temps est de [IntNumberN],[IntNumberN] secondes !";
"ご褒美の50ルピー、受け取ってくれ";"The prize is 50 Rupees. Here. Take it.";"Ta récompense est de 50 rubis.
Tiens, ils sont à toi.";
"お待ちかねのご褒美は……これだ！";"The prize you've been waiting for is...
THIS!";"Et le prix que tu attendais avec
impatience... Le voilà !";
"つぎは中級に挑戦してくれよな！";"You should try the intermediate
challenge next!";"La prochaine fois, tente ta chance
dans la catégorie intermédiaire !";
"しかし、すげえ足してんな！

嫉妬するぜ……

でも、オメーなら俺たち兄弟が知らない領域
見せてくれるかもしれねえな……
また挑戦してくれるのを待ってるぜ";"Those are some fleet feet you have
there, buddy—put mine to shame.

I bet if you really go all out, you'd
knock the socks off my little brother
and me. Can't wait to see that!";"T'as une sacrée paire de guiboles !


Je suis jaloux...


Peut-être que tu pourrais nous faire
découvrir des contrées encore
inconnues à mon frangin et moi...
J'espère que tu retenteras ta chance
bientôt.";
"まったくオメーってやつは！
どこまで俺たちを引き離す気なんだ？
[PlayerName]！
オメーがNo.１だ！";"You're really something else. No way
we could ever touch your times,
[PlayerName]. Whooeee!";"Toi alors, t'es un sacré bonhomme !
Jusqu'où tu comptes pulvériser nos
records ?
[PlayerName], t'es
vraiment le meilleur !";
"タイムアップだ……

おいおい、そんなにガッカリするなよ
次は行けるって！
理由はねえが俺たちはオメーを信じてる";"Time's up...


Hey, don't take it too hard. No doubt
you'll nail it next time, buddy.";"Le temps est écoulé...


Hé, pas la peine de faire cette tête,
tu feras mieux la prochaine fois.

Je sais pas vraiment pourquoi, mais
on croit en toi.";
"おめでとう！
ゴールだぜ";"Congratulations! You made it to the
goal!";"Félicitations !
Tu as franchi la ligne d'arrivée.";
"……と言いたいところだが、兄ちゃん
ズルしただろ？
とぼけてもダメだぜ？
ほうきで空を飛んでるのが見えたからな
ちゃんと自分の足で走ってこないと、時間に
間に合っていてもご褒美はやれないな
……ということで今回は失格だ！

また挑戦待ってるぜ！

……ズルはダメだからな！
ズルは！";"Or so I would have said, buddy.
But you took a shortcut. C'mon now,
admit it. You flew on a broom.
You have to RUN here, or else you
won't claim any prizes, even if you do
get here within the time limit.
Sorry to say you didn't qualify this
time, but I look forward to your next
broom-free attempt.";"Mais tu as triché, pas vrai ?


Inutile de me mentir, je t'ai vu voler
accroché à un balai.

Si t'arrives pas jusqu'ici à la seule
force de tes jambes, même si t'es dans
les temps, t'auras pas de prix.
Ce qui veut dire que cette fois-ci, tu
es disqualifié !

Retente ta chance une autre fois !


Et pas de triche ! C'est compris ?";
"ん？
その顔……
今すぐにでも、リベンジしてえって感じだな？[ChoiceN]";"Look at that determination. You want
to try again right away, right?[ChoiceN]";"Hmm ? Je connais ce regard...


Toi, tu veux retenter ta chance tout de
suite, pas vrai ?[ChoiceN]";
"その通り！";"You got it";"Exactement !";
"……違いますよ";"Nope";"Euh, non...";
"オメーのその気持ちにこたえてやるぜ";"That's the spirit. Let's get those feet
of yours back in action.";"Alors je vais exaucer ton vœu !";
"そうか……
ゆっくり休んだら、また挑戦してくれよな！";"Oh, all right. Rest up and try
again later.";"Ah bon... Quand tu te seras bien
reposé, reviens tenter ta chance !";
"再挑戦？
スタート地点の弟に頼んでくれよ
ん？
さてはオメー
そこまで行くのが面倒なんだな？[ChoiceN]";"How about you give it another try?
Check in with my little brother at the
starting point.
What, unless it's too much trouble to
hightail it all the way back there?[ChoiceN]";"Tu veux retenter ta chance ?
Alors va demander à mon petit frère
qui est au point de départ.
Hum ?
Laisse-moi deviner.

Ça te gonfle de devoir refaire tout le
chemin jusque là-bas ?[ChoiceN]";
"その通り！";"Yeah";"Ouais !";
"……違いますよ";"No";"Non, non...";
"まったく、正直な奴だな……

オーケイ！
じゃあ、行って来い！
超えてみせろ！
オメーの限界を！";"You tell it like it is, don't you?


OK! Off you go then! Show us your
best shot! Take it to the limits!";"Toi au moins, t'es franc...


Bon, allez ! C'est parti !


T'as intérêt à te surpasser !";
"おっと、すまねえ
勘違いだったみたいだな
また挑戦してくれるの待ってるからな";"Oh, sorry. Thought your shanks might
be complainin' there. My mistake.
OK, can't wait to see you try again.";"Ah, désolé, je croyais.


Retente ta chance quand tu veux,
je t'attendrai.";
"なかなかイイ音鳴らすじゃない！

さっ、私もヒマじゃないし飛ばすよー
しっかり持ってないと落っこちちゃうよ！
私ってすっごく親切でしょ？";"Hey, nice bell-ringing there.
You're a natural!

Hold tight so you don't fall. See? I'm
looking out for you big time!";"Aah, pas mal du tout, dis donc !
Un joli son pur et clair. On croirait
que t'as fait ça toute ta vie !
Fais gaffe, je suis une rapide, moi.
T'as intérêt à t'accrocher si tu veux
éviter les accidents déplaisants.
Je suis gentille de te prévenir, pas
vrai ? J'étais pas obligée, j'espère
que t'en es conscient.";
"ちょっとは感謝してる？
私だってヒマじゃないんだから！
でも、アンタも大変そうだし
連れて行ってあげなくもないけどサ……";"I hope you appreciate this. You know
I've got a life of my own, right?

Things to do? Places to fly? But it
looks like you're having a rough slog,
so no problem.";"J'espère que tu apprécies mon aide
à sa juste valeur ! J'ai pas que ça à
faire, tu sais !
Enfin, t'as l'air de galérer alors je vais
t'emmener... Accroche-toi !";
"アンタ、もしかして……
迷ってるんじゃないの？
迷ったら森の占いの館で
占ってもらうのが一番よ！";"Ever confused about where to go
next? My gram isn't big on it, but
I swear by fortune-telling.
Had yours done? It works—really!
So stop by the fortune-teller near
the forest.";"Tu serais pas perdu, par hasard ?


Dans ces cas-là, le mieux, c'est
d'aller se faire prédire son avenir au
pavillon de la divination vers la forêt !";
"はいはい、聞こえてるわよ

私だっておばあちゃんのお手伝いとかで
色々いそがしいんだからね";"Yeah, yeah. I heard you. Clang, clang.
I was busy helping my gram!";"Oui, oui, c'est bon, je t'ai entendu.


Tu sais, j'ai une vie moi aussi. Il faut
que j'aide ma grand-mère et tout et
tout.";
"緑を大切にしたら良いことあるって
お告げがあったけどサ……
コレ、いつまで続けたらいいんだろ……";"I know my fortune said to take care of
green, but that bell is doing a job on
my noggin.";"On m'a prédit que si je prenais soin
d'un truc vert, il m'arriverait quelque
chose de bien...
Mais il faut que je fasse ça pendant
combien de temps, au juste ?";
"なんだかサー、アンタを大切にしても
何も起こらないんだけど……
アンタ、本当に占いで出た「緑」なの？

まあ、アンタとおしゃべりするのも
悪くないからいいんだけどね";"Are you REALLY the green thing I'm
supposed to be taking care of? Cuz
you look like you're doing just fine.
Well, whatever. Nice to see you now
and then.";"Dis donc, j'ai beau prendre soin de
toi, il se passe rien...

Je me demande si c'est vraiment toi,
le truc vert de ma prédiction.

Enfin, c'est pas grave, j'aime bien
papoter avec toi.";
"……";"...";"...";
"ハーイ！
アイリンよ
ビックリした？

絵の中にいる間は、誰ともお話できなくて
つまんなかったけど……
アンタのおかげで助かったわ
………ありがとね
それにしても
私が賢者なんて……
カッコよすぎじゃない？
まあ、ただ者ではないと思ってたけどね
ただ、私はしばらく
ここから動けないから
ほうきくんだけになっちゃうけど
ちゃんと運んであげるから安心して！
あーあ……
早く、おばあちゃんに会いたいな";"Hey, Irene here!
Did I scare ya?

So, uh...thanks for helping me.


And this whole thing about me being
a Sage? Some kind of special girl?
Wow, big surprise.
Wish I could leave where I am now,
but I'll have to keep sending my
broom.
You know, I really miss my gram.
Can't wait to see her again.";"Salut ! C'est moi, Aëline !


Ça t'épate, hein ?


Quand j'étais enfermée dans ce
tableau, je pouvais parler à personne,
c'était d'un ennui...
Sans toi, j'y serais encore.
... ... ... Merci.

Mais j'arrive toujours pas à croire que
je suis un Sage...

C'est la super classe, ça, non ?
Enfin, j'ai toujours su que j'étais
au-dessus du commun des mortels.
Par contre, je vais pas pouvoir bouger
d'où je suis pendant un petit moment.

Mais mon fidèle Vadrouille est
toujours là et il te conduira où tu
voudras, ne t'en fais pas !
Snif... Ma grand-mère me manque,
quand même.";
"あのさ、助けてもらったし
イヤとはいえないけど……
ほうき使いあらくない？";"Listen, I know you saved me and all,
but think you might be overusing the
ol' broom here?";"Écoute, je sais que tu m'as sauvée et
tout, et je voudrais pas avoir l'air
d'une enquiquineuse mais...
T'as pas l'impression de surmener un
peu mon petit Vadrouille ?";
"ゼルダ姫様は無事なのかな
私たちも急がないとね";"I've been worried about how Princess
Zelda is doing... Let's get flying!";"J'espère que la princesse Zelda est
saine et sauve... Dépêchons-nous, le
temps presse.";
"バトルにも慣れてきたって顔ね
でも、慣れてきた頃が危ないのよ
ビンには薬や妖精さんだけじゃなく
リンゴやハートも入れられるのは知ってる？
アンタに倒れられたら私が困るんだから
準備はしっかりね！";"You look like you're used to battle.
But don't let your guard down.
And, hey, here's a tip about bottles.
You know you can keep more than
just potions and fairies in them?
Yeah, apples and hearts too.
So do that. It'll keep you from keeling
over. No one wants to see you get
hurt.";"Tu m'as l'air de t'être bien aguerri.
Mais il ne faut pas que tu oublies la
prudence pour autant.
Dans tes flacons, tu peux mettre des
potions et des fées, mais aussi des
pommes et des cœurs. Tu le savais ?
Je serais bien embêtée s'il t'arrivait
quelque chose, alors équipe-toi bien !";
"アンタさ～、たまには歩いたら？

歩かなきゃ分からないこともあるって
おばあちゃんがよく言ってたなぁ……
……おばあちゃん元気にしてるかな？";"Uh, you know what my gram says?
It's good to walk. Stop to smell the
roses. Pick up monster parts.
I wonder how she's doing... Miss my
gram.";"Tu sais, tu pourrais marcher de temps
en temps, aussi.

Ma grand-mère dit toujours qu'il y a
des endroits qu'on ne peut découvrir
qu'en marchant...
... J'espère qu'elle va bien, ma petite
mamie.";
"アンタ、占いの館で
ヘンなメガネもらった？
オバケが見えるんだってね
見たいような……　見たくないような……";"Did you get those eerie glasses from
the fortune-teller? They let you see
ghosts!
Neat. And creepy. But mostly neat.";"Hé, c'est le diseur de bonne aventure
qui t'a donné ces drôles de lunettes ?

Il paraît qu'avec elles, on peut voir
des choses invisibles. Je sais pas
trop si j'ai envie de les voir...";
"はいはい、聞こえてるってば！

そういえば、コッコを使わないと
行けない場所があるって知ってた？";"That BELL—! Why didn't I give you
something easier on the ears?

Hey, speaking of flying, did you know
there are some places you can only
reach with a Cucco?";"Oui, oui, je t'ai entendu, c'est bon !


Au fait, tu savais qu'il y avait des
endroits qui n'étaient accessibles
qu'à l'aide d'une cocotte ?";
"アンタ、なんか疲れてない？

アンタの頼みだから連れて行ってあげるけど
たまには休むことも大切よ";"Aren't you tired? Look, I'm delighted
to give you a lift, but don't forget
to rest sometimes.";"Dis, t'es pas un peu fatigué ?


Puisque tu me l'as demandé, je vais te
conduire où tu veux, mais tu devrais
faire une pause de temps en temps.";
"ねえ、聞いて、聞いて！！
マザーマイマイって知ってる？
お手伝いをすると
イイことしてくれるんだって！";"Hey! Have you met Mother Maiamai
yet? I hope so. I've heard that if you
help her, she'll do nice things for you.
I'm a li'l jealous how much she can
help you out. She's got POWER.

My broom will have to do. Off you go!";"Hé, écoute un peu ça !
Tu connais Big'ornette ?

Il paraît que si tu l'aides, tu peux
avoir une super récompense !

Enfin, tout ce que je peux faire pour
l'instant, c'est te transporter.";
"もしかしてアンタ迷ってんじゃないの？
たまには占いの館でも、のぞいてみたら？
あそこの占いは、すんごく当たるんだから！";"Hey, you lost? Confused about where
to go next? Here's a suggestion:
head to the fortune-teller.
He knows ALL.";"Tu serais pas perdu, par hasard ?
Tu devrais aller au pavillon de la
divination, de temps en temps.
Les prédictions sont très fiables
là-bas, tu sais !";
"毎度～アイリンタクシーです
片道9999ルピーでございま～す！
な～んてね、アンタからルピーなんて
とるわけないでしょ？";"All right, Irene's Taxi here. That'll
be 9,999 Rupees.

Nah, just messing with your head.
I couldn't take money from you.
So buckle up.";"Bonjour, merci d'avoir choisi les taxis
Aëline. Pour un aller simple, ce sera
9999 rubis !
Meuh non, je rigole. Je te demanderai
jamais de rubis.";
"いいよね、アンタは色んな所に行けて……
私も早くここから出たいな……";"You're lucky, getting to go to so many
different places. I hate being stuck.
You know, just in general.";"Tu as de la chance de pouvoir te
balader où tu veux... J'ai vraiment
hâte de sortir d'ici...";
"あれ？
もしかして疲れてる？
おばあちゃんに薬でも作ってもらえば？
私のおススメは黄色い薬かな";"You getting tired? Maybe you should
get my gram to brew you a potion.
I recommend the yellow stuff.";"Tiens ? Tu serais pas un peu fatigué,
toi ?

Si tu allais voir ma grand-mère pour
qu'elle te prépare une potion ?
Je te conseille la jaune.";
"魔物がどんどん増えてる気がするけど……
ちゃんと薬は使ってる？
私なら紫の薬を、いっぱい持っとくけどな～
おばあちゃんの薬はすっごく効くんだから！";"Is it just me, or are there TONS of
monsters around right now?

Probably a good idea to pack some
purple potion. My gram can brew up
some for you.";"C'est moi, ou il y a de plus en plus
d'ennemis dans le coin ? À ta place, je
ferais le plein de potions violettes.
Va voir ma grand-mère, c'est la reine
des potions !";
"ねえ、私がこんな目にあってるのって
全部、あのユガってヤロウのせいなんだよね？
今日はなんだか飛ばしたい気分
振り落とされないようしっかりつかまってね";"I am REALLY fired up right now just
thinking about how that weird jerk
Yuga caused all this!
You'd better hold on tight!";"Dis, si je me suis retrouvée dans un
tel pétrin, c'est entièrement la faute
de ce sale Yuga, pas vrai ?
Je suis d'une humeur massacrante,
aujourd'hui. Accroche-toi bien, ça
va secouer !";
"アンタのせいで、じまんのほうきが
ボロボロじゃない！
……でも、それだけアンタも
頑張ってるってことなんだよね";"You're really wearing out my poor
li'l broom. You'd better buy me a
new one once I'm out of here.
Otherwise, uh...how will I give you
more rides?";"À cause de toi, mon joli balai part
complètement en lambeaux !

... Enfin, je suppose que c'est le prix
à payer pour que tu mènes à bien ta
mission.";
"アンタの剣って
マスターソードってやつでしょ？
元気な時に使うとビームがでるんだって？
でも、それってもう剣じゃないよね";"Isn't your sword that legendary
Master Sword or something?

I've heard it shoots out a beam when
you're at full health. That right?

Sounds more like a wand to me.
Well, whatever gets the job done.";"Ton épée, c'est l'épée de légende,
non ?

C'est vrai que quand tu es en pleine
forme, elle lance des rayons ? C'est
plus vraiment une épée, alors.";
"こ、ここは…………？";"...Wh-where am I...?";"Où... Où suis-je ?";
"キミはかじ屋さんとこの……
どうして ここに？
！！！

キミ、それって
マスターソードじゃないか！？
なんだ……
そっか……じゃあキミが……
ハハハ……、どうやら僕は単なる
七賢者のうちの一人だったみたいだ
その剣を手にしているということは
キミが勇者だということ
残りの賢者もキミの手で
助けてやってほしい
驚きすぎて、言うのが遅れてしまったけど
ありがとう、[PlayerName]";"You—the blacksmith's apprentice!
What are you doing here? 

And with the Master Sword, no less!


That can only mean that you...have
rescued...ME?

But I always thought that I was the
hero of our day. That I was the one
who'd be there for Princess Zelda!
It seems that I am only a Sage and
not the hero. How very odd. Yet now
I know my place in all of this.
So I pledge my support to your quest,
little hero. Thank you for saving me,
[PlayerName].
Now please, find the rest of the
Seven Sages before it is too late.";"Tu es le jeune garçon qui travaille
à la forge... Que fais-tu ici ?


	　　 Ça alors !!!

Ton épée... Serait-ce l'épée de
légende ?

Je vois... Mais alors, cela signifie que
c'est toi, le...

Hahaha... Si j'ai bien compris, je ne
suis qu'un Sage, et rien de plus !

Si tu as cette épée, cela signifie que
c'est toi, le Héros.

S'il te plaît, va porter secours aux
autres Sages.

J'y pense, j'étais tellement surpris
que je ne t'ai pas encore remercié.
Merci, [PlayerName].";
"そうだ、この杖……
サンドロッドって言ったっけ？
ラヴィオっておかしな奴から借りたんだが
こんな状態だし、しばらく返せそうにない";"Ah, and I suppose if you're the hero,
then you have more need of this
Sand Rod than have I.
I wish I could give it to you as a gift,
but truth be told, it's not mine. It
belongs to a merchant named Ravio.
I rented it, and the deal was that if
I fell in battle... Well, never mind.";"Ah, au fait, cette baguette...
La baguette des sables, c'est ça ?

Je l'ai louée à Lavio, un individu des
plus étranges. Je crains de ne pas
pouvoir la lui rendre de sitôt...";
"賢者として物を借りっぱなしって
わけにはいかないから……
これ、返しておいてくれないかな？
すまないけど、頼むよ";"I need to get it back to him, but I
seem to be...stuck here.

So, return this for me, would you?";"Mais ce ne serait pas digne d'un Sage
de ne pas rendre un objet loué...

Tu pourrais la ramener pour moi ?
Merci !";
"フッ、これも運命か……
しかたがないね
主役の座はキミにゆずろう
そのかわり必ずみんなを助け出してくれよ
頼んだよ、[PlayerName]";"Who could have guessed that this
would be my fate—to stand here
while you save the world?
Still, I have my place. You have yours.
You must rescue the Seven Sages,
[PlayerName]!";"Bref, je suppose que c'est le destin...


Tant pis, je vais devoir te laisser le
beau rôle.

Mais en échange, je te demande
de sauver tout le monde.
D'accord, [PlayerName] ?";
"やっぱりキミが勇者だ！
勇者は僕だって思ってた自分が恥ずかしいよ…";"Well done. Given all that you've
accomplished, it's obvious why fate
chose you to be our hero.
Hmm. Honestly, as a Sage, I should
have seen the greatness within you
the very first time we met.";"Dire que tu es le Héros !
J'ai vraiment honte, j'étais persuadé
que c'était moi...";
"まぁ、アナタは……

アナタに助けられるのは
これで2回目ですね
ですが今度は、私からは
何のお礼もできません
それどころか……
さらに、アナタにお願いをせねばなりません
アナタもご存じのとおり、ここにはまだ
すべての七賢者がそろっておりません
手遅れになる前に、他の賢者たちも
助け出してください
お願いばかりで心苦しいのですが……
頼みましたよ、[PlayerName]";"Once more you have come to my
rescue, [PlayerName].

How I wish I could again reward you
with a gift—something that would calm
the troubled waters of your journey.
I can offer you only my deepest
gratitude...and yet another task,
I'm afraid.
You must rescue every one of the
Seven Sages. Only together can we
help you defeat this great evil.";"Oh, c'est toi...


C'est la deuxième fois que tu viens
à mon secours.

Je n'ai malheureusement aucune
récompense pour toi cette fois-ci.

C'est même tout le contraire.
Je dois te demander une nouvelle
fois ton aide.
Comme tu le sais déjà, les Sages ne
sont pas encore tous réunis.

Il faut que tu les rassembles avant
qu'il ne soit trop tard.

Je suis vraiment navrée d'avoir à te
demander ça... Je compte sur toi,
[PlayerName].";
"ゾーラの里にいる、私の僕たちは
無事でしょうか……？
私が言うのも何ですが、僕たちは皆
オッチョコチョイなので、少し心配です……";"I will be glad to be eternally in your
debt, if only we all survive this
flood of evil.
Please now, rescue every one of the
Seven Sages, my young hero!

I hope that this evil will be defeated
so I can return to my people. They
must be frantic without their queen.";"Est-ce que mes sujets du village zora
sont sains et saufs... ?

Je n'aime pas tellement l'avouer, mais
ils sont un peu nigauds. C'est pourquoi
je suis quelque peu inquiète...";
"人間の秘めたる能力には
本当に驚かされますね
私の僕たちにも
見習ってほしいものです……";"You have my undying gratitude,
young hero. You are truly among the
very best of your people.
Now there is more for you to do, if I
am to get back home to MY people.
The Zoras are surely worried.";"Même parmi les humains, on peut
trouver des personnes remarquables.

Si seulement mes sujets pouvaient
prendre exemple sur toi...";
"まぁ、アナタは……

アナタに助けられるのは
これで2回目ですね
そして……これで七賢者が皆そろいました
見事です、[PlayerName]
ついに、アナタに
勇気のトライフォースを授ける時がきました
これは、アナタがユガを
倒すのに絶対に必要なもの
どうか、受け取ってください……";"Thank you, my young hero. You have
saved all seven of the Sages.

You have displayed great heroism in
crossing the worlds to rescue us.
So this is your just reward.
The Triforce of Courage is yours.


It will be essential in your battle with
Yuga, though always remember,
your courage is what inspires us all...";"Oh, c'est toi...


C'est la deuxième fois que tu viens
à mon secours.

Et... tu as réuni tous les Sages. C'est
formidable, [PlayerName].

Le moment est venu pour nous de te
confier la Triforce du courage.

Elle te sera indispensable pour vaincre
Yuga.

Alors, je t'en prie, accepte-la...";
"…………
[PlayerName]…………
少し見ない間にすっかりたくましくなって……
ありがとう[PlayerName]
ですが、ハイラルをもとの平和な世界に
戻すには、七賢者みんなの力が必要です
他の賢者も助け出してください
お願いします……";"...Ah, I see...my little friend from the
Sanctuary... You've come to my
rescue, have you?
Bless your goodness. How strong you
must have gotten since then!

But it seems you have further yet to
go. You must save all seven of the
Seven Sages.
Please, I beg of you, save all of us, or
peace will never return to Hyrule.";"... [PlayerName]...


Tu as bien grandi depuis la dernière
fois que nous nous sommes vus...

Merci, [PlayerName].


Malheureusement, le pouvoir
des Sept Sages est nécessaire
pour ramener la paix en Hyrule.
Je t'en supplie, porte secours aux
autres Sages.";
"私を助けようとして、絵にされてしまった
兵士長さん……
きっと、ユガを封じたら
兵士長さんも助かるはずです
お願いです、兵士長さんを
そしてハイラルの皆を救ってあげてください";"Once you find all of us Sages, then
you will surely battle Yuga himself!

I can only hope that if you defeat him,
then the captain will change back from
being a painting.
So please defeat that awful Yuga and
save all of Hyrule!";"En essayant de me sauver,
le capitaine a été transformé
en portrait...
Mais je suis sûre qu'il sera sauvé si tu
parviens à vaincre Yuga.

Je t'en supplie, sauve-le... ainsi que
tous les habitants d'Hyrule.";
"勇者[PlayerName]に
ハイラルの神々のご加護を……";"You are Hyrule's greatest hero! So I
have begged the gods to favor you,
[PlayerName]!";"Que les Dieux d'Hyrule te protègent,
jeune Héros [PlayerName].";
"…………
[PlayerName]…………
少し見ない間にすっかりたくましくなって……
ありがとう[PlayerName]
そして……
ついに、七賢者がみんな揃いました
これでようやく、勇気のトライフォースを
お渡しすることができます
これが、ユガに
対抗しうる唯一の力……
勇者[PlayerName]よ
お受け取りください";"...Ah, I see...my little friend from the
Sanctuary... You've come to my
rescue, have you?
Bless your goodness. How strong you
must have gotten since then!

How amazing that you've managed to
gather all Seven Sages here!

Now, there is only one thing that will
help you face such an immense evil
as Yuga.
At last we Sages can summon it...
the Triforce of Courage!";"... [PlayerName]...


Tu as bien grandi depuis la dernière
fois que nous nous sommes vus...

Merci, [PlayerName].


Tu as rassemblé les Sept Sages.


Nous pouvons te remettre la
Triforce du courage.

Seul son pouvoir te permettra de
vaincre Yuga.

Accepte-la, Héros.";
"あっ！
[PlayerName]！
驚いた？驚いたよね
そう、ボクってシチケンジャだったんだよ！
でも、シチケンジャってなに？
ボク、子どもだから良くわかんないや！
でも、シチケンジャって言うくらいだから、
他にもまだ助けを待ってる人がいるはずだよ！
早く助けてあげて！";"H-h-hey, is that really you,
[PlayerName]?

Wh-where am I? Wh-where's my
mama and papa?

Pffft...hahaha! Did you fall for it?
I'm not scared! Why would I be?
I'm a Sevensage!
Um, did I say that right? Whatever it
is though, it sounds like a big deal!

So you'd better make sure you rescue
all seven of us Sevensages. Wow,
that's really a mouthful!";"Ah, [PlayerName] !


Alors, ça t'épate ? Tu t'y attendais
pas, hein ? Je suis un Sept-Sage !

Mais euh... C'est quoi un Sept-Sage ?
Je suis petit, alors je ne sais pas ce
que c'est !
Mais je suis sûr qu'il y a d'autres
Sept-Sages qui attendent ton aide !

Va vite les sauver !";
"[PlayerName]、ここにいると
ボクが毎朝 起こしてあげられないけど大丈夫？
けど、もう[PlayerName]は
デンセツのユウシャなんだから大丈夫だよね！";"If I'm a Sevensage and I'm stuck here,
who's gonna wake you up when you
sleep late?
I guess you'd better save all seven
of us Sevensages. Then maybe I
can get out of here.
I don't want my papa to yell at you
for coming in to work late!";"Au fait, [PlayerName] !
Si je reste ici, je pourrai plus te
réveiller le matin !
Oh, mais je suis sûr que tu t'en
sortiras bien sans moi ! T'es un
héros-de-la-légende, après tout !";
"やったね、[PlayerName]！

もう父ちゃんに寝ボスケなんて
言われないね
言われるかなぁ……";"Wow, I just can't believe it,
[PlayerName]!

You saved every Sevensage! My papa
can't call you lazy anymore.

But I bet he will anyway.";"C'est vraiment super,
[PlayerName] !

Comme ça, papa pourra plus te traiter
de grosse marmotte mollassonne !

Enfin, remarque, c'est pas ça qui va
l'en empêcher, je pense...";
"あっ！
[PlayerName]！
驚いた？驚いたよね
そう、ボクってシチケンジャだったんだよ！
でも、シチケンジャってなに？
ボク、子どもだから良くわかんないや！
でも、これで
シチケンジャが皆そろったんだよね
すごいや、[PlayerName]！

皆そろったから、トライフォースってのが
もらえるんだって
[PlayerName]がすっごい
強くなるらしいよ、やったね！
[PlayerName]
これだよ！";"H-h-hey, is that really you,
[PlayerName]?

Wh-where am I? Wh-where's my
mama and papa?

Pffft...hahaha! Did you fall for it?
I'm not scared! Why would I be?
I'm a Sevensage!
Um, did I say that right? Whatever it
is though, it sounds like a big deal!

Since you saved all seven of us
Sevensages, we can finally give you
that...that...Tri...something!
Sounds better than a big breakfast
for getting you nice and strong,
[PlayerName]!
Here we go!";"Ah, [PlayerName] !


Alors, ça t'épate ? Tu t'y attendais
pas, hein ? Je suis un Sept-Sage !

Mais euh... C'est quoi un Sept-Sage ?
Je suis petit, alors je ne sais pas ce
que c'est !
Mais tu les as tous réunis, en tout cas.


C'est super, [PlayerName] !


Et il paraît qu'on va te donner un
truc qui s'appelle la Triforce !

Et même que tu vas devenir super
fort !

Tiens, [PlayerName] !";
"おー、誰かと思ったら……

[PlayerName]じゃねぇか！？

へへっ、別に隠してたわけじゃねえけどよ
実はオレも七賢者の一人だったってわけよ
どうだ？
ビックリしたか？
[PlayerName]、悪いけどよ
残りの賢者も助けてやってくれや
そしたら、お前さんの力になれるからよ！";"Well, just look at this. Who would
have thought I'd see YOU here,
[PlayerName]?
Not all that surprised to see me here
though. I've known for a long time
that I was a Sage.
Never told anyone though. It wasn't
really a secret. I was just too busy
mining all the time to mention it.
Speaking of busy—you've still got
some work to do here. Find the rest
of the Seven Sages, OK?
If you do, you'll be all the stronger,
[PlayerName].";"Oh, c'est pas croyable !


C'est toi, [PlayerName] ?!


Hé hé ! Comme tu le vois, je suis moi
aussi l'un des Sept Sages.

J'avais pas l'intention de le cacher,
mais on m'a jamais demandé, alors...
Ça t'étonne, hein ?
Je suis désolé de te demander ça,
mais tu veux bien aller sauver les
autres Sages ?
Quand ce sera fait, on pourra t'aider !";
"おい[PlayerName]
そのマスターソード！
そうかそうか、おやっさんが鍛えてくれたか
そりゃよかったな
そういや最近、鉱石を
届けてやれてないからな……
戻ったら
皆によろしく言っといてくれや";"Hmm, the Master Sword looks different
somehow.

Oh, I get it. The blacksmith tempered
it for you, huh? Where'd he scare up
such fine ore to do that?
Well, just be glad he did that for you.
Say hi to him for me the next time
you see him, OK?";"Hé, [PlayerName] !
Ton épée de légende...

Je vois, tu l'as fait améliorer à la forge.
Tant mieux.

D'ailleurs, ça fait un moment que je
n'y ai pas effectué de livraison, ils
doivent manquer de matériaux...
Si tu y repasses, salue tout le monde
de ma part, d'accord ?";
"またいい鉱石見つけたら、持って行ってやる
って、おやっさんに言っといてくれや
……もどれたらな";"I wonder how that old assistant of
his is doing? Haven't seen him
for a while either.";"Si je trouve du bon minerai, j'en
apporterai à la forge.

Enfin, faudrait déjà que je sorte d'ici...";
"おい[PlayerName]
そのマスターソード……
何だって？ロウラルのかじ屋が
鍛えてくれたって！？
こりゃすげぇな……お前さんとこの親方より
腕がいいかもしれねぇ
世の中、上には上がいるもんだな";"Hmm, the Master Sword looks...
I dunno, really different.

Oh, I get it. The blacksmith in Lorule
tempered it for you, huh?

Gotta say his work puts your master's
to shame. But it's good to get knocked
down a peg now and then, you know?";"Hé, [PlayerName] !
Ton épée de légende...

Quoi ? Tu l'as fait améliorer à la forge
de Lorule ?!

Impressionnant... Le forgeron qui s'en
est chargé est peut-être encore plus
doué que ton patron.
Comme quoi, on a beau faire des
efforts, on trouve toujours quelqu'un
de plus fort que soi.";
"世の中にゃぁ
すげぇヤツがいるもんだな……";"From the looks of your sword, that
blacksmith really knows his stuff.";"Certaines personnes possèdent
réellement un don...";
"魔王だか何だか知らねえが
とっとと片付けて帰ろうぜ！
どうも、この部屋は
ジメッとしてていけねぇや";"Can't say I care much about all this
Demon King business. I just want to
get home and crack some rocks.
So find the rest of the Seven Sages
already. I'm going to go nuts if I'm
cooped up here for much longer.";"Seigneur du mal ou pas, je veux que
tu l'écrabouilles et que tu rentres en
vie !
Il fait humide ici, je commence à en
avoir marre...";
"勇者のいで立ちがサマになってきたな
オレはお前さんを誇りに思うぜ！";"You're lookin' more and more like a
hero every step of the way! I couldn't
be prouder of you, kid.";"Regarde-toi, un vrai p'tit héros.
Je suis très fier de toi !";
"おー、誰かと思ったら……

[PlayerName]じゃねぇか！？

へへっ、別に隠してたわけじゃねえけどよ
実はオレも七賢者の一人だったってわけよ
どうだ？
ビックリしたか？
でもって……みんな揃ったみたいだな
これで勇気のトライフォースを渡せるな
お前さん、これでユガを
倒せる力を持てるんだぜ
今のお前さんなら、きっとハイラルを
救うことができる！間違いねぇ！！
それじゃ、いっちょ受け取ってくれや！";"Well, just look at this. Who would
have thought I'd see YOU here,
[PlayerName]?
Not all that surprised to see me here
though. I've known for a long time
that I was a Sage.
Never told anyone though. It wasn't
really a secret. I was just too busy
mining all the time to mention it.
Speaking of busy—now that all of us
Seven Sages are here, we'd better
get down to business!
We can use our power to dig up that
Triforce of Courage for you.

You'll need it to defeat Yuga. So here
you go, little guy. Take this, and
then go save Hyrule!";"Oh, c'est pas croyable !


C'est toi, [PlayerName] ?!


Hé hé ! J'ai jamais essayé de le
cacher, mais... je suis moi aussi
l'un des Sept Sages.
Alors ? Ça t'étonne, hein ?


Tu as réuni tout le monde, on dirait.
On va pouvoir te confier la Triforce
du courage.
Elle te donnera le pouvoir de vaincre
Yuga.

Je suis sûr que tu pourras sauver
Hyrule ! Aucun doute là-dessus !

Allez, prends-la !";
"あっ！[PlayerName]！！
すごい、やっぱり占い当たってたんだ！
……フ、 フンッ！
何を モタモタしてたのよ？
こんなに長いこと私を待たせるなんて
どういうつもり？
まあ、いいわ
今回だけは特別に許してあげる
そんなことより他の賢者も
助けてあげないと大変なの！！
ホラホラ、そんなところでボーッと
突っ立ってないで、早く行きなさいよ！
……今は、アンタだけが
頼りなんだからサ";"H-hey! You came to rescue me?
Well, I...I don't know what to say,
[PlayerName]!
Hmm. Except that you took your
sweet time, didn't you?! I was in
BIG trouble here!
And I've got to get back to my gram!


But it's...all right. I forgive you. Just
don't take that long to rescue me
next time.
And don't make any of the other
Sages wait that long either. C'mon,
get to saving the rest!";"Ah !!! [PlayerName] !!!


Je savais que j'avais raison de
croire la prédiction du diseur de
bonne aventure !
Eh... Eh ben, on peut dire que tu y as
mis le temps ! T'es gonflé de m'avoir
fait attendre aussi longtemps !
Tu croyais peut-être que j'avais que 
ça à faire de rester coincée dans ce
fichu tableau ?
Bon, c'est pas grave... Je vais te
pardonner pour cette fois.

Il y a plus important : tu dois
absolument sauver les autres
Sages !
Allez ! Ne reste pas planté là !


Dépêche-toi !


Mais... fais attention à toi.";
"[PlayerName]…………
あ、あのサ……
……ケガとかしないようにね
がんばってね……";"What...? Want more thanks? Tell you
what, [PlayerName].

Save all seven of us Sages, then I'll
write a big, long thank-you letter.
But for now...? Just be careful, OK?";"Euh... [PlayerName]...
Hum...

Fais bien attention à toi...
Bonne chance...";
"[PlayerName]……
そ、その……無事に帰ってきてね……";"All right, [PlayerName]...


Come back safely, OK?";"[PlayerName]...
Hum... Reviens en vie, d'accord ?";
"あっ！[PlayerName]！！
すごい、やっぱり占い当たってたんだ！
フ、 フンッ！
何を モタモタしてたのよ？
こんなに長いこと私を待たせるなんて
どういうつもり？
けど、七賢者をみんな助けてくれたみたいだし
今回は特別に許してあげる
ご褒美は、お待ちかねの
勇気のトライフォースよ！
もし、これでユガを
やっつけられなかったら、承知しないからね！";"H-hey! You came to rescue me?
Well, I...I don't know what to say,
[PlayerName]!
Hmm. Except that you took your
sweet time, didn't you?! I was in
BIG trouble here!
And I've got to get back to my gram!


But it's...all right. I forgive you. Just
don't take that long to rescue me
next time.
Now, since all seven of us Sages are
here, it's about time that we get you
your Triforce of Courage.
We're doing our part here, so don't
come blaming us if your fight with
Yuga is really hard.
OK, everyone ready? Then let's get
this show on the road!";"Ah !!! [PlayerName] !!!


Je savais que j'avais raison de
croire la prédiction du diseur de
bonne aventure !
Eh... Eh ben, on peut dire que tu y as
mis le temps ! T'es gonflé de m'avoir
fait attendre aussi longtemps !
Tu croyais peut-être que j'avais que 
ça à faire de rester coincée dans ce
fichu tableau ?
Bon, tu as rassemblé les Sept Sages,
alors je vais te pardonner pour cette
fois.
Voilà ta récompense, la Triforce du
courage !

Si avec elle, tu n'arrives pas à vaincre
Yuga, tu peux être sûr que tu vas
entendre parler de moi !";
"そなたは……たしか
[PlayerName]と言ったな？
なるほど……姫様の予見通り
立派な勇者になられた……
ここまでの働き……
大義であったな、礼を言うぞ
……ハイラルは今
あの伝説と同じ危機に直面している
さすれば、我らがすべきことは
あの伝説の結末と同じように
七賢者の力を集結し
勇者と共に巨悪に挑むのみ……
残る七賢者の救出……
急がれよ、[PlayerName]！";"Ah, yes, [PlayerName]...
Here you are.

I shouldn't have doubted the princess
for a moment. You ARE the hero of
our time.
And what a splendid hero you make.
You've endured so much to get
this far.
Yet as Hyrule is facing the same threat
as in the legend of old, you have so
much more to endure.
You must find the remaining Sages.


Once we have been united, then we
will help you do what that hero of
legend did so long ago.
So please, rescue the rest of us,
[PlayerName].";"Mais tu es... [PlayerName],
c'est bien ça ?

Eh bien... La princesse avait vu juste.
Tu es devenu un fier héros...

Tout ce que tu as fait jusqu'à présent,
tu l'as fait pour une cause noble et
juste. Je te remercie.
La menace qui plane en ce moment
sur Hyrule est la même que celle dont
parle la légende.
Il est donc de notre devoir de faire en
sorte que tout finisse comme dans la
légende.
Les Sept Sages rassemblés, le Héros
combinera son pouvoir aux leurs et
triomphera du mal.
Hâte-toi, [PlayerName],
sauve tous les Sages !";
"我らには、あの伝説と同じ結末に導く
使命があるのです
頼みましたぞ、[PlayerName]";"You must ensure that this crisis ends
as it did in the legend of old.

Please, we're counting on you,
[PlayerName].";"Notre devoir est de faire en sorte que
notre histoire se termine aussi bien
que celle de la légende.
Je compte sur toi,
[PlayerName].";
"我らが力、そなたに託す
ハイラルを、姫様を救ってくだされ！";"We have placed our full trust in you.
Now, onward and upward. Save the
princess—and save Hyrule!";"Nous te confions notre pouvoir.
Sauve Hyrule et la princesse !";
"そなたは……たしか
[PlayerName]と言ったな？
なるほど……姫様の予見通り
立派な勇者になったな……
ここまでの働き……
大義であったな、礼を言うぞ
そなたの働きによって
七賢者は皆、ここにそろった
今から我らが力を集結して
勇気のトライフォースを、そなたに授けよう
あの伝説と同じ結末に
もう一度 導くため……
さあ、受け取られよ！";"Ah, yes, [PlayerName]...
Here you are.

I shouldn't have doubted the princess
for a moment. You ARE the hero of
our time.
And what a splendid hero you make.
You've endured so much to get
this far.
Hyrule is facing the same threat as in
the legend of old, and you have so
much more to endure.
Yet we can help, now that you have
united the Seven Sages. We can
summon the Triforce of Courage.
You must do what that hero of legend
did so long ago. So take our gift,
young hero...
Take it now!";"Mais tu es... [PlayerName],
c'est bien ça ?

Eh bien... La princesse avait vu juste.
Tu es devenu un fier Héros...

Tout ce que tu as fait jusqu'à présent,
tu l'as fait pour une cause noble et
juste. Je te remercie.
Et tu as réuni les Sept Sages.


Nous allons maintenant combiner nos
pouvoirs et te confier la Triforce du
courage.
C'est à toi de faire en sorte que notre
histoire se termine comme dans la
légende...

   Alors accepte ce pouvoir !";
"勇者[PlayerName]よ

神の力を宿したそなたなら
復活した魔王の企みを、必ずや阻止できよう";"You have claimed the power of the
gods, [PlayerName].

With it, you can stop the return of the
Demon King—and thwart his evil
ambitions!";"Héros [PlayerName].


Tu détiens le pouvoir des Dieux.
Sers-t'en pour mettre fin aux
agissements du seigneur du mal.";
"異境の地、ロウラル城へ向かい
我らの使命を成し遂げるのです
そなたと、ゼルダ姫様の
無事なご帰還を祈っていますよ";"Now, hero, you must take the battle
to Lorule Castle! There awaits the
Demon King.
May you and Princess Zelda survive
the terrible trials ahead. Go now.
Defeat this evil once and for all.";"Tu dois te rendre dans l'autre monde,
au château de Lorule pour accomplir
notre mission.
Je vais prier pour que toi et la
princesse Zelda reveniez sains
et saufs.";
"かつては、このロウラル王国も美しい国でした
そう…… あなたの国のように……";"Oh, lovely Zelda. What is it like to be
a princess from a kingdom blessed
by so many happy endings?
Once upon a time, [ColoringStart]Lorule[ColoringEnd] was such a
place. Once, but no longer.

[ColoringStart]Lorule[ColoringEnd] was just like [ColoringStart]Hyrule[ColoringEnd]. So very
beautiful. So very...promising.";"Autrefois, le royaume de Lorule était
lui aussi un pays magnifique.
Il était aussi beau que ton royaume...";
"勇者[PlayerName]よ……
早く……私たちを助けて……！";"We have need of a hero—and your
[PlayerName] is superb.

We all deserve a happy ending,
don't we? I can only hope that
[PlayerName] is victorious.";"Ô Héros [PlayerName]...
Sauve-nous... Vite !";
"ロウラルにも
かつては勇者の伝説がありました
しかし、もはやロウラルに
勇者はいないのです";"Oh, lovely Zelda. Can you begin to
comprehend how lucky you are?
Such legends! Such heroes!
We had legends. We had heroes.
[ColoringStart]Lorule[ColoringEnd] had hope.

But all that is gone. [ColoringStart]Lorule[ColoringEnd] has only
me now. And YOUR hero, of course.";"Lorule aussi avait ses propres
légendes, autrefois. Elles parlaient
d'un Héros comme toi.
Mais maintenant, il n'y a plus de Héros
dans notre royaume.";
"ハイラルの勇者よ
あなたは最後の希望……";"And if the Hero of Hyrule fails me...?
Oh, but I must have courage! He
will succeed, or all is lost.";"Héros d'Hyrule.
Tu es notre seul espoir...";
"おぉ……
勇気のトライフォースの力を感じます
王女ゼルダよ
ハイラルの勇者が近づいてきています
私は……ロウラルを救いたいのです

あなたも王女ならば
私の気持ちが分かるでしょう……？";"Oh, lovely Zelda. Can you sense it?
Our brave hero almost has the
Triforce of Courage.
[ColoringStart]Lorule[ColoringEnd] WILL be saved, thanks to him.
And one princess to another...?
I can't tell you how grateful I am.";"Oh... Je sens le pouvoir de la Triforce
du courage.

Princesse Zelda...
Le Héros d'Hyrule approche.

Je veux absolument sauver Lorule.


Tu es une princesse, toi aussi.
Tu me comprends... ?";
"勇者[PlayerName]
……聞こえますか？
私はヒルダ……
ロウラルの王女
あなたが今いる場所は
我が王国、ロウラルです
あなたの国に似ていますか？

でも、この国は、あなたの国とは全く違う
隣にあるようで遠い世界……";"Can you hear me, Hero of Hyrule?


It is I, Princess Hilda. I wanted to
warn you about the kingdom in
which you've found yourself.
My Lorule may remind you of your
own home. But, in fact, our kingdoms
are as different as night and day.
Worlds apart, as they say.";"Héros [PlayerName]...
M'entends-tu ?

Je suis la princesse Hilda...
Tu te trouves en ce moment dans
mon royaume, Lorule.
Ce pays ressemble beaucoup au tien,
n'est-ce pas ?

Ils ont beau être similaires, ils sont en
réalité complètement différents. Des
mondes voisins mais si éloignés...";
"……しかし、ユガによって
二つの世界はつながってしまいました……
あなたの求める七賢者は
このロウラルの各地の迷宮に封印されています
でも、荒廃してしまったこの世界からでは
そこに、たどり着くことができません
[PlayerName]

まず、あなたの世界に戻れる方法を
探し出すのです
そしてロウラル各地で救いを待っている
七賢者を助けてあげてください
あなたを信じています

私はロウラルのヒルダ……";"But Yuga's scheme has forced our
two kingdoms close together.

So close, they are now connected.


What's more, the Seven Sages you
seek are spread across my land,
locked away in dungeons.
But because parts of Lorule have long
crumbled away, you cannot get to
them from where you now are.
To reach them, you must first find a
way back to Hyrule.

From various parts of your world, you
can reach the same parts of mine.

Now, one more thing.


I have welcomed you to Lorule,
but my kingdom...? It ISN'T so
welcoming to strangers.
Farewell—and be careful out there,
[PlayerName].";"Ils étaient censés rester isolés, mais
à cause de Yuga, nos deux mondes
sont maintenant reliés.
Les Sept Sages que tu cherches sont
emprisonnés dans les palais des
différentes régions de Lorule.
Mais cette terre est ravagée...


Il est impossible d'accéder à toutes
ces régions depuis l'endroit où tu
te trouves.
Pour cela, il te faudra d'abord
chercher un moyen de retourner
dans ton propre monde.
Tu pourras ainsi venir au secours des
Sept Sages qui se trouvent dans les
régions de Lorule.
Je crois en toi.


N'oublie pas, je suis Hilda, de Lorule...";
"勇者[PlayerName]……";"Welcome back to Lorule Kingdom,
[PlayerName]...";"Héros [PlayerName]...";
"あなたが立っている所は聖なる場所でした
でも、今は見ての通りです
近くに、あなたの旅に役立つものが
眠っています
探してみてください

私はロウラルのヒルダ……";"Where you stand now was once a
holy place. Now it could not be
further away from such a thing.
However, nearby sleeps something
that will help you on your journey.
A thorough search will behoove you.
So say I, Hilda of Lorule...";"Cet endroit était autrefois un
lieu sacré. Vois ce qu'il en reste
à présent.
Un objet qui te sera utile pendant
ta quête repose non loin d'ici.

Essaye de le trouver.


N'oublie pas, c'est moi, Hilda
de Lorule...";
"そこは大変、邪悪な地です

闇の神殿と呼ばれている
迷宮を目指してください
あなたの助けを最も必要とする賢者が
いるようです
さぞ、恐ろしい思いをしていることでしょう
はやく……助けてあげてください
私はロウラルのヒルダ……";"You have entered a truly evil place.


You must find the Dark Palace. There
you will discover a Sage in desperate
need of your help.
Please...go quickly to the rescue.
So say I, Hilda of Lorule...";"Cet endroit est maléfique.


Rends-toi au palais des ténèbres.


Il semble que le Sage qui s'y trouve
est celui qui a le plus besoin de ton
aide.
Il doit être effrayé. Vite, va le
secourir. 

N'oublie pas, c'est moi, Hilda
de Lorule...";
"そこにはドクロの森があります

その森にはあなたの国の森にはない
邪悪な空気が漂っています
この世のものでない者が、あなたを
出迎えることでしょう
美しい心を持つ賢者が助けを待っています
勇気を持って救ってあげてください
私はロウラルのヒルダ……";"You are in the area where the
Skull Woods strike fear into the
hearts of the living.
Not that there are many who live
here for long. Within the woods are
beings no longer of this world.
But brave them you must, if you are
to recover a Sage who is pure of
heart. Gather your courage.
So say I, Hilda of Lorule...";"La forêt de squelettes s'étend devant
toi.

Cet endroit est encore plus dangereux
que la forêt de ton royaume. Une
brume malsaine plane sur ces lieux.
Des êtres qui ne sont pas de ce
monde viendront certainement t'y
accueillir...
Un Sage au cœur pur attend ton aide
dans cette forêt. Arme-toi de courage
et va lui porter secours.
N'oublie pas, c'est moi, Hilda
de Lorule...";
"そこはデスマウンテン
永遠の冬が支配する山……
この山のどこかに
氷に閉ざされた遺跡があるはずです
強き岩のような、たくましい心と体を持つ
賢者が、そこであなたの助けを待っています
賢者の強き魂が、厚い氷に
閉ざされてしまう前に……急いで……
私はロウラルのヒルダ……";"This is Death Mountain. Here it is
always winter... Somewhere buried
under the ice is a ruined hall.
A Sage with a soul as formidable as a
boulder awaits your help there.

You must hurry, though... His spirit
will not last forever with such
accursed ice everywhere.
So say I, Hilda of Lorule...";"Cet endroit s'appelle la montagne de
la mort. Un hiver sans fin règne sur
ses versants.
Tu y trouveras des ruines
emprisonnées dans la glace.

Un Sage au cœur vaillant et au corps
d'acier attend que tu viennes lui
porter secours.
Hâte-toi... avant qu'une épaisse
couche de glace ne recouvre son
âme puissante...
N'oublie pas, c'est moi, Hilda
de Lorule...";
"そこは生き物の存在を拒む地
この地にも神殿があります
きっと賢者もそこにいることでしょう
賢者が持つ不思議な力を感じます
この地では砂を自在にあやつるための
道具が必要となるでしょう
私はロウラルのヒルダ……";"You find yourself near a swamp that
is a dread and rotting place.

Within it I sense...the very faint
presence of a Sage.

And, how odd...I sense also desert
sand near this Sage. But there is
NO desert in Lorule!
Furthermore, I foresee that you must
bring an item into a temple there
that will give you control over sand.
I say again that there is no desert in
Lorule. I do sense the start of your
path is here, though. How baffling.
So say I, Hilda of Lorule...";"Ce désert est une terre où la vie
n'a pas sa place. Tu y trouveras
un palais.
Un Sage doit sûrement t'y attendre.
Je sens ce mystérieux pouvoir propre
aux Sages.
Tu auras besoin d'un objet qui te
permette de contrôler le sable.

N'oublie pas, c'est moi, Hilda
de Lorule.";
"闇の神殿についたようですね
そこは、魔獣をあがめる者たちの巣窟
彼らは元、ロウラル城の兵士です
邪悪な力を信じ、神殿に住みつきました
きっと、私が弱いせいです
みんな善良な人たちだったのに……
勇者[PlayerName]……
彼らに見つかると捕まってしまうでしょう
注意と知恵が必要です
気を付けて……
私はロウラルのヒルダ……";"You are nearing the Dark Palace. It is
home to the followers of a great and
terrible beast.
They were once soldiers from Lorule
Castle. Now they revere a foul being
and cower here in this temple.
I accept the responsibility. I was too
weak to protect them. They were all
good people...my people.
If they find you, they will imprison
you. Please be careful.
So say I, Hilda of Lorule...";"Tu approches du palais des ténèbres.
C'est là que se terrent les adorateurs
des monstres.
Ils étaient autrefois les soldats
du château de Lorule.

Ils vivent désormais dans ce palais et
y vénèrent les puissances maléfiques.
C'est de ma faute... Je suis trop faible.
Mais ne te méprends pas, ils étaient
honnêtes, autrefois...

Héros [PlayerName]...
Ils essayeront probablement de te
capturer s'ils te voient.
Tu vas devoir faire preuve de
prudence et de sagesse.
Fais attention à toi...
N'oublie pas, c'est moi Hilda,
de Lorule...";
"その地には炎が支配する迷宮があります
炎に打ち勝つ工夫が必要でしょう
賢者の名にふさわしい、立派な人物の
気配がします
助けてあげてください

私はロウラルのヒルダ……";"Not far from here is a maze built to
contain the power of fire. You must
find a way to control the flames.
I also sense a strong presence in this
vicinity. No doubt it's a Sage.

Go now. Only you can help.
So say I, Hilda of Lorule...";"Cette terre cache un temple dominé
par les flammes. Tu devras trouver un
moyen de vaincre le feu.
Je sens la présence d'un être
d'exception, digne de porter le
titre de Sage.
Va lui porter secours, je t'en prie.


N'oublie pas, c'est moi, Hilda
de Lorule.";
"コッコヲ カツイデ 高イ所カラ飛ベ！";"Grab a Cucco and jump from on high!";"Attrape une cocotte et saute d'un
endroit surélevé !";
"おにーさん おにーさん！
そこの剣 持ってる おにーさんプププ！
おにーさん 強そうププ！
ちょっとココで遊んでいかない？
ココは 痛快！大バトル道場！
細かい説明は あ・と・で……ププ！";"Well, boom boom, sword boy!
Welcome to the Treacherous Tower!";"Hé ! Mon mignon !
Toi avec la jolie épée, pouyouyou !

Tu m'as l'air plutôt costaud, dis-moi !
Ça te dirait de t'amuser un peu,
youpouyou ?
Ici, c'est la tour de l'escarmouche !
Je t'épargne les détails, on verra
ça plus tard... pouyoupou !";
"1回たったの100ルピー！

ね、ね、遊んでってよプププ！[ChoiceN]";"You look pretty fit there! Wanna play a
quick game? Only 100 Rupees![ChoiceN]";"C'est 100 rubis la partie !


Allez, viens jouer, youpouyou ![ChoiceN]";
"遊ぶ！";"Boom...boom?";"D'accord !";
"やめときます";"I'll pass.";"Non, merci.";
"キャ！
おにーさん、また来てくれたんだププ！";"Boom boom in the room! Glad to see
you back here, sword boy!";"Wouhou ! Tu es revenu mon mignon !";
"おにーさんなら、いつ来ても
たったの100ルピーだからねプププ
遊んでってよプププ！[ChoiceN]";"C'mon and give your luck a try! What's
100 Rupees these days?[ChoiceN]";"Pour toi, ce sera toujours 100 rubis,
pas un de plus, youyoupou !

Allez, viens jouer, poupouyou ![ChoiceN]";
"遊ぶ！";"Boom boom!";"D'accord !";
"やめときます";"I'll pass.";"Non, merci.";
"おにーさん、いらっしゃーいププ！
待ってたよープププ！";"Well, boom boom! Check you out! I
was wondering if you were going to
give it another try!";"Bienvenue, mon mignon !
Je t'attendais, youpoupou !";
"おにーさんは200ルピーコースまで
遊べるよププ！
どれにするプププ？[ChoiceN]";"Wanna give the Intermediate course a
shot? C'mon—you can't take those
Rupees with you, ya know![ChoiceN]";"Tu peux choisir la formule à
200 rubis, poupouyou !

Quelle formule choisis-tu,
pouyoupou ?[ChoiceN]";
"200ルピー！";"Intermediate";"200 rubis !";
"100ルピーで！";"Beginner";"100 rubis !";
"やめときます";"I'll pass";"Aucune.";
"おにーさん、いらっしゃーいププ！
待ってたよープププ！";"Boom boom! Lookee who just walked
into the room!";"Bienvenue, mon mignon !
Je t'attendais, youyoupou !";
"おにーさんは300ルピーコースまで
遊べるよププ！
どれにするプププ？[ChoiceN]";"Sword boy is gonna be the next
contestant on the Advanced course,
right?! Ya ready for this?[ChoiceN]";"Tu peux choisir la formule à
300 rubis, pouyoupou !

Quelle formule choisis-tu,
youpouyou ?[ChoiceN]";
"300ルピー！！";"Advanced";"300 rubis !";
"200ルピー！";"Intermediate";"200 rubis !";
"100ルピーで！";"Beginner";"100 rubis !";
"やめときます";"I'll pass";"Aucune.";
"え～？
つまんないの～プププ
次は絶対、遊んでってよププ！";"Wha—? Wait a second. Really? Well,
that's just...lame. You better play
next time! I'm watching you!";"Heeein ? Pfff, t'es pas drôle,
youpoupou.

La prochaine fois que tu passes par
ici, viens t'amuser, pouyouyou !";
"あれ～ププ？
おにーさん、ルピー足りないねプププ
ごめんなさ～いププ
ルピー持ってないと遊べないんだあプププ
たくさん稼いだら、また来てねプププ";"Boom boom! Let's get on with the—
Wait a sec... Oh, come on, sword boy!
You don't have enough Rupees!
Sorry! No Rupees, no game! I got an
idea—go out in the wild, collect a
bunch of Rupees, and come back!";"Tiens ? T'as pas assez de rubis,
mon mignon.

Désolée, sans rubis, on peut pas jouer
ici, youpouyou.

Reviens quand tu auras économisé,
pouyoupou.";
"きゃー！
おにーさん、カッコいいーププ！
そうこなくっちゃプププ！
ルールは超カンタンププ！
魔物がイッパイ出てくるから
ひたすらやっつけるのプププ！
おにーさん強そうだけど今日が初めてだから
一番簡単な100ルピーコースがいいかなプププ
100ルピーコースは 5階までだから
おにーさんなら楽勝よププ！
じゃあ、100ルピーいただきま～すプププ";"That's the spirit, sword boy! The rules
are super simple! A bunch of baddies
are gonna attack you. Just beat 'em!
You look like you can take care of
yourself, but since it's your first time,
just stick to the Beginner course.
Just five stages, so it'll be a piece of
boom-boom cake for you! That'll be
100 Rupees. Please and thank you!";"Ouais ! Bravo, mon mignon !


C'est ce que je voulais entendre,
youyoupou ! Les règles sont super
simples, tu vas voir, pouyouyou !
Il y aura tout un tas de monstres et
toi, il faudra que tu les zigouilles,
youpoupou !
Tu as l'air super costaud, mais comme
c'est ta première fois, tu vas jouer à
la formule à 100 rubis, la plus facile.
Elle ne fait que cinq étages, ça ne
devrait pas te poser de problème,
pouyoupou !
Ça fera 100 rubis, youpoupou !";
"お客様1名ごあんなーいププ！
バリバリやっつけちゃってねーププ！";"All right! Have fun in there! And do
come back in one piece.";"Je vous envoie un client, poupouyou !
Surtout, ne lui faites pas de cadeau,
youpoupou !";
"あっ！[Vibrate][Flush]";"[Flush]Oh, shoot-a-doot...[Vibrate][Flush]";"[Flush]
                         Ah ![Vibrate]";
"おにーさん、ごめーんププ！
言い忘れてたーププ！
命の保証は……

ないからねープププ！！";"I forgot to tell you...


Returning alive is NOT
guaranteed! Enjoy!";"Mon mignon, j'ai oublié de te dire,
youpoupou...

     C'est pas garanti que tu
        ressortes vivant !";
"あぁっ！[Vibrate][Flush]";"Ah, lump-dee-dump...[Vibrate][Flush]";"[Flush]
                       Aaah ![Vibrate]";
"おにーさん、ごめーんププ！
言い忘れてたあープププ！";"Silly me! Sorry. Sometimes my mind
just goes boom boom! I forgot to
mention one teensy-weensy thing...";"Mon mignon, j'ai oublié de te dire,
poupouyou...";
"生きてかえってきた人ぉ……";"The number of folks who have
returned alive from this course is...";"   De tous ceux qui ont tenté
          cette formule...";
"いないからねーププププ！！[Vibrate]";"...a big, fat ZERO![Vibrate]


Have fun!";"  ... aucun ne s'en est jamais
  sorti vivant, poupouyou !!![Vibrate]";
"う～ん！
おにーさん、ワンダフルプププ！
そうこなくっちゃププ！

それじゃ、今日も100ルピーコースねププ
このコースは5階までしかないから楽勝よププ
それじゃあ100ルピーいただきま～すプププ";"I love your foxy moxie, sword boy!
So you know the drill!

The course has five floors. Should be
easy as Scoot Fruit pie for you! That'll
be 100 Rupees. Please and thank you!";"Oui ! C'est fantastique, mon mignon !


C'est ce que je voulais entendre,
youpouyou !

Cette fois encore, tu vas jouer à la
formule à 100 rubis. Elle ne fait que
cinq étages, ce sera un jeu d'enfant !
Ça fera 100 rubis, pouyouyou !";
"今までのおにーさんのベストタイムは
[IntNumberN]分[IntNumberN]秒 ププ！
もっともっと上を目指して
ガンバってねプププ！";"So far it looks like your best time is
[IntNumberN], [IntNumberN]!
See if you can top that, sword boy!";"Ton meilleurs temps est de
[IntNumberN] et [IntNumberN],
mon mignon !
Essaie de faire encore mieux,
youpoupou !";
"イェーイ！
おにーさん、ビューティフルププ！
そうこなくっちゃプププ！

200ルピーコースは15階でゴールよププ！
たっぷり 魔物をやっつけてきてねプププ！
それじゃあ、200ルピー いただきま～すププ";"YAY! That's the spirit! The
Intermediate course has 15 floors! 

That's tons of baddies for your
entertainment at the low cost of only
200 Rupees! Please and thank you!";"Ouais ! Superbe, mon mignon !


Je n'en attendais pas moins de toi,
youpoupou !

Dans la formule à 200 rubis, tu dois
franchir 15 étages ! Tu vas pouvoir
dégommer du monstre à la pelle !
Et ça te coûtera 200 rubis,
poupouyou.";
"ブラボー！
おにーさん、ファンタスティックププ！
そうこなくっちゃプププ！

300ルピーコースは50階もあるのよププ！
心行くまで 魔物をやっつけてきてねプププ！
それじゃあ、300ルピーいただきま～すププ";"Well, well, well! Double boom in the
room! I'm so impressed! The
Advanced course has 50 floors!
Beat up baddies to your heart's
delight for the bargain price of only
300 Rupees! Please and thank you!";"Bravo ! Fantastique, mon mignon !


Je n'en attendais pas moins de toi,
youyoupou !

Dans la formule à 300 rubis, tu dois
franchir 50 étages ! Tu vas en manger,
du monstre, youpouyou !
Et ça te coûtera 300 rubis,
youpoupou.";
"おにーさん1名様ごあんなーいププ！
ガンガンやっつけちゃってねーププ！";"INCOMING!";"Je vous envoie un mignon !
Faites-lui sa fête, pouyouyou !";
"おにーさん1名様ごあんなーいププ！
ドッサリやっつけちゃってねーププ！";"INCOMING!";"Je vous envoie un mignon !
Faites-lui comprendre sa douleur,
poupouyou !";
"おにーさん1名様ごあんなーいププ！
ガッツリやっつけちゃってねーププ！";"INCOMING!";"Je vous envoie un mignon !
Faites-lui mordre la poussière,
youyoupou !";
"おかえりなさーいププ！
おにーさん、とってもカッコよかったよププ！
で、今回のおにーさんのクリアタイムは……
[IntNumberN]分[IntNumberN]秒ププ！";"Wow! You made it back! That's, like...
crazy!

Your clear time was... 
[IntNumberN], [IntNumberN]!";"Te revoilà, mon mignon !
Ce que tu avais la classe quand tu
combattais, poupouyou !
Cette fois-ci, tu as mis...
[IntNumberN] et [IntNumberN],
mon mignon !";
"おかえりなさーいププ！
おにーさん、今日も強かったよプププ！
で、今回のおにーさんのクリアタイムは……
[IntNumberN]分[IntNumberN]秒ププ！";"I can't believe it! Well, I CAN believe
it, but...I CAN'T believe it! Amazing!

Your clear time was...
[IntNumberN], [IntNumberN]!";"Te revoilà, mon mignon !
Encore une fois, tu as été super
costaud, youyoupou !
Cette fois-ci, tu as mis...
[IntNumberN] et [IntNumberN],
mon mignon !";
"おにーさん、すごーいププ！
よく生きて帰って来れたねープププ！
で、今回のおにーさんのクリアタイムは……
[IntNumberN]分[IntNumberN]秒ププ！";"Boom boom! You brought the doom!
You're one of a kind, sword boy!

Your clear time was...
[IntNumberN], [IntNumberN]!";"Bravo, mon mignon !
Je pensais pas te revoir vivant,
youyoupou !
Cette fois-ci, tu as mis...
[IntNumberN] et [IntNumberN],
mon mignon !";
"次からこのクリアタイムを更新できたら
オマケのルピーあげるから頑張ってププ！
そして、このコースをクリアしたおにーさんは
次から200ルピーコースも遊べるよププ！
200ルピーコースは15階もあるのプププ！
たっぷり魔物をやっつけられるよププ！
しかも、このコースをクリアできたら
ハートのかけらがもらえちゃうのププ！
1回 たったの200ルピーだから
気軽に遊んでってププ！";"Tell ya what—if you can beat that
time on this course, I'll add some
extra Rupees to your reward stash!
And since you cleared this course,
you can try the Intermediate course
next time if you want to!
The Intermediate course is 15 levels!
Lots of baddies AND a piece of heart
waiting for you at the end!
It only costs 200 Rupees to try it out!
Have I sold you on it yet?";"À partir de la prochaine fois, si tu
améliores ton temps, je te donnerai
des rubis en plus, poupouyou !
Et comme tu as terminé cette formule,
tu peux maintenant essayer celle
à 200 rubis, youyoupou !
Elle fait 15 étages, tu auras de quoi
frapper du monstre, pouyouyou !

Et en plus, si tu la termines, tu
pourras gagner un fragment de cœur,
youpouyou !
Ça te coûtera 200 rubis la partie,
alors n'hésite pas, youpoupou !";
"次からこのクリアタイムを更新できたら
オマケのルピーあげるから頑張ってねププ！
そして、このコースを初めてクリアした
おにーさんには何と……ププ！
副賞がありま～すプププ！";"If you can beat your time on this
course, I'll give you some extra
Rupees for your pockets!
And since you cleared this course
for the first time, I have something
special for you...";"À partir de la prochaine fois, si tu
améliores ton temps, je t'offrirai des
rubis supplémentaires, pouyouyou !
Et comme c'est la première fois que tu
termines cette formule, mon mignon...

... tu as droit à un cadeau en plus,
youpoupou !";
"しかも、このコースをクリアしたおにーさんは
次から300ルピーコースも遊べるよププ！
300ルピーコースは50階もあるのプププ！
心行くまで 魔物をやっつけられるよププ！
1回 たったの300ルピーだから
気軽に遊んでってププ！";"You know what? You should really
take a crack at the Advanced course
next time!
The Advanced course has 50 floors!
You can beat up baddies to your
heart's delight!
It costs 300 Rupees, so give it a try
next time!";"En plus, comme tu as terminé cette
formule, la prochaine fois, tu pourras
choisir celle à 300 rubis !
Dans la formule à 300 rubis, il y a
50 étages ! De quoi zigouiller des
monstres à cœur joie, youpoupou !
Chaque partie coûte 300 rubis, alors
n'hésite pas, pouyoupou !";
"次からこのクリアタイムを更新できたら
オマケのルピーあげちゃうから頑張ってねププ！
そして、このコースを初めてクリアした
おにーさんには何と……ププ！
副賞がありま～すプププ！";"If you beat your time on this course,
I'll give you some extra Rupees just
for the extra effort!
Oh yeah...and I have a wee little
something special you might be
interested in as well...";"À partir de la prochaine fois, si tu
améliores ton temps, je t'offrirai des
rubis supplémentaires, youpoupou !
Et comme c'est la première fois que tu
termines cette formule, mon mignon...

... tu as droit à un cadeau en plus,
pouyoupou !";
"これでカンテラでもガンガン
敵をやっつけられるよプププ！
試してみてねププ！

ところで実は、ご褒美がもう一つあるのププ！
欲しい？
欲しいよねププ？

もちろん、もう1回300ルピーコースを
クリアしてくれたら差し上げますププ！！
その時は虫をつかまえるアレを
持って来てねプププ
約束だよププ！";"Now you can even use your lamp
on your enemies! It's hot stuff!

Oh yeah... I've got another very
special prize for you. That's only if
you're interested, of course.
To get it, all you have to do is clear
the Advanced course again!

When you come back to do that,
be sure you have one of those bug-
catching thingies with you. OK?";"Comme ça, tu pourras éliminer tes
ennemis à coup de lanterne,
pouyoupou !
Tu devrais essayer, youpoupou !


Au fait, j'ai encore une autre
récompense pour toi, poupouyou !
Tu la veux ?
Tu la veux, hein, youpoupou ?


Bien sûr, pour l'avoir, il te faudra
terminer la formule à 300 rubis
encore une fois, poupouyou !
Et il faudra que tu aies sur toi un truc
pour attraper les insectes, youpouyou.

Promets-moi que tu reviendras,
youyoupou !";
"ところで、おにーさんプププ！

おにーさんは2回も
300ルピーコースをクリアしましたププ！
それじゃあ、お約束の副賞で～すプププ！";"Oh, mah... Oh, mah! That's all I can
say. Literally. Just...oh, mah...

Boom boom and sweep like a broom!
You've cleared the Advanced course
twice now, sword boy!
As promised, here's an extra-special
prize for you!";"Mais dis-moi, mon mignon !


C'est la deuxième fois que tu termines
la formule à 300 rubis, pouyoupou !

Alors voilà la récompense que je
t'avais promise, youpouyou !";
"これでムシ獲りアミでもビシバシ
敵をやっつけられるよプププ！
楽しいねププ！

これで副賞は2つともあげちゃったけど……
もう来ない、なんて言わないよねプププ？
ね……ププ？";"Now you can even use your net to
beat up enemies! How fun is that?

Even though I've given you my special
prizes, will you still visit? Don't forget
about me, OK?! Please and thank you!";"Maintenant, tu vas pouvoir terrasser
tes ennemis à coups de filet à
papillons, youpoupou !
C'est super rigolo, poupouyou !


Je t'ai donné les deux cadeaux que
j'avais à t'offrir... mais tu reviendras
quand même me voir, promis ?
Promis... pouyouyou ?";
"ところで、おにーさんププ！

おにーさんは、虫をつかまえるアレを
やっと持って来てくれましたプププ！
なので、お約束の副賞で～すププ！";"Looks like you finally brought your
bug-catching thingy! As promised,
then, here is a special prize!";"Au fait, mon mignon !


Tu m'as enfin apporté un truc pour
attraper les insectes, pouyoupou !

Alors, comme promis, voilà ta
récompense, youpoupou !";
"ところで、おにーさん……次に遊ぶ時は
虫をつかまえるアレ、お願いしたよねププ？
持ってないから副賞あげられないププ！
もう、ドジなんだからプププ！
今度こそ虫をつかまえるアレ
ちゃんと持って来てよねプププ！";"Wait a second... I totally told you to
bring a bug-catching thingy, didn't I?

Well, I have a boom-boom awesome
prize for you, but if you can't follow
some simple directions... C'mon!
Just beat the Advanced course again
and make sure you have a cute bug-
catching thingy when you do it! OK?";"Dis donc, mon mignon... Je t'avais
bien dit de prendre un truc pour
attraper les insectes, non ?
Et comme t'en as pas sur toi, je peux
pas te donner ton cadeau, gros bêta !

La prochaine fois, n'oublie pas de
rapporter un truc pour attraper les
insectes, youpouyou !";
"すごーい！
記録更新だプププ！！
それじゃ、オマケでこれあげちゃうププ！";"A new record! Boom boom all around!
Here's an extra bonus for you!";"Ouah ! Tu as battu ton record,
youyoupou !

Alors, tu as droit à un petit bonus,
poupouyou !";
"ざんね～ん……ププ
記録は更新できなかったねププ
次は頑張ってププ！";"Awww, too bad... That is so not boom
boom for you. You didn't break your
record, but better luck next time!";"Dommaaage, youpouyou...
Tu n'as pas réussi à battre ton record,
pouyouyou.
Il faudra que tu fasses mieux la
prochaine fois, youpouyou !";
"それじゃ、またのご来店を
お待ちしてま～すプププ！";"Just lemme know if you want another
go at it! I'm not going anywhere!";"Reviens quand tu veux !
Je t'attendrai, pouyouyou !";
"おにーさん、また来てねプププ！
約束だよププ！";"Promise me you'll come back, OK?
Please and thank you!";"Tu reviendras me voir, hein, mon
mignon ? Promets-le-moi,
youpouyou !";
"山頂にそびえし氷の遺跡に
近づきし者には災いが訪れん";"Oh, a dire fate awaits those who
approach the Ice Ruins atop the
mountain's peak.";"Malheur à quiconque s'approche
des ruines de glace qui
reposent au sommet de la montagne.";
"氷の遺跡を目指す者は
北に進むべし

この後、汝の命が続くならば……";"O ye fool who seeketh the Ice Ruins,
travel north.";"Pour les ruines de glace gagner,
vers le nord tu dois continuer.

Si tu parviens à survivre
jusque là-bas...";
"この先 氷の遺跡 ↑
命の惜しくない者は進むべし
";"Oh, what fools dare to approach the
dreaded Ice Ruins just ahead...?";"↑ Ruines de glace.
Si vous ne tenez pas
à la vie, avancez.";
"明かり…ですか……

この教会に明かりが灯るなんて
……3年ぶりでしょうか？
世の中が荒れ、神を信じる者がいなくなり
ここに来る村人はいなくなってしまいました
もう、この国は
おしまいかもしれませんねぇ";"Ah, light...! How long has it been
since I knew such a comfort?

Three years...? Or an eternity...?
The world outside has long darkened
with the menace of the masked.
*sigh* What is a little light against
the rising dark?

No one honors the gods anymore.
So beware, child. The end is at hand.";"De... De la lumière... ?


Ça faisait bien trois ans qu'on n'en
avait pas vu dans ce sanctuaire...

Ce monde est ravagé... Plus personne
ne vénère nos Dieux... Plus personne
ne vient ici...
On dirait bien que ce pays court à
sa ruine.";
"人々は……
神を信じる心を失ってしまいました
……私も心が折れそうです";"Nobody bothers coming to this place
anymore. But even I must wonder,
have we abandoned the gods...
or have they abandoned us?";"Plus personne n'a foi en nos Dieux.


... Cela me brise le cœur.";
"お、お前さん！
オラが見えるだか？";"C-can it be? You can see Dampé?";"Hé... Hé ! Tu m'vois ?";
"人に話しかけられるのなんて
10年ぶりだべ……
……いや……20年？
30年……？
何にしても、久しぶりだべ～";"Not a soul has spoken to Dampé for
so long. Dampé's old bones are near
to falling apart—it's been so long!";"Euh, c'est à moi que tu parles ?
Ça faisait bien 10 ans que personne
m'avait adressé la parole...
Ou... euh... 20 ans ?
30 ans... ?

Bref, ça faisait longtemps !";
"オラ、ここの墓守だったんだべ
もう墓はなくなっちまったけどな……
墓と一緒に、オラここで何か大事なモンを
守ってた気がするんだべが……
……まぁ
それも今となってはいい思い出だべ";"Dampé used to be the gravekeeper
here, but now there aren't any
graves to keep.
Was there something the graves were
protecting...? Dampé can't even
remember.";"J'étais le fossoyeur du cimetière,
avant. Enfin, quand y en avait encore
un...
Quand j'gardais les tombes, j'avais
l'impression de protéger quelque
chose d'encore plus important...
Mais c'est plus qu'un bon souvenir,
maintenant.";
"お前もコッチの世界に来るか？
魔物も襲ってこねぇし、悪くねぇべ？
……なぁんてな
冗談だべ、冗談……";"You gonna join Dampé here on the
other side? It's not so bad. Monsters
never bother Dampé.
Ha, you know, Dampé is just pulling
your leg!";"Tu veux pas me rejoindre dans mon
monde ? Les monstres t'attaquent
pas ici, tu sais !

Je plaisante, bien sûr, je plaisante...";
"おう、ガキんちょ！

どうだい？
ずいぶん荒れてるだろ、この村
そりゃー、俺たちだってよ
すさんだ盗賊稼業なんざ、やりたくねーんだ
でもよ、足洗おうったって
気がつけばまた、盗みに入ってるのさ
そういえば……
そんな歌があったなぁ……";"♪ Many years ago, I felt so free...
Thought I chose the thief's life,
but it really chose me.
♪ Every time I say I'm a-leavin',
this accursed life sets me
right back to thievin'!
Oh! Hey there, little guy! Sorry. I was
just singing out loud. It's an old tune.
You probably wouldn't know it.
Whaddya think of this place? Little
too rough for ya, eh?

I don't mind it so much. At least
there's still a strong musical culture
in this town. It's a tradition with us!";"Salut, gamin !


Il est dans un sale état not' village,
hein ?

Tu sais, on est pas des mauvais
bougres, c'est pas de gaieté de cœur
qu'on vole les gens.
Mais quand on essaie de se ranger,
on n'y peut rien, c'est dans not' sang,
le vol revient comme le chiendent.
Tiens... Ça me rappelle les paroles
d'une chanson que ma mère me
chantait pour m'endormir...";
"これはウワサだけどな……
盗賊の女がよ
親分が隠し持った大事なモンの
ありかを知っちまったらしいんだ
口止めとして牢屋にぶち込まれたらしい
一生出て来れないだろうなぁ～
世の中には知らんほうがいいこともある
知りすぎたのは～深い闇～って言うしなぁ";"♪ Boss went and hid my thief girl
away where no one could hear
what she had to say.
♪ Sometimes it hurts too much t'care.
Ya think knowledge is power,
but it's really despair...
Huh? Whadda you starin' at?!
Look, I don't know nuttin' about that
thief girl, OK?! It's just a song!
Boss locked her up somewhere and
threw away the key! Why'd he gotta
go and do that...? Why...?";"J'ai entendu une rumeur à propos
d'une jeune voleuse...

Elle aurait découvert l'endroit où le
chef des bandits a caché un truc
important.
Et pour qu'elle se taise, il l'a enfermée
dans un cachot. Elle y restera
sûrement jusqu'à la fin de ses jours.
Des fois, y a des trucs qu'il vaut mieux
pas savoir.

Comme on dit par ici :
« À toujours vouloir tout savoir
tu iras croupir dans le noir. »";
"ふみはずしたのは～♪
ほそいみち～……フンフン～♪
あっ、何だテメー！？
人が気持ちよく歌ってる時によ
なに？
絵？
そんな趣味持ってるなんて
盗賊の親分くらいだ
確か……最近、変な絵を手に入れて
隠し持ってるらしいぜ
絵の隠し場所なら
盗賊の女が知ってるって話だ
名前は知らねえ
そう言えば……最近、姿を見ねえな";"Met the boss of our little village here?
Heh heh. Yeah, he wouldn't waste
time on someone like you.
He's busy stashin' away that new
painting he's got. Thing must be worth
a fortune...
If that thief girl knows where it is, she
best keep her trap shut! Unless she
wants to tell me where it is! Heh heh!
That whole thing kinda inspired me,
actually. Wanna hear my latest ditty?

♪ Oh ho ho! Wrong place, wrong time,
and the boss will be glad
to put you back in line!
♪ A smart thief fears the boss's wrath!
I'd rather be on a cliff
walkin' a narrow path!";"Battant la campagne, petit galopin♪
Tu as trébuché au bord du chemin♪
Toudoudoudou doudoudoudou♪
Hein ? T'es qui, toi ?
Ça te prend souvent d'enquiquiner
les gens quand ils chantent ?
Quoi ? Un tableau ?


Y a que le boss du village qui pourrait
s'intéresser à ce genre de trucs.

D'ailleurs... il paraît qu'il a trouvé
un drôle de tableau et l'a caché
quelque part.
Et on dit qu'il y a une voleuse qui sait
où il est caché.";
"ん？
誰かおもてにいるのかあー？
誰だあー？

入りたかったら俺に続いてあの歌を
くちずさんでみろ
当然知ってるだろ？
じゃあいくぞ、続け～";"Who's there?! Nobody gets past me
'less you know all the words to the
ultra-secret-thief-password song.
I'll start the lyrics, and you finish 'em!
That is, if you can! Here we go.
Ahem...";"Hein ?
Y a quelqu'un à la porte ?

Qui es-tu ? Parle !


Si tu veux rentrer, complète les
paroles de la chanson que je vais
chanter.
Tu vois de quoi je veux parler, non ?
Bien, alors en avant...";
"踏み外したのは～[ChoiceN]";"♪ A smart thief fears the boss's wrath!
I'd rather be on a cliff
walkin'... [ChoiceN]";"Battant la campagne, petit galopin,
Tu as trébuché au bord...[ChoiceN]";
"高い崖";"the precipice.";"du ravin.";
"細い道";"a narrow path.";"du chemin.";
"平均台[ChoicePositive]";"a virtuous path.[ChoicePositive]";"du terrain.[ChoicePositive]";
"知りすぎたのは～[ChoiceN]";"♪ Sometimes it hurts too much t'care.
Ya think knowledge is power,
but it's... [ChoiceN]";"À toujours vouloir tout savoir,
Tu iras croupir...[ChoiceN]";
"暗い闇";"really a snare.";"sans espoir.";
"自分だけ";"really a bear.";"sale cafard.";
"深い闇[ChoicePositive]";"really despair.[ChoicePositive]";"dans le noir.[ChoicePositive]";
"気がつけばまた～[ChoiceN]";"♪ Every time I say I'm a-leavin',
this accursed life sets me
right back... [ChoiceN]";"On n'y peut rien, c'est dans not' sang,
le vol revient comme...[ChoiceN]";
"盗賊稼業";"to thievin'!";"le chiendent.";
"財宝探し";"to adventurin'!";"le beau temps.";
"はみ出し者[ChoicePositive]";"to deceivin'![ChoicePositive]";"c'est troublant.[ChoicePositive]";
"おっ！
お前、いい声してんなー！
入りなー";"Wow...
What a fetching voice...
Come on in, buddy!";"Hé ! Mais tu sais que t'as une jolie
voix ?

Allez, entre !";
"全然違うじゃねーか
お前何モンだ？
とっとと失せな！";"...Wait a second! You don't even know
the song, do ya?!

Get outta here before I call the boss!";"Mais c'est pas ça du tout !
T'es qui, toi ?

Dégage d'ici !";
"この先に絵を隠してある家があるわ
ついてきて";"You're looking for that painting, yah?
That one of the kinda younger...elder-
looking fella?
I'll show you where it's hidden. C'mon.
Follow me.";"La maison où est caché le tableau se
trouve par ici. Suis-moi.";
"これでしょ？
この絵、いったい何なの？
……

……そういえばこの絵
壁画になった時のアンタによく似てる
何か関係があるの？
アンタは何者なの？
……いや
これ以上は聞かないでおくわ
世の中には
知らないほうがいいこともあるしね
さよなら、ありがとね";"This is the one, right? Don't see what
the big deal is. What's so special
about this painting?
Hm... Actually, now that I look at it, it
is kinda interesting. I really like the
whole...flat kinda look going on there.
It almost looks like he just walked
right into the painting and got trapped
there, ya know...?
Listen to me! Gettin' all wrapped up in
a painting! Anyway, thanks for getting
me out of that dungeon. See ya.";"C'est bien ça, non ?
C'est quoi, ce drôle de tableau ?

...


... Il ressemble beaucoup à
l'apparence que t'as quand tu te
transformes en peinture murale.
Est-ce que ça a un rapport ?
Et qui es-tu vraiment, à la fin ?

... Non, je te poserai plus de
questions...

Il y a des choses qu'il vaut mieux
pas savoir...

Adieu.
Et merci.";
"世の中は荒れておる
だが……盗賊などにはなってはいかん
盗賊などになっても
心が汚れるばかりじゃ
人間は汚らわしい……
信じられるのは……魔物だけじゃ！
お前も仮面をつけ、そして唱えるんじゃ！
魔物に生まれ変わるために！
むんじゃら～、もんじゃら～
むんじゃら～、もんじゃら～";"Though we have seen the world
crumble before us, we must not give
in to the corruption of thievery!
Monsters can keep you strong! They
are your only salvation, my son! You
must don the mask! Don the mask!
We are corrupt. CORRUPT! Do not be
deceived. Only monsters will save us
now! Mumbo jumbo, mumbo jumbo...";"Notre monde s'effondre, mais ce
n'est pas une raison pour devenir
un bandit. À quoi ça servirait ?
Ils ne sont pas plus en sécurité
que les autres. Les humains
sont si fragiles...
Mais garde confiance, et rapproche-toi
des monstres.

Toi aussi, porte un masque ! Viens
prier avec nous ! Et tu te réincarneras
en monstre !
Mounjalah, monjalah !
Mounjalah, monjalah !";
"こ、この村には盗賊のアジトがあって
こわくて、こわくて……
かといって、盗賊になる勇気もないし……
もう教祖様におすがりするしかないんだ……
こんなひどい世界
さっさとドロンしたいよ……
むんじゃら～、もんじゃら～
むんじゃら～、もんじゃら～";"Those statues at the north edge of
town are entrances to some sort
of hideout.
It gives me the chills just looking at
them!

I once knocked on the door, but they
told me to make like a piece of fruit
and scoot!
Ohh, I wish I had the strength to leave
this terrible place entirely!

Mumbo jumbo, mumbo jumbo...";"Il... Il y a un repaire de bandits dans
ce village. Ils me font peur...

Je n'ai pas le courage de devenir un
bandit. Je n'ai pas d'autre
choix que d'écouter notre gourou...
Je n'ai rien à faire dans ce monde...
Tout ce que je veux, c'est m'enfuir...

Mounjalah, monjalah !
Mounjalah, monjalah !";
"この仮面はね……
つけると少しでも魔物になれる気がするのっ！
すごいと思うでしょ！？
思いなさいっ！
こんな物騒な村で
私が生き残る唯一の方法よっ！
悪い！？
悪くないと言いなさいっ！
ま、アンタも魔物になることね
そうすることで救われるのよっ！
分かったっ！？
むんじゃら～、もんじゃら～";"I can't see a thing in this mask! Just
what kind of monster are you
supposed to be?!
You're not that thief girl, are ya? I
heard you were supposed to be locked
up inside a cell somewhere! 
What a mask you got there! Being a
monster is so calming, ya know?!
Don'tcha think? Well, don'tcha?! EH?!
The only way to get saved is to
become a monster! C'mon! Get saved!
Mumbo jumbo, mumbo jumbo...";"Lorsque je porte ce masque, j'ai
l'impression d'être un monstre !

C'est merveilleux, tu ne trouves pas ?
Trouve que c'est merveilleux !

C'est le seul moyen que j'ai trouvé de
survivre dans ce dangereux village.

Tu trouves que c'est mal ?!
Dis que ce n'est pas mal !

Alors toi aussi, rapproche-toi des
monstres et tu trouveras le salut !

T'as compris ?
Mounjalah, monjalah !";
"～俺たち盗賊のアジト　入り口～

　用があるヤツはノックしな";"-Our Hideout Entrance-

Knock or scram!";"- Entrée du repaire des bandits -

Si vous voulez nous voir, frappez.";
"むんじゃら～、もんじゃら～
むんじゃら～、もんじゃりゃっ
あたたた……
……また、舌をかんじまったよ
私は教祖様の家に
雇われている家政婦なんだ
教祖様がこれも仕事の内だって
言うもんだからねぇ……
まあ雇い主のリクエストに応えるのが
プロの家政婦ってもんさ
あんたも邪魔すんじゃないよ
さっさとどっか行きな
むんじゃら～、もんじゃら～
むんじゃら～、みょんじゃ……";"Mumbo jumbo, mumbo jumb—OUCH!
Argh, I bit my tongue again!

I'm the guru's housekeeper. If the
guru says that this is part of the job,
then who am I to complain?
You're a tight-lipped sort, eh? Well,
if you don't have any business here,
scram! I'm tending to...business.";"Mounjalah, monjalah !
Mounjalah, monjalah !

Aïe ! Je me suis encore mordu
la langue...

Je suis la femme de ménage du
gourou.

Il dit que réciter cette incantation
fait aussi partie de mon travail...

Enfin... un vrai professionnel doit
se soumettre aux requêtes de son
employeur, même les plus farfelues !
Dis donc, tu me gênes,
débarrasse-moi le plancher.

Mounjalah, monjalah !
Mounjalah, myonja...";
"何だ、ニィちゃん……
新顔だな
この店は魔物が荒らしてくれるおかげで
どんどん客が増える……
ふざけんじゃねぇ！！

オレ様はな、ゆっくり一人ミルクが
飲みたいんだよ！
さあ、とっとと出て行ってくれ！";"Whaddya want?! Scram, brat!


What with all the monsters running
around, more and more folks are
taking refuge in here. 
Customers everywhere...


IT REALLY GETS MY GOAT!


I just want to drink a little bit of milk in
peace! Why can't everyone just leave
me alone and scram?!";"Qu'est-ce que tu veux ?
Je t'avais jamais vu dans le coin.

Depuis que les monstres saccagent le
village, j'ai de plus en plus de clients.


	 Et ça m'énerve !

Tout ce que je veux, c'est rester tout
seul à boire mon lait tranquillement !

Allez, fiche le camp !";
"王家なんかに仕えたって……

世の中が、こんなになったのは
元々あいつらのせいじゃないか
村は盗賊と変な仮面の連中ばかりだろ
もう、どうしようもないのさ";"Here I am working for the royal family.
As if it weren't their fault things have
fallen apart!
Look around, kiddo. It's all thieves and
creepy masked folks in this village.
There's nothin' royal about this place.";"Ça me fait une belle jambe d'être au
service de la famille royale...

Après tout, c'est leur faute si le
monde est dans cet état.

Dans ce village, il n'y a que des
voleurs et des zinzins masqués.
C'est déprimant.";
"アタイ、強そうにみえる？[ChoiceN]";"Uh, hey. Think I look strong?[ChoiceN]";"Est-ce que j'ai l'air forte ?[ChoiceN]";
"強そう";"Sure";"Oui.";
"弱そう[ChoicePositive]";"No way[ChoicePositive]";"Non.[ChoicePositive]";
"あんた……ウソついてるね
耳がピクピクしてるよ
こう見えてもアタイ
痛快！大バトル道場の常連なんだ
痛快！大バトル道場を知らないの？

北の方にデスマウンテンがあるでしょ
その頂上にある強者の遊び場だよ";"You lying? Cuz your ears twitched
real funny there. Mine do that when
I lie. They twitch ALL the time.
Anyway, I may not look it, but I'm a 
regular at the Treacherous Tower.

Whaddya mean, you've never heard of
the Treacherous Tower?!

Well, you know Death Mountain?
It's right on top of that. It's where all
the tough guys go for fun.";"Dis donc... On ne t'a jamais dit que
c'était pas beau de mentir ?

Je n'en ai peut-être pas l'air, mais
je suis une habituée de la tour de
l'escarmouche.
Tu connais pas la tour de
l'escarmouche ?

Tu vois la montagne de la mort, au
nord ? La tour est au sommet. Tous
les costauds vont s'y amuser.";
"正直だね

こう見えてもアタイ
痛快！大バトル道場の常連なんだ
痛快！大バトル道場を知らないの？

北の方にデスマウンテンがあるでしょ
その頂上にある強者の遊び場だよ
人を見かけで判断するようじゃ
まだまだね";"You call it like you see it, eh?
I'm sorry to say you're right... I'm
weak. So...so weak...
I'm training, though. I'm trying to
become a regular up at the
Treacherous Tower.
What, you've never heard of the
Treacherous Tower? 

Well, you know Death Mountain?
It's right on top of that. The place
attracts some tough customers.
Be careful about going around judging
people by their appearance, boy. If I
were stronger, I'd teach you a lesson!";"Toi au moins, tu es franc.


Je n'en ai peut-être pas l'air, mais
je suis une habituée de la tour de
l'escarmouche.
Tu connais pas la tour de
l'escarmouche ?

Tu vois la montagne de la mort, au
nord ? La tour est au sommet. Tous les
costauds vont s'y amuser.
Mais si tu juges les gens à leur
apparence, c'est que tu n'es pas
encore prêt pour y aller.";
"ウデに自信があるなら
痛快！大バトル道場に行ってみるといいね
デスマウンテンの頂上だから
たどり着くだけでも大変だけどね";"Got faith in your sword arm, boy?
Go to the Treacherous Tower, and
put your money where your mouth is.
It's up on top of Death Mountain.
Just getting there is something of an
achievement, if you ask me.";"Si tu penses être assez fort, va
donc faire un tour à la tour de
l'escarmouche.
Mais encore faut-il que tu arrives
jusque là-bas vivant. Elle se trouve au
sommet de la montagne de la mort.";
"魔物たちに、コッコの小屋が壊されて
商売あがったりなのよね！
私のかわいいコッコちゃんが
みんな逃げちゃったのよ！
残るはこのタマゴたちだけ……

お前たちだけは
必ず私が守り抜いてやるからね";"Poor little Cuccos. Their coop got all
smashed up.

All that's left is these eggs... Don't
worry little eggies, I'll make sure
nothing happens to you.";"La cabane des cocottes a été détruite.
C'est pas bon pour les affaires !

Pfff, et toutes mes petites cocottes
se sont enfuies !

Tout ce qu'il me reste, c'est ces œufs.


Mais ne vous inquiétez pas, mes
bébés... Je vous protégerai jusqu'au
bout...";
"ヒィー！！
イ、イノチバカリハ オタスケヲ……
コ、コレデ ミノガシテオクレヨ……";"P-p-please spare my life...


Here. I'll give you this. Just leave 
me alone!";"Hiiii !!!
T... Toi épargner vie de moi...

M... Moi donner ça à toi...";
"……モシカシテ タリナイノ？[ChoiceN]";"Now please go![ChoiceN]";"... Est-ce que peut-être ça pas
suffire ?[ChoiceN]";
"うん";"Not quite yet.";"Non.";
"いいや";"I'll go.";"Si, si.";
"ジャア、コレデ ミノガシテヨ……";"Fine! Here! Just leave me be...";"Alors, moi donner ça et toi pas faire
mal...";
"マ、マダ タリナイ？[ChoiceN]";"Surely that's enough?![ChoiceN]";"Ça... Ça pas encore suffire ?[ChoiceN]";
"うん！";"More! More!";"Non !";
"十分です[ChoicePositive]";"That's plenty.[ChoicePositive]";"Si, ça ira.[ChoicePositive]";
"モ、モウ ジュウブンダヨネ？[ChoiceN]";"Surely that's enough?[ChoiceN]";"Main... Maintenant, ça suffire, hein ?[ChoiceN]";
"まだまだ！";"Not even close.";"Pas encore !";
"十分です[ChoicePositive]";"That'll do.[ChoicePositive]";"Ça suffit.[ChoicePositive]";
"コ、コレデ サイゴダヨネ……？[ChoiceN]";"This will do, right...?[ChoiceN]";"Cette... Cette fois, dernière fois,
hein... ?[ChoiceN]";
"もっと！";"Keep going...";"Encore !";
"十分です[ChoicePositive]";"It'll do.[ChoicePositive]";"Oui, c'est bon.[ChoicePositive]";
"コンドコソ、ミノガシテヨ……";"Take this too. Just leave me be!";"Maintenant, toi laisser moi...";
"モウコレデ カンベンシテ……";"Have this! Just spare me, please!";"Bon, alors moi donner ça et après toi
partir...";
"コレデ サイゴニシテヨ……";"Please! This is all I have to spare...";"Ça, derniers des derniers...";
"エエッ！？
ホントニ コレデ サイゴニシテネ……";"Please! No more! Please?! I can give
you no more! Have mercy!";"Hein ?!
Alors ça vraiment dernier pour de
vrai...";
"ソ、ソンナ……
モウ、ルピー モッテナイヨ……
コンナニ タクサン アゲタノニ……
ミノガシテ クレナイナンテ……
ウ、ウ……ウウッ……";"Why would you take all mah Rupees?


What kind of monster would do that...?
*sob* *sniffle*";"Mais, mais...
Moi, plus rubis...

Moi donner toi tout plein beaucoup...
Et toi veux pas laisser moi tranquille...

Ouh, ouh... Ouuuuh...";
"ウ……ウウッ……";"I can't... I can't take this anymore...";"Ouh... Ouuuuh...";
"ウワアァーン！！！[Flush][Vibrate]";"
GIMME BACK MAH RUPEES!!![Flush][Vibrate]";"[Flush]
        OUAAAAAAAARGH !!![Vibrate]";
"タ、タスカッタ……
アリガトウ！";"Safe... I'm safe...
Thank you so much!";"Moi... Moi avoir eu chaud...
Merci !";
"ルピー アゲタコト……

ミンナニ ナイショダヨ";"Please don't tell anyone I paid you off.
I have a reputation to protect. Let's
keep this a secret to everybody.";"Toi pas dire que moi donner toi rubis.
Ça secret pour tout le monde.";
"何だ？
初めて見る顔だな
ここは宝箱の部屋ってんだ

200ルピーよこせば好きな宝箱を3つ
開けさせてやるぜ！
中にはハートのかけらっていう
お宝もあるんだぜ！";"If yer lookin' for some easy treasure,
yer in the right spot. I call this
Fortune's Choice.
For 200 Rupees, you can open any
three treasure chests. Your choice.
Maybe fortunate. Maybe not.
Might even be a piece of heart in
one of 'em. Heh heh heh...";"T'es qui, toi ? Je t'avais jamais vu
ici, avant.

Ici, c'est la salle des coffres.


Si tu me files 200 rubis, t'auras le
droit d'ouvrir trois coffres de ton
choix !
Parmi les trésors que tu peux gagner,
y a même un fragment de cœur !";
"どうだ？
200ルピーで運を試してみるか？
ヘッヘッヘ……[ChoiceN]";"C'mon, don't Cucco out on me.
Wanna try your luck for 200 Rupees?[ChoiceN]";"Qu'est-ce que t'en dis ? Tu veux
tenter ta chance pour 200 rubis ?

Héhéhé...[ChoiceN]";
"やる！";"Sure";"Oui !";
"やめとく";"I'll pass";"Non, merci.";
"よう！
こりずにまた来やがったな";"You're back again, eh? Some people
just can't get enough.";"Tiens ! Te revoilà, toi !";
"どうだ？
1回200ルピーでやってくか？[ChoiceN]";"Wanna give it a go for 200 Rupees?[ChoiceN]";"C'est 200 rubis la partie, qu'est-ce
que t'en dis ?[ChoiceN]";
"やる！";"Sure";"Allons-y !";
"やめとく";"I'll pass";"Non, merci.";
"どうだ？
1回200ルピーでやってくか？[ChoiceN]";"How about it?
Test your luck for 200 Rupees?[ChoiceN]";"C'est 200 rubis la partie.
Tu veux jouer ?[ChoiceN]";
"やる！";"Sure";"Oui !";
"やめとく";"I'll pass";"Non, merci.";
"ヘヘッ、そうこなくっちゃ！
じゃあ、ちょっと待ってろ！";"Heh heh. That's the spirit!";"Héhé, c'est ce que je voulais
entendre ! Attends une seconde !";
"まいど！
また来いよ！";"Thanks a lot! Come again.";"Merci bien !
À la revoyure !";
"ケッ！
おととい来やがれ！";"What are you doing wasting my time
then?! Get outta here!";"Pff... Tu sais pas ce que tu rates !";
"てめえ……ルピーが足りねぇじゃねぇか！

200ルピー耳をそろえて持ってきやがれ！";"Look, pal, I didn't just fall off the
Scoot Fruit cart, all right? 

Come back when you got 200 Rupees!";"Dis donc... T'as pas assez de rubis !


La maison fait pas crédit ! Reviens
quand t'auras 200 rubis !";
"ホレ、どれでも好きなの
3つ開けていいぞ！";"Go on now—open up any three! You
can't go wrong! Heh heh heh...";"Allez, ouvre les trois coffres de ton
choix !";
"コラ！
ちゃんと3つ開けてけよ！";"Hey! What's the matter with you?!
Open up three chests! C'mon!";"Hé ! T'as pas encore ouvert tes trois
coffres !";
"そいつは[InsertMark]だ
持ってて損はねえ
[IntNumberN]ルピーだ
買ってくかい？ [ChoiceN]";"That's a [InsertMark].
It's [IntNumberN].
Do you want to buy it?[ChoiceN]";"Ça, c'est une [InsertMark].
[IntNumberN].

T'achètes ?[ChoiceN]";
"買う";"Buy";"J'achète.";
"買わない";"Don't buy";"Non.";
"ビンを持って出直してきな";"You don't have a container.";"T'as pas de récipient.";
"ビンの中身を空けて出直してきな";"You don't have an empty bottle.";"T'as pas de flacon vide.";
"ルピーが足りないな";"You don't have enough Rupees.";"T'as pas assez de rubis.";
"そうくると思ったよ";"...";"...";
"そいつは盾だ
魔物とやりあうなら持っとくんだな
[IntNumberN]ルピーだ
買ってくかい？[ChoiceN]";"That is a shield.
It's [IntNumberN] Rupees.
You buying or what? [ChoiceN]";"C'est un bouclier.
[IntNumberN].

T'achètes ?[ChoiceN]";
"買う";"Buy";"J'achète.";
"買わない";"Don't buy";"Non.";
"ルピーが足りないようだな……

金も持たず店に来るなんて
いいご身分だな";"You don't have enough Rupees...
Why even come here? That's like
bringing a rock to a sword fight.";"T'as pas assez de rubis.
Qu'est-ce que t'es venu faire ici ?";
"盾は「ひとり1つまで」だ
ヒヤカシなら帰んな！";"You have a shield, don't you?! I don't
have time for this, kid!";"T'as déjà un bouclier.
J'ai pas de temps à perdre avec les
plaisantins.
Allez, ouste !";
"そうくると思ったよ";"There ya go!";"Tiens !";
"そうくると思ったよ";"...Window shoppers...";"... Tss, tu te fiches de moi ?";
"……俺は売りモンじゃねえよ";"You buyin' or what?";"... Tu m'achètes quelque chose ?";
"うちのダーリンってばネェ
カッコいいのに占いも良く当たるのよネェ～♥";"I don't mean to boast about my spicy
darling here, but why not? Not
everyone's got a fellow like him.
He's handsome AND talented.";"Les prédictions de mon chéri d'amour
sont très fiables. Non seulement il est
chou, mais en plus il est doué ! ♥";
"メイたん、やめなさいヨ
人前で……当たり前のことを言うのは！
ワシの占いは世界一だよ！
クククククッ！";"Oh, c'mon, Mapes. You know how I
can't stand compliments...

Unless you say them right.


I'm the MOST handsome and talented.
Why, I'm the foremost fortune-teller
in this world or any other!";"Mapounette ! Arrête ça.


Il le sait, va. Il n'y a pas au monde
de prédictions plus fiables que les
miennes, c'est de notoriété publique.
Gnéhéhéhéhé !";
"さすがは私のダーリン♥";"Of course you are, darling, and I'm
the MOST fortunate witch around!";"Oh, mon chéri d'amour... ♥";
"……あんた、ダーリンの占いに
ケチなんかつけたら、私が許さないからね";"Don't you dare nitpick my darling's
fortunes. He's always right.";"Si tu contestes les prédictions de mon
chéri d'amour devant moi, tu sortiras
pas d'ici vivant. Te voilà prévenu.";
"なんだい、うるさいネェ！
あたしゃ今、悩んでるんだよ！
ダーリンの占いで「紫の薬を作ると吉！」って
出ちゃってネェ……
愛するダーリンのためなら
なんでもしちゃう！……けど
あんた、あの薬の材料しってるかい？
魔物の肝だよ、肝！
あ～考えただけで
キモチワルイっ！！";"What is it? I've got a lot on my mind.
My darling read my fortune...

It said that I'll have good luck if I
make some purple potion.

I'd do anything for him, but do you
KNOW what that potion is made of?
Ack...monster guts!";"Hé, du calme...
Je réfléchis...

Mon chéri d'amour veut que je te
prépare une potion ?

Si mon chéri d'amour le dit, je ne
discute pas...

Mais... tu es bien conscient au moins
de ce que cette potion contient ?
Des foies de monstres !!!
Beurk, moi ça me rend malade rien
que d'y penser...";
"はぁ？
アイリン？
あたしゃダーリンにしか
興味ないんだよ！";"What now? Who's Irene?


Does this have something to do with
my darling? If not, I don't give a
wicked fig!";"Qui ? Aëline ?
Connais pas. Seul mon chéri d'amour
compte à mes yeux.";
"[PlayerName]……
聞こえますか……？
もう私にはユガを抑えられません

ユガの手下たちもロウラル城に
あふれだしました
さあ、城の結界をときます

はやく……[PlayerName]";"Can you hear me, Hero of Hyrule?


You have arrived just in time, for Yuga
has escaped my bonds, and his
minions are loose in Lorule Castle!
Give me a moment while I remove the
barrier that protects my castle. Then
make haste, [PlayerName]!";"[PlayerName]...
Entends-tu ma voix... ?

Je ne peux plus contenir Yuga.


Ses sbires ont envahi le château de
Lorule.

Je vais à présent lever la barrière qui
entoure le château.

Hâte-toi, [PlayerName] !";
"不審な動きをする者を
捕えるのです";"ALL INTRUDERS MUST BE CAPTURED!
WE MUST CAPTURE ALL INTRUDERS!";"Capturez tout individu suspect.";
"まったくいつまで寝てんだか……
ほんとジャマだねぇ……";"How does this kid expect to survive two
seconds in Lorule if he's—?

Well, well, well... Lookit this!
Oh, I'm sorry. Did I wake you?";"Il va dormir comme ça encore
longtemps ?! Quel casse-pieds !";
"ふんっ！
やっと起きたのかい[Vibrate]";"How was your nap?![Vibrate]";"            Ah quand même !
        C'est pas trop tôt ![Vibrate]";
"あんた、道のド真ん中でぶっ倒れてたんだよ
邪魔だったから、仕方なく助けちまったけど";"Don't even know why I brought you
back. Shoulda just left you there
passed out in the middle of the road...";"T'étais vautré en plein milieu du
chemin. Tu me gênais alors j'ai été
obligée de t'aider.";
"全然、目を覚まさないから
イライラしてたとこなんだよ！
目が覚めたんなら、さっさと出てっとくれ！";"Now that you're awake and I see
you're OK, you can see yourself to
the door. Go on now. Scoot!";"Tu voulais pas te réveiller et ça
commençait à me courir sur le
système.
Maintenant que t'es réveillé, dégage
d'ici et plus vite que ça !";
"……何だって！？
グリ？
何だいそれ？
子どもの名前かい？
知るわきゃないだろ！
あたしゃ子どもはキライなんだよ！";"The nerve... Passing out right in the
middle of the road and then mumbling
that name... What was it? Gulley?
Whoever heard of such a name? Even
if I had kids, I would never name one
Gulley! Now go on! Scoot!";"Quoi ?! Guly ?


C'est qui ça ?
Un mioche ?

Connais pas !
Y a pas d'enfant ici !";
"あんた、まだいたのかい？

人助けなんて一文にもなりゃしないこと
やらせんじゃないよ！
ウチの亭主といい、あんたといい
世の中の男は、みんな役立たずばかりだよ！";"Whaddya want this time?! Here I am,
taking all this time just to help folks
out... Since when did I get so...nice?!";"T'es encore là, toi ?


Voilà que je m'abaisse à aider les
gens, maintenant... Ça apporte
jamais rien de bon !
Mon mari et toi, vous êtes
comme tous les hommes de ce
monde, des bons à rien !";
"あんた！
また、道のド真ん中でぶっ倒れてたんだよ
邪魔だったから
仕方なく助けちまったけど
次からは、あたしの邪魔にならないところで
ぶっ倒れてくれるかい？";"Yeah... You were collapsed in the
middle'a the road. AGAIN. So I
brought you back here. AGAIN.
I'd appreciate it if you could quit
collapsin' all over the place. Think you
could manage that?!
Try to help someone, and they just
end up in yer way again! SHEESH!";"Dis donc ! T'étais encore vautré en
plein milieu du chemin.

Tu m'empêchais de passer alors il a
bien fallu que je t'aide.

La prochaine fois, tu voudrais pas
aller te vautrer ailleurs ? Histoire
de pas me gêner !";
"……なんだ
おかみさんが拾ってきたガキか
ウロチョロすんなよ
仕事の邪魔だ！
……と言っても、おやっさんもあんなだし
仕事にも身がはいらないぜ";"You're the kid the boss's wife picked
up, eh?

I don't know what I can do for ya. I
just work here, y'know what I mean?

I say "work," but it's not like we're all
that busy here, y'know?";"... Quoi ? Ah, c'est toi le mioche que
la patronne a ramassé ?

Traîne pas dans mes pattes, je dois
travailler !

... Mais vu l'état dans lequel est le
patron, j'ai pas tant de boulot que
ça, finalement.";
"なんだよ、剣なんて持ちやがって
まったく……
しかし……せっかく俺の自慢の腕前で
武器や防具を作っても……
悪いことにしか使われねぇ
イヤな世の中だなぁ
はぁ～";"Are you really running around with a
sword like that? Sheesh...

I pour my heart and soul into crafting
fine weapons, and folks still just battle
with whatever they find lying around...";"Qu'est-ce que tu fais avec une
épée, toi... ? Pfff... Laisse tomber.

Ça me déprime. Pourquoi mettre mon
savoir-faire à la fabrication d'armes
et d'armures... ?
Ce monde n'est peuplé que de gens
qui les utiliseraient pour faire le mal.

*Soupir*...";
"……ったく、何なんだよテメェは
剣なんて振り回しやがって……";"What's a kid like you doing with a
sword like that?! You be careful with
that thing!";"... Tsss, t'as pas un peu fini de faire
des moulinets avec ton épée...";
"！？

うおっ！

コイツぁ……やっぱり……
相当、腕のいい職人に鍛えてもらったんだな";"Let me take a look...at...?


This is really a fine sword. Excellent
craftsmanship! Just excellent.
Whoever made this was very skilled!";"Hein ?!



	　　　 Ouah !!!

Cette... Cette épée...
C'est du travail de professionnel,
pas de doute.";
"……けど、そいつの腕前は
世の中で二番目ってとこだな
世界一のかじ職人の
俺が言うんだから間違いねぇ";"Not as skilled as I am, of course. Wow.
I mean, I am the top blacksmith in the
world, y'know...
But whoever did this might just be the
second best.";"... Celui qui te l'a forgée, il est bon,
mais il arrive seulement en deuxième
place.
Après moi. C'est moi, le meilleur.";
"久々に燃えてきたぞ！！

おい坊主！
ついてこい！！";"Ah, this is getting my blood running!


Hey, boy! Follow me!";"Ça faisait longtemps que je m'étais
pas senti aussi motivé !

Allez, ramène-toi, gamin !";
"かぁ～っ！！せっかくヤル気を出したってのに
肝心のマスターストーンがねぇじゃねえか！
おい、坊主！
俺がその剣を、最強にしてやるよ！
そのかわり
マスターストーンを2つ持ってこい！
いいか、2つだぞ！
俺のヤル気が失せねぇうちに頼むぜ！";"If you can find two chunks of
Master Ore, I'll temper that
sword of yours.
And I won't just temper it, I'll make
that sword of yours sing! It'll be the
envy of the whole world!
Just bring me two chunks of that ol'
Master Ore and you'll see
what I mean!";"Alors ça, c'est pas de bol ! Pour une
fois que je suis motivé, j'ai pas les
matériaux nécessaires !
Hé, gamin ! Je vais te l'améliorer,
ton épée !

Mais pour ça, faut que tu me ramènes
deux morceaux de roche de légende !

T'as bien compris ? Ramène-m'en
deux morceaux ! J'espère pour toi
que je serai toujours motivé d'ici-là !";
"お前の剣を最強にしたけりゃ
マスターストーンを2つ持ってくるんだ
俺のヤル気が失せねぇうちにな！";"If you want your sword tempered,
bring me two chunks of Master Ore.
And do it before I lose steam!";"Si tu veux que je t'améliore ton
épée, ramène-moi deux morceaux
de roche de légende, compris ?";
"かぁ～っ！！せっかくヤル気を出したってのに
肝心のマスターストーンがねぇじゃねえか！
……ん？
おお、お前1つ持ってるじゃねえか？
俺のイメージしてる剣を作るには
マスターストーンがあと1つ必要なんだ
頼む！俺を助けると思って
あと1つ見つけてきてくれねぇか？
その代り、その剣は俺が責任を持って
最強にしてやるよ";"Here I am, I finally found the
motivation to do some smithin' and 
we don't got any Master Ore!
What's that...? You've got a piece
there, eh?

Well, to make the sword I'm thinking
of, you're gonna need one more
piece.
You bring me that, and I'll give you
the most beautiful blade this world has
ever seen!";"Alors ça, c'est pas de bol ! Pour une
fois que je suis motivé, j'ai pas les
matériaux nécessaires !
Hé, mais... t'as une roche de légende,
non ?

C'est déjà pas mal, mais il m'en
faut deux pour forger l'épée que
j'ai en tête.
Tu voudrais pas aller m'en chercher
une autre ?

Si tu y parviens, je pourrai faire de
ton épée la lame la plus puissante
jamais forgée !";
"せっかく湧いてきた俺のヤル気を
消したかねぇんだ！
あと1つ……
マスターストーンを持ってきてくれ！";"I don't often get this worked up,
y'know? Get movin' and bring me one
more chunk of Master Ore!";"C'est pas tous les jours que je suis
motivé comme ça ! Alors apporte-moi
vite une autre roche de légende !";
"その剣は、世界最強といっても過言じゃねぇ
俺が保証してやるよ！
……そのぉ、なんだ
久々にいい仕事ができたよ
……ありがとな";"Ahh, that was good work I did. Best
one in a good long while. 

...Thanks, kid. It means a lot to be able
to work on a piece like that.

Hey, strike down some monsters for
me with that beauty, will ya?";"Ton épée est la lame la plus puissante
qu'on puisse trouver ! Et j'exagère
pas, crois-moi !
... Ça faisait un moment que j'avais
pas travaillé comme ça.

... Merci.";
"何でぇ……せっかくこの俺が
ヤル気になったって言うのによ
その剣を最強にできるのは俺だけだぜ
……まぁ、お前の好きにしな";"Oh come on... I finally got up the
gumption to do some smithin' here!

You're not gonna find anyone else
who can strengthen that sword of
yours! Bah! Suit yourself.";"Quoi... ? Pour une fois que je suis
motivé !

Personne à part moi ne peut rendre
ton épée aussi puissante. Mais tu fais
comme tu veux.";
"おぅ、ボーっとしてんな！
久々の仕事だ！
こいつの剣を最強にしてやろうじゃないか！";"Oy! Come now, let's get to temperin'
this guy's sword! Give me a hand!";"Allez, bouge-toi !
On a enfin du boulot !

On va améliorer l'épée du gamin !";
"この俺が世界で一番だってことを
証明してやるぜ！
ちょっと、待ってな！！";"OK! I talk a good game. But now it's
time for me to back it up!";"Bien, je vais te montrer que c'est moi
le meilleur !

Bouge pas de là !";
"どうだ、坊主！";"Mm-hmm... There we have 'er.";"Et voilà, gamin !";
"いやー、久々にいい仕事させてもらったよ
ありがとな";"Yaahaa! Lookit that! It's a fine piece
of work. A fine piece of work indeed!";"Ah, ça faisait longtemps que j'avais
pas travaillé comme ça !";
"かぁ～っ！！せっかくヤル気を出したってのに
肝心のマスターストーンがねぇじゃねえか！
それがなきゃ、最強の剣はできな……
……ん？
おおっ！！

おおおっ！！

お前の持ってるそれ！
それだよ！！それっ！！！
そのマスターストーンで
お前の剣を俺が最強にしてやるよ！
その剣、俺に預ける気はねぇか？[ChoiceN]";"Here I am. I finally found some
motivation, and we don't got any of
that Master Ore!
Without that, I can't power up your 
sword, no s—
...Huh?
Woah!


Woah!


Look at what you've got! Just look at
it! With that Master Ore, I can
strengthen your sword!
How about it?[ChoiceN]";"Alors ça, c'est pas de bol ! Pour une
fois que je suis motivé, j'ai pas les
matériaux nécessaires !
C'est pas comme ça que je vais
pouvoir...

Mais... !



	　　　Je rêve ?!

Là... Là !!! Tu... Tu as des roches de
légende !!!

Je vais pouvoir les utiliser pour
améliorer ton épée !

Tu voudrais pas me la confier pour
que je m'en occupe ?[ChoiceN]";
"お願いします！";"Yes, please!";"S'il te plaît !";
"やめときます";"Maybe later...";"Pas maintenant.";
"ヒャッホー！待ってました！
久々に腕がなるぜ！！";"OK, let's do it! My arms are itchin' to
start smithin'.";"Enfin !!! Ça faisait longtemps que
j'attendais ce moment ! Je vais me
dépasser !!!";
"やっぱり俺が一番だろ？

そいつは間違いなく世界最強の剣だ！！
もう、お前は誰にも負けやしねぇよ";"Whaddya think?


Told ya I was number one! This here is
the mightiest sword there is! You're
gonna be unstoppable now, kid!";"Alors ?
C'est qui le meilleur forgeron ?

Ton épée est la plus puissante qui
soit. Plus personne ne peut te
résister.";
"急にヤル気を出して
おやっさん、どうしたんだ？";"Wow! I haven't seen the master fired
up like this for a while!";"Le patron a repris du poil de la bête.
Il s'est passé quoi ?";
"おめぇのおかげで、おやっさんも
職人の勘を取り戻したみたいだ
俺からも礼をいうぜ";"We don't call him the master for
nuthin', ya know? It's nice to see him
back in his old form. Thanks, kiddo!";"Grâce à toi, le patron est plus motivé
que jamais.

Merci !";
"いったい、何があったんだい？
父ちゃんのあんな姿、久々にみたよ
……もしかして
アンタのおかげかい？";"What is this sudden mood change?
He's really worked up! You wouldn't
know anything about this, would you?";"Quelle mouche l'a piqué ? Ça faisait
longtemps que j'avais pas vu mon
mari aussi motivé !
... T'as quelque chose à voir avec ça ?";
"あたしはね、この人の職人の顔に惚れて
一緒になったんだ
あんたのおかげで、また惚れなおしちまったよ
人助けもしてみるもんだね";"That expression he gets on his face
once he starts smithin'... It's a special
look. I fell for that look, y'know?
Once my husband sets his mind to
something... Now I remember why I
married him those many years ago...
Sorry if I've been a little crabby lately.
But you've helped remind me of the
good in people. Thanks, kid.";"Ce que j'aime chez lui, c'est ce regard
qu'il a quand il travaille.

Grâce à toi, je retombe amoureuse.
Finalement, c'est pas si mal que ça
d'aider les gens.";
"おいッ、そこの坊主！";"Hey, you there! Kid!";"Hé, gamin !";
"お、お前のその剣！
ちょっと、俺に見せてみろ！！";"Th-that sword you got there, kid!
Lemme see it for a second!";"Mon... Montre-moi ton épée !";
"ギリギリだな……

ここはギリギリルピー広場

ゲーム開始から30秒以内は
このエリアにあるルピーが取り放題だ
ただし、30秒以内にオレに話しかけないと
……全額没収だ
これは男の戦い……
もちろん時間表示なんてものはない……";"Ready to...rush? Nah, not my style.
To roll? To...? Eh, whatever.

So look here. This is Rupee Rush.
I'm not gonna sell you on it.

I will say this, though. It's not a bad
way to make some good loot.

I'll give you 30 seconds to grab as
many Rupees as you can.

If you come back and talk to me before
your time is up, you get to keep all
your Rupees.
It's not THAT easy, though. Because
there's no timer.";"Ici, on joue à « Rubis sur le fil » !
Ouais ! Tête de poulet !

T'as 30 secondes pour récupérer un
max de rubis dans la zone de jeu !

Et surtout, reviens me parler avant
la fin du temps réglementaire, sinon,
je reprends tous les rubis !
Ah, et encore un petit détail : y a pas
de chrono pour t'aider, alors fie-toi à
ton intuition, tête de pion !";
"ギリギリルピーゲームやってくか？
1回100ルピーだ！[ChoiceN]";"Play some Rupee Rush? C'mon, it's
only 100 Rupees for one go.[ChoiceN]";"Tu veux jouer ?
C'est 100 rubis la partie ![ChoiceN]";
"やる！";"Play";"Je veux jouer !";
"やめとく";"No";"J'ai pas envie.";
"そうか…
ギリギリまでしか待たないぜ";"Fine. No skin off my nose. If you
change your mind, I'm here.";"Reviens si tu changes d'avis !
Je bouge pas d'ici, tête de kiwi.";
"……男なら、このぐらいのルピー
常に持っとくもんだ";"But you don't have enough Rupees.
Come on, kid! Why are you wastin' my
time like this?!";"Hein ?
T'as pas assez de rubis.
Ou pas assez de cran, peut-être ?";
"30秒以内に俺に話しかけないと
報酬はないからな……じゃあ、いくぞ";"If you don't speak to me within
30 seconds, there's no payout. Got it?
OK then, go!";"Dépêche-toi de venir me parler avant
la fin des 30 secondes, ou alors oublie
les rubis ! Vu ? Allez, hop !";
"結果は……";"And the results are in!";"OK, voilà les résultats.";
"俺はギリギリにしか興味ねぇ
……没収だ
男ならせめて20秒以上で
俺に話しかけてこい";"This game's all about coming in as
close to the nick of time as you
can. So, sorry, but you forfeit.
Wait until you're at LEAST within
10 seconds to speak to me!";"Moi j'aime pas les gens qui essaient
pas de repousser leurs limites.
Alors voilà... confisqués !
La moindre des politesses, c'est
d'attendre au moins 20 secondes
avant de venir me parler.";
"欲深い男はキライじゃないが
……没収だ";"I admire your greedy gusto, but
sorry...you forfeit.";"T'as été trop gourmand !
Confisqués !";
"お前のギリギリに自信がついたら
また来るんだな
……ギリギリまでしか待たないけどな";"If you think you've got the timing
down pat, come again.

Not gonna wait forever, though...";"Si tu te sens capable de faire mieux,
reviens me voir !

Mais bon, je vais pas t'attendre 107 ans,
non plus...";
"新記録……か
ギリギリのコツをつかんだようだな";"Lookit that! A new record! Looks like
you figured out the secret to rushing!";"Mais c'est un record, tête d'amphore !
T'as compris le truc, on dirait...";
"今までのハイスコアは
[IntNumberN]だ";"The current high score is
[IntNumberN].";"Ton record, c'est [IntNumberN].";
"0ルピーとはな…ここはギリギリルピー広場だ
ルピーに興味ないなら帰ってくれ";"No Rupees... Hmm. If you don't care
about Rupees, you're in the wrong
place.";"Dis, dans « Rubis sur le fil », il y a
« rubis ».

Alors si les rubis t'intéressent pas,
je vois pas ce que tu fais là.";
"ギリギリ……には
まだほど遠いな";"You call that just on time? I call it
early by a mile!";"C'est ça que tu appelles « juste à
temps » ? Moi j'appelle ça « juste
longtemps avant ».";
"なんてギリギリだ……

見事なギリギリをありがとよ";"Hmm. Not too shabby...


I mean, that was some OK work with
the whole just-in-timeness there.";"Sur le fil, sur le fil, c'est beaucoup dire...



 Mais bon, tu t'es pas mal débrouillé !";
"…なんて

なんて見事なギリギリなんだー！

……すまんな、俺としたことが
つい大声あげちまった
こんなギリギリ
そうそうお目にかかれるもんじゃねえ
いいモン見せてもらったよ
ありがとな";"...What?!


Just in time?!


Er, sorry. I don't usually get so, uh,
excited. But thanks. Nice to see
someone do really well here.";"Ooooh !
Au dixième de seconde
près, tête de mulet !
Pardon, mais je suis un
authentique surlefilophile !

Je ne peux pas rester de
marbre face à un tel exploit !";
"[IntNumberN].[IntNumberN]秒オーバーだ";"Sorry, but you were over by...let's
see...[IntNumberN].[IntNumberN] seconds.";"T'es resté [IntNumberN] [IntNumberN] de trop.";
"欲深い男はキライじゃないが
……没収だ";"I like a greedy go-getter, but you
forfeit. Sorry.";"T'as été trop gourmand, tête de flan !";
"ふっ……見上げたもんだぜ
これは報酬だ、うけとりな";"That's a towering achievement!
Here's your reward!";"C'est la première fois que quelqu'un
fait un score aussi élevé, tête de
pied !
Tiens, c'est pour toi, tête de bois !";
"バクダン花屋";"Bomb Flower Store";"Boutique de fleurs bombes";
"大バクダン花は庭にある～♪
　好きに使ってYO！YO！YOU～♪";"♪ Go, go, go!
It's growin' outside.
Try it on out, and take it for a ride!";"Elle est dans le jardin, man♪
  Fais-en ce que tu veux, yo♪";
"だけどみ～んな♪
　うりきれ中♪
あるのは庭の♪
　大バクダン花一つだけ～♪";"♪ For bombs you seem
to be searchin'.
Well then, leave me to my researchin'!
♪ What I can sell ya now is
n-n-n-nuttin'!
Sorry I ain't got more for your mutton!";"Trop bad, man♪
  J'ai rien à te vendre, yo♪

Sauf une grosse fleur bombe, man♪
  Dans l'jardin, yo♪";
"大バクダン花なら使っていいYO～♪
　ただし、有料～♪前払い♪
一回払えば♪
　ず～っと無料♪";"♪ Buh-buh-buh-buh!
Want the Big Bomb Flower?

♪ Lucky you—I'm lendin' that power!
For a one-time fee,
use it for hours and hours.";"Je peux te la prêter, man♪
  Mais c'est pas gratos, yo♪

Tu payes une fois, man♪
  Pour un usage illimité, yo♪";
"ヨ～・ヨ～・YO～！

君は客かい？
　オレバクダン花屋！";"♪ Yo ho ho!
Who is that who goes?
Friend or foe? Who is it? Do I know?";"Yo, yo♪


Yo, man♪
  T'es en rade, yo ?♪";
"庭に咲いてるデカイ花♪
　実はでっかいバ～クダン♪";"♪ The flower bloomin' in the garden
is really a bomb.
And it's a total bargain!";"La fleur dans l'jardin, man♪
  En fait c'est une bombe de ouf, yo♪";
"";"♪ Just go on and touch it.
It'll be a following bloom.

♪ Big Bomb Flower gonna make big
boulders go boom!";"Touche-la avec , man♪
  Elle te suit partout, yo♪

Et les rochers énormes, man♪
  Elle t'en fait des confettis, yo♪";
"だけどYO～♪気をつけYO～♪
　攻撃されるとドッカン・ドカ～ン♪
扱いには♪
　YO～ちゅ～い♪";"♪ But be careful, ya know.
Just the slightest scratch
will make it explode!";"Mais fais pas d'boulette, man♪
  Tu la frappes et elle pète, yo♪
    BOOOUM, BOU-BOOOUM♪
Fais gaffe à toi, man ♪
  Regarde où tu vas, yo ♪";
"[Vibrate]ヨ～・ヨ～・YO～♪";"[Vibrate]♪ Yo ho ho!";"[Vibrate]Yo, yo, yo♪";
"ちょっとストップ♪そこの君～♪
　村への持ち込み♪NO～NO～NO～♪";"♪ Careful, now. Don't be a clown.
It don't need to meet your parents,
so don't take it into town!";"Hey, no, yo♪
  L'emmène pas au village, man♪
No, no, no, mon frère♪";
"NO～NO～YOU～♪
　庭は立ち入り禁止だYO～♪";"♪ And don't go beggin' for my pardon.
Just don't go headin' to the garden.
Authorized personnel only, ya know?";"Hey, no, yo♪
  Va pas dans l'jardin, man♪
No, no, no, mon frère♪";
"シャイなボーイだ、気に入った♪
　俺のハナシを聞いてくれ♪";"♪ So quiet! Y'know silence glistens.
That's fine with me—I'll just talk.
And you just listen!";"T'es timide, man ?♪
  No problem, yo♪

Tu m'plais, man♪
  Écoute mon histoire, yo♪";
"ここにしかない、スペシャルフラワ～♪
　興味あるやつ　YOっといで～♪";"♪ This big flower is only found here!
If you're interested, kid,
you'll wanna get near!";"Elle pousse qu'ici, man♪
  Y en a pas deux comme elle, yo♪

Si ça t'dit, man ♪
  C'est quand tu veux, yo ♪";
"それも人生♪
　また来てYO～♪";"♪ Well, that's just how life goes!
I'm here if your mind changes clothes.";"Reviens voir bibi, man♪
  Et ramène tes rubis, yo♪";
"バクハツしても♪
　ドンウォ～リ～♪
何回で～も♪
　はえてくる♪";"♪ And don't gimme any flak.
Big Bomb Flower always grows back!";"T'inquiète Ginette, man♪
  Pas la peine de t'priver, yo♪

Même si elle explose, man♪
  Elle repousse tout le temps, yo♪";
"ちょっと待て！♪
　ここはインドア、ファイアNG♪
ファイア～、ダメダメ♪

火事の元！";"♪ No, oh no.
Oh, no no.
That's a no go.
♪ No fire, no...
But I'm impressed.
You've got courage that shows!";"Hé ho, man♪
  Pas de fire ici, yo♪

C'est IN-TER-DIT, mon frère♪



　　 Risque d'incendie, ho !";
"なんだか熱いと思ったら♪
　また君なのか　クレイジーボーイ♪
ファイア～あそびは……♪

外でやれっ！！";"♪ Knock it off with the fire!
You're makin' me perspire!

♪ 'Less you wanna get everyone fried,
you really should take it all outside!";"J'me disais aussi, man♪
  Il commençait à faire chaud, yo♪

Tu joues avec le feu, man♪
  C'est toi qui vois, yo♪


	 Mais dehors !!!";
"俺のソウルが伝わらない？♪
　ア～ユ～クレイジ～？♪
ユ～ア～クレイジ～？";"♪ Oh hey, watch it with those flames!
Accidental explosions are just so lame.";"Mollo sur les flammes, man♪
  J'suis pas chaud pour mourir, yo♪


	　　Crazy man !";
"ヘイ・ユ～・ストップ！
　ファイア～・ストップ！！
マジ……

ストーップ！！！！";"♪ Don't bring that heat!
You're gonna ruin my beat
by burning my seat!";"Éteins-moi ça, man♪
  Tu me rends nerveux, yo♪


	　Arrête le fire !";
"大バクダン花、超ベンリ～♪
　だけど、バクハツ超キケン♪
だから、村には持ち込みNG♪
　村でバクハツ超キケン♪";"♪ Usin' the Big Bomb Flower?
Watch your back!
That's a whole lotta power!";"La grosse fleur bombe, man♪
  Super pratique, yo ♪

Mais des fois ça pète, man♪
  Alors t'approche pas du village, yo♪";
"大バクダン花、超ベンリ～♪
　だけど時々、超キケン～♪
もっと詳しく知りたいか～い？[ChoiceN]";"♪ Oh yeah, the Big Bomb Flower.
Wanna n-nuh-know about its power?[ChoiceN]";"Super pratique, man♪
  Mais des fois ça pète, yo♪

Tu veux que je t'en parle, man ?[ChoiceN]";
"知りたいYO～♪";"♪ Wanna know";"Carrément, yo♪";
"別に……";"No need";"Non, merci.";
"どうするYO～♪
　どうするYOU～？♪
大バクダン花の使用料♪
　大特価の200ルピ～♪[ChoiceN]";"♪ Wanna use the Big Bomb Flower?
For just 200 Rupees,
you can stop lookin' so sour![ChoiceN]";"La grosse fleur bombe, man♪
  C'est de la bombe, yo♪

Tu la veux, man ?♪
  C'est 200 rubis, yo♪[ChoiceN]";
"使いたいYO～♪";"♪ Bo-rro-rrow";"Mais trop, yo♪";
"いいです";"No need";"Non, merci.";
"……ルピ～ない奴♪
　NO～NO～NO～♪";"♪ Sorry to say, but I ain't got time
for folks who ain't got a dime!";"T'es trop fauché, man♪
  Pas de bombe pour toi, yo♪";
"にいちゃん！
ここはオクタ球場だよ！
1回50ルピー
プレイボール！！！[ChoiceN]";"Hey, batta, batta, batta!
Welcome to the Octoball Derby!

It's 50 Rupees per game. How about
it, kid? Wanna give it a swing?[ChoiceN]";"Salut l'ami !
Ici, c'est le terrain d'octoball !

C'est 50 rubis la partie.
Balle en jeu !!![ChoiceN]";
"プレイボール！";"Yes";"Balle en jeu !";
"いやいや……";"No";"Non merci...";
"にいちゃん！
ここはオクタ球場だよ
1回50ルピー
今までの、にいちゃんのベストスコアは……
[IntNumberN]だね！
そいじゃ、今回もはりきっていくよー！
プレイボール！！！[ChoiceN]";"Hey there, slugger! Welcome back to
the Octoball Derby.

It's 50 Rupees per game. Your best
score so far is [IntNumberN]!

Wanna give it another swing?[ChoiceN]";"Salut l'ami !
Ici, c'est le terrain d'octoball.

C'est 50 rubis la partie.
Pour le moment, ton meilleur score est
de...
[IntNumberN] !
Allez, donne tout ce que tu as !

Balle en jeu !!![ChoiceN]";
"プレイボール！";"Yeah";"Balle en jeu !";
"いやいや……";"Nah";"Non merci...";
"そうこなくっちゃ
30球勝負だよ！";"Attaboy, batta boy! Yer on deck. Here
we go! 30 pitches comin' at ya!";"Ouais, c'est ce que je voulais
entendre ! On va te lancer 30 balles,
t'es prêt ?";
"はいそこまでー
[IntNumberN]ゲットだね！";"OK, let's see...you got [IntNumberN]!";"C'est fini !
Tu as récolté [IntNumberN] !";
"まだつづける？
50ルピーだよー[ChoiceN]";"You wanna play again? You know the
drill. It's 50 Rupees per go.[ChoiceN]";"Tu veux continuer ?
C'est 50 rubis.[ChoiceN]";
"やるぜ！";"Yes";"Ouais !";
"もういい";"No";"J'ai assez joué.";
"アタシのオクタちゃんと遊ばなーい？
100ルピーゲットでイイものあげちゃう！
キャハハ！";"My li'l Octorok is bringing the heat!
If ya can manage to score 100 Rupees,
I'll give ya something special, kid!";"Tu veux jouer avec mon Octounet ?
Si t'arrives à gagner 100 rubis, je te
donnerai un truc cool !
Hyahaha !";
"壺に3連続ヒットで鳥が飛ぶのよー
鳥に当てると20ルピー！
キャハハ！";"If you hit three pots in a row, you'll
see a bird cross the field. Hit it for an
extra 20 Rupees, kid!";"Si tu touches trois pots à la suite, tu
verras un oiseau arriver et si tu le
touches, tu gagnes 20 rubis !
Hyahaha !";
"スライドパッドで構えを変えられるのよー！
キャハハ！";"Move the Circle Pad up and down to
change your batting stance. Your
distance depends on your stance!";"Tu peux changer ton angle de tir avec
le pad circulaire ! Hyahaha !";
"カニに当てると壺が復活！
知ってたー？
キャハハー！";"Here's a pro tip, kid: the pots reset if
you hit one of the crabs.";"Si tu touches un crabe, tous les pots
réapparaissent ! Tu le savais, ça ?

Hyahaha !";
"100ルピー超え達成だね！
すごい！
ちょっと待ってね
いい物用意するから";"Hoo-wee! You hit the 100-Rupee
mark! Nice job, kid!

Gimme a quick second, and I'll grab ya
something special for that effort!";"T'as gagné 100 rubis !
T'es trop balèze !

Attends une seconde, j'ai truc bien
pour toi.";
"お待たせ！
100ルピー超えの記念にコレあげる！";"OK, here's your prize for hitting the
100-Rupee mark!";"Et voilà ! C'est ta récompense pour
avoir franchi la barre des 100 rubis !";
"もう他にあげる物ないんだけど
まあ、またいつでも遊びにきてよ！";"I'm fresh outta prizes, but come back
and play whenever you want!";"J'ai plus rien à te donner, mais faut
pas que ça t'empêche de revenir jouer
quand tu veux !";
"おっ、記録更新だね！
おめでと！";"You set a new record! Congrats!";"Oh, t'as battu ton record !
Félicitations !";
"ちょっと、にーちゃーん！
気をつけて！
オクタちゃんにボールぶつけすぎだよー";"Watch where you're hittin' those
balls, pal! You almost knocked out
my Octorok pitcher!";"Hé ! Attention, l'ami !


Évite d'envoyer la balle sur Octounet.";
"へったくそだなー！
空振りばっかじゃないかー！";"Looks like you need to work on timing
your swings there, big shot! Back to
the junior leagues for you, kid!";"T'es trop nul !
Tu chasses les mouches, ou quoi ?";
"何か、見ててつまんなかったよ
にいちゃんやる気あるの？";"You fall asleep out there? You gotta
swing if you wanna hit anything!";"J'ai failli m'endormir en te regardant.
Faut le dire si t'as pas envie de jouer,
hein...";
"ええっと……
ルピーが足りないよ……";"Sorry, pal. You ain't got enough
Rupees. You got a hole in yer pocket
or somethin'?";"Voyons...
Euh, t'as pas assez de rubis...";
"オクタ球場へようこそ！


カニに当てると壺が元通り！


壺に3連続当てると鳥が飛び立つよ


100ルピー以上ゲットしたら
素敵な賞品をプレゼントするよ";"Welcome to the Octoball Derby!


Hit a crab to reset the pots. If you hit
three pots in a row, a bird will fly
across the field.
Get at least 100 Rupees to earn
a healthy prize!";"Bienvenue au terrain d'octoball !


Si vous touchez un crabe, tous les
pots réapparaissent !

Pour faire venir un oiseau, touchez
trois pots de suite.

Gagnez au moins 100 rubis pour
remporter un prix fabuleux.";
"あんさん、ワイと勝負しようっちゅうんかい？";"What's up there, buddy? You wanna
take me on? That why you're staring
at me like dat?! Let's do it!";"Tu veux m'affronter, mon gars ?";
"ワイの球、打てるっちゅうんなら
打ってみいや";"Think you can handle the heat I bring?
Then step on up to my kitchen plate!
...I'm still workin' on that one.";"Essaie un peu de renvoyer mes
boulets de canon, pour voir.";
"これでもプロ目指しとるんやで";"I may not look like much, but I'm
aiming for the big leagues, pal!
Remember that!";"On dirait peut-être pas, mais je
compte devenir un joueur pro.";
"ぼうし……似合てる？
似合てるて言うてえや";"Whaddya think of my hat? It's official
big league apparel! It suits me, yah?
Say it suits me! ...Please?";"J'ai la classe avec ma casquette,
hein ? Dis que j'ai la classe !";
"旅立ちまであと三日

　　私にはあの人の思いがわかる
　　あの人のために何ができるだろう？
旅立ちまであと二日

　　あの人は、あいつに騙されている
　　あいつはロクでもないやつだ
　　やさしいあの人はきっと騙される
　　私が何かをしなければ……
旅立ちまであと一日

　　今、溜まっている魔力だけでは
　　片道切符の旅になるかもしれない
　　それでもあの人のために行かねばならない
　　私は決意したのだから";"
3 Days to Go

    She wants to do the right thing.
    I wish I could help her.
    But leaving is my only option.

2 Days to Go

    She's being duped. Doesn't she
    realize that? He's just a leech.
    There's no choice but to go.

1 Day to Go

    I have so little magic. Enough to
    go there—maybe not to come back. 
    But tomorrow must be the day.
    I may never see her again, but
    I vow to save her from all of this.";"
Trois jours avant mon départ...

   Je sais ce qu'elle ressent.
   Mais que puis-je faire pour elle ?


Deux jours avant mon départ...

   Il la manipule, c'est certain.
   Il ne lui apportera rien de bon.

   Elle est si douce, et il en profite.
   Je dois faire quelque chose...


Un jour avant mon départ...

   J'ai suffisamment de magie pour
   partir, mais pourrai-je seulement
   rentrer ? Je l'ignore.
   J'irai quand même. Pour elle.
   Ma décision est prise.";
"………誰！？";"...?!";"... Qui va là ?!";
"……

……アンタ！？

あの時の！？

アタシのこと覚えているかい？";"...


...You?!


...D'you remember me?


From...that one time?! When we...?!";"...


... Mais t'es... ?


T'es le garçon de la dernière fois ?!


Tu te souviens de moi ?";
"命からがら
あの村からここまで逃げてきたの
アタシはもう……
あの村にはいられないからね……";"How about now?! That village freaked
me out, so I came here!

I just...couldn't stand being there
anymore.";"J'ai réussi à m'enfuir du village
de justesse.

Je... Je pouvais plus rester là-bas.";
"……あん時は色々と世話になったね

そこの宝箱の中身
持ってっていいよ
まあ……クスねたものだけどね
アタシ、盗賊だからさ";"I don't know if I ever thanked you. I
kind of lose my manners sometimes.
You really helped me out. So...thanks.
That treasure chest is yours. Go on
and take it. Just don't ask me where
I got it from.";"... Tu m'as bien aidée la dernière fois.


Tu peux prendre ce qu'il y a dans le
coffre, là-bas.

C'est aussi un truc que j'ai chapardé,
mais bon... J'suis une voleuse, après
tout.";
"……ミンナニ ナイショダヨ";"How about we just keep this a
secret to everybody?";"... Ça reste entre nous.";
"……このお面？
ああ …これも盗んできたものよ
あの村に、お面をつけた連中が
いたでしょ？
アイツら、「魔物になれば助かるんだー」って
必死になってお面かぶってんだ
ほんとバカバカしいわ

でも これを付けてれば
アタシも顔がバレなくて済むでしょ？
だからコッソリ盗んできたのさ
アタシ、盗賊だからさ";"What do you think about this mask?
Kind of creepy, isn't it? Everyone in
the village is wearing one of these.
I swiped mine from an abandoned
house. Well, it was probably
abandoned. No one was there, OK?
I don't really know what this mask is
supposed to be... The important thing
is that it conceals my identity.
There is no honor among thieves,
y'know? Heheheh...";"... Ce masque ? Ah, oui, ça aussi je
l'ai piqué.

T'as vu les gens qui portaient des
masques, dans le village ?

Ils disent qu'en devenant des
monstres, ils trouveront le salut.
Ils sont complètement désespérés.
Moi, je les trouve juste stupides.


En tout cas, si je porte ce masque,
ils me reconnaîtront pas.

C'est pour ça que je l'ai piqué. Je suis
une voleuse, après tout.";
"ウチのカワイイぃ～　子亀ちゃんたちぃ～
もどっといでぇ～
なんで1匹も戻らへんのやろぉ～？
何かあったんやろ～かぁ～？";"Oh no! I got separated from my little
turtles. You have to help me look for
them—you just have to!";"Oh mes pauvres petits. Aucun d'entre
eux n'est encore revenu ! Qu'a-t-il
bien pu leur arriver ?";
"あ～　怖かったぁ～
おか～ちゃんのトコにぃ～　帰る途中でぇ～
不良モンスター達にぃ～　絡まれてぇ～
帰るにぃ～　帰れなくてぇ～
ほんまぁ～　助かったわぁ～
おに～ちゃん　ありがとぉ～";"Oh, thank you, thank you, thank you!
That was so terrifying! I didn't know
what I was going to do!";"Hou là là, la peur de ma vie !


Une bande de vilains monstres m'a
tendu un piège alors que je retournais
chez ma maman !
Impossible de m'échapper, rien à
faire ! Alors merci, monsieur, oh
oui, merci !";
"うぇ～ん～　もうずっとぉ～
降りられへんのかとぉ～　思てたぁ～
やっぱりぃ～　水の中がぁ～
落ち着くわぁ～
おに～ちゃん
ほんまぁ～　ありがとぉ～";"Oh, thank you, thank you, thank you!
That wall was so sticky! It wouldn't
let me go!";"Eh ben, je pensais que je n'arriverais
plus jamais à descendre. Ça fait du
bien de retourner dans l'eau. Merci !";
"おに～ちゃん　助けてくれてぇ～
ありがとぉ～
起き上がられへんしぃ～
魔物はいるしぃ～でぇ　困ってたのぉ～
おか～さん　心配してるやろ～なぁ～
急いで帰らなぁ～　じゃ～ねぇ～";"Oh, thank you, thank you, thank you!
I was so stuck! I didn't know what to
do! Everything was upside down!";"Merci, monsieur ! J'étais bien embêté,
j'arrivais pas à me retourner.

Et avec les monstres qui rôdent,
par-dessus le marché... Quelle
frousse j'ai eue !
Je ferais mieux d'aller rassurer
ma maman, elle doit être morte
d'inquiétude ! À bientôt !";
"ウチのぉ～　子どもをぉ～
助けてくれてぇ～　ありがとぉ～
でもぉ～　まだ2匹ぃ～
もどってきてへんのよぉ～";"Thank you so, so, so much! But there
are still two of my little babies out
there! Oh, you have to find them!";"Merci d'avoir secouru mon petit !
Mais il en reste encore deux dont
je suis sans nouvelles.";
"ウチのぉ～　子どもたちをぉ～　
助けてくれてぇ～
ほんまぁ～　おおきにぃ～

でもぉ～　あと1匹ぃ～
戻ってきてへんのよぉ～
あの子はぁ～　気が弱い子やからぁ～
変な輩に絡まれてないかぁ～　心配やわぁ～";"Thank you! But one of my little babies
is still out there! He's very sensitive.
I hope no one is picking on him!";"Merci d'avoir retrouvé mes chers
petits ! Il n'en manque plus qu'un.

C'est un grand froussard, alors
j'espère que personne ne cherche
à l'embêter.";
"ウチのぉ～　子どもたちをぉ～
助けてくれたみたいでぇ～
ほんまぁ～
おおきにぃ～
でもぉ～　まだ1匹ぃ～
戻ってきてへんのよぉ～
怖がりやのにぃ～
好奇心だけは旺盛なのぉ～
変な場所に行ってぇ～　戻ってこれなくぅ～
なってなければぁ～　いいんやけどぉ……";"Thank you so much! But one of my
little babies is still out there! He's
always getting stuck in odd places!";"Merci d'avoir retrouvé mes chers
petits ! Il n'en manque plus qu'un.

Il a le vertige, pourtant il ne peut
pas s'empêcher d'explorer le
moindre recoin...
J'espère qu'il ne s'est pas mis dans
une situation délicate...";
"ウチのぉ～　子どもたちをぉ～
助けてくれたみたいでぇ～
ほんまぁ～
おおきにぃ～
でもぉ～　あと1匹ぃ～
戻ってきてへんのよぉ～
よく転ぶ子やしぃ～
心配やわぁ～";"Thank you! But one of my little babies
is still out there! I hope he didn't fall!
He can't roll himself over yet!";"Merci d'avoir retrouvé mes chers
petits ! Il n'en manque plus qu'un.

Il se retourne souvent sur le dos,
alors je me fais toujours un sang
d'encre pour lui...";
"ウチのぉ～　子どもたちをぉ～　
み～んなぁ～　助けてくれてぇ～
ほんまぁ～　おおきにぃ～

なんもぉ～　お礼はぁ～
できませんけどぉ～
よかったらぁ～
背中にぃ～　乗ってみませんかぁ～？
「遊覧船みたいや～」って
子どもたちからもぉ～　評判ですねん～
……土足？

そんなんカメへんカメへ～ん
さあぁ～　お乗りよしぃ～";"You found all of my babies! Thank
you so much! I'm sorry I don't have
anything I can offer you as a reward.
If you need a ride somewhere, you
can go ahead and hop on, though!";"Merci d'avoir secouru tous mes
petits ! Hélas, je n'ai pas grand-chose
à t'offrir pour te montrer ma gratitude.
Mais tu peux monter sur notre
carapace, si tu veux. Mes petits
adorent jouer à ça. Allez, viens !";
"あ～　怖かったぁ～
おか～ちゃんのトコにぃ～　帰る途中でぇ～
不良モンスター達にぃ～　絡まれて～
帰るにぃ～　帰れなくてぇ～
おに～ちゃん
ほんまにぃ～　ありがとぉ～
また絡まれたらぁ～　嫌やしぃ～
急いでぇ～　おか～ちゃんトコ戻らな～";"Oh, thanks! That was just harrowing!
Those meanies were so...mean! I hope
my mom isn't worried about me!";"Hou là là, la peur de ma vie !


Une bande de vilains monstres m'a
tendu un piège alors que je rejoignais
ma maman !
Impossible de m'échapper ! Alors
merci, monsieur, oh oui, merci !

Je vais vite rejoindre ma maman !";
"うぇ～ん～　もうずっとぉ～
降りられへんのかとぉ～　思ってたぁ～
助けてくれてぇ～　ありがとぉ～
やっぱり水の中が一番ですぅ～
……安心したらお腹すいちゃった
じゃあ、ボクはお家に帰りますぅ～";"Thanks! Oh, that was just terrifying! I
thought I was going to be stuck there
forever! I hope my mom isn't worried!";"Eh ben, je pensais que j'arriverais plus
jamais à descendre. Ça fait du bien de
retourner dans l'eau. Merci !
Mais je commence vraiment à avoir
faim, je ferais mieux de rentrer !";
"おに～ちゃん、助けてくれてぇ～
ありがとぉ～
起き上がられへんしぃ～
魔物はいるしぃ～でぇ　困ってたのぉ～
おか～さん　心配してるやろ～なぁ～
急いで帰らなぁ～　じゃ～ねぇ～";"Thanks! Oh, that was just horrifying! I
couldn't roll back over! I hope my
mom isn't too worried about me!";"Merci, monsieur ! J'étais bien embêté,
j'arrivais pas à me retourner.

Et avec les monstres qui rôdent,
par-dessus le marché... Quelle
frousse j'ai eue !
Je ferais mieux d'aller rassurer
ma maman, elle doit être morte
d'inquiétude ! À bientôt !";
"お客さん、さすがにお目が高い！
当店自慢の[InsertMark]でございやす
[IntNumberN]ルピーです
バーンと買っちゃう？[ChoiceN]";"Sir, what can I tell you? You have
impeccable taste! This is our famous
[InsertMark]. It costs [IntNumberN] Rupees.
Why not snap it up now and save?[ChoiceN]";"Je vois que tu es un connaisseur !
Cette [InsertMark] est la fierté de ma
boutique.
Il t'en coûtera [IntNumberN].
Achète-la, tu le regretteras pas ![ChoiceN]";
"買っちゃいます";"Yes";"J'achète !";
"やめちゃいます";"No";"Non, merci.";
"容れ物が無いと、売れないんだなーこれが";"I'm afraid I can't sell you this unless
you have an empty container for it.";"Si tu n'as pas de récipient, je ne peux
pas te la vendre.";
"悪い、お客さん
空きビンが無いと売れないんだよねえ";"I'm sorry, mister. Unless you have an
empty bottle, I can't sell this to you.";"Désolé, mais si tu n'as pas de flacon
vide, je ne peux pas te la vendre.";
"ルピーが足りないみたいだ
ざーんねーん";"It appears that you don't have enough
Rupees. What a pity! A true pity!";"On dirait que tu n'as pas assez de
rubis. Dommaaaage.";
"……ヤレクテウコカンナ";"... Ay lliw nihtemos yub...";"... Curt nu iom-etèhca...";
"おっ、盾だったら
[IntNumberN]ルピーです
ドーンと買っちゃう？[ChoiceN]";"So the shield will run you about
[IntNumberN]. Would you like to buy it
right away and save?[ChoiceN]";"Oh, un bouclier ? Je le vends
[IntNumberN].

Tu veux l'acheter ?[ChoiceN]";
"買っちゃいます";"Yes";"Oui !";
"やめちゃいます";"No";"Non, merci.";
"ありゃあ、ルピーが足りないね

お客さん……今、この国で盾を
持たずに旅するって、信じらーんなーい
ルピーどっさり持って
また来てよ";"You don't have enough Rupees. You
know, mister, traveling without a
shield is a bit foolhardy.
May I suggest you collect some
Rupees as quickly as possible and
come to see me again?";"Ouh là là, tu n'as pas assez de rubis.


Je n'arrive pas à croire que tu
parcoures ce royaume sans bouclier.

Va vite chercher tout plein de rubis
et reviens me voir.";
"あれ？
お客さん盾持ってるじゃない";"You...you have a shield already,
don't you?";"Mais ? Tu as déjà un bouclier, non ?";
"……ヤレクテウコカンナ";"... Ay lliw nihtemos yub...";"... Curt nu iom-etèhca...";
"お、らっしゃーい！";"Hello! Welcome, welcome!";"Bonjour, bonjour !";
"「ヤレクテウコカンナ」

と唱えたら救われるという
ウワサ……聞いた？
実は、最近このおまじないに
ハマッてるんだよね
僕、お調子者だと思ってるでしょ？
本当は、こんな世界から逃げ出したいんだよね
お客さん、知ってる？
マイマイ族って……
次元を越えて旅するってんだけど
もう、まじないでもマイマイでもいいから
助けてもらいたいもんだ

ヤレクテウコカンナ……
ヤレクテウコカンナ……";"Some believe that chanting the
words "Ay lliw nihtemos yub" is the
key to being saved.
Saved from what, I ask? High prices?!


Still, it's a catchy incantation.
I sort of hope if I say it enough, it'll
transport me out of this world.
Speaking of, have you heard of the
Maiamais? They say they can
travel between worlds.
But until I can hitch a ride with one
of them weird squidlings...?

Ay lliw nihtemos yub...
Ay lliw nihtemos yub...";"« Curt nu iom-etèhca. »


La rumeur dit que si on récite cette
incantation, on trouve le salut...
Tu le savais ?
Je n'arrête pas d'y penser, en ce
moment.

Tu dois me trouver ridicule, hein ?
Pour être honnête... je veux juste fuir
ce monde...
Et les gorneaux, t'en as déjà entendu
parler... ?

On dit qu'ils voyagent à travers les
dimensions. Enfin bref, je m'en fiche.
Ce que je veux, c'est partir d'ici.
Curt nu iom-etèhca...
Curt nu iom-etèhca...";
"小鳥たちさえいればそれでよかった……
なのに、みんな魔物に変わってしもうた……
それならワシも魔物になればいい…そう思って
ワシも仮面をかぶり「もんじゃら」と唱え
この辺りにいる黄色い羽のはえた魔物を
愛でようとしてみたんじゃが……
地上に降りてきたとたん、爆弾みたいなのを
吐きおって近づくこともできん……
盾でもあれば
近づけるのかもしれんが……";"I'm happy as long as my feathered
friends are with me... Well, that is
before they got turned into monsters.
In which case, I should have been
changed along with them...I thought,
so I put on a mask and chanted. A lot.
I tried to admire the yellow-winged
monsters that live nearby, but...

As soon as they land, they spit out
these bomb-like things, and I can't
get anywhere near them!
I think I might be able to get closer to
one if I had a shield...";"Moi, avec les oiseaux, je suis heureux.
Ou plutôt, je l'étais, jusqu'à ce qu'ils
soient transformés en monstres...
Je dois me transformer aussi, du coup.
Alors je porte ce masque et j'entonne
une incantation, « monjalah ».
J'ai essayé de les apprivoiser, ces
monstres aux petites ailes jaunes...

Mais je n'arrive même pas à m'en
approcher... Ils se jettent sur moi et
me lancent des sortes de bombes...
Ce serait plus facile si j'avais un
bouclier, évidemment.";
"おためし
 ";"???";"Test
 ";
"自分の家";"Your House";"Chez moi";
"カカリコ村";"Kakariko Village";"Village Cocorico";
"東の神殿";"Eastern Palace";"Palais de l'est";
"風の館";"House of Gales";"Demeure des vents";
"ヘラの塔";"Tower of Hera";"Tour d'Héra";
"魔法おばばの店";"Witch's House";"Chez Mamie Magie";
"ヘブラ山";"Death Mountain";"Mont Hébra";
"みごとじゃ、[PlayerName]！

知恵の紋章と
力の紋章を手に入れたようじゃな";"You have done well, my young hero!


You acquired the Pendant of Wisdom
and the Pendant of Power.";"C'est remarquable,
[PlayerName].

Tu as obtenu le pendentif de la
sagesse et le pendentif de la force.";
"勇者の証を3つそろえた
お前ならば
必ずやマスターソードを
手に入れられよう";"Now that you have all three Pendants
of Virtue, you have proven yourself
worthy of the Master Sword.";"Tu possèdes maintenant les trois
pendentifs, emblèmes du Héros.

Tu pourras certainement obtenir
l'épée de légende.";
"行け！
[PlayerName]よ
マスターソードは森の奥にある
今こそ退魔の剣を手に入れるのじゃ";"You will find the blade deep within
the Lost Woods! Go now. Claim
what is rightfully yours!";"Va, [PlayerName] !


L'épée de légende se trouve au
cœur des bois. Va t'emparer de sa
lame purificatrice.";
"……[PlayerName]
……[PlayerName]よ";"Hear me, [PlayerName]...";"... [PlayerName]...
... [PlayerName].";
"その剣を手にしたお前ならば、必ずや
ハイラル城の結界を解けるハズじゃ";"Now that you possess that blade, you
can break the barrier at the castle.";"Maintenant que tu possèdes cette
épée, tu pourras briser la barrière
qui entoure le château d'Hyrule.";
"今、手にしたその剣こそが
マスターソードじゃ！";"The sword you hold in your hand is
the one and only Master Sword!";"L'arme que tu tiens est l'épée de
légende !";
"時間がない！
[PlayerName]！
ハイラル城 に急ぐのじゃ！";"So make haste. We don't have much
time left. Get to Hyrule Castle!";"Il n'y a plus une minute à perdre.
Vite, [PlayerName] !

Rends-toi au château d'Hyrule !";
"グリ～！

そろそろ帰ってらっしゃ～い！";"Yoo-hoooo! Gulley?
It's time to come home...!";"
	　　　Guly !!!


　　C'est l'heure de rentrer !";
"いないわねぇ……？
やっぱり南の森で遊んでるのかしら？";"He must not be able to hear me. Oh, I
hope he hasn't gotten himself lost in
those woods down south...";"Il n'est pas là ? Je me demande s'il
est en train de jouer dans la forêt
du sud...";
"いないわねぇ……？
この近くで遊んでるはずなんだけど……";"What, he's not here? He must be
playing somewhere nearby.";"Il n'est pas là ? Il doit certainement
jouer tout près d'ici...";
"あら、[PlayerName]
あなたグリを見なかった？
この辺りで遊んでるはずなんだけど……
おかしいわね……";"Have you seen Gulley? I think he's
playing around here somewhere.

But I have the strangest feeling...
like...oh, I don't know. Call it a
mother's instinct.
Just keep an eye out for my little guy,
OK, [PlayerName]?";"Ah, [PlayerName] !
Est-ce que tu as vu Guly ?

Il joue par ici, d'habitude...
C'est bizarre...";
"いつもこの辺りで
遊んでるはずなんだけど……？";"My little Gulley must be playing in the
woods around here somewhere.";"Il joue toujours par ici, d'habitude...";
"ケケケ……
迷いの森へようこそ";"Hree hee hee! Welcome to the
Lost Woods!";"Héhéhé...
Bienvenue dans les bois perdus.";
"ボクについて来れるかな？
よおーく見ててね";"These woods will trick you into going
back the way you came!

But all hope is not lost! If you can
follow me, then you can walk a
little deeper into the woods.
Watch carefully!";"Arriveras-tu à me suivre ?
Sois trèèès vigilant.";
"オッ、ついて来たついて来た";"Oh, well done.";"Oh, très bien, très bien.";
"じゃあ、今度は逆に 
ボクら二人について来ちゃダメだよ";"That was fun, but now we're going to
MISLEAD you. Now two of us will
bounce around.
So don't follow the two of us, or you'll
wind up back at the start!";"Cette fois-ci, on va faire l'inverse :
tu ne dois pas nous suivre.";
"！？

よく分かったね……
ん～、それなら一気に巻いちゃうよ";"Oh, very well done! Hmph. I guess
it's time to REALLY stump you!";"Qu... ?!


Tu nous as trouvés...
Hmm, on continue.";
"ボクらについて来ちゃダメだよ";"Now three of us will bounce around.
[ColoringStart]Don't follow[ColoringEnd] us!";"Tu ne dois pas nous suivre.";
"ケケケ……
正解、分かるかな……？";"Hree hee hee! Think you can get it
right?";"Héhéhé...
Feras-tu le bon choix ?";
"これより先 「迷いの森」
近寄るべからず";"Lost Woods ahead! Stay out!";"Vous vous trouvez devant
les bois perdus.
Interdiction d'approcher.";
"西 ヘ ムカエ
キット イイコト ガ アル";"Head west. You'll surely find
something nice.";"Dirige-toi vers l'ouest.
Tu y trouveras sûrement
ton bonheur.";
"東 ヘ ムカエ
キット イイコト ガ アル";"Head east. You'll surely find
something nice.";"Dirige-toi vers l'est.
Tu y trouveras sûrement
ton bonheur.";
"北 ヘ ムカエ
キット イイコト ガ アル";"Head north. You'll surely find 
something nice.";"Dirige-toi vers le nord.
Tu y trouveras sûrement
ton bonheur.";
"南　ヘ　ムカエ
キット イイコト ガ アル";"Head south. You'll surely find
something nice.";"Dirige-toi vers le sud.
Tu y trouveras sûrement
ton bonheur.";
"西 ヘ ムカエ
キット イイコト ガ アル";"Head west. You'll certainly find 
something nice.";"Dirige-toi vers l'ouest.
Tu y trouveras sûrement
ton bonheur.";
"南 ヘ ムカエ
キット イイコト ガ アル";"Head south. You'll certainly find
something nice.";"Dirige-toi vers le sud.
Tu y trouveras sûrement
ton bonheur.";
"北 ヘ ムカエ
キット イイコト ガ アル";"Head north. You'll certainly find
something nice.";"Dirige-toi vers le nord.
Tu y trouveras sûrement
ton bonheur.";
"……ヒャヒャヒャ……

[PlayerName]クン 
剣の持ち方も板についてきたねぇ……";"Heh. Looks like you've gotten used
to swinging a sword around,
[PlayerName].";"... Hihihi...


Mon petit [PlayerName],
je vois que tu t'habitues à ton épée...";
"……ヒャヒャヒャ……

[PlayerName]クンだよね

さっき外で使ってた伸びる鎖……
気持ちよさそうだねえ";"Heh. I know you. You're that little
[PlayerName], right?

I saw that shooty chain thing you
used to get in here. Looks fun.";"... Hihihi...


C'est toi, [PlayerName]...


Ta chaîne qui s'allonge...
Elle est agréable à utiliser, hein ?";
"アレ……!?
……帰っちゃうんだねえ
色々教えちゃってもいいんだけどなぁ……

……ヒャヒャヒャ……";"Huh? Going home? That's a shame.
Lots of stuff I could tell you.
Interesting stuff. Heh.";"Quoi... ?!
Tu t'en vas...

J'ai plein de choses à t'apprendre...


... Hihihi...";
"……ヒャヒャヒャ……

やっぱりキミも知りたいクチかい？[ChoiceN]";"Heh, heh! Want some gossip?[ChoiceN]";"... Hihihi...


Tu veux en savoir plus, hein ?[ChoiceN]";
"知りたいクチ";"Tell me.";"Oui !";
"そうでもない";"Forget it.";"Pas du tout.";
"ヒャヒャヒャ……

やっぱり アレかい？

キミも ウワサが好きなクチかい？

……いろいろ 調べてあるから
遠慮しないでくれよ
……ヒャヒャヒャ……[ChoiceN]";"So you like to know other people's
secrets! Whom do you want to know
about? Ask away.[ChoiceN]";"Hihihi...


Je m'en doutais...


Toi aussi, tu aimes bien les rumeurs ?


Je suis très informé, alors n'hésite pas,
demande-moi...

Hihihi...[ChoiceN]";
"魔法おばばの過去";"The witch.";"Mamie Magie";
"姫様の恋！？";"Princess Zelda.";"La princesse";
"じいさんの秘密[ChoicePositive]";"Gramps[ChoicePositive].";"Le papy[ChoicePositive]";
"……ヒャヒャヒャ……

……本当かねえ";"Well, pardon me for existing. Am I in
your way here? Do I need to move? Is
there anything I can do for you?";"... Hihihi...


Vraiment... ?";
"魔法おばば……

……ヒャヒャヒャ……

……おばばはね
昔、占いの館のじいさんに
お熱だったらしいねえ
……ヒャヒャヒャ……
……まあ、アレだよ
片想いってやつだね";"OK, WELL...


You've heard about the witch, right?


That old crone used to have a little bit
of a thing for the fortune-teller. And
you know how THAT goes.
It just wasn't in the cards...or the
crystal ball, I guess!";"Mamie Magie...


... Hihihi...


La vieille sorcière...
Il paraît qu'elle était folle du diseur
de bonne aventure, autrefois...
... Hihihi...


Mais tu vois...
C'était un amour à sens unique...";
"……占いの館のじいさんが
風邪引いた時にはね
……占いの館のポストに
お手製の薬を置いて行ったらしいねえ";"When the fortune-teller got sick, she
brewed him up a potion. Nothing
better than homemade stuff, ya know?";"Quand le diseur de bonne aventure
attrapait un rhume...

Elle glissait une potion de sa
confection dans sa boîte aux
lettres.";
"……それも気づかれないように
コッソリだよ、コッソリ
……愛情のこもった魔法の薬だねえ
……ヒャヒャヒャ……
……それをコッソリ届ける
おばばはアレで恥ずかしがり屋なんだねえ";"But she dropped it off in his mailbox
on the sly. Bashful, that old girl.
Warms the heart. Truly does. Ha!";"Mais elle le faisait discrètement,
pour ne pas se faire remarquer.
Très discrètement.
... Ses potions étaient magiques
et préparées avec amour.
... Hihihi...
Et elle les lui donnait discrètement.
Elle est vraiment timide, cette vieille
sorcière...";
"占いの館のじいさんが占ったところ
こう言ったらしいんだよねえ
「ほお……
　想いを寄せている人がいるようだ～」
「ん～、だが残念だ
　気付いてもらえない上に……相性も悪い」
って言われたらしいんだよねえ

……本人が目の前にいるのにねえ
……ヒャヒャヒャ……
……おばばとしては、想いに
気付いて欲しかったんだろうにねえ
……まあ、本当の話かどうかは
分からないけどねえ……ヒャヒャヒャ……";"So, the witch is at the fortune-teller's
place—you've been there, yeah?

So, he does a show with his hands and
says, "But I see... I see...a man that
you fancy! His face is cloudy...
"He does not return your affections!
There is no future for the two of you."

You believe that? What a fool! He
couldn't even tell that he was 
looking at himself! That poor woman...
Never thought I'd feel bad for a witch!
Now you've heard it. Go on, now.
That gossip ain't gonna spread itself!";"Voilà ce qu'il lui aurait dit...


« Ooh... ! Vous êtes amoureuse de
quelqu'un, on dirait ! »

« Ah, quel dommage... Cette personne
ne s'en rend pas compte... En plus de
ça, vous n'êtes pas compatibles. »
... C'est ce que j'ai entendu dire...


Il n'avait même pas compris qu'il
parlait de lui-même... Hihihi...

Je pense qu'elle aurait aimé qu'il
comprenne les sentiments qu'elle
avait pour lui...
... Après, je ne sais pas si c'est vrai...
... Hihihi...";
"……ある時、おばばは占いの館で
占ってもらったらしいんだよねえ";"So then, later on, the witch actually
goes and visits the fortune-teller to
get her fortune, right?";"... Il paraît qu'elle est allée le voir
pour qu'il lui dise la bonne aventure.";
"……姫様の恋……

……ヒャヒャヒャ……

……気になるのかい？";"Oh, that princess... She's quite an
interesting one, let me tell you.
You wanna hear something juicy?";"... Ah, la princesse...


... Hihihi...


Elle t'intrigue, hein ?";
"……ハイラルの王女といったって
お年頃のお姫様だ
頭の中はロマンスでいっぱいに違いないね
……ヒャヒャヒャ……[ChoiceN]";"When we reach a certain age, even
the princess comes to a point where
she has love on her mind, right...?[ChoiceN]";"Elle a beau être la princesse d'Hyrule,
elle a atteint l'âge où on commence
à tomber amoureux...
Elle doit avoir la tête pleine
d'histoires d'amour...
... Hihihi...[ChoiceN]";
"そうだと思う";"Of course!";"Ça c'est sûr !";
"どうでもいい";"Eh. Don't care.";"Je m'en fiche.";
"……ヒャヒャヒャ……

そうだよねえ、ロマンスだよねえ……

姫様は時々、夜にこっそり部屋を抜け出す
という噂でねえ…
誰かと密会している？
とか言い出す人もいたらしいねえ…
……ヒャヒャヒャ……

……噂を耳にした、お城の人が
コッソリと姫様の後をつけたらしいねえ……";"OK, WELL...


You didn't hear it from me, but every
night the princess goes on a little
excursion inside the castle.
Her maids say that she's secretly
meeting someone. Apparently, she's
not very good at the "secretly" part.
So, one night, someone gave in to the
delicious temptation of curiosity and
decided to follow the princess...";"... Hihihi...


Ah, les histoires d'amour...


Il paraît que la nuit, la princesse sort
discrètement de ses appartements...

La rumeur veut qu'elle rencontre
quelqu'un en secret.

... Hihihi...


Une personne du château aurait voulu
le vérifier et l'aurait suivie...";
"すると何と……！[ChoiceN]";"And guess what happened![ChoiceN]";"Et là, surprise ![ChoiceN]";
"どうなった？";"What happened?";"Quoi donc ?";
"どうでもいい";"*YAWN*";"Je m'en fiche.";
"……ヒャヒャヒャ……
……そうしたら何とね[ChoiceN]";"Well, I'm not one to gossip...[ChoiceN]";"... Hihihi...
Tu ne vas pas me croire...[ChoiceN]";
"どうなった？";"What happened?";"Alors, la suite !";
"どうでもいい";"I don't care.";"Je m'en fiche.";
"姫様は城の中央に大きく飾ってある絵の前で
立ち止まったらしいねえ……
……ヒャヒャヒャ……

姫様は、しばらく絵を見つめた後
部屋に帰ったそうだねえ
……お城の人がその絵を確認すると……";"The princess stopped in front of a
large painting on display in the center
of the castle.
And she stood there just staring up at
the painting for 10 minutes. And then
went back to her room. Just like that!
So when the person following her
went to inspect the painting... You'll
never guess what happened!";"La princesse se serait arrêtée juste
devant un des grands tableaux qui
se trouvent au centre du château...
... Hihihi...


Elle serait restée là à le regarder
pendant un moment, puis serait
retournée dans ses appartements.
Alors la personne qui la suivait
regarda le tableau...";
"……その絵はなんと！[ChoiceN]";"That painting...?[ChoiceN]";"Ce tableau, c'était... ![ChoiceN]";
"どんな絵？";"What?";"C'était quoi ?!";
"どうでもいい";"I don't care.";"Je m'en fiche.";
"……ヒャヒャヒャ……

何世代か前の、勇者と姫が
寄り添って立つ絵だったそうだねえ……
……ヒャヒャヒャ……

お城の人はその夜から、何度か姫様の後を
追ったらしいねえ……
でも決まって姫は、その絵を見上げては
部屋に帰って行ったそうな……
……あんまり面白い展開では無かったねぇ～
……ヒャヒャヒャ……
その絵を見ている時の姫様の顔は
憧れに満ちた顔だったそうな
……ヒャヒャヒャ……

……まあ、本当の話かどうかは
分からないけどねえ……
……ヒャヒャヒャ……";"This painting was of a hero and
princess from several generations
ago cuddling in one another's arms...
This person following her—it wasn't
me, I swear—continued to follow her
every night! Creepy.
And it was the same thing every time!
Princess Zelda would just stare at that
picture night after night...
Not a very exciting end, I suppose.
Maybe that's not so juicy after all. Oh
well. They can't all be overripe fruit!
The painting brought out a look of
such admiration that had never been
seen before in the princess.
Now you've heard it. Go on, now.
That gossip ain't gonna spread itself!";"... Hihihi...


C'était le tableau sur lequel on voit
le Héros et la princesse des temps
anciens, serrés l'un contre l'autre...
... Hihihi...


La personne qui a suivi la princesse
l'aurait suivie encore plusieurs fois.

Mais il paraît qu'à chaque fois, la
princesse regardait le tableau et
retournait dans ses appartements...
... Au final, ça n'a rien donné de très
intéressant. Hihihi...

... Mais écoute bien... Apparemment,
quand elle regardait le tableau, ses
yeux étaient pleins d'admiration.
... Hihihi...


... Après, je ne sais pas si c'est vrai...


... Hihihi...";
"……ヒャヒャヒャ……

……じいさんの秘密……
……ヒャヒャヒャ……";"You wanna hear about ol' Gramps,
eh...?";"... Hihihi...


Le papy du village Cocorico...
Hihihi...";
"……ヒャヒャヒャ……

まあ、この話はウワサというより
実際に見ちゃった話でねえ……
……ヒャヒャヒャ……

何か言うと、この身が危なそうなのでねえ
……あまり言いたくないんだけどねえ……
それでも言いたくなっちゃうんだよねえ……
……ヒャヒャヒャ……
でも危なそうだから手短に……
……ヒャヒャヒャ……";"Well, this one isn't a rumor. It's
something I actually saw with my own
two peepers.
But I probably shouldn't say anything.
You know me—I'm not one to gossip.

I might get in trouble if I told you.
But on the other hand, if you really
want to know, I mean...";"... Hihihi...


En fait, cette histoire-là n'a rien d'une
rumeur. Je l'ai vu, de mes yeux vu.

... Hihihi...


Ça pourrait me mettre en danger de te
raconter cette histoire... Il vaudrait
mieux ne pas en parler...
Mais j'ai malgré tout très envie
d'en parler... Hihihi...

Comme ça pourrait être dangereux,
je vais être bref... Hihihi...";
"……カカリコ村の広場にいるじいさん
80歳だっていうんだけどねえ……
……あのじいさん、只者じゃ
なさそうだねえ……
……ヒャヒャヒャ……";"OK, WELL...


So, Gramps in Kakariko Village? Near
the town square? He's 80 years old, or
so he says.
I don't think he's just some ordinary
old man who's just hangin' around...";"... Le vieil homme qui se trouve sur
la place du village Cocorico...
Il aurait plus de 80 ans...
... Mais surtout, c'est quelqu'un
d'extraordinaire, à ce qu'il paraît...

... Hihihi...";
"このあいだカカリコ村で朝早くに
あのじいさんを見たんだけどねえ……
……あのじいさんが何と！[ChoiceN]";"So, this one time, I saw him at the
crack of dawn. You'll never guess
what he was doing! [ChoiceN]";"Un jour, très tôt le matin, j'étais au
village Cocorico et je l'ai aperçu...

... Et qu'est-ce que tu crois qu'il
faisait ?[ChoiceN]";
"コッコと戯れて……";"Cucco-calling.";"La cocotte !";
"指一本で逆立ち";"Handstands?";"Le poirier !";
"目が光って……[ChoicePositive]";"Eating dirt.[ChoicePositive]";"Des grimaces ![ChoicePositive]";
"……そうそう、コッコと戯れて……";"Well, he's always doing that.";"... Oui, il faisait la cocotte...";
"……ヒャヒャヒャ……
それだと普通だねえ……
……ヒャヒャヒャ……";"I don't know how you knew that, but 
that's not the weird part...";"... Hihihi... Mais non, ça n'a rien
d'exceptionnel...

... Hihihi...";
"……ヒャヒャヒャ……

……[PlayerName]クンも
見たのかい？
……ヒャヒャヒャ……";"So you saw him too,
[PlayerName]?!";"... Hihihi...


Toi aussi, [PlayerName],
tu l'as vu ?

... Hihihi...";
"……ヒャヒャヒャ……
そこまで危なくは無かったねえ……
……ヒャヒャヒャ……";"NO! He was not doing that. That would
be so bad for your teeth, I think...";"... Hihihi... Mais non, ce n'est même
pas dangereux...

... Hihihi...";
"……そうそう、指一本で逆立ちして……";"Yes! Handstands!";"... Oui, c'est ça, il faisait le poirier...
Et sur un doigt en plus...";
"……そうそう、目が光って……";"Yeah! Isn't that, um...odd?";"... Oui, des grimaces étonnantes...";
"……指一本で逆立ちして

腕立て伏せならぬ
指立て伏せをしていたねえ……
何か秘密を抱えてそうだねえ……
……ヒャヒャヒャ……
……でも何か怖いから、あまり
言わない方が良いかもねえ……
……ヒャヒャヒャ……";"He was doing handstands! Not any
ordinary handstands. One-fingered
handstands! Really! I saw it!
Either he's doing a sort of intense
physical training or he's got some
secret abilities he's hiding.
But I don't want to be on that guy's
bad side, so I didn't tell you nuthin'!

Now you've heard it. Go on, now.
That gossip ain't gonna spread itself!";"... Il faisait le poirier sur un doigt...


... tout en faisant des pompes... Pas
sur une main, hein... Sur un doigt...

Il a forcément un secret...
... Hihihi...

... Mais ça fait un peu peur, quand
même. Peut-être qu'il vaut mieux
ne pas en parler...
... Hihihi...";
"山で鉱石を採ってたらよ……
いきなり地鳴りがしてよぉ
帰ってきたらこのザマだ
あたり一面岩だらけ";"I was on the mountain mining ore
when, all of a sudden, the earth
started shaking!
When I got home, the place was a
wreck. Rocks everywhere.";"J'étais parti extraire du minerai dans
la montagne quand tout à coup la
terre s'est mise à gronder.
Quand je suis rentré, j'ai retrouvé
mon terrain dans un de ces états...
Il y avait des rochers partout.";
"小屋の外もひでぇもんだ
ありゃあ、片付けるのにホネが折れるぜ
まあ、岩を持ち上げて
バカッて割るのは気持ちいいんだけどな
……せめて、これが全部
鉱石だったらなぁ……";"You seen outside? I'll be bustin' my
back for days to clean up that mess.

At least pickin' up rocks and smashin'
the things feels pretty good. Wish
they were full of good ore, though.";"T'as vu mon terrain, dehors ? Ça va 
être du boulot de tout déblayer.

Enfin, au moins c'est amusant
de soulever les rochers et de
les concasser !
Si seulement c'était du minerai...";
"お前もバカッとやってみるか？
気持ちいーぞー！";"What? You want to try too? Rah!
Feels good smashin' stuff!";"Tu voudrais pas concasser du rocher,
toi aussi ? C'est vraiment drôle !";
"男だったら、岩の一つや二つ
バカッと割れねえとな！";"Guys like us just gotta smash rocks
now and then, right?";"Un garçon devrait concasser un rocher
ou deux de temps en temps !";
"……ん？
できない？";"Huh? Can't do it?";"Hein ? Comment ça, t'y arrives pas ?";
"情けねえなぁ……男だったら岩の一つや二つ
バカッとできないとカッコわりいぞ
俺のおさがりだけどよ
これでも使いな";"Sorry to hear it. Can't stand to see
a nice kid like you not be able to
throw your weight around...
Here—take this. It's a hand-me-down
from yours truly.";"Ah, dommage... C'est la honte pour
un garçon de pas pouvoir concasser
un p'tit rocher de rien du tout.
Tiens, t'as qu'à prendre ça, je m'en
sers plus.";
"それがあれば非力なお前でも
岩くらい簡単に持ち上げられるだろうぜ";"You'll feel tough with that on your
mitt—oughta be able to pick up rocks!
Smaller ones, anyway.";"Avec ça, même un p'tit gringalet
comme toi peut facilement soulever
des rochers.";
"まあ、ついでに小屋の外の岩の
片付けも頼むぜ！";"And if you get to smashin' and just
can't stop yourself, well, there's a
whole bunch of them outside!";"D'ailleurs, si tu pouvais me
débarrasser de ceux-là, dehors...";
"ガッハッハ
冗談だよ！冗談！
ま、どうしてもって言うなら
止めねえけどな";"Grah-ha-ha! Just a joke, that's all.
I wouldn't REALLY tell ya to do all
my work out there.
Still, if you do...who am I to stop ya?";"Bouhahaha ! Mais non, je plaisante !


Mais bon, si t'as envie de m'aider,
je vais pas t'en empêcher, hein !";
"……さて、俺は片付けの続きでもするかな

おやっさんに、よろしくな";"Now, these rocks aren't gonna clean
themselves up. Back to it!

And tell that ol' smithy master of
yours I said hello.";"Allez, je dois reprendre le boulot...


Passe le bonjour à ton patron
pour moi !";
"おおっ！";"Wh-where have all those darned
rocks got to?";"Oooh !";
"おおっ！！";"Oh-ho!";"[Flush]
            C'est pas vrai ?!";
"冗談のつもりだったんだが
まさか本当に片付けてくれるなんてなぁ
ガッハッハ！
こりゃあ礼をしねえとな";"You went ahead and did the job for
me! I gotta thank you for all that.";"T'as déblayé tous les rochers ?!
Je plaisantais, tout à l'heure, tu sais !

Bouhahahaha ! Il faut que je
te récompense, maintenant !";
"中にきな！";"Come on in, OK?";"Viens à l'intérieur !";
"ただ今、留守にしています
- ロッソ -";"Not in right now.
-Rosso";"Je ne suis pas là pour le moment.
- Rosso -";
"山の鉱石場に行っています
- ロッソ -";"Gone to mine ore on the mountain.
-Rosso";"Je suis parti dans la carrière
de la montagne.
- Rosso -";
"ガッハッハ、俺の気持ちだ！
遠慮なく受け取ってくれ！";"Glad to share what's in that chest
with you. You earned it, kid!";"Bouhahaha ! Tiens, c'est pour
te remercier ! Prends-le !";
"まったく……めんどくせえなぁ……";"Urggh! These rocks! Real pain in
the neck!";"Ah là là... Ça me gonfle...";
"おっ、お客さんかい？";"Huh? A customer?";"Tiens ? Un client ?";
"何だ、お前さん……おやっさんとこの
小僧じゃねえか";"Hey, you're that kid who works for
the blacksmith, right?";"Ah, mais qui voilà ! Si c'est pas
l'apprenti de la forge !";
"めずらしく深刻そうな顔して
どうしたんだ？
もしかして、おやっさんとこ辞めて
このロッソさんに弟子入りにきたのか？
ガッハッハ、冗談だよ";"Decided you've had enough of that
place, huh? Here to be MY apprentice,
maybe?
Grah-ha-ha! Just joking! I wouldn't
do that to your master.";"Ça ne te ressemble pas, cet air
soucieux. Qu'est-ce qui t'arrive ?

Tu veux lâcher la forge pour devenir
mon apprenti, c'est ça ?

Bouhahahaha ! Je plaisante !";
"落ちるな危険！";"Danger! Don't fall!";"Danger !
Attention à ne pas tomber !";
"やあ、こんにちは！

こんなところで誰かに話しかけられるなんて
思ってもいなかったですよ
それよりも見てくださいよ！
ここからの眺めは最高ですよ！！";"Whoa, buddy! Great job. Not the
easiest thing getting up here!

Who, me? Just out here bouldering.
You know, climbing mountains.
Sounds cooler to say bouldering.";"Hé, salut !


Je pensais pas que qui que ce soit
prendrait la peine de monter jusqu'ici
rien que pour me parler !
Enfin, c'est pas important, admire
la vue, plutôt ! C'est magnifique,
tu trouves pas ?";
"ホラッ！
ハイリア湖があんなに小さく見える";"It's fun bouldering around this big
hunk o' rock here. Fresh air. Falling
rocks. Grit in your teeth.
You can't beat the scenery. Look
way out there. Lake Hylia
seems like a puddle!";"Regarde ! Le lac Hylia est tout petit,
vu d'ici !";
"イタタ……

崖を登ろうとしたら
手がスベって落ちてしまいました……
どうも、その時に
足をくじいてしまったみたいなんです";"Ugh, how embarrassing...


I was bouldering along just fine when I
slipped and fell. I twisted my ankle. 
Now I'm stuck.";"Aïe...


Je faisais de l'escalade quand j'ai
dérapé et je suis tombé...

Je crois que je me suis foulé
la cheville.";
"ああっ！
それは私が投げた手紙入りボトル！
では、アレを持ってきてくれたんですね！！

……えっ？持ってない？
………………
私は、もうおしまいです
きっと、ここで朽ち果てることでしょう";"Ha! No way! You really found my
letter in a bottle?

I threw that out to the lake! Yeah,
always had a good arm. But wait. 
Didn't you read it?
I'm desperate for some tasty
premium milk up here.

I gotta get some of that, or I'm never
going to get off this hunk of rock.";"Hé ! C'est mon message dans un
flacon ! Ça veut dire que tu m'as
apporté ce que j'ai demandé !
... Non ? Tu n'en as pas ?
... Je...

C'en est fini de moi... Je vais
succomber à mes blessures et pourrir
ici comme du vieux bois moisi...";
"いいんです、山で朽ち果てる……
それも山男にとっては本望かもしれません……
……でも最後にミルクバーの
プレミアムミルク飲みたかったなぁ……";"Not a bad way to end my days, being
a boulderer and all.

But still, what I wouldn't do for a
drink of premium milk from the
Milk Bar.";"Non, laisse-moi, c'est mieux comme
ça... Je vais rendre mon dernier
souffle ici.
C'est comme ça que tout vrai
amoureux de la montagne devrait
finir.
Mais avant de dire adieu à ce monde,
j'aurais aimé goûter une dernière fois
au lait grand cru du bar laitier...";
"君！[Vibrate]
そ、それは！
プ、プレミアムミルク！

あー、もう我慢できない！！
ちょっとそれ飲ませてください！";"Hey, guy. [Vibrate]W-w-wait! Is that what I
THINK it is?

Milk?! Ice-cold milk!


And not just any milk, but some
premium milk? GIMME!";"Hé ![Vibrate]
Mais c'est du...


	du lait grand cru !

Aah, vite, vite ! Donne-le-moi !!!
Je peux plus attendre !";
"プハー！";"Ahhh!";"[Flush]
                     Ouaah !";
"やっぱりマスターのミルクは最高ですね！
なんだか元気が出てきました！
いやー、勝手に飲んじゃって悪かったですね
つい、我慢できなくてね
君には迷惑かけました

迷惑ついでに
悪いけどコレ引き取ってもらえないかな";"That really hit the spot—best milk in
the kingdom, right? Uh, wait. Oops.
Did I drink the whole thing?
Sorry, friend. And after you came all
this way. Well, how about doing me
another favor?
Here, take this garbage away.";"Y a pas mieux que le lait du bar
laitier ! J'ai déjà repris des forces !

Je suis vraiment désolé de t'avoir
embêté avec ça.

En fait, c'est moi qui suis bien
embêté, maintenant. Tu pourrais
pas récupérer ça ?";
"山にゴミは残しておけないですからね！
よーし！
プレミアムミルクのおかげで
足の痛みも、やわらいだ気がするし
もう少し休憩したら
ゆっくり山を下りてみることにするよ
君のおかげで助かったよ！
ありがとう！";"Don't want to leave trash on the
mountain, right?

OK, my ankle's all spiffed up now that
I've had some premium milk.

Still, going to take it slow before I
head back down. Thanks again!
You're a boulderer's best bud.";"Ben ouais, c'est pas bien de jeter
ses ordures dans la nature !

C'est super ! Grâce au lait grand cru,
j'ai l'impression d'avoir déjà moins
mal à la cheville !
Je vais rester ici un petit moment pour
me reposer et après, je pense que je
redescendrai la montagne.
Tu m'as été d'un grand secours !
Merci à toi !";
"ただ、ハイラル城だけ
ボヤけていて、キレイに見えないんですよ
何かあったんでしょうか？";"Whoa! What's with that weird, smudgy
glow around Hyrule Castle?

What's going on over there? Can't be
good, whatever it is.";"Dommage, on n'arrive pas bien à voir
le château d'Hyrule, il est comme
plongé dans la brume.
Il s'est passé quelque chose là-bas ?";
"ところで、見えますか？
ほら、山のふもとのあたり……";"By the way, can you see it? There, at
the foot of the mountain...";"Au fait, t'as vu ?
Là-bas, au pied de la montagne...";
"さっきの地震のあと
何か妙なキレツができたんです";"After that quake, some kind of strange
crack opened up down there.";"Des failles étranges sont apparues
après le tremblement de terre.";
"大きな地震でしたからねぇ
私も落っこちそうになりましたよ
そういえばロッソさんは
大丈夫なんでしょうか？
この辺りは、ロッソさんの
鉱石場がありますし、心配ですねぇ……";"Well, it was a big quake, after all.
Almost knocked me down.

Hmm. I wonder how Rosso is doing.
His mine isn't far off, so he might be
pretty roughed up.";"J'ai bien failli tomber à cause de
ce tremblement de terre.

J'espère que Rosso va bien...


Sa carrière se trouve près d'une faille,
alors ça m'inquiète un peu...";
"お城で何かあったのでしょうか？
遠すぎてよく見えないですね……";"What happened down at the castle?
It's so far down there. I just can't
make it out very well...";"Il s'est passé quelque chose au
château ? Il est trop loin, je vois
pas grand-chose...";
"ロッソさん大丈夫でしょうか？
大きな地震でしたし、心配ですね……";"I wonder if Rosso is doing all right.
He's a big guy, but that was a real
big quake.";"Est-ce que Rosso va bien ?
Le tremblement de terre était quand
même assez fort, alors ça m'inquiète...";
"↓ この先ロッソの鉱石場


お帰りはコチラ →";"↓ Rosso's Ore Mine
Way Out →";"↓ Vers la carrière de Rosso


Sortie →";
"この先ロッソの鉱石場 →";"Rosso's Ore Mine →";"Vers la carrière de Rosso →";
"← この先ロッソの鉱石場";"← Rosso's Ore Mine";"← Vers la carrière de Rosso";
"この先ロッソの鉱石場 ↑";"Rosso's Ore Mine ↑";"Vers la carrière de Rosso ↑";
"ロッソの鉱石場";"Rosso's Ore Mine";"Carrière de Rosso";
"↑ ロッソの鉱石屋
→ ヘブラ山登山道";"↑ To Miner's House
→ Death Mountain Path";"↑ Chez le livreur de minerai
→ Vers le mont Hébra";
"そっ 、それはスベスベ石 ！？";"Wait, stranger! Do you have the
queen's smooth gem?!";"Mais c'est... c'est la pierre toute
douce ?!";
"泉の中に……
泉の中に投げ込んでくれゾラ……";"Throw it in the pool—hurry!";"... Dans la fontaine... Jette-la dans
la fontaine...";
"ぬ、抜けない……";"Get me—! Get me OUT of here!";"Je ne peux plus sortir...";
"大変だゾラ……";"It's getting worse by the second!";"C'est terrible...";
"女王サマの美のヒミツ
スベスベ石が盗まれたゾラ……";"I can't believe that guy came in and
stole the smooth gem right out
from under our gills!";"Le secret de beauté de notre reine...
La pierre toute douce a été volée...";
"スベスベ石を泉に入れてないと
何が起こるか……";"That finless jerk probably thought it
was just some sparkly thing! But the
queen needs it to contain her power!";"Que va-t-il se passer si on ne remet
pas la pierre toute douce dans la
fontaine... ?";
"じょ、女王サマ？";"Without that smooth gem, our queen
will keep—!";"Votre... Votre Majesté ?";
"……さっそくおかしくなってるゾラ";"She'll keep bloating up!";"... Elle est devenue assez... étrange.";
"……巨大化したゾラ";"But our poor queen...";"Elle a doublé de volume...";
"このままじゃ
泉からも出られないゾラ……";"We've got to get that smooth gem
back, or else!";"Elle va finir par rester coincée dans
la fontaine...";
"……た、大変だゾラ";"The queen is in a sea of trouble!
We've got to do something!";"C'est... C'est affreux.";
"女王サマが……";"But what? That guy doesn't even
KNOW all the trouble he just caused!";"Sa Majesté la reine...";
"助けてくれゾラ……
泉にスベスベ石を……";"Please, stranger! Can you get the
queen's smooth gem back?";"Aide notre reine... Replace la pierre
toute douce dans la fontaine...";
"……
ジラすタイプゾラね……";"That's not very funny, stranger!";"Tu es un petit comique, toi...";
"スベスベ石は珍しい石だゾラ
売ればかなりの値がつくゾラ
こんなことなら先に売……

い、いかんことを
考えてしまったゾラ……";"The smooth gem is rarer than rare!
Someone could get a high price
for that.
Hmm... If anyone was going to make
off with that stone, WE should've
done it first.
Gah—what am I thinking? I can't let
the queen hear that sort of talk!";"La pierre toute douce est un objet
rare. Elle pourrait rapporter gros à
qui veut la vendre.
Si j'avais su, je serais allé la vendre
avant...

Oh non, c'est horrible ce que je viens
de dire...";
"でも、あんな女王サマも
嫌いじゃないゾラ……";"We've got to get it back in her pool
before all is lost!";"Même comme ça, Sa Majesté la reine
reste séduisante...";
"女王サマが
泉にハマッてしまったゾラ……";"She's just plain stuck until we get
her smooth gem back somehow.
Our poor queen...";"Sa Majesté la reine est coincée
dans la fontaine...";
"誰でもいいゾラ！
助けてくれゾラ！
女王サマのスベスベ石を
取り戻してきてほしいゾラ";"You must have seen that guy run out
with the queen's smooth gem, right?";"S'il te plaît ! Aide-nous !


On aimerait que tu retrouves la pierre
toute douce de notre reine.";
"スベスベ石は
金色に輝くとっても美しい石だゾラ
取り戻してくれたら、女王サマから
ご褒美がもらえるゾラ
きっと、とってもスゴイ
ご褒美ゾラ！";"We've GOT to get it back! Stranger,
if you see a big, gleaming, golden
gemstone, bring it back here.
I'm sure you'd get a nice reward!";"C'est une très belle pierre qui brille
d'une lueur dorée.

Si tu la retrouves, la reine te donnera
une fabuleuse récompense.

Oh oui, une fabuleuse récompense !";
"お恥ずかしいところを
お見せしてしまいましたね";"I'm sorry you had to see us in such
an uproar.";"Comme j'ai honte de m'être ainsi
donnée en spectacle...";
"助けてくださったのはアナタですか？";"Are you the one who helped me?";"Est-ce toi qui m'as porté secours ?";
"取り乱してしまって
ごめんなさい
私はゾーラ族の女王オーレンと申します";"Thanks to you, I'm free of my pool.
That was all rather undignified.

Allow me to introduce myself. My
name is Oren, Queen of the Zoras.";"Pardonne-moi d'avoir agi sans aucune
retenue... Mon attitude était indigne
de mon rang.
Mon nom est Orlène. Je suis
la reine des zoras.";
"お恥ずかしい話ですが、スベスベ石は
私にとって、なくてはならない物……
本当に助かりました";"I don't know how I came to rely on
that troublesome smooth gem. But I
do need it, so I thank you deeply.";"Je l'avoue non sans embarras, la
pierre toute douce m'est devenue
indispensable... 
Je te remercie de l'avoir retrouvée.";
"感謝の気持ちです
これを受け取ってください";"I am filled with gratitude. Please
take these, won't you?";"J'aimerais te témoigner toute ma
reconnaissance. Accepte ceci, je
t'en prie.";
"助けてくれて、ありがとう

これでアナタも、私たちゾーラ族同様に
水の中を自由に行動できることでしょう
だけど、ごめんなさい
人間とは仲良くと、いつも言ってるのですが
私の言うことが聞けない
ゾーラ族もいるから、注意してくださいね";"They will allow you to swim and dive,
so you may travel the rivers and
roam the lakes.
But my Zoras do consider that their
territory, and while I tell them to
get along with people...
I have to admit, they just don't listen.
So be careful out there.";"Je te remercie de m'avoir aidée.


Grâce à ces palmes, tu pourras nager
comme un zora.

Cependant, je dois te demander de
me pardonner. Je dis toujours à tous
les zoras de bien traiter les humains...
Mais certains se rebellent contre moi
et refusent de m'obéir, alors fais bien
attention à toi.";
"じょ、女王サマ！";"Th-the queen!";"Votre Majesté !";
"も、元のお姿に……";"The bloating has stopped!";"Vous êtes redevenue comme avant...";
"助かったゾラ……
女王サマが美を取り戻したゾラ……";"What a relief!";"Tu nous as été d'une grande aide...
La reine a retrouvé toute sa beauté !";
"スベスベ石……";"Oooh, the smooth gem is back!";"La pierre toute douce...";
"ボクも、ちょっと
スベスベしてみたいゾラ……";"If I could only touch it... Just once!";"Moi aussi, j'aimerais bien la toucher...";
"女王サマが美を取り戻したゾラ……";"The queen's bloating stopped.";"Sa Majesté la reine est redevenue
aussi belle qu'avant...";
"女王サマたちは湖に泳ぎに行ったゾラ";"The queen and her attendants have
gone out for a swim in the lake.";"Sa Majesté la reine et sa suite sont
partis nager dans le lac.";
"……湖に泳ぎに行った女王サマたちの
帰りが遅いゾラ……";"The queen's been gone a long time.
She should have come back from her
swim by now.";"Mais ils devraient être rentrés
depuis longtemps...";
"……どう考えても遅いゾラ";"They're late. Too late.";"Ils sont vraiment très en retard...";
"川を下って

湖で泳いで……

戻ってくる……

それだけ なのに
どうしてここまで時間がかかるゾラ……！？
まさか 女王サマ……

また あの体型に……！？";"Just follow the river down to the lake.
Swim around for a bit, see what's
what, and then come back.
I shudder to think that something
awful's happened to the queen...";"Sa Majesté la reine descend la
rivière...

... elle nage dans le lac...


... et elle revient.


C'est aussi simple que ça, alors
pourquoi met-elle autant de temps ?!

Oh non... La reine aurait-elle...


... encore doublé de volume ?!";
"……じょ、女王サマに会ったゾラか！？

……さ、さらわれていたゾラ！？

帰りが遅すぎるので
心配をし始めていたとこだったゾラ……
……心配した甲斐があったゾラ";"Y-y-you met with our queen?


But she was kidnapped? And you saw
her after all that?

I simply thought she was late! Uh, I
guess I should worry about her more!";"Tu... Tu as vu Sa Majesté la reine ?!


Qu... Quoi ?! Elle a été... enlevée ?!


Je commençais à me faire du souci,
elle tardait à rentrer...

Comme quoi, je ne m'inquiétais pas
pour rien...";
"女王サマは泳ぎが速くて
ついていくだけで、精一杯ゾラ
それを 考えれば、お留守番が楽ゾラ
水難に合わなくてすむゾラ";"I could get used to this guard-duty
thing. There's not much to do!
The queen swims so fast...
It's impossible to keep up with her!";"La reine est très rapide à la nage,
alors pour la suivre, il faut nager
jusqu'à l'épuisement.
Si on y réfléchit, il est plus sûr de
rester ici et de monter la garde.
Je ne risque pas de couler, au moins.";
"……でも、さっきまでの女王サマも
嫌いじゃなかったゾラ……";"I wish the queen would do away with
the pool and that magical gem.";"Mais quand même, la reine ne me
déplaisait pas quand elle était plus...
imposante...";
"泉にスベスベ石を
投げ込みますか？[ChoiceN]";"Do you want to throw the smooth gem
into the pool?[ChoiceN]";"Voulez-vous jeter la pierre toute
douce dans la fontaine ?[ChoiceN]";
"投げ込む";"Throw it";"Oui.";
"投げ込まない";"Don't throw it";"Non.";
"痛えな！
どこに目ェつけてんだ！";"Youch! Watch where you're going!";"Aïe ! Regarde devant toi quand
tu marches !";
"……って
村でジロジロ見てきたヤツじゃねえか？
ガキのくせに
こんなとこウロチョロしやがって！";"Wait a second. You're that kid who
was giving me the evil eye back
in the village!
What are you doing in a place
like this?";"Hé... Mais c'est pas toi qui me
regardais de travers au village ?

Qu'est-ce qu'un mioche comme toi fait
par ici ?!";
"どけよっ！";"Outta my way!";"Dégage !";
"……って
村をウロウロしてたヤツじゃねえか？";"Wait a second. I've seen you. Aren't
you that kid who was hanging out
in the village? Well—whatever!";"Hé... Mais c'est pas toi qui n'arrêtais
pas de traîner au village ?";
"じょ、女王サマ！
だ、誰か助けてくれゾラ……！";"The queen, the queen! Please help,
somebody! HELP!";"Oh non, Votre Majesté !!!
À... À l'aide !";
"← 深さに注意！
　  深いところだとおぼれちゃうよ";"Deep water nearby!
Stay in the shallows!";"← Eaux profondes
　Risque de noyade";
"私は、オヌシの未来が分る占い師
20ルピーでオヌシの悩みを解決してやろう[ChoiceN]";"I am a reader of fortunes, and I see
your future. I'll tell you what's to
come for 20 Rupees.[ChoiceN]";"Je suis un diseur de bonne aventure.
Je peux te prédire l'avenir.

Donne-moi 20 rubis et tes soucis
ne seront plus qu'un mauvais
souvenir.[ChoiceN]";
"占ってもらう";"Tell me";"D'accord.";
"やめとく";"No, thanks";"Je veux pas.";
"ナンタラ～カンタラ～
ナンタラ～カンタラ～
ネアンデルタール、ネアンデルタァァルッ！";"Higgledy-piggledy! Porkety-florkety!
Choppity...floppity...kerplop!";"Abracadabra, abracadabra...
Néantara, cantara...
Néandertal, néandertaaal !";
"ナンタラ～カンタラ～
ナンタラ～カンタラ～
クロマニヨーン、クロマニヨォォンッ！";"Higgledy-piggledy! Porkety-florkety!
Moppity...sloppity...kerplop!";"Abracadabra, abracadabra...
Néantara, cantara...
Cro-Magnon, Cro-Magnoooon!";
"あぁ、何か降りてきた……降りてきたよ……
では……";"Oh, a sign from on high! I see it.
All right, I'll state it plainly...";"Aaah... Je vois quelque chose...
Oui, je vois... Hmmm...";
"占いなんぞに使うルピーは無いと？
何だ、元々持っておらんではないか
その気になったらルピーを持って
また来るが良いゾ";"You don't seem to have enough
Rupees. Come back when you do, and
then I'll be glad to tell your fortune.";"Qu'y a-t-il ? Tu ne veux pas dépenser
tes rubis pour connaître ton avenir ?
Ah, non, tu n'en as pas assez, en fait.
Si tu veux savoir ce que j'ai vu,
reviens me voir quand tu en auras
plus...";
"私の占いには興味が無いと……

自分の行く道は
はっきり見えておると……
根拠のない自信は若者の特権よ
まあ、好きにするが良い";"Are you saying you have no interest
in having your fortune told?

My fortunes can be worth their weight
in gold. Especially when you're feeling
particularly stuck in your adventures.";"Mes prédictions ne t'intéressent
pas... ?

Tu vois clairement la route que
tu dois emprunter... ?

La confiance aveugle en l'avenir
est bien le privilège de la jeunesse.
Fais comme bon te semble.";
"やめとくって……
それもよかろう……";"But if you don't want to hear, maybe
that's all for the best...";"Tu ne veux pas que je te prédise
l'avenir... Comme tu veux...";
"2つの道が見える……
どちらの道について訊きたい？[ChoiceN]";"I see two paths before you... Which
would you like to ask about?[ChoiceN]";"Je vois deux chemins... Quel est celui
dont tu veux que je te parle ?[ChoiceN]";
"ヘラの塔";"Tower of Hera";"Héra.";
"風の館[ChoicePositive]";"House of Gales[ChoicePositive]";"Les vents.[ChoicePositive]";
"フフフ……
オヌシ、大変な業を背負ったものじゃ
7つの道が見えておるぞ";"Oh! So much fortune to tell! It's like
a buffet of fate. I see seven paths
before you...";"Huhuhu...
Quel terrible karma que le tien...

Je vois sept chemins.";
"どの道について訊きたい？[ChoiceN]";"Which path would you like to ask
about?[ChoiceN]";"De quel chemin veux-tu que
je te parle ?[ChoiceN]";
"闇の神殿";"Dark Palace";"Les ténèbres.";
"水のほこら";"Swamp Palace";"Le marais.";
"ドクロの森";"Skull Woods";"Les squelettes.";
"ほかの道[ChoicePositive]";"Another path[ChoicePositive]";"Voir les autres.[ChoicePositive]";
"ほかの道はこれじゃ
どの道について訊きたい？[ChoiceN]";"These are the other paths. Which one
would you like to ask about?[ChoiceN]";"Voici les autres chemins. Quel est
celui dont tu veux que je te parle ?[ChoiceN]";
"氷の遺跡";"Ice Ruins";"La glace.";
"砂漠の神殿";"Desert Palace";"Le désert.";
"カメイワ";"Turtle Rock";"La tortue.";
"ほかの道[ChoicePositive]";"Another path[ChoicePositive]";"Voir les autres.[ChoicePositive]";
"残りの道はこれじゃ[ChoiceN]";"This is the last path.[ChoiceN]";"Voici le dernier chemin.[ChoiceN]";
"はぐれ者のアジト";"Thieves' Hideout";"Le repaire.";
"ほかの道[ChoicePositive]";"Another path[ChoicePositive]";"Voir les autres.[ChoicePositive]";
"ムム！？
おかしい……、未来が見えん
そうか、なるほど……！！

どうやら、この道の目的は
果たされているようじゃな
今回はルピーはいらんぞ

まだ、悩めるようなら
ほかの道について訊くが良い";"Strange. So very strange. The path
is clouded... Oh, I see. That isn't
your future. It's your past.
You have been there...and done that.
No, keep your Rupees. But feel free
to inquire about a different path.";"Co... Comment ?! Comme c'est
étrange... Je ne peux pas voir
ton avenir.
Oh, mais bien sûr !


Il semble que tu as déjà atteint ton but
sur ce chemin-là.

Je ne te demanderai pas de rubis
pour cette fois-ci.

Si tu es toujours dans le noir,
n'hésite pas à me consulter sur
un autre chemin.";
"占いは以上じゃ
行く道は見えたかの？";"That concludes our session. Were you
able to see the path you'll take?";"C'est tout pour les prédictions.
Vois-tu la route que tu dois
emprunter ?";
"では、20ルピーいただくぞ";"OK, that'll be 20 Rupees.";"Alors, ça fera 20 rubis.";
"ムム！？
一体どうしたことじゃ？
オヌシの未来が見えん！
これではルピーは受け取れぬ……
私を頼ってくれたのに
すまぬ";"What? I'm unable to see your future!
I can hardly ask for your Rupees now.
My deepest apologies.";"Co... Comment ?! Que se passe-t-il ?
Je ne vois pas ton avenir !

Je ne peux pas te demander de rubis...


Dire que tu comptais sur moi.
Je te demande pardon.";
"探し物じゃな？
オヌシ！
それぐらい水晶に訊かんでもわかるぞ……

どこにあるのかって？
そいつはコイツに訊かんと分からんなぁ[ChoiceN]";"Searching for something? I don't need
to consult the crystal to figure that
out. Where is it, you ask?
For that, we will need to ask our
friend here.[ChoiceN]";"Hé, toi ! Oui, toi !
Tu cherches quelque chose ?

Je n'ai pas besoin de regarder dans
ma boule de cristal pour m'en rendre
compte...
Tu veux savoir où chercher ?
Là, par contre, il va falloir faire
appel à mes pouvoirs divinatoires.[ChoiceN]";
"占ってもらう";"Fortune";"D'accord.";
"やめとく";"No";"Je veux pas.";
"オヌシの悩みを解決してやるぞ[ChoiceN]";"How may I be of help?[ChoiceN]";"Je peux régler tous tes soucis.
As-tu besoin de mes services ?[ChoiceN]";
"占ってもらう";"Fortune";"Oui.";
"やめとく";"Nothing";"Pas besoin.";
"来るのが少し早いな……
[PlayerName]
私はオヌシの未来が分かる占い師

オヌシに渡したい物があるのじゃ

しかし、それは今ではない

ウサギの仮面を見たら
もう一度、私の所に来るが良い
私からの贈り物はその時に……
これは運命じゃ";"I see...! I see...!


Ah, yes! I see that you're here too
early, [PlayerName]...

I've got something to give you.
But as a fortune-teller, you've got to
trust me when I say this.
Come back when you've...bumped
into the bunny.

Hmm. I hope that makes sense?
If not, I'm sure it soon will!";"Il est encore trop tôt pour que tu
viennes ici, [PlayerName]...

Je suis un diseur de bonne aventure,
alors je connais ton avenir.

J'ai quelque chose pour toi.


Mais je ne peux pas te le donner
maintenant.

Reviens me voir quand tu auras
rencontré le lapin.

Je te donnerai ton cadeau à ce
moment-là... Tel est ton destin.";
"ウサギの仮面は見たか？
その時が来たら、私の所に来るのじゃ……";"Have you...bumped into the bunny
yet? It's in your future. Come back
after that for a gift, OK?";"As-tu rencontré le lapin ?
Reviens quand tu l'auras vu.";
"……4……3……";"...4...3...";"... 4... 3...";
"もう来たか！
2秒ほど早いぞ！
フフフ……運命じゃよ
[PlayerName]
オヌシが私の所に来る……
これは運命じゃ";"Oh, you're here already?


It's fate that we have this little chat.
But you're a whole TWO seconds
early, [PlayerName].";"Tu es déjà là ?!
Tu as 2 secondes d'avance !

Héhéhé... C'était ton destin,
[PlayerName].

Si tu es venu jusqu'ici, c'est
parce que le sort l'a voulu.";
"私はオヌシの未来が分かる占い師

困ったことがあった時は
私の所に来るが良い
オヌシの未来をこの水晶に訊いてやろう

コレを私がオヌシに渡すのも……
もちろん運命じゃ";"I can see the future in my crystal ball.
And I have seen that there is a gift
in your near future.
Very near. As in...NOW!";"Je suis un diseur de bonne aventure,
je peux prédire ton avenir.

Si jamais tu te trouves en difficulté,
n'hésite pas à venir me voir.

Je demanderai à ma boule de cristal
de me montrer ton avenir.

Et c'est aussi le destin qui a voulu
que... je te remette ceci.";
"それはヒントメガネ

見た目に騙されてはいかん
[PlayerName]よ
それは本当に恐ろしい代物なのじゃ";"Those are the Hint Glasses.
Don't be fooled by the slightly silly
appearance, [PlayerName].
Those glasses allow the wearer to
behold things amazing and strange!";"Ce sont les lunettes occultes.


Ne te fie pas aux apparences,
[PlayerName].

C'est un objet terrifiant.";
"困難にぶつかり絶望しそうな時
ヒントメガネで世界を見てみよ
この世にヒントおばけたちの
姿を見ることができるんじゃ
やつらのつぶやきが
オヌシをさらなる真理へと導くであろう";"For if you're in a place where you
feel hopeless and stuck, look at the
world through those glasses.
You may just catch a glimpse of a
Hint Ghost.

Such ghosts give you tips and tricks
from the great beyond. They can
put you back on the right path.";"Quand tout n'est plus qu'obstacle et
qu'aucun espoir ne te reste, regarde
le monde au travers de ces lunettes.
Elles te permettront de voir les
fantastus qui hantent notre monde.

Leurs murmures te guideront sur le
chemin de la vérité.";
"絶望を希望に変えられるやもしれぬぞ";"So when in doubt, look to the other
side with those glasses.";"Alors l'espoir viendra chasser
la détresse.";
"ヒントメガネの力……
見てみたいかね？
この店の近くに洞窟がある
そこでヒントメガネをかけてみるがよい";"Would you like to see the power of
the Hint Glasses in action?

There's a cave near my shop. Put on
the Hint Glasses there!";"Veux-tu une démonstration du pouvoir
des lunettes occultes ?

Il y a une grotte pas loin d'ici.
Vas-y et mets les lunettes sur
ton nez !";
"ほう……オヌシ……
ここと似たような場所へ行ったことはあるか？
カカリコ村の北じゃ……
私と似たことをやっている者がおる
その者は、こことよく似た店で
オヌシを待っているようじゃ";"Hello there, young sir... Have you,
perchance, ever been to a place that
you would say is similar to this one?
North of Kakariko Village...? There
is someone there who does something
very similar to what I do here.
He awaits you in a shop that much
resembles mine! However, he has
something for you that I do not...";"Hoo... Mon garçon...
Es-tu déjà venu dans un endroit
semblable à celui-ci ?
Au nord du village Cocorico...
Tu trouveras quelqu'un qui me
ressemble.
Il t'attend dans un pavillon qui
est très similaire au mien.";
"← 占いの館　　教会 →
↓ ハイラル城 方面";"← Fortune-Teller
Sanctuary →
↓ Hyrule Castle";"← Pavillon de la divination
Sanctuaire →
↓ Vers le château d'Hyrule";
"↓ 深さに注意！
　深いところだとおぼれちゃうよ";"↓ Drowning risk! 
Watch out for deep water!";"↓ Attention, eaux profondes !
Risque de noyade.";
"あら、[PlayerName]
教会に何かごよう？";"Oh, look who's here! Welcome to the
Sanctuary, [PlayerName].

Eager as ever, aren't you? Is there
something I can help you with?";"Tiens, [PlayerName] ?
Quel bon vent t'amène ?";
"";"[Flush]AHHH—!";"[Flush]
　　　           Aaaaah !!!";
"な、何事だべ！？";"Wh-what's happening in there?";"C... C'était quoi, ce cri ?!";
"と、扉が！
ビクともしねえべ";"Th-th-the doors are shut tight. Can't
get them open!";"Impossible d'ouvrir la porte !
Elle veut pas bouger !";
"ど、どうするだよ……？

セレス様のあの声、ただ事じゃねえべ！
急いで、お助けしねえと！
何か……
いい……方法…… ";"Wh-what can we do? That was Seres
crying out! 

Dampé doesn't have a key! Dampé
just digs the graves around—!";"Qu... Qu'est-ce qu'on va faire... ?


T'as entendu le cri de sœur Célès ?
Il a dû se passer quelque chose
d'horrible ! Faut vite aller l'aider !
Y aurait pas un moyen de...";
"[Flush]そうだべ！";"[Flush]Wait. Dampé remembers!";"[Flush]
                   Mais oui !";
"[PlayerName]どん、墓場に
教会とつながってる地下の道があるだよ！
オ、オラは、見たことも
入ったことも無えけんども
お前さん剣を持ってるべ？
様子さ見てきてほしいだ！[ChoiceN]";"Dampé once heard the priest talking
about a secret way into the Sanctuary,
hidden right in my Graveyard.
Bad luck, Dampé thinks, messing
around with graves. Worse luck,
going under the ground...
But YOU! You do it. If you get scared,
just swing that sword around![ChoiceN]";"Écoute, [PlayerName], y a un
souterrain qui relie le cimetière
au sanctuaire !
Enfin, je l'ai jamais vu et j'y suis
jamais entré.

Mais t'as une épée, toi ! Sois un bon
p'tit gars et va voir ce qui se passe
là-dedans, d'accord ?[ChoiceN]";
"剣って？";"What sword?";"Une épée ?";
"怖いからムリ[ChoicePositive]";"I'm scared![ChoicePositive]";"J'ai trop peur ![ChoicePositive]";
"お前さんが持ってる
その兵士長さんの剣のことだべ！[ChoiceN]";"That sword you've got there! Dampé
heard you say it belongs to the
captain, but who cares?[ChoiceN]";"Là, l'épée du capitaine de la garde ![ChoiceN]";
"分かった";"OK, OK...";"D'accord.";
"これはお届け物[ChoicePositive]";"It's for delivery![ChoicePositive]";"Je dois la livrer.[ChoicePositive]";
"んなこと言ってる場合じゃねえべ！[ChoiceN]";"Forget that. Get to swinging that
sword![ChoiceN]";"C'est pas le moment ![ChoiceN]";
"分かった！";"You're right!";"D'accord !";
"やっぱり、ムリ！[ChoicePositive]";"But I can't...[ChoicePositive]";"Pas question ![ChoicePositive]";
"ま、まだそんなことを！
こんな一大事に、お前ってやつは……
セレス様がどうなっても
良いってんだな？[ChoiceN]";"What? Saving Seres is way more
important than some delivery.

You're USING that sword—even if
Dampé has to tie it to your hand![ChoiceN]";"Mais tu insistes, en plus !
La situation est critique...

Tu te fiches de ce qui peut arriver
à sœur Célès ?![ChoiceN]";
"わ、分かった";"OK, fine!";"D'a... D'accord.";
"しかたない[ChoicePositive]";"If I have to...[ChoicePositive]";"S'il le faut...[ChoicePositive]";
"危なくなったら
その剣さ使うだ！
も、もう10才、若けりゃ
オラが行くけんど
……いや……20才？
30才……？
何にしても、まずは墓場に
行ってみるだべ";"Use that sword if you run into 
trouble.

Dampé would help, but these old
bones are falling apart as it is. So go
find the secret passage.
It's got to be hidden somewhere in
the Graveyard!";"Si t'es en danger, utilise cette épée !


Si... Si j'avais 10 ans de moins, j'irais
moi-même.

Ou... euh... 20 ans ?
30 ans... ?

Bref, va voir dans le cimetière.";
"セレス様ぁ！
神父様ぁ！兵士長さーん！";"Whaddya doin'? Seres is in trouble!
So's the captain! And the priest!
Who knows WHAT'S going on in there!";"Sœur Célès !
M'sieur le prêtre !
Capitaine !";
"オラは何とか扉から入れねえか考えるだ！
すまねぇが、地下道の方はまかせたべ
墓場ももうだいぶ古くなってるだ
墓石を押すと倒れることがあるべ
ケガしねぇように、気を付けるだべ";"C'mon, hurry. The secret passage into
the Sanctuary is hidden somewhere
in the Graveyard.
Watch out. Some of those gravestones
are so old, you can shove 'em right
over if you're not careful!";"J'vais trouver un moyen d'ouvrir cette
porte ! Toi, emprunte le souterrain,
d'accord ?
Le cimetière est assez vieux, alors
des fois, il arrive qu'on déplace les
tombes en s'appuyant dessus...
Fais gaffe à pas te faire mal, hein !";
"兵士長さんなら、いらしてますよ
中で、父とお話しされていますわ";"I see, I see... You're looking for the
captain.

Well, you're at the right place. He's
come to see my father.";"Tu cherches le capitaine de la garde ?


Il est à l'intérieur.
Il discute avec mon père.";
"それにしても兵士長さんったら、剣を
お忘れになるなんて、ウッカリさんだこと";"The captain forgot his sword? Oh, how
unlike him to be so careless!";"Tout de même, le capitaine est bien
étourdi d'oublier son épée comme ça.";
"ちょっと見てくるわね";"Just a moment. I'll fetch him for you.";"Je vais aller voir s'ils ont terminé.";
"やれやれ、兵士長さんのお目当ては
神父様ではなく、セレス様なのにな
セレス様こそ、うっかりというか……
ノンビリなお人だべ
まあ、そこがセレス様の
いいとこでもあるんだども
そういえば、お城の壁に変な絵があったべ
朝もやで良く見えなかったども";"Coming and going! Going and coming!
The captain stops by here more
than anyone...
You think he wants to yak with the
priest? No, sir—just makin' excuses
to see Seres there.
She hasn't got a clue, either. But I
s'pose that's what's so lovely about
Seres. Carefree as a bird...
But ol' Dampé sees more'n people
think. Like those paintings on the
castle walls this morning.";"Ah là là... C'est pour voir sœur Célès
que le capitaine est venu ici, pas pour
parler avec m'sieur le prêtre.
Le capitaine est peut-être étourdi,
mais sœur Célès n'est pas très futée
non plus...
Enfin, c'est aussi ça qui fait son
charme.

Au fait, j'ai cru voir de drôles de
dessins sur les murs du château
ce matin...
J'y voyais pas grand-chose à cause
de la brume, cela dit...";
"あれは……";"There's trouble brew—";"C'était...";
"おお、[PlayerName]

今は朝のお祈り中なので
また後でゆっくり話しましょう";"A good morning to you, young
[PlayerName].

Sorry, but I'm in the middle of my
morning preparations. How about we
talk later?";"Bonjour, [PlayerName].
Désolé, je suis en train de faire mes
prières du matin.
On pourra discuter plus tard
si tu veux.";
"おはよう、[PlayerName]
今朝は早いのね
父は今、朝のお祈り中なの
何か御用なら、後でまたいらっしゃいな";"Oh, hello, [PlayerName].


Up bright and early, aren't you? My
father is busy now, so come back later
if you have something to ask him.";"Bonjour,[PlayerName].
Tu es bien matinal, aujourd'hui.

Mon père est en train de faire ses
prières du matin. Repasse un peu
plus tard si tu veux lui parler.";
"おおっ、[PlayerName]
無事でしたか！
見ての通り……
兵士長は絵になったままです……
あの男は、なぜ私ではなくセレスを……
神よ……二人をお救いください";"I'm relieved to see that you're all
right, [PlayerName]!

But my poor Seres. I can only guess
why that fiend has taken her. All that
nonsense about perfection!
Of course, my daughter IS perfect, but
if only I could have taken her place...!
Oh, what a nightmare this is!";"Oh, [PlayerName] !
Tu es sain et sauf !

Regarde, le capitaine a été transformé
en portrait...

Pourquoi ce monstre a-t-il enlevé
ma fille ? Si seulement il s'en était
pris à moi plutôt qu'à elle !
Ô Dieux, je vous en prie... Sauvez
Célès et le capitaine.";
"[PlayerName]どん！

こ、この絵は
本当に兵士長さんなんだか？
兵士長さんも、セレス様も
いったいどうなっちまったんだあ……
ううっ……";"Dampé can't believe his eyes. This
painting of the captain—!

Is that the end of him? And poor,
lovely Seres too...!";"[PlayerName] !


Ce... Ce dessin ?!
C'est vraiment le capitaine de
la garde ?
Mais c'est affreux... Capitaine...
Sœur Célès.

Bouhouhou...";
"[PlayerName]どん
墓場はそっちじゃないべ！";"C'mon! That's not the way to the
Graveyard!";"Non, [PlayerName] !
Le cimetière, c'est pas par là !";
"どこいくだよ、そっちじゃねぇべ！
急いでセレス様をお助けしねぇと！";"Where do you think you're going,
[PlayerName]?!

You gotta hurry and help Seres!";"Où tu vas ? C'est pas par là !
Dépêche-toi, faut que t'ailles
aider sœur Célès !";
"そういえば、2回目の地震の後
変なキレツが現れたのです……
きっと今回のことと関係があるのでしょう
私にはどうすることもできません……
必ず元のような平和な日々が
戻ると信じて祈るだけです";"After the second quake, strange
cracks appeared. It must have some
connection to what has happened!
I can do nothing, I'm afraid, but hope
for peace to be restored to us.";"Mais j'y pense... Après le deuxième
tremblement de terre, une étrange
faille est apparue...
Elle a sûrement un rapport avec
les récents événements.

Je ne peux rien faire d'autre que prier
pour que la paix revienne en Hyrule.";
"兵士長どのは 娘と私をかばい
絵にされてしまったのです
私は、ここで二人の無事を祈ります";"What a tragedy for the captain here...
Turned into a painting while trying
to protect Seres!
I must stay here for those seeking
solace. This may have been the first
tragedy, but it won't be the last.";"Le capitaine s'est interposé pour nous
protéger, ma fille et moi, et a été
transformé en peinture murale.
Je vais rester ici et prier pour son
salut, ainsi que pour celui de ma fille.";
"セレスはきっと
無事に戻ってくると、私は信じて祈ります";"I have faith that Seres will be returned
to me safe and sound.";"Je sais que Célès est saine et sauve
et qu'elle me reviendra. Je prie pour
que les Dieux m'entendent.";
"今何とっ！？

セレスに会ったんですか？

そうですか……娘は生きているんですね……
神よ……感謝いたします
生きていてさえくれれば
いずれ必ず会えることでしょう
ありがとう
[PlayerName]！
それにしても、君は一体……";"What did you say? You saw my
Seres?

I see... Then my daughter lives. And I
have faith I will see her again!

I can only imagine how you came to
find her. You have my deepest thanks,
[PlayerName].";"Que dis-tu ?!


Tu as vu Célès ?


Je vois... Ma fille est bien vivante...
Ô Dieux... Je vous remercie.

Si elle est encore vivante, je sais que
je la reverrai un jour.

Merci, [PlayerName] !


Mais... Comment as-tu fait pour... ?";
"私は、早くもとの平和な世界になるように
祈っています";"I have faith that peace will be
restored to us—somehow.";"Je prie pour que la paix revienne au
plus vite dans notre monde.";
"兵士長が絵になっている
立派な下まつ毛もそのままだ";"This is the painting of the captain
that Yuga left on the wall!";"Le capitaine de la garde a été
transformé en peinture murale.
C'est l'œuvre de Yuga.";
"スベスベ石？
さあ、聞いたことねえべ
そう言えば、さっきキレイな石を持った男が
カカリコ村の方に行くのを見ただよ
なんだかえらく
急いでたみたいだべ";"A smooth gemstone? Never heard
anything about that.

But a guy running by, all sneaky-like?
Dampé saw him heading straight for
Kakariko Village!";"Une pierre toute douce, tu dis ?
Non, jamais entendu parler...

Ah, mais... Tout à l'heure, j'ai vu un
homme passer avec une drôle de
pierre. Il allait vers le village Cocorico.
Il avait l'air très pressé.";
"あの地震の後から
変な奴らがウロついてるんだべ
何が起こってるのかは
オラにはちっとも、わからねえべ
けんど、セレス様が帰ってくるまで
墓場はオラが守るだ！";"Since that quake, seen some odd
characters coming and going...

Until Seres comes back, Dampé's
going to stay right here and protect
this Graveyard!";"Depuis le tremblement de terre, y a
plein de gars louches qui traînent
dans l'coin.
Je comprends rien à ce qui s'passe.


Mais tu peux être sûr que je vais
protéger le cimetière jusqu'au retour
de sœur Célès !";
"誰かと思えば
[PlayerName]どんじゃねーか
こんな朝っぱらから墓場に
来るなんて、珍しいこともあるもんだべ";"Oh, it's you, [PlayerName]!


Here at the Graveyard to pay your
respects? This early? You're a
strange one, Dampé thinks.";"Hé, mais si c'est pas le p'tit
[PlayerName] !

C'est rare de te voir debout aussi tôt.";
"おお、[PlayerName]どん
セレス様のこと、何か分かったか？
そうか……あんな悲しそうな神父様
今まで見たことねえべ……
よろしくたのむだよ";"You'll tell Dampé if you find out what
happened to Seres, right?

Dampé's never seen the priest so
worried. Do what you can to help,
[PlayerName]!";"Hé, [PlayerName].
Il faut vite qu'on retrouve
sœur Célès...
J'avais jamais vu m'sieur le
prêtre aussi triste...

Fais ce que tu peux pour l'aider,
d'accord ?";
"[PlayerName]どん
何だかお城の様子が変だべ？
セレス様も戻ってこねえし……
ううっ、オラはどうしたら……";"Is there something wrong at the
castle, [PlayerName]?

First Seres, now this...? Dampé
doesn't know WHAT to do!";"Hé, [PlayerName] !
Il est pas bizarre, le château ?

En plus, sœur Célès est toujours pas
revenue... Bouhouh... Qu'est-ce que
je devrais faire... ?";
"人が、どんどん姿を消してるんだと
「まるで神隠しみたいだ」ってみんな言ってるべ
お前さんも気をつけてな";"People are up and vanishing, Dampé
heard. Take care you don't get
caught up in all this.";"Les gens disparaissent les uns après
les autres. Comme s'ils s'évaporaient.

Fais attention, p'tit gars.";
"おお、[PlayerName]どんか

なにっ！？
セレス様を見つけたって！
ううっ、オラは信じてたべ
セレス様はきっと無事だって……
それでお戻りはいつだ？
……分からねえって？
でもまあ、無事ならそれでいいべ
ありがてぇ、ありがてぇ……";"Oh, it's you, [PlayerName]!


What?! You found Seres? Dampé knew
she would be all right. When's she
coming back?
What, you don't know? Well, Dampé
gives his deepest thanks anyway.
Just happy Seres is alive...somewhere.";"Hé, [PlayerName] !


Quoi ?! Tu as retrouvé sœur Célès ?!


Snif... Je savais qu'elle était vivante...
Elle revient quand ?

Tu sais pas... ? C'est pas grave,
elle va bien, c'est le principal.

Merci, merci...";
"墓石をつかんで押すべからず";"If you grab and shove the graves,
you'll get an earful from me! -Dampé";"Prière de ne pas pousser
les pierres tombales.";
"おばばに何か用かネェ？[ChoiceN]";"Aha! A customer? Tell me what I can
do for you, child.[ChoiceN]";"Tu veux quelque chose ?[ChoiceN]";
"こんにちは";"Just a hello";"Bonjour !";
"買いたい";"I want to buy";"Acheter !";
"売りたい";"Selling stuff";"Vendre !";
"何でもない";"Nothing";"Non, rien.";
"他にも用があるかネェ？[ChoiceN]";"Anything else you need?[ChoiceN]";"Tu as besoin d'autre chose ?[ChoiceN]";
"こんにちは";"Just a hello";"Bonjour !";
"買いたい";"I want to buy";"Acheter !";
"売りたい";"Selling stuff";"Vendre !";
"何でもない";"Nothing";"Non, rien.";
"ヒッヒッヒ……
こんなおばばにアイサツなんかいらないよ
それよりも、せっかく来たんじゃ
おばば特製の薬でも飲んでお行き";"What a polite young man you are!
And to a witch as old as I am? You
don't see that much these days.
Here—have a sip of this potion I'm
brewing up if you'd like.";"Hihihi... Ne te fatigue pas à saluer
une vieille grand-mère comme moi.

Tiens, puisque tu es là, tu ne
voudrais pas acheter une de
mes fameuses potions ?";
"こうして薬を調合していないと
孫のことが心配で落ち着かなくてネェ……
アイリン……

薬を作りすぎちまったネェ……
よかったら飲んでお行きよ";"I keep myself busy with my potions,
or else I find myself fussing over my
granddaughter Irene too much.
So I end up making more potion than
I could ever possibly sell. Why don't
you have some, you nice boy?";"Je n'arrive pas à me calmer si je ne
prépare pas de potion. Je suis si
inquiète pour ma petite-fille.
Aëline...


J'ai préparé trop de potion... Tu peux
en boire si tu veux.";
"よく来たネェ
おばばの薬、飲んでお行き";"Welcome! Why don't you have some
of my potion?";"Tu tombes bien, bois donc un peu
de potion.";
"ヒッヒッヒ……そんな怖い顔して
おばばに何か用かネェ？
ゾーラの里から
スベスベ石が盗まれたと？
……ヒーッヒッヒ
このおばばには関係ないことだネェ
ウチは薬屋、盗品なんて
物騒なものは知らないネェ
そんなもの、村の露天商ぐらいしか
扱ってないんじゃないかネェ……ヒッヒッヒ";"Hmm? I sense you're in search of
the smooth gem... It's been
stolen from the Zoras, has it?
Well, I can't see THAT ending well for
the queen. I hope she gets it back.

I'd never touch the thing myself, so
if you're looking for it, I bet it'll
end up on sale in Kakariko Village.";"Hihihi... N'aie pas l'air si effrayé.
Qu'est-ce qu'une vieille grand-mère
comme moi peut faire pour t'aider ?
La pierre toute douce a été volée
au village zora ?

Hiiihihi... Ça ne me concerne pas.
Je vends juste des potions, moi.

Par contre, tu pourrais aller voir
au village.

Je crois qu'il y a un vendeur qui
propose toutes sortes de choses.
Il en a peut-être entendu parler.";
"ここにあるのは
おばば特製の魔法の薬
しかし、最近は
薬の材料が手に入らなくてネェ
赤い薬以外は材料を
持ってきてもらわないと作れないんじゃ……";"These are my deluxe potions. But I've
been having trouble getting the right
ingredients lately...
I can only make you red potion for
now. That is, unless you bring me the
necessary bits and pieces.";"Ah, les potions que tu vois là-bas sont
les potions spéciales de Mamie Magie.

Malheureusement, j'ai du mal à
trouver les ingrédients, récemment.

La seule que je peux encore préparer,
c'est la potion rouge. Pour les autres,
il me faut des ingrédients en plus.";
"材料が知りたいなら
買いたい薬の前でを押すんだネェ";"Press  in front of the potion you'd
like to buy to find out which
ingredient it uses.";"Place-toi devant la potion que tu veux
acheter et appuie sur  pour savoir
ce qu'il me faut.";
"……ヒーッヒッヒ";"Kee hee hee!";"... Hiiihihi...";
"何を売ってくれるんかネェ？";"What would you like to sell to me?";"Alors, qu'as-tu à me vendre ?";
"やめる";"Nothing";"Rien.";
"ありがたいネェ";"Thanks!";"Merci bien.";
"[InsertMark]は、いつでも作ってやれるよ
[IntNumberN]もらうけどネェ[ChoiceN]";"Ah, interested in some of my
[InsertMark], are you?

It'll cost [IntNumberN]. Want some?[ChoiceN]";"Une [InsertMark] ? Ça te coûtera
[IntNumberN]. Tu prends ?[ChoiceN]";
"買う";"Yes";"J'achète !";
"買わない";"No";"Non merci.";
"ビンがないお客さんには
薬は作れないネェ……ヒーヒッヒ";"Sorry. I can't give you any unless you
have a bottle.";"Je ne peux pas te préparer de potion,
tu n'as pas de flacon.
Hiiihihi...";
"ビンはカラじゃないと
薬が入れられないネェ……ヒッヒッヒ";"Sorry, but you don't have an empty
bottle for my potion.";"Je ne peux pas te vendre de potion,
tu n'as pas de flacon vide.
Hihihi...";
"ルピーが足りないネェ
出なおしてくるんだネェ";"You don't have enough Rupees, dear.
Come again when you do.";"Tu n'as pas assez de rubis. Reviens
quand tu en auras suffisamment.";
"青い薬を作るには
魔物の尻尾が10個必要だネェ
材料を集めて、また来るんだネェ
……ヒーヒッヒ";"Well now, you'd like some of my
blue potion?

To make that potion, I'll need
10 monster tails.

Once you have that, I'll be glad to
brew you some blue potion.";"Pour préparer une potion bleue, j'ai
besoin de dix queues de monstres.

Reviens me voir quand tu en
auras assez. Hiiihihi...";
"魔物の尻尾を
10個持ってるみたいだネェ
青い薬を作るかい？
[IntNumberN]もらうけどネェ[ChoiceN]";"You've got 10 monster tails.


Then for [IntNumberN], I can brew you
up some blue potion.[ChoiceN]";"Ah, tu as dix queues de monstres.


Tu veux que je te prépare une
potion bleue ?
Ça te coûtera [IntNumberN].[ChoiceN]";
"作ってもらう";"Yes";"D'accord !";
"やめておく";"No";"Non merci.";
"紫の薬を作るには
魔物の肝が10個必要だネェ
材料を集めて、また来るんだネェ
……ヒーヒッヒ";"Oh, so you'd like some of my
purple potion?

Well, to make that potion, I require
10 monster guts.

Once you have that, I'll be glad to
stir up some purple potion.";"Pour préparer une potion violette, j'ai
besoin de dix foies de monstres.

Reviens me voir quand tu en
auras assez. Hiiihihi...";
"魔物の肝を
10個持っているみたいだネェ
紫の薬を作るかい？
[IntNumberN]もらうけどネェ…ヒッヒッヒ[ChoiceN]";"You've got 10 monster guts.


Then for [IntNumberN], I can stir you
up my purple potion.[ChoiceN]";"Ah, tu as dix foies de monstres.


Tu veux que je te prépare une
potion violette ?
Ça te coûtera [IntNumberN].[ChoiceN]";
"作ってもらう";"Yes";"D'accord !";
"やめておく";"No";"Non merci.";
"黄色い薬を作るには
魔物の角が10個必要だネェ
材料を集めて、また来るんだネェ
……ヒーヒッヒ";"Ah, you'd like a little of my
yellow potion?

To brew up that potion, I'll need
10 monster horns.

Once you have that, I'll be glad to
make you some yellow potion.";"Pour préparer une potion jaune, j'ai
besoin de dix cornes de monstres.

Reviens me voir quand tu en
auras assez. Hiiihihi...";
"魔物の角を
10個持っているみたいだネェ
黄色い薬を作るかい？
[IntNumberN]もらうけどネェ…ヒッヒッヒ[ChoiceN]";"You've got 10 monster horns.


Then for [IntNumberN], I'll gladly brew
you up some yellow potion.[ChoiceN]";"Ah, tu as dix cornes de monstres.


Tu veux que je te prépare une
potion jaune ?
Ça te coûtera [IntNumberN].[ChoiceN]";
"作ってもらう";"Yes";"D'accord !";
"やめておく";"No";"Non merci.";
"ん～、イイ感じにできたネェ";"There. Lovely!";"Hmmmoui... Quel parfum !";
"ビンの中に、タンマリ入れといたよ";"I filled your bottle as full as full gets!";"Régale-toi, j'ai rempli ton flacon
à ras bord.";
"おばばが欲しいのは
薬の材料だけなんだネェ……ヒッヒッヒ
魔物の肝や魔物の角だったら
買い取るんだけどネェ
そういったモノは
持っておらんようじゃネェ……ヒッヒッヒ";"I only buy some potion ingredients.
Have you any monster guts or
monster horns? It seems not.";"Je n'achète que ce qui peut me servir
d'ingrédients pour mes potions.
Hihihi...
J'ai besoin de foies et de cornes
de monstres, par exemple.

Mais tu n'en as pas, on dirait...
Hihihi...";
"魔法おばばの薬屋";"Witch's House";"Chez Mamie Magie";
"↑ ゾーラの里";"↑ Zora's Domain";"↑ Village zora";
"橋が無くなっちゃってるゾラ

さっきココを通って行ったお兄さんは
ひょいっとジャンプしていったゾラ
おら、そんな事できないゾラ……

泳げばゾーラの里に
行けるかもしれないゾラ";"The bridge is broken. Some guy just
dashed by and jumped it, though.
Me, I could never do that.
I suppose there's nothing to do but
swim to Zora's Domain.";"Il n'y a plus de pont.


Un homme est arrivé tout à
l'heure, et il a sauté par-dessus
le trou comme une gazelle...
Moi je pourrais pas faire ça...


Si tu veux aller au village zora, il va
falloir que tu nages.";
"え？
おめぇ”かなづち”ゾラ？
おらと一緒ゾラ♥

おめぇもおらも
ゾーラの里に行けないゾラね……";"What'd you say? You can't swim?
Hey, just like me. We're like brothers,
swimless friend!
And you know what? We both can't
get to Zora's Domain either.";"Quoi ? Tu nages comme une pierre ?


Moi aussi ! ♥


On est bloqués ici, alors... Impossible
d'aller jusqu'au village...";
"なんか特技があれば、泳げなくても
ゾーラの里に行けるかもしれないゾラ";"If only we had some kind of, er, what's
it called? A special ability...? Then we
could get to Zora's Domain.
It wouldn't matter that we can't swim!";"Si seulement on connaissait une
technique qui nous permette d'aller
au village zora sans avoir à nager !";
"おらたちの女王サマは
とってもお美しい方ゾラ！
このままじゃ、あの美しいほほえみを
もう一生見れないゾラ！！
そんなのイヤゾラー！！！！";"Our queen is so wondrous! I couldn't
bear it if I never saw her smile again...";"Notre reine est tellement belle.


Si je ne fais rien, je ne pourrai plus
jamais revoir son sublime sourire !

Non, c'est trop horrible !!!";
"その能力……
さてはおめぇ……";"Oh, looks like you have one of those,
whaddya call it, special abilities.
Hmm.";"Ton pouvoir, là...";
"ビックリ人間ってやつかゾラ！？";"You're a surprise, aren't you?";"Il est exceptionnel !";
"ビックリ人間ゾラね！！";"You're a real surprise, aren't you?";"Vraiment ! Il est exceptionnel !";
"スゲェ特技もってるゾラ！";"What a special ability! That's about
as special as they come!";"Hé ! C'est quoi cette technique
que t'as utilisée ?!";
"ま、孫が……アイリンが
さらわれたんじゃ！
おかしな身なりの男が来てな
賢者とか訳のわからんことを言いながら
アイリンを絵に変えてしもうたんじゃ……
ワシは腰が抜けてしもうて、何もできんかった
友達ができたと
あんなに喜んでおったのに……
薬なんて作ってる場合じゃないことは
わかっとるんだけどネェ……
でも、こうでもしとかんと
落ち着かんのじゃ……";"Oh, heavens! My dear grandchild
Irene was snatched!

It happened so fast! Some awful man
came through, very full of himself,
and transformed her into...a painting!
I-I-I was flummoxed! I just stood
there helpless! Oh, my dear
granddaughter—GONE!
And she'd just been saying how she'd
made a new friend of late...

I know, I know... This isn't the time 
to be mixing potions like nothing's 
wrong...
But I just can't calm down if I'm not
keeping busy...";"A... Aëline, ma petite-fille, s'est
fait enlever !

Un homme habillé bizarrement est
venu ici... Il a parlé de sages et
d'autres choses incompréhensibles...
Et... Et il a transformé Aëline en
portrait... J'étais pétrifiée... Je n'ai
rien pu faire...
Elle était tellement contente de
s'être fait un ami...

Je sais bien que ce n'est pas le
moment de préparer des potions...

Mais je n'arrive pas à me calmer si je
reste à ne rien faire...";
"ヒッヒッヒ……
おばばに何か用かネェ？";"Heh hee hee! Have you something
to tell me?";"Hihihi... Qu'est-ce qu'une vieille
grand-mère comme moi peut faire
pour toi ?";
"ナヌ！
アイリンを助けたと？
……そうかネ、そうかネ
元気じゃったか
なんだか、大変なことに
巻き込まれとるようじゃが
あの子のことだ、きっとまた
笑顔で帰ってくるに違いないネェ
なんたって、おばばの孫だからネェ
ヒーッヒッヒ……
お客さんには世話になったね
おばばには、こんなことしかできないけど
コレでも飲んでお行き
魔物のエキス100％で、栄養満点だからネェ";"What! You saved my Irene? Wonder
of wonders, is it possible?

That dear girl. No matter what trouble
she gets herself into, she always
bounces back with a smirk on her face.
My granddaughter and I will be
forever indebted to you.

Speaking of bouncing back, don't
forget about my potions. I'd hate for
you to fall in battle out there!";"Comment ?!
Tu as sauvé Aëline ?

... Je vois, je vois...
Est-ce qu'elle va bien ?

Je ne sais pas dans quoi elle a été
entraînée, mais ça a l'air très grave.

Pourtant, je suis sûre qu'elle
reviendra, aussi souriante qu'avant.

C'est ma petite-fille, après tout.


Tu as beaucoup fait pour nous.
Ce n'est pas grand-chose mais...

Tiens, c'est pour toi. Garanti
100 % monstre et très nourrissant !";
"↑ この先 ゾーラの里";"↑ This Way to Zora's Domain";"↑ Village zora";
"な、何だよ
ジロジロ見るなよ";"Listen, kid. I didn't do it. Whatever it
was. So just leave me alone, OK?";"Qu... Quoi ?
Arrête de me regarder comme ça.";
"をしばらく押すと
ダッシュで走れるんだ
その靴は、扱いは難しいが
お前にならきっと使いこなせるよ";"Press  for a little while and you'll be
able to break out into a mad dash.

Those boots take some getting used
to, but you'll figure it out.";"Grâce à ces bottes, t'as juste à
maintenir  enfoncé pendant
un court instant pour courir.
C'est un peu difficile au début, mais
je suis sûr que tu finiras par t'y
habituer.";
"うん？
お客さん？
悪いなぁ、まだ準備中なんだ";"Oh, please forgive me, but I'm still
getting everything ready for my new
outdoor shop. Please stop by later!";"Comment ?
Un client ?

Désolé, je ne suis pas encore ouvert.";
"よっ！
お客さん！！
いい物が入ったんだ
ちょっと見ていってよ！";"Good news! I have some new stock
that may interest you. Please come
take a look.";"Approche !


Nous avons en stock un superbe
article. Viens voir !";
"何か欲しい物があったら品物のそばに
立ってを押してくれ";"Just let me know if you see something
you like by standing next to it and
pressing .";"Si un article te fait envie, va te placer
à côté et appuie sur .";
"何だ？
何か売りに来たのか？
えっ、違う？
じゃあ、買いに来たのか？
何か欲しい物があったらそいつの近くに
立ってを押してくれ！";"Welcome, welcome! If you would like
something, just stand next to it and
press .";"Comment ? Tu es venu me vendre
quelque chose ?

Non ? Alors tu veux m'acheter quelque
chose ?

Si un article te fait envie, va te placer
à côté et appuie sur  !";
"ったく最近は、ろくな品が入ってこねぇ

何かこう景気のいい、お宝でも
入ってこねぇかな……";"I'm hoping to have more items for
sale soon. So check back from
time to time, OK?";"Ces derniers temps, on ne me vend
que de la camelote.

Si seulement je pouvais mettre la main
sur un trésor qui pourrait me rapporter
beaucoup de rubis...";
"ったく最近は、ろくな品が入ってこねぇ……

品数は少ないけどよ、質はどこにも
負けねぇからドンドン買っていってくんな！";"Bah, I can't seem to get my hands
on any rare stuff to sell...

So my wares might be few, but I won't
be beaten on quality.";"Pff, ces derniers temps, on ne me
fournit que de la camelote...

Je n'ai pas beaucoup d'articles, mais
ils sont de très bonne qualité alors
achète ! Achète !";
"スベスベな触り心地がクセになって
やめられない、世にも珍しい石だよ！
使い方はお客さん次第！
さぁ、寄ってらっしゃい！";"Have you seen this rare stone? 
Smoother than silk! Go on! Feel it!

Just touching such a treasure will
make your skin happy all over!";"Cette pierre est tellement toute douce
qu'on ne peut plus s'arrêter de la
caresser, c'est une vraie rareté !
À toi de voir ce que tu veux en faire !
Allez, approche !";
"だから、まだ準備中なんだって
後で来てくんな！";"I'm still quite busy setting up shop.
Please come back later.";"Je t'ai dit que je n'étais pas encore
prêt. Reviens plus tard !";
"さあ、今日もいい品がそろってるよ！
らっしゃい！";"Oh, a customer! Don't be shy.
Come on over.";"J'ai encore de superbes articles
aujourd'hui ! Approche !";
"城では、えらいことが起こってるんだって？
そんな時こそウチの品がお奨めだぜ";"I've heard talk of some awful events
over at the castle. In times of trouble,
it's important to be prepared...";"On dirait que quelque chose de
terrible s'est produit au château.

Dans un moment pareil, je te conseille
d'acheter un de mes articles.";
"……！？

お前っ、見覚えがあるぞっ！

……ゾーラの洞窟で、ぶつかってきたヤツ！";"What? YOU again?! You banged into
me at the Zora cave!";"... ?!


Je t'ai déjà vu quelque part, toi !


Mais oui ! C'est toi que j'ai bousculé
devant la caverne des zoras !";
"……
……";"S-sorry...";"...";
"えっ？
あの石そんなに大切な物だったのか……";"Huh? I had no idea that stone was
that precious.";"Quoi ? Cette pierre était si importante
que ça... ?";
"高く売れるって聞いてさ……";"That stone just felt so smooth, I
couldn't help myself!";"J'avais entendu dire que je pourrais
la revendre à un bon prix...";
"悪かったよ……
だがもう、あいつに売っちまったんだ
あいつって、そいつだよ";"I-I'm sorry. I already sold it. To that
guy over there.";"Je suis désolé...
Mais je l'ai déjà vendue à ce type.

Comment ça, quel type ?
Le type, là-bas.";
"売った金は使っちゃってさ……
すまん……
今回ばかりは本当に反省してるよ……

こんな靴があるばっかりに
ついついあんなことを……
俺はもう盗賊から足を洗うよ
これ、お前みたいなやつが持つべきだ
よかったら受け取ってくれ";"I already spent all the money I got
from selling that darn stone. 

I couldn't help taking it. My boots help
me run so fast that I've been stealing
everything that isn't nailed down!
But here, you take these boots. I can
tell that you won't abuse their
power. I hope they fit.";"J'ai déjà dépensé tout l'argent qu'il
m'en a donné... Désolé...

Je fais vraiment n'importe quoi depuis
que j'ai ces bottes...

Elles me font courir si vite que je peux
voler tout ce que je veux sans avoir
peur de me faire attraper.
Difficile de résister...


Mais je recommencerai plus, c'est
promis.

Tiens, je te les file et on n'en parle
plus, d'accord ? C'est mieux pour
tout le monde.";
"それにしても、あの石
スベスベしてて気持ち良かったなぁ……";"Man, did that stone ever feel smooth.
I tell you, smooth as a—! Ugh,
I gotta forget about that thing!";"Cette pierre, elle était vraiment toute
douce. Si agréable au toucher...";
"だ、誰だっ！？";"Who's there?!";"Qui... Qui va là ?!";
"……お、お前！？
どこから来たんだよ！？";"Y-y-you! Where'd you come from?";"... Tu... Tu... ?!
Comment t'es arrivé là ?!";
"そういえば、アスファル様のお姿が
見えませんねぇ……
ここだけの話、アスファル様の姫様への
お熱の上げっぷりと言ったら……
昔は、ばあにベッタリでしたのに……

あら、おしゃべりが過ぎましたかね";"How curious! I haven't seen Osfala
today. Hmm. I do wonder...

He's probably out somewhere trying
to prove himself a great hero, and
all for Princess Zelda's sake too.
*sigh* There was a time when I
thought Osfala would be MY hero.
I suppose it just wasn't meant to be.";"Tiens, je me demande où est passé
maître Asphar...

Ne va pas le répéter surtout, mais
il est très épris de la princesse...

Dire que quand il était petit, il ne
quittait pas mes jupons...

Oh, je ne sais vraiment pas tenir ma
langue.";
"このローブは、幼いアスファル様が
ばあにプレゼントしてくださったものです
それから毎日
雨の日も、風の日も、寝る時も……
いつもこのローブを、まとっております
ばあの宝物ですから";"You know, Osfala once made a gift of
this robe to me. I thought he might
have meant something by it.
But sometimes, a gift is just a gift.";"C'est maître Asphar qui m'a fait
cadeau de cette tunique quand il
n'était encore qu'un enfant.
Depuis, qu'il pleuve ou qu'il vente,
je la porte jour et nuit, même pour
dormir...
C'est pour moi le plus précieux des
trésors.";
"ブン、ブーン！ 
あー、[PlayerName]！
あれ？
覚えてないブン？
昔はよくハチとりしたブーン！

まあ、昔とちょっと姿が
変わっちゃったから、分からないかな？
ハチさんの気持ちは
ハチさんにしか分からない
だからおじさん
ハチさんになってみたブン、ブーン！
みんなは
ハチおじさんってよブーンだ！";"Buzz, buzz, [PlayerName]!
Great to see you!

Huh. Don't you remember me? I've
been catching bees since way back
in the day.
Well, I guess I've changed a bit.
Takes a bee to see a bee. So I've
bee-come a different person.
Now every-buzzy calls me the
Bee Guy!";"Bzz, bzzz ! [PlayerName].
Ça faisait longtemps !

Comment ? Tu te souviens pas de moi,
bzzz ? Autrefois, j'attrapais plein
d'abeilles, bzzz !
J'ai beaucoup changé depuis cette
époque, c'est sûrement pour ça que
tu ne me reconnais pas, bzzz.
Seule une abeille peut comprendre la
façon de penser des abeilles, bzzz.

C'est pour ça que j'ai décidé de
devenir moi-même une abeille, bzzz !

Tout le monde m'appelle monsieur
l'Abeille, bzzz !";
"それより
ちょっとお願いがあるブーン";"So just bee-tween us, I wonder if
you'll do me a favor.";"Mais trêve de bavardage, j'ai une
faveur à te demander, bzzz.";
"……でも、ビン持ってないのかぁ
今回は、あきらめるブーン";"But I see you don't have a bottle on
you, so it'll have to bee another
time, OK?";"Mais, tu n'as pas de flacon, bzzz.
Ce sera pour une autre fois, alors,
bzzz.";
"ハチさんを集めてきて
もらいたいブーン
そのビンに入れて
持ってきてくれたらいいブン、ブーン
あれ？[PlayerName]
アミもってないブン？
まあ、いーブン
おじさんのを使うブーン";"I want you to catch bees for me! You
can keep 'em nice and safe in bottles. 

What, you don't have a net?
Bee-cause you're helping me out,
I'll give you one of mine!";"Je voudrais que tu attrapes des
petites abeilles pour moi, bzzz.

Tu veux bien les mettre dans ton
flacon et me les ramener, bzzz ?

Ah, mais tu n'as pas de filet,
[PlayerName], bzzz !

Ce n'est pas grave, bzzz.
Je peux t'en prêter un, bzzz.";
"ハチさんたちに囲まれて老後を送るのが
おじさんの夢だブーン!
だから、そのムシ獲りアミで
ハチさんを集めてきてほしいブン、ブーン
もちろん、お礼はするブーン";"Spending my days surrounded by a
buzzy swarm of bees has always
been my fondest dream.
So use that net to gather up some
bees, if you please. Of course, I'll
reward you for bee-ing so helpful.";"Mon rêve, c'est de passer mes vieux
jours entouré de petites abeilles,
bzzz !
Alors attrape-moi plein d'abeilles avec
le filet à papillons que je t'ai donné,
bzzz.
Bien sûr, je te récompenserai, bzzz.";
"ハチは友達
ブンブン、ブーン！";"Bees are a man's best friend! Buzz,
buzz now! Buzz, buzz!";"Les abeilles sont mes amies,
bzz, bzzz !";
"ビンを手に入れたら
また来るブーン";"Once you get hold of a bottle, come
back and see me—buzz, buzz!";"Quand tu auras trouvé un flacon,
reviens me voir, bzzz.";
"えっ？
もう見つけたの？
うれしいブーン！
しかもこの毛並、なかなか美人さんだブン！
これ、お礼だブン、ブーン！";"Wasp's that? You've found one?
I couldn't bee more delighted!

Wow, look at that bee's sheen! She's
the bee's knees!

Here's my way of saying thanks.
Take this—buzz, buzz!";"Quoi ? Tu en as déjà trouvé une,
bzzz ? C'est fantastique, bzzz !

Oh, quelle belle robe, elle est
magnifique, bzzz ! Tiens, voilà ta
récompense, bzz, bzzz !";
"ハチさんは、草むらが大好きブン
草を刈ると出てくるブーン
最初は驚いて攻撃してくるけど
ビンにいれてやると友達になれるブン";"Bees love grass and bushes. If you cut
the grass, they'll come buzzing out.
Buzz, buzz!
At first they'll get startled and attack
you, but stick them inside a bottle.
Then they'll bee-friend you!";"Les abeilles aiment beaucoup les
hautes herbes, bzzz. Coupe l'herbe et
une abeille sortira peut-être, bzzz.
Au début, elle sera surprise et
t'attaquera, mais si tu la mets dans un
flacon, elle deviendra ton amie, bzzz.";
"[PlayerName]は
ハチとり名人だブーン！
実は、ハチさんの中には
幻と言われている、黄金のハチさんがいるブン
おじさんも、まだ見たことがないブン……
見たいブン……
黄金のハチを見つけてくれたら
お礼もはずむんだブーン";"You're a real pro at catching bees,
[PlayerName].

But I wonder if you can find the
most bee-coming of bees. The
golden bee!
I've never seen one before! If you
can bring me one of those, I'd...!
Well, I'd bee very generous.";"Tu es un grand chasseur d'abeilles,
[PlayerName], bzzz !

Savais-tu qu'il existait une abeille que
l'on qualifie de légendaire, bzzz ? On
l'appelle l'abeille d'or, bzzz.
Même moi je n'en ai encore jamais vu,
bzzz... J'aimerais tant en voir une,
bzzz...
Si tu me trouves une abeille d'or,
je saurai te récompenser comme il
se doit, bzzz.";
"あっ、またハチさん見つけたブーン！？
この子もカワイイブーン！
ハイ、これお礼だブン、ブーン！";"You've found another bee? Here's a
little something to say thanks.
Buzz, buzz, buzz!";"Oh, tu as attrapé une autre abeille,
bzzz ?! Elle aussi, elle est mignonne,
bzzz !
Très bien, voici ta récompense,
bzz, bzzz !";
"ありがとブーン
おじさん、夢にまた一歩近づいたブン";"Oh, thank you from the very bottom
of my buzz!";"Merci, bzzz.
Mon rêve est en train de prendre
forme, bzzz.";
"！！！！！！！！！！
こっ これは……
お、黄金のハチ……";"Oh, bee still my beating heart!
Is THIS—? Oh my. It IS! It's a
golden bee!";"!!!!!!!!!!
Mais... Mais c'est...

Une... Une abeille d'or, bzzz...


Je n'aurais jamais cru en voir une
de mon vivant, bzzz...";
"ありがとブーン！
ありがとすぎるブーン！
この黄金の輝き、フサフサの毛並
甘いカオリ……

パーフェクトだブーン！
こんな嬉しい日は
50年の人生で初めてだブーン！
これはお礼だブン";"Thank you! She's very bee-witching,
don't you think?

That golden glow? That sweet note of
honey that lingers in the air? And
so regal—a queen of bees!
She's perfect!


You have outdone yourself. So please
take this as thanks. Buzz.";"Merci, bzzz !
Méga merci, bzzz !

Cet éclat doré, ce pelage soyeux,
ce doux parfum...


　　 Elle est parfaite, bzzz !

En 50 ans de vie, je n'ai jamais vécu
de jour plus heureux, bzzz !

Tiens, c'est pour te remercier, bzzz.";
"それはハチバッヂだブン！

そのバッヂさえ持っていれば
ハチさんはトモダチだブーン
もう攻撃されることもないブン

これで、ハチさん探しも
楽になることだブーン
おじさんの夢は、まだ終わらないブン
これからも、よろしくだブン、ブーン！";"That's the Bee Badge. As long as you
have that with you, bees will be
friendly. No more stings.
Of course, you know what that means.
You can find me even MORE bees.
It should be a breeze!
Keep up the good work—buzz, buzz!";"C'est le badge des abeilles, bzzz !


Tant que tu l'auras sur toi, les abeilles
seront tes amies, bzzz.

Elles ne t'attaqueront plus, bzzz !


Comme ça, la chasse aux abeilles sera
bien plus facile, bzzz.

Continue de m'aider à réaliser
mon rêve, bzzz. Je compte sur toi,
bzz, bzzz !";
"この、まばゆい輝きは
黄金のハチだブーン！
念願の黄金のハチを何度もみられるなんて……
おじさん、思いもよらなかったブーン！
お礼もフンパツするブーン！";"Just to think—a golden bee! I never
thought I'd see another.";"Cet éclat éblouissant, c'est une
abeille d'or, bzzz !

Je n'aurais jamais osé ne serait-ce
que caresser l'espoir d'en contempler
plusieurs dans ma vie, bzzz...
Tu as bien mérité cette récompense,
bzzz !";
"さすが[PlayerName]！
またいつでも来るブーン！";"Buzz, buzz! Come back anytime,
[PlayerName]!";"Je savais que je pouvais compter sur
toi, [PlayerName], bzzz !
Reviens quand tu veux, bzzz !";
"そのビンに入っているのは……
ひょっとして新種のハチ！？
………なんだブーン
ただの妖精さんだブーン……
妖精さんもカワイイけど
おじさんはハチさんがいいブーン";"Let's have a look inside that bottle
of yours... WHAT? Is this some
new breed of bee?
Oh, please...it's just a plain, old,
run-of-the-mill fairy.

Don't get me wrong. They're cute.
But I've bee-n there, done that.
No, no. Only bees for me.";"Qu'est-ce que tu as là dans ton flacon,
bzzz... ? Est-ce que ce serait une
nouvelle espèce d'abeille ?!
... ... ... Oh, bzzz. Ce n'est qu'une fée,
bzzz...

Les fées, c'est très joli, mais moi, je
préfère les abeilles, bzzz.";
"おじさんは、ハチさん以外は
よく分からないブン　ごめんだブーン";"Sorry, buzz. Just bees for me, if you
please.";"Moi, il n'y a que les abeilles qui
m'intéressent, bzzz. Le reste, j'y
connais pas grand-chose, désolé, bzzz.";
"さっきの地震のせいで
ハチさんたちが慌ててるブーン
お、おじさんもちょっと怖かった……";"That quake earlier got all my little
bee friends abuzz.

I-I was a bit scared myself.";"À cause du tremblement de terre de
tout à l'heure, mes petites abeilles
sont tout affolées, bzzz.
Moi aussi j'ai eu peur, bzzz.";
"ルピーが足りねえじゃねえか
とっとと失せな小僧！";"Oh, I'm sorry, but you don't have
enough Rupees for that.";"Mais, t'as pas assez de rubis !
Allez, fiche-moi le camp, gamin !";
"買う気がねえんなら
触るんじゃねえよ";"All right. Another time then.";"Si t'as pas l'intention d'acheter,
touche pas la marchandise !";
"何だ、ヒヤカシかよ";"Just browsing? Of course.";"Tu fais du lèche-vitrines ?";
"ありがとよ！
また寄ってくんな！";"Thank you! Come back soon.";"Merci bien !
Reviens quand tu veux !";
"そいつはハートだ
[IntNumberN]でいいぜ、買うかい？[ChoiceN]";"That's a heart. If you're feeling weak,
that'll get you up and running again.
How about [IntNumberN] for one? [ChoiceN]";"Ça, c'est un cœur. Je te le vends pour
[IntNumberN], tu le veux ?[ChoiceN]";
"買う";"Yes";"J'achète.";
"買わない";"No";"Non, merci.";
"ん？
お客さん、元気そのものじゃねえか
ハートは貴重なんだ
そんな元気な奴には売れねえな";"But you don't have a scratch on you!
I think I'll save these precious hearts
for someone who needs them.";"Hein ? Tu m'as l'air d'être en pleine
forme.

Les cœurs, c'est très précieux !
Je peux pas en vendre à quelqu'un
qu'en a pas besoin.";
"そいつはビンだ
色んな物が入れられて便利だぜ
[IntNumberN]でいい
買うか？[ChoiceN]";"That's a bottle. Useful for storing a
bunch of things. How about
[IntNumberN] for it?[ChoiceN]";"Ça, c'est un flacon. Tu peux mettre
tout un tas de trucs à l'intérieur, c'est
très pratique.
Il est à toi pour [IntNumberN].
Ça t'intéresse ?[ChoiceN]";
"買う";"Yes";"J'achète.";
"買わない";"No";"Non, merci.";
"ビンは地味に見えるけど
いくつも持ってた方がいいぞ
ウチにはもう、ねえけどな……";"A bottle doesn't look like
much, but it's handy to get as
many as you can.
Wish I had more to sell you. Sorry to
say that's all I had in stock.";"Ça a l'air de rien comme ça, mais c'est
très utile d'avoir plusieurs flacons sur
soi.
Enfin, moi, je suis en rupture de
stock...";
"どうだ？
キレイな石だろ？
その上スベスベだぜ
今日かぎりの[IntNumberN]だ！[ChoiceN]";"Ah, yes! A gemstone of remarkable
quality. Smooth as silk!

And for you? Only [IntNumberN]!
Interested, my friend?[ChoiceN]";"Qu'est-ce que tu en dis ?
C'est une jolie pierre, non ?

Et en plus, elle est toute douce !
Aujourd'hui seulement, elle est à
[IntNumberN] ![ChoiceN]";
"コレください";"Yes";"Je la prends !";
"高いよ[ChoicePositive]";"No[ChoicePositive]";"Trop cher ![ChoicePositive]";
"その石のスベスベ感はタダモンじゃねえ

オラッちのような荒くれモンでも
ついナデナデしたくなっちまう……
なかなかイイ買い物したな！";"Sorry to see it go, actually. I just
couldn't stop touching that
smooth, smooth stone.
Oh, it's so VERY smooth! I shouldn't
have let it go at such a bargain.";"La douceur de cette pierre est
vraiment exceptionnelle.

Même un dur à cuire comme moi ne
peut pas s'empêcher de la câliner
sans arrêt...
Tu ne regretteras pas ton achat !";
"そいつは盾だ
これがないと危なくってしょうがねえ
[IntNumberN]だ
とりあえず買っときな[ChoiceN]";"Want to buy a shield?
You don't want to get caught
without one. Only [IntNumberN].[ChoiceN]";"Ça, c'est un bouclier. Ne pas en avoir,
c'est s'exposer à de grands dangers.

Il est à [IntNumberN].
Si j'étais toi, je l'achèterais.[ChoiceN]";
"買います";"Yes";"J'achète.";
"やっぱりいいです";"No";"Non, merci.";
"何だ、もう持ってるじゃねえか！
大人をからかうんじゃねえよ";"But you've already got one. No point
in having one on EACH arm!";"Mais, t'en as déjà un !
C'est pas bien de se moquer
des grandes personnes.";
"おはよう[PlayerName]
今日も気持ちのいい朝だねぇ";"Why, hello! Lovely day, isn't it,
[PlayerName]?";"Bonjour, [PlayerName].
C'est encore une très belle matinée,
tu ne trouves pas ?";
"また今日も寝坊したのかい？
親方の声が、ここまで聞こえてたよ";"Did you oversleep again? I heard your
master shouting about it way over
here!";"Tu as encore traîné au lit ce matin ?
On a entendu le patron de la forge
crier jusqu'ici.";
"ふあー……
実はこの頃よく眠れなくてねぇ
最近、屋根の上から
妙な鳴き声が聞こえてくるのよ
そのせいで熟睡できなくて
困ってるのよねぇ";"So... I've had a hard time sleeping
lately. I've been hearing the
strangest little cries from my roof.
I've never heard anything like it
before. It's keeping me up all night.";"*Bâille*... Ces derniers temps, je ne
dors pas très bien.

J'entends de drôles de cris qui
viennent du toit.

Ça m'empêche de dormir, c'est assez
agaçant.";
"屋根の上から聞こえてくる
気がするんだけど……
一体何なのかしらねぇ？";"Have you heard those strange little
sounds coming from my roof? I wonder
what's making that noise.";"Je me demande s'il y a quelque chose
sur le toit.";
"ずっと屋根の上から変な鳴き声が
してたんだけど、最近聞こえないのよねぇ
えっ、[PlayerName]が
屋根の上のを取ってくれたからなのかい？
ありがとうねぇ
最近よく眠れなくて困ってたのよ
これは、ほんのお礼だよ";"Remember those strange little cries I
was hearing from my roof?

Well, can you believe it? Those
sounds stopped!

What? You took some creature off of
it? Thanks, [PlayerName]!

Now I can get a good night's rest
again. Please take this reward.";"Pendant un moment, j'entendais ce
drôle de cri qui venait du toit, mais
maintenant il s'est arrêté.
Comment ? C'est toi qui t'en es
occupé ?

Merci bien. Je n'arrivais plus à dormir,
c'était agaçant.

Voilà un modeste remerciement.";
"けど、静かになったらなったで
ちょっぴり寂しいねぇ";"How strange... I miss those little cries
coming from my roof. It was a sweet
sound, now that I think of it.";"Mais maintenant, c'est un peu
trop calme. Ces petits cris me
manqueraient presque.";
"やあ、[PlayerName]
こんにちは
今日もいい1日になるといいねぇ";"The village is really bustling today,
don't you think? I think I'll stay
inside where it's nice and quiet!";"Bonjour, [PlayerName].


J'espère qu'on aura encore une belle
journée, aujourd'hui.";
"おっす！
宝箱の部屋にようこそ！
ここに来るのは初めてかな？
ルールは簡単！
2つ宝箱が出てくるから
どちらか好きな方を開けるだけだ！
1回50ルピーで 運が良かったら何と！
100ルピーも もらえちゃうぞ！
運が悪かったら1ルピーだけどな……";"Welcome to Fortune's Choice! First
time here? The rules are simple.

I'll reveal two treasure chests. You
open one of them.

It's 50 Rupees for one try, and if
you're lucky, you'll win 100!
If you're not, you'll get only one...";"Salut ! Bienvenue à la salle des
coffres !

C'est la première fois que tu viens
ici ? Les règles sont super simples !

Je vais placer deux coffres dans la
salle et tu devras en choisir un à
ouvrir !
Chaque partie coûte 50 rubis.
Si tu as de la chance, tu peux
gagner 100 rubis !
Par contre, si t'as pas de chance,
tu gagnes qu'un rubis...";
"さあ、50ルピーで
運試し してみるかい？[ChoiceN]";"What do you say? Try your luck for
50 Rupees?[ChoiceN]";"Alors, tu veux tenter ta chance pour
50 rubis ?[ChoiceN]";
"やる！";"Sure";"Ouais !";
"やめとく";"No";"Non, merci.";
"カカリコ村唯一のプレイスポット
宝箱の部屋は今日も元気に営業中だぞ！";"Welcome to Fortune's Choice, the
only game in Kakariko Village!";"La salle des coffres, la seule salle de
jeu du village Cocorico, a toujours
autant de succès !";
"さあ、1回50ルピーで
やってみるかい？[ChoiceN]";"Care to play? Only 50 Rupees![ChoiceN]";"50 rubis la partie, ça te dit ?[ChoiceN]";
"やる！";"Sure";"Ouais !";
"やめとく";"No";"Non, merci.";
"どうだい？
1回50ルピーでやっていくかい？[ChoiceN]";"Try your luck for 50 Rupees?[ChoiceN]";"Alors ? Tu veux faire une partie pour
50 rubis ?[ChoiceN]";
"やる！";"Sure";"Ouais !";
"やめとく";"No";"Non, merci.";
"よし、そうこなくっちゃ！
それじゃ準備するから待っててくれ！";"All right then. Wait a second while I
set it up.";"Super, tu ne le regretteras pas !
Je vais préparer le matériel, attends
une seconde !";
"じゃあ、また挑戦してくれよ！
待ってるぜ！";"You can always give it another try.
I'll be waiting.";"Reviens tenter ta chance !
Je t'attendrai !";
"そうか！
じゃあ、また気が向いたら来てくれ！";"All right, just ask if you ever want
to play.";"Je vois ! Si tu changes d'avis, reviens
me voir !";
"何だ？
ルピーが足りないぞ！
ルピーを貯めてまた来てくれ！";"What? You don't have enough Rupees.
Well, feel free to come back anytime.";"Mais... tu n'as pas assez de rubis !


Reviens quand tu auras économisé
un peu !";
"さあ、どっちか好きな方を
開けてくれ！";"OK then. Open a chest!";"Allez, ouvre le coffre de ton choix !";
"ちょっと、どこ行くの！？
宝箱開けてってよ！";"Hey, where d'you think you're going?
You're supposed to open a chest.";"Hé ! Où est-ce que tu vas ?
Ouvre un coffre !";
"物騒なことになってるらしいな
こんな時はパーッと遊ぼうぜ";"I hear things are getting ugly out
there. Well, no better time than the
present for a little fun!";"Il paraît que la situation est critique.
C'est justement dans des moments
comme ça qu'il faut s'amuser !";
"聞いたかい？
行方が分からない人間がいるらしいぜ
それも一人や二人じゃない

それはまあともかく……";"Heard the latest? People have been
going missing—just up and vanishing!
Who's going to be next?

Well, anyway...";"Tu as entendu ce qu'on raconte ?
Il paraît qu'il y a des gens qui
disparaissent.
Et pas qu'un ou deux.


Enfin, peu importe...";
"あれ、[PlayerName]
どうしたの？
サハスラーラ様にご用？

たぶんお屋敷に、いるんじゃないかな？";"Hey, what are you doing? Looking
for Sahasrahla maybe?

The elder should be inside his house.
Er, I think?";"Tiens, qu'est-ce que tu fais à rôder
dans le coin ?

Tu es venu voir maître Sahasrahla ?


Il doit toujours être chez lui, je pense.";
"サハスラーラ様のことは
僕もよく知らないんだけど……
でも、とっても長生きで
とってもえらーい方なんでしょ？";"I don't know an awful lot about
Sahasrahla...

Seems like the elder has been around
since, I dunno, maybe forever?";"Je le connais pas bien, maître
Sahasrahla...

Je sais juste qu'il est très très très
vieux et que c'est quelqu'un de très
important. C'est ça, hein ?";
"サハスラーラ様は
あまりお家から出てこられないけど
アスファルのお兄ちゃんは
よく遊んでくれるんだー
アスファルのお兄ちゃんは
サハスラーラ様のお弟子さんなんだよー";"The elder doesn't get out of the house
much these days. Yep, don't see old
Sahasrahla much at all.
But his student, Osfala, stops by to
play with me now and then!";"Maître Sahasrahla, il sort presque pas
de sa maison.

Mais Asphar, il joue souvent avec moi.


Asphar, c'est le disciple de maître
Sahasrahla.";
"ねぇ、森にいる変な占い師しってる？
時々、メガネをかけてるんだけど
誰もいないのに、一人でしゃべってるんだ
何かが見えてるのかな？";"You know that fortune-teller up near
the woods? I saw him put on some
freaky glasses!
Then he starting chatting away, even
though no one was there! Weird. Does
he see something we can't?";"Tu sais, le drôle de diseur de bonne
aventure dans la forêt ? Eh ben, des
fois, il porte des lunettes.
Et quand il les porte, il se met à
parler tout seul. Il voit des trucs,
tu crois ?";
"あのメガネをかけると
何か見えるのかな……";"I bet that fortune-teller can see
something we can't when he's got
those freaky glasses on!";"Est-ce qu'on peut voir des trucs
quand on porte ces lunettes... ?";
"サハスラーラ様のお屋敷の下にいる
お兄さんのこと知ってる？
ソッと前から近づいてみても
ソッと横から近づいてみても
すぐにこっちに気づいて
逃げちゃうんだ……
後ろから近づこうにも
壁があるしなぁ……
走るのもスッゴイ速いし、あのお兄さん……
鬼ごっこのプロなのかも！！！";"Have you seen that guy near
Sahasrahla's house?

He runs away if you get too close.
He's super fast, so he must be a
professional tag player or something!
The guy just stands there with his
back to the wall though, just watching
everyone in the village!";"Tu as vu ce monsieur en bas de chez
maître Sahasrahla ?

J'ai essayé plein de fois de
m'approcher de lui. Par le côté,
de face...
Mais à chaque fois, il me voit et
il s'enfuit...

Et comme il est collé au mur, par
derrière, c'est pas possible.

Il court super vite, ce monsieur...
Hum, si ça se trouve, c'est un joueur
de chat professionnel !!!";
"どうしたら、鬼ごっこのお兄さん
つかまえられるんだろ……
後ろから近づこうにも壁があるしなぁ……

しかも逃げ足も、スッゴイ速いんだ！

やっぱり、あのお兄さん……
鬼ごっこのプロなのかも！！！";"I tried my best to sneak up on that
professional tag player, but he bolts
away every time. He's SO fast!
There's gotta be some way to sneak
up on him, but it doesn't help that
he stands with his back to the wall.";"Je cherche un moyen d'attraper le
monsieur qui joue à chat.

Comme il est collé au mur, je peux pas
le surprendre par derrière...

En plus, il court super vite !


Hum, c'est sûrement un joueur
de chat professionnel !!!";
"ねえ、[PlayerName]
鳥おじさんの話知ってる？
そのおじさんは
小鳥さんと暮らしてるんだって
僕も小鳥さんと
お友達になりたいな";"Heard about the guy who lives with
a bunch of little birds? It's true! He's
hidden away somewhere.
I wish I could make friends with little
birds like that.";"Dis, [PlayerName], tu as déjà
entendu parler de l'homme aux
oiseaux ?
Il paraît que c'est un monsieur qui
vit entouré de plein de petits oiseaux.

Moi aussi, je voudrais bien être ami
avec les petits oiseaux.";
"ねえ、[PlayerName]
お城のあたりが、なんだかモヤモヤしてるけど
何かあったのかなぁ？";"Hey, there's a weird haze around the
castle! Know anything about that,
[PlayerName]?";"Dis, [PlayerName].
Il y a des trucs bizarres autour du
château.
Qu'est-ce qui s'est passé ?";
"最近、アスファルのお兄ちゃん
全然、遊んでくれないなー
姿も見ないし……
修業で忙しいのかな？";"I haven't seen the elder's pupil lately.
He comes around to play now and
then. But I wonder...
Where's Osfala gone to?";"Asphar, il joue plus du tout avec moi.


Je le vois même plus... Peut-être
qu'il est trop occupé avec son
entraînement.";
"川の近くで、鳥に囲まれたおじさんを
見た人がいるんだって！
ほんとにいるなら
僕も一緒に遊びたいなぁ";"Come to think of it, I heard that bird
guy lived somewhere along the
river. Wish I could see his birds.";"Il paraît qu'il y a des gens qui ont vu
un monsieur entouré de petits oiseaux
près d'une rivière !
Si c'est pour de vrai, moi aussi
j'aimerais bien aller jouer avec eux.";
"えっ？[PlayerName]
鳥おじさんに会ったの！？
いーな、いーな！
今度、僕も連れてってよ～！";"What? You bumped into the bird guy?
Lucky you. Aw, I wish I could see
all his birds, though.";"Hein ? T'as rencontré l'homme aux
oiseaux, [PlayerName] ?!

Ouah ! Comment t'as de la chance !
Tu voudras bien m'emmener la
prochaine fois que t'iras le voir ?";
"[PlayerName]も
お城に行くの？
さっき、サハスラーラ様がすごい勢いで
ハイラル城の方に向かっていったんだ
あのモヤモヤといい、お城で何かあったの？";"Hey, are you going to the castle too,
[PlayerName]?

Sahasrahla just headed off in that
direction. Some kind of trouble
happening there?";"Toi aussi tu vas au château,
[PlayerName] ?

Tout à l'heure, j'ai vu que maître
Sahasrahla aussi se précipitait dans
cette direction.
Y a tous ces trucs bizarres autour du
château, qu'est-ce qui se passe
là-bas ?";
"サハスラーラ様が
あんなに慌てて向かうなんて……
やっぱりハイラル城で
何かあったのかな？";"I wonder why Sahasrahla hurried off
to the castle like that. Something
awful must be going on there.";"Ça arrive pas souvent que maître
Sahasrahla, il ait l'air aussi paniqué...

Je me demande bien ce qui s'est
passé au château d'Hyrule.";
"ZZZ…… ZZZ……
今じゃ……マスターソードを……
……ゼルダ姫様……";"...Zzz...zzz...zzz...ess Zelda...zzz...
...zzz...Master...zzz...Sword...";"ZZZ... ZZZ...
Maintenant... L'épée de légende...

... Princesse Zelda...";
"ハッ！";"Agh!";"[Flush]
                        Ha !";
"……んっ？

……いかん、いかん
居眠りをしておったようじゃ";"Oh dear. Dozed off again...";"... Hm ?


... Sapristi.
Me serais-je assoupi ?";
"おお
[PlayerName]か";"It's you, [PlayerName]!";"Oh, c'est toi,
[PlayerName] ?";
"なんじゃ、深刻な顔をして";"But the look on your face! So grim,
child. What's the matter?";"Tu m'as l'air bien soucieux, qu'est-ce
qui t'arrive ?";
"シスターが絵にされて
さらわれたじゃと！？";"Seres was turned into a what?
A painting? And then she was
stolen away?";"Sœur Célès a été enlevée après avoir
été changée en tableau ?!";
"むう……
イヤな予感がするわい
お前も大昔、ここハイラルの地で起こった
勇者と七賢者の伝説の事は知っておろう？[ChoiceN]";"And Princess Zelda sent you here to
tell me... Ah, I see. This can mean
only one thing.
I'm sure you've heard the legends of
old. About the Seven Sages? And
the hero who saved Hyrule?[ChoiceN]";"Hmm...
J'ai un mauvais pressentiment.

J'imagine que tu connais la légende
du Héros et des Sept Sages, sur ce
qui arriva jadis sur les terres d'Hyrule.[ChoiceN]";
"もちろん！";"Of course";"Bien sûr !";
"知らない……";"Tell me";"Euh, non...";
"嘆かわしいことじゃ……
ハイラルの民なら、みんな知っておるぞ！";"Tell you? Of course! But surely, you
have heard this. Every child of Hyrule
grows up hearing of that hero...
and fearing Ganon.";"C'est fort déplorable...
Tout habitant d'Hyrule qui se respecte
se doit de la connaître !";
"大昔、ハイラル王国は
大魔王ガノンによって滅びかけた
しかし、突如として現れた伝説の勇者と
七賢者の力により、ガノンは再び封印され……
えーい、今はそんなことを
のんびり話しとる場合じゃない！";"Long ago, Ganon the Demon King
nearly destroyed our peaceful world.

Just when Hyrule was on the brink of
ruin, the hero of legend appeared.

He gathered the descendants of the
Seven Sages, who had once sealed
Ganon in darkness...
and together they defeated the
Demon King and sealed him away
once more. Hyrule was saved.
But, oh—! This talk of legends must
stop. There's no time to waste!";"Jadis, Ganon, le seigneur du mal,
conduisit le royaume d'Hyrule
au bord de la destruction.
Mais grâce à l'intervention du Héros
légendaire et des Sept Sages, Ganon
fut enfermé de nouveau...
Ah ! Mais l'heure n'est pas aux vains
bavardages !";
"シスターセレスは、その時
大魔王ガノンを封印した七賢者の末裔なのじゃ
そのユガとなのる男……

まさか、ガノン復活を
たくらんでおるのでは……";"Seres is a descendant of the original
Seven Sages who sealed Ganon
in darkness all those years ago.
This Yuga you speak of, he must be
after the Seven Sages of our day.
He surely intends to free Ganon.";"Sœur Célès est la descendante d'un
des Sept Sages, qui autrefois enferma
Ganon, le seigneur du mal.
Et cet homme qui se fait appeler
Yuga... S'il s'en prend aux Sages...

Il ne veut tout de même pas
ressusciter Ganon ?";
"い、いかんぞ！[Vibrate]";"Oh no![Vibrate]";"
	　 Oh... Oh non ![Vibrate]";
"東の神殿に怪しい男がいるというので
弟子のアスファルを向かわせたんじゃ！
アスファルも七賢者の末裔の一人！
もし、その男がユガなら一大事じゃ！";"When I heard rumors of a strange
man lurking near the Eastern Palace,
I sent my pupil Osfala to investigate.
I've put him in danger, for he's also a
descendant of the Seven Sages! I'm
sure Yuga will be waiting for him!";"Un homme étrange aurait été aperçu
au palais de l'est, alors j'y ai envoyé
Asphar, mon disciple !
Mais il est lui aussi le descendant d'un
des Sept Sages !

Et si l'homme en question est Yuga,
la situation est critique !";
"ワシの脚では間に合わん
すまんが、[PlayerName]
急ぎ、このことを
アスファルに伝えてはくれぬか？";"I'll never make it in time to warn him!
But you, [PlayerName]...

Could you hurry to Osfala and tell him
everything? Please!";"Je suis trop vieux, je ne pourrai
pas le rattraper à temps. 

[PlayerName] ! Veux-tu
bien aller au plus vite prévenir
Asphar ?";
"地図に東の神殿の場所を
記しておいた
地図は、で拡大で縮小できる
知っとったか？
一刻を争うでな
すまんが、頼んだぞ";"I've made note of the location of the
Eastern Palace on your map.

You can zoom in and out by using
 and . But you may know that
already.
There's no time to lose. Go now,
quickly!";"J'ai noté l'emplacement du palais de
l'est sur ta carte.

Tu peux zoomer avec  et dézoomer
avec , mais j'imagine que tu dois
déjà le savoir.
Il n'y a pas une seconde à perdre.
Je compte sur toi.";
"ワシも準備が出来たら、すぐ後を追うから
急いで向かってくれ！";"Hurry on ahead! I'll join you there
just as soon as I can.";"Je te suivrai dès que j'aurai terminé
mes préparatifs. Hâte-toi !";
"おぉ、[PlayerName]！
どうじゃ、紋章は手に入ったか？";"Ah, tell me, how are things going?
Do you have the pendants yet,
[PlayerName]?";"Oh, [PlayerName] !
Alors, as-tu trouvé les pendentifs ?";
"そうか……

じゃが、姫様に見込まれた
お前なら、きっとできる";"I see... Well, I'm certain you will
succeed. The princess had faith in
you, after all!";"Je vois...


Mais si la princesse t'a choisi,
c'est que tu peux y arriver, j'en
suis certain.";
"全ては、おぬしの手にかかっておるのじゃ
頼んだぞ、[PlayerName]！";"The fate of our kingdom rests in your
hands, [PlayerName]!";"Tout repose entre tes mains,
à présent. Je compte sur toi,
[PlayerName] !";
"おおっ！力の紋章を
手に入れたのじゃな！";"Well now! You've acquired the
Pendant of Power, I see!";"Ooh ! Tu as obtenu le pendentif
de la force !";
"残るは風の館の紋章じゃ！
頼んだぞ、[PlayerName]！";"That just leaves the pendant from the
House of Gales! Good luck to 
you, [PlayerName]!";"Il ne reste plus que le pendentif de
la demeure des vents ! Je compte
sur toi, [PlayerName]！";
"おおっ！知恵の紋章を
手に入れたのじゃな！";"Well done! You've secured the
Pendant of Wisdom, haven't you?!";"Ooh ! Tu as obtenu le pendentif
de la sagesse !";
"残るはヘラの塔の紋章じゃ！
頼んだぞ、[PlayerName]！";"Now you must brave the Tower of 
Hera and get that pendant too! I wish 
you luck, [PlayerName]!";"Il ne reste plus que le pendentif de
la tour d'Héra ! Je compte sur toi,
[PlayerName]！";
"おお、[PlayerName]！
マスターソードは見つかったのか？
そうか……

ハイラルの北にある森は、人を寄せつけない
あやしい森じゃと聞いておる
じゃが、ここまでやってこれた
自分の力を信じるのじゃ";"Ah, have you found the Master Sword
yet, [PlayerName]?

I see... Well, then you must brave the
depths of the woods to the north.
It can be a fiendish forest.
But I'm certain you have it in you to
find your way to that blade.";"Oh, [PlayerName] !
As-tu trouvé l'épée de légende ?

Je vois...


On dit que cette forêt au nord est
fort mystérieuse et ne se laisse pas
approcher par n'importe qui.
Mais tu as déjà surmonté tant
d'épreuves, tu dois croire en toi.";
"もうあと一歩じゃ
頼んだぞ、[PlayerName]！";"You're so close now. Keep going,
[PlayerName]!";"Tu y es presque ! Je compte sur toi,
[PlayerName] !";
"怪しげなキレツが
いたる所にできておるわ
何か悪い兆候に違いないが
それがハイラルを救う道になるやもしれぬ
ハイラル中を巡り、キレツを探し出すのじゃ
頼んだぞ、[PlayerName]";"You must have seen how many of
those fissures have appeared
throughout our kingdom.
Sinister as they seem, they may lead
you closer to Hyrule's salvation.
Search far and wide for all of them!";"Des fissures bizarres sont apparues
un peu partout, ces temps-ci...

Ce sont certes de mauvais présages,
mais elles sont peut-être aussi la
clé pour sauver Hyrule...
Parcours tout le royaume pour en
trouver de nouvelles ! Je compte sur
toi, [PlayerName].";
"お前はハイラル王国の希望じゃ
頼むぞ、[PlayerName]よ……";"You're our kingdom's last hope,
[PlayerName]...";"Tu es le dernier espoir du royaume
d'Hyrule. Je compte sur toi,
[PlayerName]...";
"ねえ、パパぁ
どこか遊びに連れてってよ";"Hey, Papa. Can you take me
somewhere fun?";"Papa, tu m'emmènes jouer quelque
part ? Allez, papa !";
"ところで[PlayerName]
この看板を立てた人は、おトモダチ？
ウサギのお耳がついた
紫色のカワイイ、お洋服を着てたけど
あれもラヴィオの店で売ってるのかなぁ？";"By the way, is the guy who put up
this signboard a friend of yours,
[PlayerName]?
He was wearing the craziest
bunny costume! I want one. Think he
sells them at his shop?";"Dis, [PlayerName], c'est un
copain à toi le monsieur qui a mis
cette pancarte ?
Il avait des habits violets trop mimi
avec des oreilles de lapinou.

Tu crois qu'on peut acheter les mêmes
à la boutique de Lavio ?";
"ねぇ[PlayerName]って
妖精さん見たことある？
ムシ獲りアミとかで
つかまえられないかなぁ？";"Hey, you ever seen one of those little
fairies, [PlayerName]?

They're so small, I bet you could
catch one with a net!";"Dis, [PlayerName], t'as
déjà vu des fées ?

Tu crois qu'on peut les attraper avec
un filet à papillons ?";
"お城の方のお空が
変な色なの
どうしちゃったのかなぁ？";"The sky over the castle is a weird
color. Why's that?";"Le ciel au-dessus du château,
il a une couleur bizarre.
Comment ça se fait ?";
"グリ見かけないなぁ……
どうしたのかなぁ？";"I haven't seen Gulley for a while...
Where's he gone to?";"Ça fait longtemps que j'ai pas vu
Guly.

Est-ce qu'il est malade ?";
"ビンに入れたら
かわいいだろうなぁ……";"It'd be real neat if you could put a
fairy in a bottle...";"Ça serait joli, si on en mettait une
dans un flacon...";
"ところで[PlayerName]は
妖精さん見たことある？
ムシ獲りアミとかで
つかまえられないかな？";"Have you seen any of those fairies,
[PlayerName]?

You know, I bet you could nab one
with a net!";"Dis, [PlayerName], t'as
déjà vu des fées ?

Tu crois qu'on peut les attraper avec
un filet à papillons ?";
"うーん、そうだなぁ……

けど、さっき地震もあったしなぁ
出かけて大丈夫かなぁ？";"All right then...but with that quake
that's shaken everything up, is it safe
to be outside?";"Hum, je ne sais pas trop...


Après ce tremblement de terre,
ce n'est peut-être pas très sûr de
sortir du village.";
"そういえばお前、地図のピンは
ちゃんと使ってるか？
娘にも地図を持たせてるんだが
もし迷子になった時の為に
自分の家にピンを立てさせてるんだ";"Come to think of it, are you using your
map pins properly?

I got my daughter to carry a map with
her. I marked our house with a pin in
case she ever gets lost.";"Dis-moi, est-ce que tu penses à
utiliser les épingles sur ta carte ?

J'ai donné une carte à ma fille sur
laquelle j'ai placé une épingle à
l'emplacement de notre maison.
On ne sait jamais, elle pourrait se
perdre.";
"オレの地図は、娘が行きたいって場所に
ピンをさしているから、ピンだらけだよ
はは……これ全部回ると思ったら
気が重いよ……";"My map is stuffed full of pins marking
places my daughter wants to visit.

Whew! Just thinking about getting to
all those places really takes the wind
out of my sails!";"Ma carte est couverte d'épingles, il y
en a une à chaque endroit où ma fille
veut aller.
Haha... Quand je pense qu'il va falloir
visiter tous ces endroits, ça me donne
le tournis...";
"おっ、[PlayerName]
剣なんかもってどこ行くんだ？
もしかして、道具屋さんの近くにいる
じいさんに会いに行くのか？
すれちがい通信ってやつの
手ほどきをしてくれるって言うから
娘を連れて行ったんだが
剣がないと教えられんって断られちゃってさ
一体、何なんだ
すれちがい通信って……";"Hey there. Uh, did your master give
you permission to play around with
swords, [PlayerName]?
Wait... I bet you heard that the old
man over there is calling for people
with swords to come talk to him.
Did you? Uh, no? Well, he is. He's
talking about how fun something
called StreetPass is.
When I took my daughter there to
play, he said only people with swords
can get in on the action.
I don't know what this StreetPass
thing is all about. But it sounds like
a crazy-good time!";"Tiens, [PlayerName],
où est-ce que tu vas avec cette
épée ?
Est-ce que par hasard, tu vas voir
le vieil homme qui est près de la
boutique d'objets ?
Il paraît qu'il peut t'initier à un truc
appelé StreetPass.

J'ai emmené ma fille le voir mais il m'a
dit que si on n'a pas d'épée, il ne peut
pas l'enseigner.
Qu'est-ce que ça peut bien être,
ce StreetPass... ?";
"すれちがい通信って
何か、いいことあるのか？
でも、あのじいさんの充実した顔……
やっぱり、気になるなぁ";"That ol' Gramps in our village keeps
talking about StreetPass. It must be
fun. He gets so excited about it!";"Est-ce qu'on peut en tirer quelque
chose de positif, de ce StreetPass ?

Ce vieillard avait une mine assez
satisfaite... Ça m'intrigue, tout ça.";
"おお、[PlayerName]
あのじいさんと話してたみたいだけど
すれちがい通信のこと、何かわかったか？
面白そうなら、俺も剣買おうかなぁ……";"I bet you've heard what Gramps is
saying about StreetPass, huh? If only
I had a sword so I could play too.";"Salut, [PlayerName].
J'ai vu que tu étais allé parler avec
le vieillard, là-bas.
Alors, tu en sais plus sur ce fameux
StreetPass ? Si c'est amusant, je
m'achèterai peut-être une épée...";
"村の外に変な生き物が現れたっていうし
俺も剣ぐらい扱えないとなぁ
親方に作ってもらおうかな……";"Monsters are roaming around outside
the village? If things get any worse,
how will I protect my daughter?
I'll have to get your master to make
me a sword.";"Avec ces étranges créatures qui
traînent autour du village, il faudrait
que je sache me servir d'une épée.
Je devrais demander à ton patron de
m'en forger une...";
"娘には、まだ言ってないんだが……

グリがいなくなって
しまったみたいなんだ……
他にもいなくなった人たちがいるっていうし
今は娘から目が離せないんだよ";"I've heard Gulley has gone missing.
And so have lots of other people.
I can't bear to tell my daughter.
But you'd better believe I'm not going
to let anyone take her from me!";"Je n'ai encore rien dit à ma fille
mais...

On dirait que le petit Guly
a disparu...

Et apparemment, il ne serait pas le
seul, alors je ne quitte pas ma fille
des yeux.";
"パパ！
早くラヴィオの店に連れてってよ";"Papa! Hurry up and take me to
Ravio's Shop!";"Papa ! Je veux aller à la boutique de
Lavio ! Allez, vite, on y va !";
"よしよし、後で行ってみような";"All right. We can go later.";"Oui, oui, on ira tout à l'heure.";
"あっ！
パパ、[PlayerName]がいるよ！";"Ooh! Papa, look who's here! It's
[PlayerName]!";"Ah ! Papa, regarde !
C'est [PlayerName] !";
"お、本当だ
おい、[PlayerName]
看板に「ラヴィオの店オープンしました」って
書いてあるけど……
これ、お前んちの辺りだろ？
店ができるなんて全然知らなかったよ";"I see that. I've got a question for you,
[PlayerName].

That sign there says something called
Ravio's Shop has opened near your
place. Like, right on top of it!
That seem odd to you?";"Ah oui, tu as raison.
Hé oh, [PlayerName] !

Sur cette pancarte, il y a écrit :
« Ouverture de la boutique de
Lavio », mais...
C'est tout près de chez toi, non ?
Je savais pas qu'une boutique
devait ouvrir là-bas.";
"【ラヴィオの店オープンしました！】
冒険に役立つ色んな道具を
格安にて、貸し出しいたします！";"Ravio's Shop — Grand Opening
Essential gear for hero types!
Rented at rock-bottom prices!";"Ouverture de la boutique de Lavio !
Location d'objets pour les
aventuriers à des prix tout petits !";
"お店は、ハイラル城の
すぐ南にあります
ご来店お待ちしております！";"Located just south of Hyrule Castle.
Come on by—can't wait to see you!";"Notre boutique se trouve au
sud du château d'Hyrule.
Nous attendons votre visite !";
"アラッ！？
ウフフ……カワイイお客さんだこと
ところで……
アナタ、どこから入ってきたの！？
ウフフ……後少し早かったら
イイものが見れたかもしれないけど……
ちょうど今
着替えが終わったところよ
どう？
キレイでしょ このお洋服？
ウフフ……
ヤダ、赤い顔しちゃって……
カ・ワ・イ・イ

ウフフ……そんなアナタには
コレ
ア・ゲ・ル";"Eeeeee! How...how in Hyrule did you
get in here? My door is locked,
[PlayerName]!
Well, never mind. I'm actually glad you
popped in. I was just admiring my
new dress.
What do you think of it? Glamorous,
isn't it? Oh, you're too kind.

Very sweet of you. So here. Take this
as thanks, [PlayerName].";"Tiens ?! Hihihi...
On dirait que j'ai de la visite.

Mais dis-moi...
Par où es-tu entré ?!

Hihihi... Si tu étais arrivé un tout petit
peu plus tôt, tu aurais pu voir quelque
chose d'intéressant...
Mais je viens juste de finir de me
changer.

Comment tu trouves ma robe ?
Elle est jolie, non ?

Hihihi... Tu es tout rouge !



　　　　C'est trop mignon !

Hihihi... Comme tu me plais bien,
je vais t'offrir un petit cadeau.


	C'est pour toi ! ";
"ウフフ……カギは開けておくから
今度からは、いつでも気軽にいらっしゃい";"I'll leave the door open, so you're
welcome to pop in and out as you
please.";"Hihihi... Je vais laisser la porte
ouverte, comme ça tu pourras passer
par ici quand tu voudras !";
"ウフフ……
このお洋服 ステキでしょ？
今度、コレを着てハイリア湖に
リゾートにでも行こうかと思ってるの
前にハイリア湖から、さらに東に
行った時、水辺に光るものが見えたのよ
あれは何だったのかしら？";"This dress really is delightful, don't
you think? It's more beautiful than
even Lake Hylia.
Which reminds me...last time I was on
the east shore of the lake, I saw
something gleaming in the shallows.
I wonder if it's still there.";"Hihihi... Cette robe est vraiment
superbe, tu ne trouves pas ?

Je pourrais peut-être la porter pour
aller en vacances au bord du lac
Hylia...
Une fois, je me promenais à l'est du
lac Hylia et j'ai vu quelque chose qui
brillait au bord de l'eau.
Je me demande bien ce que c'était.";
"あの時は水着を持ってなくて
拾えなかったの
あ、今おねえさんの水着姿、想像したでしょ？
ウフフ……カ・ワ・イ・イ";"Of course, I couldn't get it. I simply
wasn't dressed for swimming!";"Je n'avais pas mon maillot de bain,
ce jour-là, alors je ne suis pas allée
le chercher.
Ah, tu viens de m'imaginer en maillot
de bain, avoue !
Hihihi... T'es trop choupi !";
"アラ、また来てくれたの？
ウフフ……ありがとう！！
コレ、私の気持ち
あなたに
ア・ゲ・ル";"Oh, you came back. Here's a little
token of my affection. Go on—take it.
Don't be shy!";"Oh, tu es revenu ?
Hihihi... Merci !

Tiens, en témoignage de
mon affection !


	C'est pour toi ! ";
"コラッ!
そんなことしちゃ……
スカートが、めくれちゃうでしょ！
ウフフ……";"Please, don't! I don't want even one
ruffle on my dress out of place!";"Dis donc !
Si tu continues à faire ça...

Ça va soulever ma jupe !
Hihihi...";
"もうっ！
ヘアーセットが、くずれちゃうでしょ！
でも、乱れた髪も
おしゃれかも……ウフフ";"Now that is quite enough. You're
going to ruin my hair.";"Ah ! Tu vas tout me décoiffer !


Mais ça me donnera peut-être un air
sauvage, c'est très à la mode...
Hihihi.";
"また、いつでもいらっしゃいな
ウフフ……";"Come back whenever you like!";"Reviens quand tu veux.
Hihihi...";
"いらっしゃいだ～よ！

ちべた～いロンロン牧場の
しぼりたてミルクはどうだ～よ？";"Welcome! How about a glass of cold
milk fresh from Lon Lon Ranch?";"Bienvenue !


Que dirais-tu d'un verre de lait bien
frais en provenance directe du ranch
Lon Lon ?";
"1杯、20ルピーだ～よ
飲んでいくだ～よ？[ChoiceN]";"It's 20 Rupees a glass. Fancy a drink? [ChoiceN]";"C'est 20 rubis le verre.
Ça te dit ?[ChoiceN]";
"ください！";"Please";"S'il te plaît !";
"いらないです";"No";"Non, merci.";
"いらっしゃ～いだ～よ！
あんちゃんには大サ～ビスだ～よ！
1杯、10ルピーだ～よ！
飲んでいくだ～よ？[ChoiceN]";"Welcome, young sir! Care for a
glass of milk? Special deal, only
10 Rupees.[ChoiceN]";"Bienvenue !
Pour toi, les prix sont cassés !

C'est 10 rubis le verre.
Tu en veux un ?[ChoiceN]";
"ください！";"Please";"Oui !";
"やめときます";"No";"Non, merci.";
"ありがとだ～よ！
しぼりたてで、うまいだ～よ！";"Ice-cold milk... Deeelish, right?";"Merci ! Et un verre de délicieux lait
bien frais pour le jeune homme !";
"毎度ありだ～よ！";"Thanks for your business!";"Merci bien !";
"ん～？
ビンがないと売れないだ～よ
ビンなら村の中でも買えるだ～よ
手に入れたら、また来るだ～よ";"Oh, sorry. You have to get yourself a
bottle first.

I think I saw one for sale somewhere
in the village, though. Come back
once you have one, OK?";"Tiens ? Si tu n'as pas de flacon,
je ne peux pas te servir.

Je sais qu'on peut en acheter
quelque part dans le village.
Reviens quand tu en auras un.";
"ん～、ビンに何か入ってるだ～よ？
それじゃあ、ミルクは注げねえだ～よ";"Hold on. You don't have an empty
bottle. Sorry, but I can't
sell you any milk.
Ask me again once you have an empty
bottle, OK?";"Tiens ? Mais tu n'as pas de flacon
vide. Comment veux-tu que je te
verse du lait ?";
"むぅ～、ひやかしならゴメンだ～よ
ルピーがない奴には、何も売れねえだ～よ";"Sorry. You don't have enough Rupees.
Come back when you've saved up a
bit, OK?";"J'aime pas beaucoup qu'on se moque
de moi. Si t'as pas de rubis, je peux
rien te vendre.";
"そうかあ……
まあ～、いつでもまってるだ～よ";"A shame. Tasty stuff. Well, let me
know if you change your mind.";"Je vois...
Reviens quand tu veux.";
"いらっしゃいだ～よ！
今日もミルクが冷えてるだ～よ！";"Welcome! We just got some fresh
milk, already chilled!";"Bienvenue !
Aujourd'hui encore, nous avons
du lait bien frais !";
"いらっしゃいだ～よ！
あ～、あんちゃんか～
ん？
プレミアムミルク？
あんちゃん、それは特別メニューだ～
何で知ってるだ～よ？
ビンに入った手紙～？
山で遭難～？
あ～、あのお客さんか～
手間のかかる人だ～よ
あんちゃんに、このプレミアムミルクを
預けるだ～よ
オラのプレミアムミルクを飲めば
そんなケガなんか、あっという間に治るだ～よ
そのお客さんに
届けてほしいだ～よ";"Welcome! Care for an icy-cold glass
of—! Whuh? You heard about
premium milk?
How'd you find out about the good
stuff? I see... A message in a bottle.

And from someone stranded up on the
mountain? Could only be one guy.
He's a tricky customer.
Sorry to ask, but could you take this
premium milk to him? I bet it
would help him heal up in no time.";"Bienvenue !
Oh, c'est toi, mon petit ?

Comment ?
Du lait grand cru ?

Ce n'est que sur le menu spécial, mon
petit. Qui t'en a parlé ?

Un message dans un flacon ?
Un accident dans la montagne ?

Ah, lui... Il a le chic pour se mettre
dans des situations pas possibles.

Tiens, mon petit, je te confie ce
lait grand cru.

Avec ça, ses blessures seront
guéries en un clin d'œil !

Tu veux bien aller lui apporter
pour moi ?";
"その人は山好きの
うちの常連さんだ～よ
「次はヘラの塔よりもっと奥を
目指す」ってはりきってただ～よ
お客さんが減ると困るだ～よ
悪いけど、よろしく頼むだ～よ";"He's a regular at my establishment
who loves exploring the mountain.

Last time he was in here, I think he
said his next expedition would take
him east of the Tower of Hera.
I can't afford to lose his business. Get
that to him, OK? I'm really counting
on you, friend.";"C'est un habitué de la maison,
et il adore la montagne.

Il se vantait que lors de sa prochaine
expédition, il irait plus loin que la
tour d'Héra.
J'aimerais pas perdre un aussi bon
client. Je peux compter sur toi ?";
"ま～ったく
あのお客さん
「次はヘラの塔よりもっと奥を
目指す」ってはりきってただ～よ
このプレミアムミルクは、オラの
とっておきだ～　ちべたいうちに、頼むだ～よ
その前に、あんちゃんも
いつもの一杯やってかね～か？";"That customer of mine who likes going
up the mountain... I can't believe how
far he's pushing himself.
I wonder if he'll actually make it past
the Tower of Hera...

Best of luck to you getting that
premium milk to him.

Before you go, remember that I've
always got a glass of the cold stuff
ready for you.";"Je te jure, il est vraiment incorrigible,
ce client.

« La prochaine fois, j'irai encore plus
loin que la tour d'Héra ! »
Ben voyons...
Ce lait grand cru, c'est la crème de
la crème. Apporte-lui tant qu'il est
encore frais.
Mais avant de partir, tu ne veux pas
un flacon de lait ordinaire, mon petit ?";
"お～、あんちゃん
届けてくれて、ありがとだ～よ！
お礼に、これからは
うちのミルクは全部半額だ～よ";"You delivered it safe and sound?
Thanks a bunch. I don't know how I
can ever repay you...
How about this? From now on, you
only need to pay half price for milk.
You're my favorite customer now!";"Tu as bien effectué ta livraison,
mon petit ! Merci bien !

Pour te remercier, à partir
d'aujourd'hui, tu ne paieras
mon lait que moitié prix.";
"今、村はお城のことで、もちきりだ～よ

あの、なかなか家から出てこない
サハスラーラ様が出てきたって～ことは
何かとんでもね～ことが
起きてるってことだ～よ";"Everyone in the village is talking
about the castle, you know.

And how the elder left his house for
the first time in forever! Who knew
Sahasrahla could walk so far!
Strange days, people are saying.
And they're probably about to get
even stranger!";"Dans tout le village, on ne parle plus
que de ce qui se passe au château.

Maître Sahasrahla en personne s'est
déplacé, lui qui d'habitude ne sort
jamais de chez lui.
Ça doit vouloir dire qu'il se passe
quelque chose de terrible...";
"この村から人が姿を消してるんだと～
まるで神隠しってやつだ～よ
こんなこと、はじめてだ～よ
あんちゃんも気を付けるだ～よ";"People have been vanishing from the
village. Just up and disappearing!

First time I've heard of things like that
happening. So you'd better watch
over your shoulder, guy!";"Il y a plein de gens qui ont disparu
dans le village.

C'est la première fois que ça arrive.
Reste sur tes gardes, mon petit.";
"プハー……やっぱ
ここのミルクはうめえなぁ
そこにいる吟遊詩人たちに頼んで
演奏を聴きながら、というのも悪くないぞ
ん？
何だ？
オレはサボってるわけじゃないぞ
休憩中だ、休憩中！";"Man, I just can't believe how good
this milk tastes.

And with the musicians here too?
This place is the best!

Huh? Say what now? I'm not slacking
off. I'm on a break from my patrols.";"Ouah ! Le lait est vraiment délicieux,
ici.

Et quand on le déguste en écoutant
jouer le troubadour et son
compagnon, c'est encore meilleur.
Hein ? Qu'est-ce que tu dis ?


Non, je suis pas en train de tirer au
flanc. C'est l'heure de ma pause.";
"チクショウ！

ハイラル城が……
何でこんな事になっちまったんだ？";"Curse whoever's behind all the
evildoing at Hyrule Castle!
How did this happen?";"C'est pas vrai !


Le château d'Hyrule...
Pourquoi a-t-il fallu qu'une telle
tragédie se produise ?";
"い、命あっての物種だからな……
どうせ、オレたちだけじゃ勝てっこないんだ";"We—! We ran from the castle to fight
another day, that's all! We were
outnumbered!";"Le... Le principal, c'est qu'on soit
toujours en vie... Et puis, il n'y a pas
grand-chose qu'on puisse faire.";
"そういえば、縦笛の子は、すごい照れ屋で
相方以外とまともにしゃべれないらしいぞ
けど、演奏中はとっても楽しそうなんだ
面白い子だよなぁ";"Come to mention it, the child who
plays the flute there is real shy...
Won't speak to anyone.
Well, except his fellow musician there.
Strange kid, but at least he has a
good time playing!";"J'ai remarqué que le petit joueur de
flûte est un grand timide et qu'il ne
parle qu'à son compagnon.
Mais il a l'air très heureux quand il
joue. C'est un brave garçon.";
"本日も異常なしであります！

カカリコ村の平和は
自分が守るであります！";"Don't be making trouble. I keep the
peace in Kakariko Village.";"Rien à signaler aujourd'hui !


Veiller à la sécurité du village
Cocorico, c'est ma mission !";
"先ほど地震がありましたが
村は異常なしであります！
カカリコ村の平和は
自分が守るであります！
そう言えば、この村に来てから城へ戻れという
命令が来ないなぁ……";"Don't be making trouble. I keep the
peace in Kakariko Village.
Even after such an awful quake!
It's odd, though, how I haven't heard
from the castle in a long time.";"À part le tremblement de terre de tout
à l'heure, il n'y a rien à signaler au
village !
Maintenir la paix dans le village
Cocorico, c'est ma mission !

Maintenant que j'y pense, depuis
que je suis arrivé ici, on ne m'a
jamais rappelé au château...";
"道具屋";"Item Shop";"Boutique d'objets";
"ミルクバー";"Milk Bar";"Bar laitier";
"宝箱の部屋";"Fortune's Choice";"Salle des coffres";
"うまいミルクを飲みながら
1曲どうだい？
10ルピーでいいぜ[ChoiceN]";"How about a song to go with your
milk? Just 10 Rupees.[ChoiceN]";"Veux-tu écouter un morceau en
dégustant un bon verre de lait ?

C'est 10 rubis.[ChoiceN]";
"おねがい";"Sure";"S'il te plaît.";
"いいです";"No";"Non, merci.";
"もう1曲、10ルピーでどうだい？[ChoiceN]";"Another song? Just 10 Rupees.[ChoiceN]";"Tu veux un autre morceau pour
10 rubis ?[ChoiceN]";
"別ので！";"Another, please!";"Oui !";
"このままで！[ChoicePositive]";"This one's good.[ChoicePositive]";"J'aime celui-ci.[ChoicePositive]";
"ありがとよ！
それじゃ、聴いてくんな！";"Thanks, my lad.";"Merci bien !
Alors ouvre tes oreilles !";
"いっちょいくぜ相棒！";"Well then, here we go. Ready to play,
little friend...?";"Allons-y, mon fidèle compagnon !";
"そうかい……
また気が変わったら声をかけてくれ";"Is that so? Give me a shout if you
change your mind.";"Je vois...
Si tu changes d'avis, dis-le-moi.";
"おいおい、ルピー持ってないじゃないか！
オレっちも道楽でやってんじゃないからね";"Easy there. You haven't got enough
Rupees. Sorry. We gotta eat too.";"Hé ! T'as pas assez de rubis !
On joue pas que pour notre plaisir,
c'est aussi notre métier, tu sais.";
"了解！
それじゃ この曲ならどうだい？";"Well then, we've got another tune for
you.";"Bien reçu !
Alors, qu'est-ce que tu dis de ce
morceau ?";
"もういっちょいくぜ相棒！";"Ready to play another one, my
little friend...?";"Tu es prêt, fidèle compagnon ?";
"こんなぶっそうな時には
歌でも歌って元気出さなきゃね";"In these dark days, you've got to keep
your spirits up. A song will do you a
world of good.";"Par des temps aussi difficiles, chanter
aide à garder le moral.";
"聞いた話じゃ、何かこの頃
人さらいが流行ってるらしいね
怖いねー
こんなときは音楽だよ";"Heard the news? People are being
kidnapped. Scary stuff. But there's
nothing like music to ease the mood.";"J'ai entendu dire qu'il y avait une
vague d'enlèvements ces derniers
temps.
Ça fait froid dans le dos.
Dans un moment pareil, la musique,
il n'y a que ça de vrai.";
"…………";"...Hmm.";"... ... ... ...";
"兄さん、悪いね
相棒は、ものすごい照れ屋でよ
人前で、まともにしゃべれないから
オイラに話しかけてくんな";"Sorry, little man. My pal here, he's
pretty shy. He flat-out refuses to talk
in front of people.
Hope you don't take it the wrong way,
but would you mind leaving him be?
Much obliged!";"Désolé, l'ami.
Mon partenaire est extrêmement
timide, c'est maladif.
Il ne parle presque jamais en public,
alors viens plutôt me voir.";
"だから兄さん、そいつは
すごい人見知りなんだってば";"It's like I told you, pal. He doesn't like
strangers. Just the way it is.";"Je t'ai dit que c'était un grand timide.";
"おお、君はあの時の！
君は私の命の恩人です
またこうして、ここでミルクが
飲めるなんて……夢のようです";"Hey, you there. Thanks for your help
before!

I really gotta say thanks. I wouldn't
have ever tasted this creamy milk
without your assistance!";"Oh, c'est toi !
Tu m'as sauvé la vie l'autre fois,
tu sais !
Pouvoir à nouveau savourer un bon
verre de lait ici... C'est comme
un rêve.";
"なんだぁ、ボウズ！
ワシはヤケミルク中なんじゃ！
とうとうワシも……虫メガネなしでは……
地図が見れなくなってしまったんじゃ！
虫メガネが便利なのは
わかってるんじゃが……
まあ、お前にはまだ分からんだろうな";"Whaddya want? Can't a guy just drink
his milk in peace?

Ah, sorry. Don't mean to be a grump.
I'm just thinking about magnifying
glasses—how I'd read maps with 'em.
But my eyesight's going, and now
not even a magnifying glass helps!";"Qu'est-ce que tu veux, gamin ?!
Tu vois pas que je suis en train de
déguster un bon lait chaud ?!
Ça y est... Je peux plus lire ma carte
sans me servir de ma loupe !

Je sais bien que c'est pratique
la loupe, et tout ça, mais...

Bah, t'es encore trop jeune,
tu peux pas comprendre.";
"まあ、でもアレだ

虫メガネで地図を見るのも
慣れてくると、いいもんかもしれん
……とな
ほほっ、何だか楽しくなってきたわい";"Ever tried looking at a map with a
magnifying glass? It's sort of dizzy
fun, going all  with 'em.";"Enfin, c'est la vie.


Une fois qu'on est habitué, c'est pas
si terrible de regarder sa carte avec
une loupe.
, , , ...
Hoho, mais c'est que c'est rigolo,
en fait.";
"それは[InsertMark]だよ

冒険に出るなら
持っとくと安心だよ
[IntNumberN]だけどさ
買うかい？[ChoiceN]";"That, my friend, is a [InsertMark].
Just [IntNumberN]. Want to buy it?[ChoiceN]";"Ça, c'est un [InsertMark].


C'est toujours rassurant d'en avoir un
sur soi quand on part à l'aventure.

Il coûte [IntNumberN].
Tu en veux un ?[ChoiceN]";
"買う";"Buy";"J'achète.";
"買わない";"Don't buy";"Non, merci.";
"あら、お客さん
1つ持ってるみたいだね
この商品は、貴重な品だから
『おひとり様、1つまで！』
今持ってるヤツを使ったら
またおいで";"Oh, I'm sorry, but it looks like you
have one.

These are fairly rare, so we can sell
you one only after you've used what
you have.";"Oh, mais on dirait que tu en as
déjà un.

C'est un produit très rare, alors il est
limité à un exemplaire par personne.

Reviens quand tu auras utilisé celui
que tu as sur toi.";
"お客さん……こっちも商売なんでね
ルピーをためて出直してきてくれるかい？";"I'm sorry. If you don't have Rupees,
we don't have a sale here.";"Dis donc... Ce n'est pas gratuit, hein.
Reviens quand tu auras économisé,
d'accord ?";
"……おばさんを
もてあそぶのはおよし";"All right then.";"... Ce n'est pas très gentil de te
moquer de moi.";
"見ての通り、盾だよ

最近、魔物が増えてきてるから
持っとくと安心だよ
[IntNumberN]だけど
買うかい？[ChoiceN]";"Oh, you're interested in a shield?


That makes perfect sense what with all
those monsters outside the village.
They sprang up so suddenly!
I'll sell it to you for [IntNumberN].
How about it?[ChoiceN]";"Comme tu peux le voir, c'est
un bouclier.

Ces derniers temps, les monstres sont
de plus en plus nombreux, c'est plus
sûr d'en avoir un sur soi.
Je le vends [IntNumberN].
Tu veux l'acheter ?[ChoiceN]";
"買う";"Buy";"J'achète.";
"買わない";"Don't buy";"Non, merci.";
"ルピーが足りないみたいだね

身を守るには盾が一番！
もし、魔物と戦うってんだったら必需品だよ";"Looks like you don't have enough
Rupees. Come back when you do.

You'll surely want a shield if you're
going to be anywhere near monsters!";"On dirait que tu n'as pas assez
de rubis.

Quand on combat des monstres, le
bouclier, c'est un incontournable.";
"何だ、もう持ってるじゃないか！
盾は1つで十分だよ
だけど、世の中には盾を食べる
魔物がいるらしいから気をつけるんだよ
もし、盾が食べられちゃったら
またおいで";"But you've got one! No one needs
more than one shield.

I have heard, though, that there are
monsters out there that eat shields.
So come back if that happens!";"Mais, tu en as déjà un !
Un bouclier, c'est bien suffisant.

Mais fais attention, j'ai entendu dire
que certains monstres étaient friands
de boucliers.
Si jamais tu te fais manger le tien,
reviens me voir.";
"痛い目みてもしらないよ";"Well then, be extra careful out there.";"Il ne faudra pas venir te plaindre si
tu te retrouves en difficulté.";
"まいど、どうも！

盾の使い方は簡単だよ！

で構えて防御！

これだけだよ
魔物と戦うには防御も大切だからね
でも、あんまり無茶するんじゃないよ";"Thank you very much! Shields are
easy to use. Just press  to hold it
up and protect yourself.
That's it. Defense is important when
you're fighting monsters. Now watch
yourself out there, OK?";"Merci bien !


Utiliser un bouclier, c'est un jeu
d'enfant !


　 Protège-toi en le levant avec  !

C'est tout. Quand on combat des
monstres, c'est important de se
défendre.
Mais surtout n'en fais pas trop.";
"あら、お客さん
ちょっと、聞いておくれよ
隣の露天商が売ってるハート

アレ、道に落ちてるハートを
ムシ獲りアミでとってるだけなんだよ
あんなタダ同然のものを
堂々と売るなんて……
いいかい、お客さん！
あんなの買っちゃダメだよ！！
うちの隣で商売するなんて
まったく、どんな神経してんだか";"Lend me your ear for a moment,
won't you? You know that street
merchant outside?
He's selling hearts. Can you believe
that? Hearts! I mean, you can just
scoop them off the ground with a net.
The nerve of that man! Might as well
sell the leaves off trees! Don't buy
them, whatever you do.";"Écoute-moi bien.


Les cœurs que vend le marchand de
rue à côté de chez moi...

C'est juste des cœurs qu'il a ramassés
au bord du chemin avec un filet
à papillons.
Franchement, il a du culot d'oser
vendre quelque chose comme ça...

Écoute-moi bien ! Il ne faut surtout
pas lui en acheter !

Il manque vraiment pas d'air de
s'installer juste à côté de chez moi
pour vendre sa camelote.";
"聞いとくれよ、お客さん！
実は、ここはウチの亭主の店なんだよ
けど、あのバカ亭主
隣の露天商の口車に乗せられて
何の変哲もないただのリンゴを
高値で買ってきちまってさぁ
あたしゃ頭に来てね
暴れまくってやったんだよ
そしたら、青い顔で逃げて行ったっきり
まだ戻ってこないんだよ……
あの人は気が小さいから
まだ怒ってると思ってるんだろうねぇ……
リンゴのことなんて
もう、どうでもいいのにさ
ほんと、バカな亭主だよ……";"You know, this is actually my
husband's store. But he and I...well,
we had a little argument.
He bought an apple from the merchant
outside for a ridiculous amount of
Rupees.
So I scolded him. You can't blame
me. My husband hasn't the slightest
sense of what things are worth.
Anyway, he wandered off and hasn't
come back. He's SO sensitive, that
man. Where he is, I have no idea!";"Tu sais, en fait, cette boutique
appartient à mon mari.

Mais ce nigaud s'est fait rouler par le
marchand de rue à côté de chez nous.

Il lui a acheté une pomme tout ce
qu'il y a de plus ordinaire pour une
petite fortune.
Ça m'a mise hors de moi, j'étais
furieuse !

En voyant ça, il a pris ses jambes à
son cou et depuis, il n'est pas
revenu...
Il est tellement froussard, il doit
penser que je suis toujours en colère
et il n'ose pas revenir...
Mais j'en ai plus rien à faire, moi,
de cette histoire de pomme.

Quel nigaud...";
"あっ、[PlayerName]
ちゃんと朝ご飯は食べた？
朝は新鮮なコッコちゃんのタマゴが一番よ！";"Oh! Don't forget to eat a good
breakfast. Cucco eggs are the best
way to start the day!";"Ah, [PlayerName] !
Est-ce que tu as bien pris ton
petit-déjeuner ce matin ?
Moi, ce que je préfère le matin, ce
sont les œufs de cocottes bien frais !";
"コッコちゃんをつかんだまま、高い場所から
飛び降りると、ちょっとだけ空を飛べるの
この前、家の屋根に
引っかかりそうになっちゃった";"If you jump from a really high place
while holding a Cucco, it's almost
like you can fly!";"Quand on soulève une cocotte et
qu'on saute d'un endroit surélevé,
on peut voler un court instant.
L'autre jour, j'ai failli percuter le toit
d'une maison.";
"この前、いたずらっ子が
私のコッコちゃんの足を持って飛ぼうとしたの
私のコッコちゃんで飛べるのは
私だけなのに！
ひどいと思わない？";"Some naughty child grabbed one of
my Cuccos. He probably wanted to
jump off a roof with it.
Gliding with a Cucco is fun, but I can't
stand it when kids take MY Cuccos!";"L'autre jour, un petit plaisantin a
agrippé les pattes d'une de mes
cocottes pour essayer de voler.
Tu ne trouves pas ça scandaleux ?
Il n'y a que moi qui aie le droit de
faire ça !";
"さっきの地震、大きかったわねぇ……
コッコちゃんたち、大丈夫かしら？";"I can't believe how that quake shook
everything...! I hope my Cuccos aren't
too stressed by all this!";"Ce tremblement de terre était
vraiment violent... J'espère que mes
cocottes n'ont pas eu trop peur.";
"最近、行方不明の人がいるらしいわよ
もし、私のコッコちゃんたちがいなくなっ…
ダメ……考えただけで
涙がでちゃいそう……";"It's awful—just AWFUL. People are
going missing across the kingdom!
Oh, I can't bear to think of it!
What if my Cuccos vanished? Now
that would be truly dreadful!";"Ces derniers temps, il y a beaucoup
de gens qui disparaissent. Si jamais
ça arrivait à mes petites cocottes...
Ah... Rien que d'y penser, j'en ai
les larmes aux yeux...";
"↑ 教会 方面　　ハイラル城 →
↓ かじ屋";"↑ Sanctuary 
Hyrule Castle →
↓ Blacksmith";"↑  Vers le sanctuaire
Château d'Hyrule →
↓ Forge";
"いくらこすっても、ぜんぜん消えない
一体コレ何で描いてあるんだろう？";"I scrub and scrub—and STILL this
paint won't come off!";"J'ai beau frotter, ça ne veut pas
partir... Mais avec quoi ils ont
fait ça ?";
"朝っぱらから落書き掃除なんて
いったい誰がこんなイタズラしたんだあ？";"We've been up since dawn washing
these paintings off the walls. Crummy
joke, if you ask me.";"Je nettoie ces graffitis depuis l'aube !
Mais qui s'est amusé à faire ça ?";
"なんか日ましに落書きが増えてるんだよ
いたずらにしてはタチが悪いよ";"There's more vandalism every day.
Nasty trick to play.";"J'ai l'impression qu'il y a chaque
jour plus de graffitis. Si c'est une
plaisanterie, elle est de mauvais goût.";
"どうだ？
オレ様の回転斬りもサマになってきただろ？
回転斬りの極意はを押し続けて
力がたまったら離す！
お前の剣でもできるんじゃないか？

草をまとめて刈ったり
敵に囲まれた時なんかに重宝するんだぜ";"What do you think? My spin attack is
pretty good, right? The trick is to hold
 to build power and then...release!
It's indispensable if you're being
swarmed by enemies. Or if you just
want to cut the grass in a jiffy.";"Alors ? Elle en jette, mon attaque
circulaire, hein ?

Le secret de cette technique, c'est de
maintenir  enfoncé, de concentrer
son énergie, et de relâcher le bouton !
Elle est pratique pour débroussailler
une zone d'un seul coup ou repousser
les ennemis qui t'encerclent.";
"変な魔物を目撃したとの報告があったんだ
だからもっと訓練しなきゃ";"There have been reports of strange 
monsters about. So we've gotta 
get trained up!";"Il paraît que des monstres étranges
ont été repérés dans les environs...
Alors je dois m'exercer !";
"回転斬りの極意はを押し続けて
力がたまったら離す！
へへっ、回転斬りをマスターしたら
この城の草はオレ様が全部刈ってやるぜ！";"The trick to a spin attack is to hold 
and then let go. Heh. Once I master it,
that grass-cutting job will be all mine!";"Le secret de l'attaque circulaire,
c'est de maintenir  enfoncé, de
concentrer son énergie et de relâcher.
Héhé ! Quand j'aurai maîtrisé cette
technique, je débarrasserai le château
de toutes ses mauvaises herbes !";
"コラ！";"HEY!";"[Flush]
                   Ça suffit !";
"お前も槍の訓練をしたいのか？

ん？
だがお前のは剣じゃないか
しかし、剣の基本も槍と同じだ！
を押して振り下ろす！まずはここからだな
基本中の基本だぞ！
剣を振れないと敵どころか草も刈れんぞ！";"Want to master your sword? Then
get your  technique down pat.
That's how you swing.
Sure, it sounds basic, but just try it
when you're staring down a monster.
Or a nasty hedge.";"Tu veux t'entraîner à la lance, toi
aussi ?

Tiens ? Mais tu as une épée !


C'est pas grave, le principe est le
même ! Appuie sur  pour frapper
avec ton épée. C'est simple !
Si tu ne sais pas l'utiliser, tu seras
incapable de couper l'herbe, alors ne
parlons pas d'affronter des ennemis...";
"聞いたぞ
シスターが大変な目にあったらしいな
今、城内では捜索隊の準備がされている
詳しい話はできんが……";"I heard all about it. Sounds like Seres
is in serious trouble. We're putting
together a search party.";"On a reçu de nouvelles informations.
Il paraît qu'il est arrivé quelque chose
à la sœur du sanctuaire.
Une brigade va être dépêchée sur les
lieux pour mener l'enquête, mais je ne
peux pas t'en dire plus...";
"剣も槍も基本の素振りが重要だ！

こう構えて！
こう構えて！";"Getting the basic swing right is key
when swinging a sword. Ready,
and ! Ready, and !";"Il est important de maîtriser les bases,
tant pour la lance que pour l'épée.

En garde, puis  !
En garde, puis  !";
"ジャマするなよ！";"Better watch out there, kid!";"Ne viens pas nous déranger pendant
l'entraînement !";
"これより先は王家の方のみが入れる
神聖な場所である！
一般人は入れんのだ！";"Only members of the royal family
are permitted beyond these doors.
No one else may pass!";"Seuls les membres de la famille royale
peuvent entrer dans ce lieu sacré !

L'accès est interdit au peuple !";
"おっ、その緑の服……お前か……
事件の通報をした少年というのは
残念だが、お前でも
ここを通すわけにはいかんのだよ
すまんな……";"Oh, I know those green clothes!
You're that boy who reported the
incident in the Sanctuary.
Unfortunately, I can't let even you
pass through here right now. Orders,
you know...";"Ah... Ces vêtements verts... C'est toi,
le garçon qui est venu nous informer
de l'incident ?
Je suis désolé, mais je ne peux pas
te laisser passer.

Vraiment désolé...";
"残念だが通すわけには、いかんのだよ";"Sorry. You're not getting through.";"Je ne peux pas te laisser passer.
Les ordres sont les ordres !";
"訓練中の私語は厳禁であります！";"I am forbidden to engage in personal
conversation while in training!";"Il est interdit de discuter pendant
l'entraînement !";
"ふう……
立ちっぱなしって疲れる……";"All this standing around! So tiring!";"Pfiou...
C'est fatigant de rester debout...";
"きょ～のディナ～は♪
ハ・ン・バ～グ♪オレの大好物なんだ！";"I can't wait until dinner. I'm going to
have a nice, big roast. With lots of
gravy.";"Ce soir, pour le dîner ♪
On va manger des ham-bur-gers ♪
Mon repas préféré, miam !";
"今日は仕事が終わったら
ミルクバーに行こうかな……";"After work, I'll probably head off to the
Milk Bar. I'm a regular!";"Tiens, et si je passais au bar laitier
après le travail... ?";
"後ろの奴……
絶対サボってるよな……";"That guy in the back... He's slacking
off, for sure...";"Le gars derrière, là...
C'est un tire-au-flanc, crois-moi.";
"今朝、占いの館に行ったらさぁ
「今日は人生最悪の日」だって言われたんだ……
あそこの占いって当たるんだよなぁ……
はぁ……オレ、明日も生きてっかな……";"I went to see the fortune-teller this
morning, and he said I'd have the
worst day of my life today.
Darn. His fortunes usually come true.
I'd better be prepared for anything!";"Ce matin, le diseur de bonne aventure
m'a prédit qu'aujourd'hui serait le
pire jour de toute ma vie...
Ses prédictions sont souvent justes...
Aaah... J'espère voir encore le soleil
se lever !";
"インパ様は姫様の
乳母様なのだ
厳しくされることもあるが
それも姫様のことを思ってのことなのだ";"Don't worry if Lady Impa comes
across a little stern.

She's the royal nursemaid, so she's
always concerned for the welfare
of Her Royal Highness.";"Dame Impa est la nourrice de
Son Altesse.

Si elle est parfois sévère envers Son
Altesse, c'est parce qu'elle l'aime.";
"姫様はすごいよな～、あの若さで
国をしょって立たれてるんだもんなぁ……
俺が姫様の年の頃なんて……
まだコッコを追いかけまわしてたよ……";"The princess runs the whole country
all by herself. Can you imagine,
and at her age too?
When I was that young, I spent my
days doing nothing but chasing
Cuccos.";"Son Altesse est incroyable, elle est
si jeune et pourtant elle dirige tout
un royaume...
Moi, quand j'avais son âge...
je courais encore après les
cocottes...";
"広間にある絵は、もう見たか？
ハイラルの有名な伝説なんだが……
あんなのおとぎ話だよなぁ";"Did you see the paintings here in
the hall? They tell of Hyrule's
oldest legend.
But all that happened so long ago.
Sometimes I wish I could go back
to the past to see if it's true!";"Tu as vu les tableaux dans le hall ?
Ils racontent la célèbre légende
d'Hyrule.
C'est rien de plus qu'un conte de
fées, si tu veux mon avis.";
"姫様が通られるといい香りがするんだよな～
うちの奥さんも少しは見習ってほしいもんだよ";"Ah, what a lovely fragrance lingers
after the princess walks by! It makes
guard duty all worthwhile.";"Quand Son Altesse passe près de moi,
je peux sentir son doux parfum.

J'aimerais bien que ma femme porte
le même.";
"ゼルダ姫様が、お待ちだぞ";"Princess Zelda is waiting.";"La princesse Zelda t'attend.";
"姫様に、お目にかかれるなんて
うらやましいかぎりだ";"You get to meet with the princess 
face to face? I'm so jealous.";"Tu vas pouvoir aller voir Son Altesse.
Je t'envie.";
"インパ様がお待ちだぞ";"Lady Impa is waiting.";"Dame Impa t'attend.";
"インパ様は厳しいお方だ
急がれよ";"Lady Impa can be pretty stern. I'd
hurry up if I were you.";"Dame Impa est très à cheval sur
les horaires, tu ferais mieux de te
dépêcher.";
"姫様が会われたからといって
いい気になるんじゃないぞ！";"So was the princess looking as
lovely as usual today?";"C'est pas parce que tu as rencontré
Son Altesse que tu dois te la
raconter pour autant.";
"それにしても、一般人を通すとは
珍しいこともあるもんだなぁ";"It's quite rare for a villager to be
admitted to the castle.";"Ce n'est pas tous les jours qu'on
laisse passer des gens du peuple.";
"ハッ！

こちら異常ナシであります！

……何だお前、驚かすなよ
い、居眠りなんかしてないからな！";"Huh...?


Uh, nothing to report, sir!


Oh? It's just you. Don't startle me like
that! I'm not slacking, I swear!";"He... Hein ?! Rien à signaler !


Hé ! Mais ne me fais pas peur, comme
ça... Non, je ne suis pas en train de
tirer au flanc !";
"とうっ！

えいやっ！

とりゃっ！

しかし……
槍の訓練なんて、この平和な国で必要なのかな";"Hyagh!


Eee-ya!


Huurgh!


Can't help but wonder... What's the
point of all these drills when our
kingdom's always so quiet?";"Yah !


Ouah !


Hah !


Est-ce que c'est vraiment nécessaire
de s'entraîner à la lance alors que
notre royaume est si paisible ?";
"一般人を通すとは珍しい事もあるものだ……";"Lucky you. Not just anyone can go
into the castle.";"C'est rare que les gens du peuple
soient autorisés à entrer dans le
château...";
"うむ、お前の通報により城内に
対策本部が作られた
……まだ一部の者しか知らんがな";"Thanks to you, we're coming up with
a strategy for how to tackle the...
situation.
We've got to tie up some loose ends
first before we fill in all the soldiers.
But don't worry. We're on it.";"Depuis que tu es venu raconter ce qui
s'est passé, on a créé une brigade
spéciale, au château.
... Très peu de gens sont au courant,
pour le moment.";
"おっ、[PlayerName]じゃないか？
こんな朝早くにめずらしいな？
それで、城に何か用か？

兵士長どのに届け物？

まだお戻りではないぞ

親方のところに行くと言っていたから
まだお前んとこにいるとばかり……
……はは～ん
さてはまたシスターのところに……
まったく、変なラクガキ魔が出て
城は大変だって時に……
兵士長はきっと教会に
いらっしゃるはずだ
教会は城の裏側だ";"Morning, [PlayerName].


What brings you here so early?
Delivery for the captain?

He's not at the castle. I know he was
headed to your master's shop...
Oh, you bumped into him there?
Well, I know he was planning on
visiting the Sanctuary. He probably
got hung up there.
I hope he comes back soon. We've
had an outbreak of vandalism. All over
the walls—paintings everywhere!
Anyway, if you need to find him, I'd
say head north of the castle. That's
where the Sanctuary is.";"Ah, [PlayerName],
c'est toi ? C'est rare de te voir
debout aussi tôt !
Alors, qu'est-ce qui t'amène au
château ?

Tu as un paquet pour le capitaine
de la garde ?

Il n'est pas encore rentré.


Il a dit qu'il irait voir ton patron, mais
c'était il y a un moment déjà.

... Haha, je sais ! Il est encore allé voir
sœur Célès...

Le moment est vraiment mal choisi !
Le château est sens dessus dessous
à cause de ces étranges dessins...
Bref, tu devrais le trouver au
sanctuaire.

C'est le grand bâtiment derrière
le château.";
"そこを通っていくと近道だぞ";"Thataway is a shortcut.";"Passe par là, c'est un raccourci.";
"どうした？
教会の場所がわからないのか？
地図にちゃんと描いてあるだろ";"What, don't know where the Sanctuary
is? Should be marked on your map.";"Qu'y a-t-il ? Tu ne sais pas où se
trouve le sanctuaire ? Ça devrait être
indiqué sur ta carte, pourtant.";
"教会に行くには
そこから城の堀に沿って行くのが近道だ";"To get to the Sanctuary, head along
the castle's moat. That's the fastest
way there. It's north of the castle.";"Pour t'y rendre, le plus court est de
longer les douves du château.";
"何だ、お前は！

ここからは一般人は
立ち入り禁止だ！";"Whoa, hold your horses there! Not
just anyone gets into the palace.";"Hé, toi ! On ne passe pas !


L'accès est interdit aux gens
du peuple.";
"なに！？
絵にされた？
兵士長殿とシスターが？

それを姫様に伝えるために来ただと？

ぶははっ！

いくら姫様に会いたいからって
そのウソは無理があるだろ？
ウソをつくなら
もっとマシなウソをつくんだな";"You say the captain was turned into
WHAT now? A painting? And Seres
was too?
And Princess Zelda needs to know
right away, huh?

Waa-ha-ha! Look, I get you want to
see the princess, but that's a real
WHOPPER of a story there!";"Quoi ?! Le capitaine de la garde a été
transformé en portrait ?

Hein ? La sœur du sanctuaire aussi ?


Et tu es venu en informer la
princesse ?

Bouhahahahaha !


Je comprends que tu aies très envie
de rencontrer la princesse, mais c'est
pas comme ça que tu y arriveras !
Quitte à mentir, essaye au moins
d'inventer une histoire plus crédible !";
"何ですか？
騒々しい……";"My word! What in Hyrule is all the
shouting about, guard?";"Qu'est-ce donc que toute
cette agitation ?";
"インパ様！";"I'm sorry, Lady Impa!";"Dame Impa !";
"この者がゼルダ姫様に
会わせろとうるさくて";"But this lad here has a message for
Princess Zelda, and it's as far as
far-fetched gets!";"Ce garçon insiste pour voir la
princesse Zelda.
Il aurait un message pour elle.";
"ほう……姫様に？
して、何用かな？";"Is that so? What is this message?";"Oh... Pour la princesse ?
Et quel est donc ce message ?";
"え？
良いのですか？
インパ様！？";"You're taking this boy at his word,
Lady Impa?";"Comment ?
Vous allez l'écouter ?

Dame Impa... ?!";
"と……通ってよし！";"Hmm. That's that. Head on in.";"Tu... Tu peux passer !";
"どこへ行こうというのだ？
ここで待つように言われたはずだ";"Stay in here. Lady Impa said to wait.";"Où tu vas, toi ?
On t'a dit d'attendre ici.";
"シスターが絵に……？

城壁に描かれた兵士の絵と
何か関係があるかもしれんな";"Indeed? Seres was transformed into a
painting? But that's—! Well, frankly
it's beyond belief.
Then again, strange paintings are
popping up all over the castle. There
may be something to all this.";"La sœur du sanctuaire a été
transformée en tableau, dis-tu... ?

Étrange... Cela me fait penser aux
soldats peints sur l'enceinte du
château. Y aurait-il un rapport ?";
"……

いいでしょう、ついてきなさい

そなたが教会で見たことを
ゼルダ姫様にお伝えするのだ";"Hmm, yes. I wonder...


Quickly, come with me. You've got to
tell Princess Zelda what you saw at
the Sanctuary.";"...


Bien. Suis-moi.


Je veux que tu racontes à la princesse
Zelda ce que tu as vu au sanctuaire.";
"ここで待ちなさい";"Wait here while I announce you to
the princess. Feel free to take a
close look at our gallery here.";"Attends ici.";
"姫様がお会いになられる

こちらへ……";"Princess Zelda is ready to see you
now. Right this way, please.";"Jeune homme ! La princesse est prête
à te recevoir. Par ici, s'il te plaît.";
"";"
Painting I: The Golden Triforce

This gift from the gods, Hyrule's
greatest treasure, will grant the wish
of any mortal who touches it.
The Triforce once stoked greed in the
hearts of men. A legendary war was
fought to keep it out of evil hands.";"                     Chapitre 1
                 La Triforce d'or

Conférée par les Dieux, la Triforce
est la garante de la prospérité du
royaume d'Hyrule.
On raconte qu'elle exauce les vœux
de la personne qui la touche.

Poussés par la cupidité, certains
cherchèrent à se l'approprier et
plongèrent le royaume dans le conflit.";
"    [Flush]             　     第二章
　　　　 　『トライフォースの封印』
繰り返される争いを憂いた王家は
七人の賢者を集め
トライフォースを聖地に隠した。";"
Painting II: The Sealed Triforce

To end the war for the Triforce, the
royal family decided to hide it
in the Sacred Realm.
They summoned the Seven Sages of
legend, who used their power to
seal the Triforce away.";"                     Chapitre 2
           Le Sceau de la Triforce

La famille royale, affligée de ces
conflits perpétuels, rassembla
Sept Sages.
Ensemble, ils dissimulèrent la Triforce
en terre sacrée.";
"";"
Painting III: The Demon King

The Demon King Ganon was once just
a thief—until the man broke into
the Sacred Realm.
There he stole the Triforce and
transformed himself. Then he took
his evil campaign back to Hyrule.";"                     Chapitre 3
                        Ganon

Ganondorf, le célèbre voleur,
découvrit le lieu où reposait
la Triforce et s'en empara.
Devenu Ganon, le seigneur du mal,
il retourna son pouvoir contre le
royaume d'Hyrule.";
"";"
Painting IV: The Hero Awakens

A hero of legend arose from humble
beginnings, awoken to his purpose
by a princess of Hyrule.
With the Master Sword, the
blade of evil's bane, he sought the
descendants of the Seven Sages.
Together they defeated the Demon
King Ganon—and sealed him away
in darkness.";"                     Chapitre 4
                L'Éveil du Héros

On dit que le Héros s'éveilla, guidé
par la princesse.

Il s'empara de la lame purificatrice,
l'épée de légende, et scella Ganon
avec l'aide des Sept Sages.";
"";"
Painting V: The Triforce, Split Apart

The Triforce was split into three
pieces, separated forever. One piece
remains with the royal family.
Another piece has fallen into the
hands of Ganon, sealed away with him.

The third piece of the Triforce has
vanished, though legend says it is
hidden in the spirit of a true hero.
It slumbers now somewhere in
Hyrule—waiting for the time when the
world needs a new hero.";"                     Chapitre 5
             La Triforce endormie

Après que le Héros eut vaincu Ganon,
la Triforce se brisa en trois fragments
et sombra dans un profond sommeil.
Un fragment demeura avec Ganon...


... un autre avec la famille royale...


... et le dernier dans l'âme du Héros.


Aujourd'hui encore, cette légende
est transmise en Hyrule, de
génération en génération.";
"ようこそハイラル城へ

あ、あなたは……

失礼ですが、お名前を……";"I bid you fondest welcome to
Hyrule Castle, stranger.

I hear you have something to—?
Wait... It's you...!

Forgive me, but might I ask your
name?";"Bienvenue au château d'Hyrule.


Oh, vous... Vous êtes...


Veuillez pardonner mon impolitesse,
mais j'aimerais connaître votre nom...";
"[PlayerName]様……と
おっしゃるんですね
最近、あなたにそっくりな方がとても邪悪な
存在と戦って苦しんでいる夢を見るのです";"Ah, while your name is unfamiliar to
me, [PlayerName]...

I've seen your face in my dreams of
late. For I've dreamt of a hero locked
in battle with a terrible evil.";"Messire [PlayerName]...
C'est ça ?

Ces derniers temps, je rêve d'une
personne qui vous ressemble, luttant
contre un être d'une extrême noirceur.";
"あなたも、同じ夢を？
不思議なこと……
[PlayerName]様……

あなたが今、ここにいらっしゃるのも
何かのお導きかも知れません
教会で起こったという出来事を
どうぞ、お聞かせください";"What, you've had the same dream,
[PlayerName]?

Surely fate has sent you here! Please
then, tell me what you saw at the
Sanctuary.";"Vous faites le même rêve ?
Comme cela est étrange...

Messire [PlayerName]...


C'est peut-être le destin qui vous
a mené ici.

Je vous en prie, racontez-moi ce qui
s'est passé au sanctuaire.";
"シスターが絵に……！？
兵士長殿まで……";"Seres has been transformed into a
painting? The captain as well?";"La sœur du sanctuaire a été
transformée en tableau... ?!
Ainsi que le capitaine de la garde...";
"何でしょう？
この胸騒ぎ……
とても強い邪悪な力を感じます";"I sense a terrible darkness behind
these events...";"J'ai... J'ai un mauvais pressentiment...


Je ressens un pouvoir maléfique
très puissant.";
"インパ……

何か良くないことが
起こっているようですね……";"Oh, Impa, I fear that evil is awakening
once more in our fair land...";"Impa...


J'ai le sentiment qu'un événement
terrible va se produire...";
"姫様……

ここはサハスラーラ殿の
お力を借りてはいかがです？
あのお方は、このあたりでは一番の長老
何かご存知かもしれません";"Fret not, Princess. I'd advise that we
consult Sahasrahla for help.

The elder's knowledge of the past...
Well, it's more than vast.";"Princesse...


Peut-être serait-il bon de demander
l'aide de maître Sahasrahla ?

C'est notre doyen. Il se peut qu'il
sache quelque chose.";
"そうですね

[PlayerName]様……";"Yes, of course. That's just where to
start. So, [PlayerName]...";"En effet.


Messire [PlayerName]...";
"カカリコ村にいらっしゃる
サハスラーラ様は
あなたもご存じですよね？";"Would you please find Sahasrahla?
The elder should be at home in
Kakariko Village.";"Messire Sahasrahla vit au village
Cocorico.

Vous le connaissez, n'est-ce pas ?";
"あの方なら、きっと
お力になって下さるでしょう！";"I am certain he will be able to help!";"Je suis sûre qu'il pourra nous être
d'un grand secours !";
"インパ
どうやら時がやって来たようです
私が大切に引き継いできた
このおまもり……
お渡しするべき方が現れました";"Now, there's just one more thing.


I would like to send you off with
my most treasured possession.";"Impa.
Il semblerait que le moment soit venu.

L'amulette qui m'a été transmise...


J'ai trouvé la personne à qui je dois
la remettre.";
"[PlayerName]様
あなたに、これを授けましょう";"It's a rather special charm.";"Messire [PlayerName].
Je voudrais vous confier ceci.";
"姫様！
良いのですか！？
それは代々、王家が守ってきた……";"Are you sure about this, Princess?
The royal family has kept that safe
for untold generations!";"Princesse ! En êtes-vous sûre ?


Votre famille veille sur cet objet
depuis des générations...";
"良いのです";"Quite sure, Lady Impa.";"Oui, j'en suis sûre.";
"これは、いつも私が肌身はなさず
身に着けていたおまもりです
私は、これをお渡しできる方が
現れるのを待っておりました
近いうちに、きっと必要になるでしょう
その時まで大切にお持ちください";"This has been in my safekeeping since
the day I was born. Now I will entrust
it to you.
Please take good care of this charm.
You will have need of it soon,
[PlayerName].";"Cette amulette ne m'a jamais quittée.


J'attendais de trouver la personne à
qui le destin voulait que je la confie.

Je pense que vous en aurez bientôt
besoin. Jusque-là, gardez-la
précieusement avec vous.";
"姫様は何かを感じられたゆえ
そのおまもりを授けられた
そのお心に報いるのだぞ
[PlayerName]";"The princess gave you that charm
because she sensed something in
you, [PlayerName].
Don't let her down.";"La princesse t'a remis son amulette
parce qu'elle a vu quelque chose de
spécial en toi.
Ne la déçois pas, [PlayerName].";
"サハスラーラ様に、あなたが見たことを
そのままお伝えください";"Please, tell Sahasrahla everything
that you saw.";"J'aimerais que vous racontiez à
messire Sahasrahla ce que vous
avez vu au sanctuaire.";
"まあ！
アスファル様の身に危険が！？
何だか胸騒ぎがしますわ

[PlayerName]様……
私からもお願いいたします
アスファル様の元にお急ぎください";"Oh? You say that now Osfala is in
danger? Then please, in all haste,
[PlayerName]...
Please find Osfala!";"Comment ?
Messire Asphar est en danger ?!

J'ai un mauvais pressentiment...


Messire [PlayerName].
Je vous en prie...

Rejoignez messire Asphar au plus vite.";
"こ、これはっ！";"Wh-what is going on here?!";"Qu... Qu'est-ce que... ?!";
"くっ……なんと、強力な結界なんじゃ！
これでは近づけん！！
じゃが、中にはまだゼルダ姫様と
インパ殿がいるはず
どうにかしなければ……";"That barrier! I've never seen such
magic! I daren't approach it.

But we must break through somehow.
Princess Zelda and Lady Impa are
trapped inside the castle!";"Aah... Il s'agit d'une barrière
extrêmement puissante...
Impossible d'approcher !
Mais la princesse Zelda et dame Impa
sont prisonnières à l'intérieur...

Nous devons trouver un moyen
d'entrer !";
"よく聞くんじゃ
[PlayerName]よ
ここまでのことは、全て過去の
忌まわしい伝説になぞられておる
伝説では、魔の手に落ちた城を解放したのは
退魔の剣マスターソード
その剣は、三つの証を手にした勇者のみが
持つことを許されたと言う
じゃがその証の一つは、ゼルダ姫様の
おそばにあると聞いておる……";"Listen well, [PlayerName].
We must turn again to the legend
of old for our solution.
These abominable events are an echo
of what happened all those years ago.

Then, when the castle was in the grip
of evil, the hero of that day found
the Master Sword.
The hero first had to claim the three
Pendants of Virtue to prove himself
worthy of the blade.
But there we are already thwarted.
For one of those pendants is INSIDE
the castle with Princess Zelda!";"Écoute bien, [PlayerName].


Les troubles récents coïncident
avec les événements dont parlent
les légendes anciennes.
D'après celles-ci, l'épée de légende
peut libérer le château tombé face aux
forces du mal.
Mais seul le Héros qui a obtenu les
trois pendentifs est digne de porter
l'épée.
Malheureusement, j'ai entendu dire
que la princesse Zelda détenait un
des pendentifs...";
"ぬぅ、ここまでか……";"Oh, what a quandary. We need her
pendant, but there's no way to get it.";"Hmpf... Nous sommes bloqués...";
"む？

……むむむ！？";"Wh-what's that?";"Mais ?



	　... M-m-mais ?!";
"もしや、それはっ！
勇気の紋章！
な、な、なぜ お前が持っておるのじゃ！？";"It can't be! You're wearing—! That's
the Pendant of Courage!

What in Hyrule are you doing with it,
[PlayerName]?";"Serait-ce le... le pendentif du
courage ?!

Co-comment est-il entré en ta
possession ?!";
"ふむ、これをおまもりにとな……";"She gave it to you? A special charm?";"Hmm... La princesse t'a dit que c'était
son amulette...";
"姫様が、勇気の紋章を
お前に託したということは……
お前が伝説の勇者を継いで
マスターソードを持つ者になるであろうことを
予見しておられたということじゃ！";"How right she was. She must have
sensed the evil in Hyrule—and the
rise of a new hero to meet it.
So is it you? It must be. Why else
would the princess have given you
the Pendant of Courage?
She knew you would need to get the
Master Sword!";"Si la princesse t'a donné le pendentif
du courage...

... cela signifie qu'elle a vu en toi
le digne successeur du Héros de la
légende...
... celui qui doit obtenir l'épée de
légende !";
"うむ、[PlayerName]！

残り二つの証は風の館とヘラの塔に
それぞれ安置されておるはず
地図に印をつけておいた
それを頼りに残り二つの証を探し出すのじゃ！";"Well then, my young hero, you've got
quite a quest ahead of you. You
have to find the other two pendants.
One pendant has been enshrined
in the House of Gales.

And the other pendant, in the
Tower of Hera.

I will mark those spots on your map,
[PlayerName].";"Bien, [PlayerName] !


Les deux autres pendentifs devraient
se trouver dans la demeure des vents
et dans la tour d'Héra.
J'ai ajouté des balises sur ta carte.
Sers-t'en pour trouver les deux
pendentifs restants !";
"じゃが、お前もちょっと一息入れたいじゃろ？
ここらでセーブしておくか？[ChoiceN]";"But first, it seems prudent to save
before taking up such a quest. Care
to do that, young hero?[ChoiceN]";"Mais j'imagine que tu veux d'abord
te reposer. Et si tu sauvegardais ta
progression ?[ChoiceN]";
"はい";"Yes";"D'accord.";
"いいえ";"No";"Pas besoin.";
"何と……お前がそう言うなら別に構わんが
あまり無理をするでないぞ";"Well...it was just a thought. It's the
wisdom of the ages to save every
now and then.";"Très bien... Dans ce cas-là, je n'insiste
pas, mais tu ferais mieux de ne pas
trop forcer.";
"ワシは、家にある古文書をひも解き
残る賢者の末裔の所在を調べよう
頼んだぞ、[PlayerName]！";"I shall head home to search my
library for clues to who the other
Seven Sages of our day might be.
So for now, it's all up to you,
[PlayerName]!";"Je vais étudier les anciens textes
que j'ai chez moi et trouver les
autres descendants des Sages.
Je compte sur toi,
[PlayerName] !";
"おおっ！
それはまさしくマスターソード！
その退魔の剣なら
この結界も打ち破れるはず……
[PlayerName]よ、時間が無い！
さあ、この忌々しい結界を切り捨てるのじゃ！";"Aha! No doubt—that is the very blade
of evil's bane. You have found the
Master Sword!
Well done, [PlayerName].


Now there's no time to waste. Strike
down this nefarious barrier!";"Oooh ! Mais c'est l'épée de légende !


Grâce à sa lame purificatrice, tu
pourras briser cette barrière.

Il n'y a pas une minute à perdre,
[PlayerName] !
Détruis-moi cette maudite barrière !";
"[PlayerName]よ、時間が無い！
この忌々しい結界を切り捨てるのじゃ！";"Please now, [PlayerName]!
Time is of the essence! Strike this
evil barrier with your blade!";"Il n'y a pas une minute à perdre,
[PlayerName] !
Détruis-moi cette maudite barrière !";
"見事じゃ、[PlayerName]！！

この強力な結界を簡単に打ち破るとは！
じゃが、これで安心するのはまだ早い
お前はすぐ、姫様のもとへ向かわねばならん！
どうじゃ、今ここでセーブしておくか？[ChoiceN]";"Why, that's incredible! How easily it
cuts through such dark magic!

Come now, to action! You must find
Princess Zelda at once.

But it seems wise before such a
fateful moment to save. Shall I do
that for you now?[ChoiceN]";"C'est prodigieux,
[PlayerName] !

Tu as détruit cette barrière avec une
telle facilité ! Mais nous ne devons
pas crier victoire trop tôt.
Tu dois vite retrouver la princesse !
Veux-tu sauvegarder ta progression
avant d'y aller ?[ChoiceN]";
"はい";"Yes";"D'accord.";
"いいえ";"No";"Pas besoin.";
"さあ、急いで姫様のもとへ向かってくれ！
頼んだぞ[PlayerName]！";"Then please, in all haste, rescue the
princess, [PlayerName]!";"Allez, dépêche-toi ! Va retrouver
la princesse ! Je compte sur toi,
[PlayerName] !";
"ユガが次に狙うと言った
ゼルダ姫様も心配じゃが……
実は、インパ殿も
七賢者の末裔なんじゃ
ユガのたくらみは、このハイラル城で
断固、食い止めねばならん！
頼んだぞ！
[PlayerName]！";"Yuga said he was going after the
princess, didn't he? And he'll surely
go after Lady Impa too.
Then he'll have yet another Sage.
So head into Hyrule Castle and
put a stop to this tragedy!";"Yuga a dit que sa prochaine cible
serait la princesse Zelda...
C'est très inquiétant...
De plus, dame Impa est elle aussi la
descendante d'un des Sages !

Il faut absolument empêcher Yuga
de mettre son plan à exécution au
château d'Hyrule !
Je compte sur toi, [PlayerName] !";
"さあ、[PlayerName]様……
一緒にトライフォースに触れましょう
私たちの願いは同じ……ですね？";"All right. Let's touch the Triforce at
the same time.

We both have the same wish, right,
[PlayerName]?";"Messire [PlayerName]...
Nous allons toucher la Triforce en
même temps.
Nous souhaitons faire le même vœu...
n'est-ce pas ?";
"ありがとう……[PlayerName]
ありがとう……ゼルダ";"Thank you, [PlayerName].


And thank you, Zelda.";"Merci, [PlayerName]...
Merci, Zelda...";
"槍を持った兵士の絵が描かれている
強そうだ……！";"It's a painting of a knight with a spear.
He looks really burly!";"Un soldat armé d'une lance est peint
sur le mur. Il a l'air fort... !";
"何だか落書きが増えたような……
気のせいだろうか？";"It's another painting. It wasn't here
earlier. They must be spreading!";"Le nombre de graffitis a augmenté !
Quand est-ce qu'ils sont apparus ?";
"ハイラルの兵士より強そうに見える";"It's another painting, and he looks
way tougher than Hyrule soldiers!";"Il a l'air plus fort que les soldats
d'Hyrule.";
"迫力のある落書きだ！";"It's a painting of a knight. He looks
pretty intense.";"Quelle puissance dans ce graffiti !";
"おっ！
お前の地図は、まだ新しいな
俺のはピンの立てすぎで穴だらけだよ……

ピンで目印つけとかないと
すぐ忘れちゃうんだよなー";"Look at your map, so new and clean.


Mine's had so many pins stuck in it
over the years, now it's full of holes.

But I'm such a scatterbrain that I
forget where I'm going unless I use
a pin to mark it!";"Oh ! Elle est toute neuve, ta carte ! La
mienne est criblée de trous à cause de
toutes les épingles que j'ai utilisées...
Mais je suis bien obligé... J'ai une
mémoire de poisson rouge !";
"槍って重いんだよなぁ……
俺も剣がいいよ……";"Ugh, this spear is so heavy, it's 
doing my back in. I wish I had a 
sword, like you...";"Pfff... Elle est lourde, cette lance...
J'aimerais bien avoir une épée, moi
aussi...";
"オッホン、 歴史を知らずして
ハイラルの民とは言えぬぞ
この絵を見て君も勉強したまえ！

足元にあるの数が
歴史の流れの順番を示しておる
実は、ここに語られている七賢者の血は
ここハイラルの地に引き継がれておるのだ
そして、何を隠そうインパ様も
この七賢者の血を引く、お一人であらせられる";"The paintings here are spectacular.
But they also tell of our legendary
past—and of the Seven Sages.
Look at the  symbols on the floor
to tell the order of events.

The descendants of the Seven Sages
live among us today. It's no secret
that Lady Impa is one of them!";"Hum... Ces Hyliens qui ne connaissent
rien à l'Histoire...

Regarde ces tableaux et apprends,
mon garçon !

Suis les symboles au sol pour
découvrir les tableaux dans l'ordre.

Tu sais, les descendants des Sept
Sages représentés sur ces toiles
vivent toujours en Hyrule.
Et pour ne rien te cacher, dame Impa
descend elle-même d'un Sage.";
"おお、[PlayerName]！
神殿の中におったのか！
して、アスファルには会えたのか？";"Ah, my lad! You've finally found your
way back out of the Eastern Palace!

But what of Osfala?";"Oh, [PlayerName] !
Tu étais dans le palais !

Alors ? Tu as vu Asphar ?";
"そうか……

アスファルまで
絵にされてしまったか……";"No...! Yuga has taken Osfala too?";"Comment ?! Il l'a aussi transformé
en portrait ?";
"ぬぅ……これで二人目というわけか……";"Worse still, he now has two
of our Sages!";"Il a donc déjà deux Sages en son
pouvoir...";
"何じゃと！
ヤツは「次はゼルダ姫」と言ったのか！
い、いかん！
姫様をお守りせねば！";"And that fiend said he was going
after Princess Zelda next? We
mustn't let that happen!";"Que dis-tu ?! Sa prochaine cible est la
princesse Zelda ?

Nous devons l'en empêcher !
Il faut protéger la princesse !";
"な、何じゃ？
今のは！？";"My word! What was THAT?!";"Qu... Qu'est-ce que c'est ?
D'où venait cette secousse ?";
"いかん！
一足遅かったか……
[PlayerName]！
ハイラル城に急ぐぞ！";"Are we too late? Something dire is
happening at Hyrule Castle!
There's no time to waste!";"Non ! Serait-il déjà trop tard... ?


Vite, [PlayerName] !
Retournons au château !";
"矢デ 2カショヲ　イレバ……";"Let's see here...oh yes! You'll need to
let two arrows fly here...";"Plante tes flèches en deux endroits...";
"お困りの方は 私をお訪ねください
お城の南のお家で待ってます
旅の商人 ラヴィオ";"Hey! Are you the adventuring type?
Then have I got the ITEMS for you!
Visit me south of the castle! -Ravio";"Si vous avez un problème, venez me
voir. Je vous attends dans la maison
au sud du château.
Lavio, marchand ambulant";
"だ、誰だ！";"You, stop where you are! What are
you doing here at the Eastern Palace?";"Qui... Qui est là ?!";
"なんだ、かじ屋さんとこの見習い君か
ビックリさせないでくれよ
なんでキミが
こんなところにいるんだよ";"Oh, my apologies. I thought you were
someone I'm looking for. Aren't you
[PlayerName]?
You're the blacksmith's apprentice,
right? But what brings you all the
way to the Eastern Palace?";"Ah, mais ce n'est que l'apprenti de
la forge... Si tu pouvais éviter de
me surprendre comme ça...
Qu'est-ce que tu fais ici ?";
"教会でそんなことが……";"Vile deeds at the Sanctuary?";"C'est horrible, ce qu'il s'est passé
au sanctuaire...";
"それで僕を連れ戻しに来たって？";"My master sent you to fetch me
back to safety?";"Tu es venu pour me ramener ?";
"ハーッハッハッハ……";"Wah-haha!";"Hahahaha...";
"そのユガって男……
興味あるねえ
それにしても、サハスラーラ様も
心配性だなぁ
僕を誰だと思ってるの？
あの七賢者の血を引くアスファル様だよ";"This Yuga you speak of... Surely he's
cause for grave concern.

But why should Sahasrahla be worried
about me? I'm a descendant of the
original Seven Sages.
I'm just as powerful as they were.";"Ce Yuga...
Il m'intrigue.

Maître Sahasrahla s'inquiète
pour rien.

Il me sous-estime !
Je suis quand même le descendant
d'un des Sept Sages !";
"それに、このサンドロッドがあれば
僕は無敵さ！";"I even got myself a Sand Rod, so I'm
more or less invincible. Bold talk, you
might say, but it's simply the truth.";"En plus, rien ne pourra m'arriver tant
que j'aurai cette baguette des sables !";
"必ずそいつの正体を掴んで戻るから
じゃっ！";"I'll get to the bottom of all this Yuga
nonsense. Now, farewell to you,
[PlayerName].";"Je rentrerai dès que j'aurai découvert
qui il est.
Allez, à plus tard !";
"かじ屋";"Blacksmith";"Forge";
"お前、マスターストーンを
2つ持ってるじゃねえか！
その剣、俺が鍛えてやろうか？[ChoiceN]";"Hey there. You have two pieces of
Master Ore, don't you?

How about I temper that sword?[ChoiceN]";"Tu as bien deux morceaux de
roche de légende, non ?

Tu veux que j'améliore ton épée ?[ChoiceN]";
"お願いします！";"Sure";"S'il te plaît !";
"やめときます";"Not now";"Non, merci.";
"何でぇ……とっとと鍛えた方が
お前も楽になるってのによぉ
まぁ構わねぇが……";"WHAT? Come on—a tempered sword
is a BETTER sword. Well, all right.
Suit yourself.";"Ben pourquoi... ? Si je l'améliore,
ça te facilitera la vie.

Enfin, c'est toi qui vois...";
"じゃあ、始めるとするか！";"Right, let's get started.";"Allez, on y va !";
"よっしゃー！
腕が鳴るぜ！！";"Can't wait to see how this beauty's
going to turn out!";"C'est parti !
Tu vas voir de quoi je suis capable !";
"よし、ちょっと待ってろよ！";"One moment.";"Bien, attends un peu !";
"どうでえ、この俺でも
これほどの剣はもう二度とできねえかもな
俺はよ、こんなことしか
してやれねぇけどよ……
お前のしなきゃなんねぇ事に
少しは役に立てたんじゃねぇか？";"Hmm. Impressive, if I say so myself.
I doubt I'll ever temper a blade so fine
again in my life.
I know there are lots of things you've
gotta do. Maybe this will help you
out some?";"Alors, comment tu la trouves ?
C'est mon chef-d'œuvre ! Je ne ferai
jamais mieux de ma vie, ça c'est sûr.
Je sais que t'as pas mal de trucs à
faire, en ce moment, alors j'espère
qu'elle te facilitera un peu la vie.";
"かわりと言っちゃなんだがよ……

グリを……
グリを探してやってくんねえか……？";"I'm not asking for payment or
anything but...

Do you think...you could find Gulley?";"Pas besoin de me payer, hein.
Par contre, euh...

Guly...
... Tu crois que t'arriverais à
le retrouver ?";
"おやっさん……さて
俺も、そろそろ仕事に戻るかな";"Well, I guess I should get back to
work too.";"Patron... Il faut que je me remette
au travail.";
"その剣は、俺の最高傑作だ！
しっかり使いこなせよ！！";"That blade is a masterpiece. Don't let
that good sword go to waste.";"Cette épée est mon plus grand
chef-d'œuvre ! Utilise-la à bon
escient !";
"お前……その剣、どこで……

いや、話さなくていい！

お前の顔見たら、何が起こってるのか
おおかた見当はつくぜ！
協力してやりてぇけどよ
俺にできることなんざ……
いや、あった！
俺にもできることがあるぜ！
お前のその剣
そいつは、まだ鋭さがたりねえ！
そいつを鍛えたかったら
マスターストーンって石が2つあれば
俺がギンギンに鋭い剣にしてやるぜ！

ただ、マスターストーンは
滅多にお目にかかれない、貴重な石だ
手に入れられたらの話だけどな";"That sword! Where did you...?


Ah, I understand. I can tell just by
the look of you. So, just know I'll
do anything to help.
Not there's much that I... Wait, I know
exactly what I can do. That sword's
sharp, but I can sharpen it up MORE.
I'll temper it for you if you bring me
two chunks of Master Ore.

The only thing is that Master Ore is
extremely rare. It's not going to be
easy finding some.";"Oh, mais... ! Cette épée !
Où l'as-tu...

Non, ne me dis rien.


Je crois que j'ai compris, va.
T'as un regard qui en dit long.

Si je peux t'aider pour quoi que
ce soit, tu peux compter sur moi.
Même si je vois pas trop ce que...
Ah, attends une seconde ! Je sais !
Ton épée, là, elle est belle, mais on
dirait qu'elle manque de tranchant.
Je peux te l'améliorer, si tu veux.
J'aurais juste besoin de deux
morceaux de roche de légende.
Le problème, c'est que ça court
pas les rues, ce genre de minerai...
On n'en voit pratiquement jamais.
Ça va pas être facile d'en dénicher.";
"マスターストーンは見つけられそうか？

そいつが2つありゃあ、お前の剣を
ギンギンに鋭くしてやるからよお
見つけたら持ってきな！";"If you find two chunks of Master Ore,
I'll temper that sword of yours. Its
blade will be even better.";"Tu crois que tu peux trouver de la
roche de légende ?

Avec deux morceaux, je pourrai
t'améliorer ton épée aux petits
oignons.
Alors si tu en trouves, reviens me
voir !";
"お前が持ってるやつ
それってマスターストーンだよな？
そんな貴重なもん
どこで手に入れたんだ？
そいつがもう1つありゃ、お前のその剣を
ギンギンの鋭い剣にしてやれるんだけどな";"Hey, did you find yourself a piece of
Master Ore? How'd you manage that?

If you had one more piece, I could
temper your sword. Its blade would
be even MORE incredible.";"Mais c'est de la roche de légende
que tu as là !

Où tu l'as trouvée ?


Si tu m'en ramènes un autre morceau,
je vais pouvoir améliorer ton épée.";
"お前の剣を鍛えるには
もう1つマスターストーンがいるんだ
どっかで見つけたら
真っ先に俺んとこに持ってきな
お前の剣を、ギンギンにしてやるからよぉ！";"I'll need another chunk of Master Ore
to temper your sword.

If you ever happen upon one, you
bring it straight here, understood?
I'll make your blade sing.";"J'ai besoin d'un autre morceau de
roche de légende pour améliorer
ton épée, gamin.
Si jamais t'en trouves une, ramène-la
moi tout de suite, d'accord ? Je te
garantis que tu le regretteras pas !";
"その剣は俺の最高傑作だ！
これ以上は、もう鍛えようがねぇよ
ただ……万が一、俺より腕のいいヤツが
もし、いたとすれば別だけどな
まぁ、そんなヤツこの世には
いねぇだろうけどよ";"That sword is my masterpiece! That
blade couldn't get any sharper.
No way, no how.
Well, maybe if there was someone
better at this than me. But I'm the
best blacksmith in the world.
So that's that.";"Cette épée est mon plus grand
chef-d'œuvre ! Elle ne peut pas
être améliorée davantage.
À moins, évidemment qu'il y ait par le
plus grand des hasards un forgeron
encore plus doué que moi.
Mais je doute franchement qu'on
puisse en trouver un dans ce monde.";
"お、おい、[PlayerName]
お前、その剣どうしたんだ！？";"WHAT?! YOUR SWORD!


What happened to that blade,
[PlayerName]?!";"Hé... Hé, [PlayerName] !
Qu'est-ce qui est arrivé à ton épée ?!";
"この輝き……鋭さ……
か、完敗だ……
俺も、まだまだだってことだな

その剣があれば、きっとお前は
誰にも負けやしねぇよ！
ハイラルがおかしくなってるの
お前が何とかするんだろ？
言わなくてもわかってるよ！

今のお前は、本当に伝説の勇者そのものだよ！

がんばりな
[PlayerName]！";"I've never seen the like! That blade
looks like it could cut through just
about anything!
I could never make such a blade.
Not in my wildest dreams.

You'll be unstoppable with that sword,
and I know you'll set things right here
in Hyrule.
You're the spitting image of the hero
of legend!

Good luck, [PlayerName]!";"Cet éclat... Ce tranchant...
Je... Je suis battu...

Je crois que j'ai encore des progrès
à faire.

Je suis sûr qu'avec cette épée,
personne ne pourra te résister !

J'espère vraiment que tu pourras
ramener la paix en Hyrule... Non,
à vrai dire, j'en suis sûr !
Tu es le portrait vivant du Héros
de la légende, [PlayerName].
Je te souhaite bonne chance !";
"世の中広いもんだな……
まさか、そんなスゴ腕のヤツがいるとは……
へっ、俺も負けちゃいられねぇな";"Hmm. So the master blacksmith is
humbled by another's work? I've
gotta say that feels...
well, pretty great, actually.


Gives me something to shoot for.
Yeah, I'm not going to try to be as
good as whoever did that for you.
Someday I'm gonna be better.";"La vie est pleine de surprises...
J'aurais jamais cru que quelqu'un
d'aussi talentueux existe...
Bien, je vais tout faire pour devenir
le meilleur !";
"どうだい、兵士長";"All right. So tell me, how's that
shield suit you, Captain?";"Vous êtes satisfait, Capitaine ?";
"おおっ！
これは、すばらしい！
古かった盾が
まるで新品のようだ！
さすが、親方！
匠の技とは、このことですな";"Superb work as always. But I'd expect
nothing less from a master.";"Oui ! C'est du très bon travail !


Mon vieux bouclier a retrouvé tout
son lustre d'antan !

C'est du travail d'expert.";
"だろ？

ちょうどいい鉱石が手に入ったから
ちょいと補強もしといたぜ";"I do what I can, Captain. Also helps
that I have a good source of ore. That
shield's tougher than ever now.";"Héhé !


Comme j'avais justement du minerai
en stock, je me suis permis de le
consolider.";
"おお、それはありがたい
やっぱり親方に頼んで正解でした
次もぜひとも、お願いしたいものですな";"I wouldn't trust my gear with anyone
else. No one can bring the best out
of a sword quite like you.
So, if you'll excuse me, it's time that
I forge ahead. Busy day.";"C'est très aimable de votre part.
J'ai vraiment bien fait de faire
appel à vous.
Je reviendrai, soyez-en sûr.";
"なんだ、[PlayerName]！
見習いなのに、また寝坊か？
はは……そんなことじゃ親方みたいな
立派なかじ職人にはなれないぞ！";"Oh, who's this? Well, well! If it isn't
[PlayerName].

Slept late again? You sure you're
cut out to be a blacksmith?

It's not my business to say, but you'd
better mend your ways, lad. There's
no future in being a layabout.";"Tiens, [PlayerName] !
On traîne au lit, jeune apprenti ?

Haha ! Ce n'est pas comme ça que tu
deviendras un grand forgeron comme
ton maître !";
"コラッ！
[PlayerName]！！[Flush][Vibrate]";"Late again?![Flush][Vibrate]";"
	　DIS DONC !

[PlayerName] !!![Vibrate]";
"お前って奴は何度言ったらわかるんだ！
今日という今日は許さんからな！
ちょっとコッチこい！";"Well, come on, get over here. Time to
get to work, [PlayerName]!";"Combien de fois il faudra que je te le
répète ?! Cette fois-ci, ça suffit, tu
ne t'en tireras pas comme ça !
Viens par ici !";
"アラ～ッ！！";"Oh my!";"[Flush]
                 Regardez !!!";
"兵士長さん、剣を忘れて行っちゃったわ";"The captain left without taking his
new sword.";"Le capitaine a oublié son épée.";
"あっ！

兵士の命ともいえる剣を忘れていくなんて
あの人もウッカリしてんなぁ";"What?!


He's gone off unarmed?";"
		 Ah !

Mais un soldat n'est rien sans son
épée ! Il est vraiment distrait...";
"[PlayerName]！
お説教はあとまわしだ！";"Lucky you. Instead of getting an
earful, you've got an errand,
[PlayerName].";"[PlayerName] !
Tu auras droit à ton sermon plus tard.";
"この剣を持って
急いで兵士長を追いかけるんだ！";"Take that sword and hurry after the
captain.";"Prends cette épée et rattrape vite
le capitaine de la garde !";
"今なら急げば追いつくだろう

何？
どこに行けばいい……だと？
兵士長が戻るところって言えば
ハイラル城しかないだろ！
お前、まだ寝ぼけてんのか？";"Hurry—run after the captain. What
now? Don't know where to go?

Where else? He's got to be headed
back to Hyrule Castle!

You still groggy?";"Dépêche-toi, tu peux encore le
rattraper.

Comment ? Tu ne sais pas où tu dois
aller ? Réfléchis un peu !

Où est parti le capitaine, à ton
avis ? Mais au château d'Hyrule,
évidemment !
Oh ! Réveille-toi un peu !";
"地図に印をつけてやったから
早く行って来いっ！！";"Fine, look, I marked it on your map, so
get a move on!";"Je t'ai indiqué l'endroit sur ta carte
alors file ! Et plus vite que ça !";
"コラッ！
お前まで剣を忘れてどうするんだ！";"Come on, get with it! Take the sword!";"Hé ! Si toi aussi t'oublies l'épée,
on va pas s'en sortir !";
"俺が気合を込めて鍛えた剣だ
兵士長に渡すまで、落としたりするなよ！";"I put a lot of work into that sword.
Get it to the captain, and make darn
sure there's not a scratch on it!";"J'ai mis toute mon énergie à améliorer
cette épée. Ne la perds pas et remets-
la au capitaine en mains propres !";
"おう、[PlayerName]
兵士長に、ちゃんと剣は渡せたのか？
……えっ？！
兵士長とシスターが絵にされた？
なんだそりゃ？
お前、まだ寝ぼけてんのか？
いいかげんにしねぇと、本当に……

まあいいや、それよりグリを見なかったか？

この辺りで変な生き物を見たって人がいてな
かあちゃん、急に心配になったらしいんだ
ああ見えても、あいつは俺の息子だ！
心配なんて必要ねえってのにな";"Hey! You get that sword to the
captain yet, [PlayerName]?

What? He and Seres were turned into
paintings?! You still asleep and
dreaming or something?
Get it together!


Well, whatever. I've got something
else on my mind. Have you seen
Gulley anywhere?
Reason I ask is that people have been
seeing monsters around here.

Gulley's a chip off the ol' block, so
I'm not all that concerned. But the
wife is. So, I'm worried for HER.";"Salut, [PlayerName] !
Alors, t'as rendu son épée au
capitaine ?
Comment ça, il a été transformé
en portrait ? Et sœur Célès aussi ?
J'y comprends rien, à ton histoire.
Reprends tes esprits, tu veux ?
Il serait vraiment temps que tu
te réveilles, mon garçon !
Bah, laisse tomber. Dis-moi plutôt,
t'aurais pas vu Guly ?

Y a des gens qu'auraient aperçu des
créatures bizarres dans le coin, alors
maman se fait un sang d'encre.
Mais bon, c'est mon fils, quand
même ! Y a pas de souci à se faire
pour lui.";
"グリはそのうち帰ってくるさ

それより、お前は早くその剣を
兵士長に渡してこい！
つべこべ言ってたら、日が暮れちまうぞ";"Yeah, there's no reason to worry
about Gulley. He's just out playing,
that's all. I'm sure he'll be back soon.
But you! Don't just stand there.
Get that sword to the captain.
We don't have all day!";"Guly sera bientôt de retour,
pas la peine de s'inquiéter.

Et toi, reste pas planté là ! Tu vas lui
rendre son épée, au capitaine, oui ou
non ? Allez hop, et que ça saute !";
"説教は戻ってきてからだ！
それよりも、早く兵士長を追いかけるんだ！";"Don't think you're off the hook for
showing up late either. For now, just
hurry after the captain.";"Je te ferai un sermon quand tu seras
revenu ! Pour l'instant, rattrape vite
le capitaine de la garde !";
"おう、[PlayerName]
お前、いつまでほっつき歩いてんだ！
早く仕事を……
えっ？
サハスラーラ様……って
あのカカリコ村の？
ゼルダ姫様……って
おい、お前！ゼルダ姫様に会ったのか？
なんとも信じがたい話だけどよ……
作り話にしちゃあ、できすぎだ
俺は頭悪いから
よくわからねぇけどよ……
男ってやつは、乗りかかった船は
最後まで降りちゃ、なんねぇもんだ
仕事のことは気にしなくていい
お前は、やれるとこまで頑張ってみな！
あっ、でもよ、グリのやつに会ったらよ
早く家に帰れって、言ってやってくれねぇか？
いや、心配してるわけじゃねえんだけどよ
かあちゃんが……なっ
アイツは昔から
動物に好かれる、不思議な子だから
きっと、どこぞの森で
動物たちと遊んでるんだろうけどさ";"Hey, [PlayerName]!


You just going to stroll around the
kingdom? We've got work to do!

C'mon...! Huh? What's this about
Sahasrahla and Princess Zelda?
Wait, you met with the princess?!
You'd better not be pulling my leg.
But if that's true...? Then you'd better
do what's right by the princess.
Don't worry about your work here.
Just get to whatever business
you're involved in.
Oh, one more thing! Did you see
Gulley anywhere? The wife is
getting a bit frantic.
I'm sure she's fussing over nothing.
She's pretty sensitive about stuff.
Uh, just like Gulley, I guess.
Ever hear how animals really like him?
Strange, that. But I bet that's where
he is now...out playing with critters.";"Hé oh, [PlayerName] ! Tu vas te
balader encore longtemps,
comme ça ?
Au boulot, et plus vite que ça !
Quoi ?

Maître Sahasrahla ? Au village
Cocorico ? La princesse Zelda ?

Une petite seconde ! Tu dis que tu as
rencontré la princesse ? Dis donc, tu
serais pas en train d'en rajouter, là ?
Bon, je comprends pas bien ce que
tu me racontes... Je suis pas très
futé, après tout...
Mais si y a bien une chose que je
sais, c'est qu'il faut battre le fer
tant qu'il est chaud !
Alors t'inquiète pas pour le boulot,
et occupe-toi donc d'aller faire...
ce que c'est que t'as à faire.
Oh, et, euh... si t'aperçois Guly,
dis-lui de vite rentrer à la maison,
tu veux bien ?
Non, je me fais pas de souci pour
lui. C'est juste que maman... Enfin,
tu vois.
C'est un enfant à part. Depuis qu'il
est tout petit, les animaux l'adorent.

Je suis sûr qu'il doit être en train
de s'amuser avec eux dans une
forêt, quelque part.";
"お前は自分のやるべきことを
きっちりやりな！
でもグリに会ったら……なっ

あいつはよ、昔から
動物に好かれる、不思議な子なんだ
きっと、かあちゃんに似たんだな";"Just do your duty for the princess,
all right? Also, if you see Gulley,
send him home.
That boy has always been a little
different somehow. Animals love
him to pieces.
He must've gotten that from his
mother. Critters run when I come
around.";"Surtout, n'hésite pas à faire... euh...
ce qu'il faut ! 

Et n'oublie pas de dire à Guly de
rentrer si tu le vois...

Il a toujours été un peu à part, il
préfère les animaux aux humains.
Il tient sûrement ça de sa mère.";
"[PlayerName]……

グリがよぉ……
どこにもいねぇんだ……
皆で、心当たりは
全部探したけど見つからねぇ
まさか、神隠しに……
なんてこたぁねぇよな？
な！？";"Oh, [PlayerName]...


The wife and I—we've searched
everywhere for Gulley.

But he's nowhere to be found...
What if monsters got—? No, there's
no way. Not our little boy.";"[PlayerName]...


Guly est introuvable...


On l'a cherché partout, pourtant.


Et s'il s'était fait enlever par les
esprits de la forêt...
Non, je me fais des idées...

	　　　 Pas vrai ?!";
"心配ないって言ってくれよ！[Vibrate]";"Tell me he's going to be all right,
[PlayerName]![Vibrate]";"Dis-moi que c'est pas la peine
de m'inquiéter ![Vibrate]";
"なぁ[PlayerName]……
アイツ帰ってくるよな？
な？";"Our little guy's coming back, right,
[PlayerName]...?

Right?!";"Dis, [PlayerName]...
Il va rentrer mon fiston...

Hein, qu'il va rentrer...";
"おお、[PlayerName]
お前、いったい今までどこに……
何だって！？

グリを見つけただと！！
それでどこに……
……
そうか、無事ならそれでいい……
そうか、そうか……

グスッ……";"Hey, just where have you been,
[PlayerName]?

Huh, you found my little guy?
You rescued Gulley?! So, where
did you find him?
I gotcha. Uh-huh. That poor guy.
Well, as long as he's safe and sound,
I can finally breathe easy.";"Oh, [PlayerName] !
Mais où t'étais passé ?

Comment ?!
T'as trouvé Guly ?!
Et, euh, il est où ?
Je vois. L'important, c'est qu'il
soit sain et sauf... Tant mieux,
tant mieux...
Snif...";
"お前が見つけてくれたのか？

そうか、なんだかお前……
しばらく見ないうちに、たくましくなったな
……ありがとな";"I can't tell you how much—! Oh,
never mind. Just thanks.

I'm real proud of how you're shaping
up here, [PlayerName].";"Alors comme ça, c'est toi qui
l'as trouvé, hein ?

Faut croire que tu vas finir par
devenir un vrai p'tit homme...
En tout cas, euh, merci.";
"グリのやつ……
親をこんなに心配させやがって……グスッ……";"That Gulley...


He worried us so much... So much...";"Ce petit sacripant de Guly...
Il cause bien du souci à ses pauvres
parents... Snif...";
"す、すまねぇ……
ところで[PlayerName]……";"S-sorry. Give me a second here,
[PlayerName]...";"Ah, désolé... Dis-moi plutôt,
[PlayerName]...";
"おっと、すまんすまん
ところで[PlayerName]……";"All right then. Sorry about that,
[PlayerName]...";"Ah, pardon, pardon. Dis-moi plutôt,
[PlayerName]...";
"アナタ、朝ご飯まだでしょ？
帰ってきたら、仕事の前にちゃんと食べるのよ
大丈夫……アナタがもどるころには
この人のキゲンも、なおってるわよ
気を付けていってらっしゃいな
兵士長さんによろしくね";"Did you even have breakfast yet?
Soon as you come back, I'll make
sure you eat before work!
Oh...and don't fret about that sourpuss.
I'm sure he'll forget all about your
sleeping late by the time you get back.
Now just be safe out there, and give
our best to the captain.";"Tu n'as pas encore pris ton petit
déjeuner ? Quand tu rentreras, veille à
manger avant de commencer le travail.
Hihi, et comme ça, il aura oublié qu'il
voulait te remonter les bretelles.

Allez, fais bien attention.
Mes amitiés au capitaine.";
"あら[PlayerName]
どこかでグリ見なかった？
近くで遊んでるんだと思うんだけど……
なんだか、変な生き物を見たって人もいるし
見かけたら、早く戻ってくるように
言ってやって";"Have you seen my little Gulley
anywhere, [PlayerName]?

I'm sure he's just playing somewhere
nearby. But people have been talking
about...monsters.
If you happen to find him, tell him to
hurry home, all right?";"Tiens, [PlayerName].
Dis-moi, tu n'aurais pas vu Guly,
par hasard ?
Je crois qu'il joue dans les environs...
Mais avec ces étranges créatures qui
rôdent soi-disant dans le coin...
Si tu le vois, tu veux bien lui dire de
vite rentrer à la maison ?";
"きっと、南の森あたりで遊んでると思うわ
見かけたら、早く帰るように言ってやって";"I bet Gulley is playing in the woods
just south of here.

If you see him, tell him to hurry home,
all right?";"Je pense qu'il joue dans les bois au
sud d'ici. Si tu le vois, dis-lui de
rentrer au plus vite.";
"グリ～

どこにいるの～

ねぇ、[PlayerName]！
あの子はきっと無事よね！！";"Gulley!


Where are you?!


My son's got to be all right. He's just
GOT to be, [PlayerName]!";"
	　　　　Guly !


	　　 Où es-tu ?

[PlayerName] !
Dis-moi que mon fils est sain et sauf !";
"今……何て？";"Wh-what did you say?";"Qu... Qu'est-ce que tu viens de dire ?";
"ああ……よかった……
本当によかった……";"Oh... That's good...! I'm so relieved...!";"Aaah... Dieux merci...
Quel soulagement...";
"でも、まだ帰っては来られないのね……

……
……
私が泣いてたら
あの子も帰りづらいわよね……
さっ、あの子がいつ帰ってきてもいいように
美味しい物でも作っとかないとね
きっとお腹すかせてるに違いないわ
何作ろうかしら";"But he can't come back yet? Well,
that's all right. So long as he's fine.

I can't let him see me like this, that I
almost lost all—! But of course I
knew he'd come back.
I'll make his favorite dessert. I'll have
something so yummy waiting for him
that he'll know everything's OK!";"Mais alors, il ne va pas pouvoir
rentrer tout de suite...

Ce n'est pas grave.
Du moment qu'il est sain et sauf...

Et puis, pleurer ne le fera pas rentrer
plus vite...

Bien, je vais préparer plein de bonnes
choses pour l'accueillir comme il se
doit à son retour.
Il sera sûrement affamé.
Qu'est-ce que je vais bien pouvoir
lui mijoter ?";
"あの子に会ったら伝えておいて

美味しい物作って待ってるから
早く元気で帰って来なさいって……";"Next time you see him, let my boy
know I'll have his favorite dessert
waiting for him when he comes home!";"Si tu vois mon fils, transmets-lui
ce message.

Dis-lui de vite revenir à la maison sain
et sauf et que les bons petits plats de
sa maman l'y attendent...";
"[PlayerName]……
ねぇ、グリは……？";"I'm still so terribly worried about my
little Gulley, [PlayerName]!";"[PlayerName]...
Dis-moi, comment va Guly... ?";
"あれ？
お説教、もう終わり?";"Huh. You done already? You get off
easy or something?";"Hein ? Papa a déjà fini de te gronder ?";
"今日こそ[PlayerName]に
ガツンと言ってやるって
父ちゃん張り切ってたよ
お説教、長くなりそうだね……";"I think Papa might really have it in for
you now, [PlayerName]!

He really blew his stack! Maybe he's
cooled down by now. But, uh, I
sorta doubt it!";"« Aujourd'hui, je vais lui remonter
les bretelles bien comme il faut,
à [PlayerName] ! »
C'est ça qu'il disait, mon papa.
Je crois que tu vas te faire gronder
pendant longtemps...";
"はやく～！
父ちゃんカンカンだよ～！";"You'd better head inside. My papa's
waiting, [PlayerName]!";"Dépêche-toi !
Papa, il est fâché tout rouge !";
"もうお家にもどってる時間はないよ！";"There's no time to go back to your
house!";"T'as pas le temps de retourner
chez toi !";
"今は、より道してる場合じゃないでしょ！
はやく、はやく～！！";"Come on! There's no time for
wandering off now!";"T'as pas le temps d'aller te promener !
Vite ! Dépêche-toi !";
"そっちじゃないでしょ？
やだな～、まだ寝ぼけてるの？";"Not that way, silly! What, you still
half-asleep or something?";"Mais non, c'est pas par là !
T'es encore en train de dormir,
ou quoi ?";
"おかみさんのた～めな～ら
エ～ンヤコ～ラ！
おやっさん～のた～めな～ら
エ～ンヤコ～ラ！
おやっさんの分も言っとかないと
おやっさん、すねるからなぁ……";"♪ My hammer never misses
whenever I work for the missus!

♪ But my hammer's always faster
whenever it's for the master!

The master makes me tack on that
second verse there...";"Celui-là, c'est pour la patronne !
Ho hisse !

Celui-là, c'est pour le patron !
Ho hisse !

Oui, si j'oublie le patron, il se met à
bouder...";
"おかみさんのた～めな～ら
エ～ンヤコ～ラ！
グ～リ～のた～めな～ら
エ～ンヤコ～ラ！
グリちゃん
早く見つかるといいんだけどなぁ……";"♪ My hammer never misses
whenever I work for the missus!

♪ But my hammer rings so jolly
whenever it's for Gulley!

*sigh* I'm worried about the boy.
I hope he turns up soon...";"Celui-là, c'est pour la patronne !
Ho hisse !

Celui-là, c'est pour Guly !
Ho hisse !

J'espère qu'on le retrouvera bientôt,
le petit Guly...";
"お前、ロッソさん見なかったか？
約束の時間、とっくに過ぎてんだけどなぁ……
ロッソさんとこの鉱石が届かないと
仕事になりゃしねぇってのに";"Strange. We haven't heard from the
miner, Rosso, in a while.

We could get some good work done
if we only had some of that nifty
ore of his...";"Dis, t'aurais pas vu Rosso par hasard ?
Il est super en retard...

Tant qu'il apporte pas le minerai
qu'on lui a commandé, on peut pas
travailler...";
"ロッソさんって顔は怖いけど
約束を守らないような人じゃないんだけどな
まさか、さっきの地震で鉱石の下敷きに……
いや、悪いことは考えるもんじゃねえな
……おい、[PlayerName]！
もしヘブラ山に行くことがあったら
ロッソさんの鉱石場を
のぞいて来てくれねぇか？
……念のため……な";"I wonder why we haven't seen that ol'
Rosso in a while.

I hope that quake didn't drop a
bunch of ore on his head. Hey, you
ever go to Death Mountain?
If you do, you should check out
Rosso's ore mine. You know, just
in case.";"Rosso a une tête un peu patibulaire,
mais c'est pas le genre à rater un
rendez-vous...
J'espère qu'il ne s'est pas fait
ensevelir sous du minerai après le
tremblement de terre...
Non, il faut pas que je me mette à
imaginer le pire.

Hé, [PlayerName] !


Si jamais tu vas au mont Hébra,
tu voudrais aller jeter un coup d'œil
dans la carrière de minerai de Rosso ?
... Juste pour être sûr...";
"コラッ！！

おめぇがココで金づち振るうなんて
100年早ぇ！[Vibrate]";"HEY! What makes you think you can
just barge in here and hammer away?
I'm the designated hammerer here![Vibrate]";"Hé oh !!!


T'es encore trop jeune pour jouer du
marteau ici ! Reviens quand t'auras
du poil au menton ![Vibrate]";
"コラッ！
100年早ぇって言ってるだろ！[Vibrate]";"Hey! No hammerin', unless you're me!
That's a privilege you'll have to earn![Vibrate]";"Oh !
Je t'ai dit que t'étais trop jeune ![Vibrate]";
"何だって！？
グリちゃんを、お前が救ったのか！
やるなぁ……

これで、おかみさんにも笑顔が戻るな
おやっさんは……大人しいままの方がいいかも
っと、これはナイショだぞ！";"What?! You saved little Gulley?


Maybe the missus will smile again
and the master will go back to being...
well, quiet. Hmm. Like he is now.
That's just how I like it. But, uh,
don't go blabbing that, OK?";"Comment ?!
C'est toi qu'as sauvé Guly !

Bien joué...


Comme ça, la patronne va retrouver
le sourire et le patron... je le préfère
quand il dit rien.
Mais ça reste entre nous, hein !";
"もしよ、ヘブラ山に行くことがあったら
ロッソさんの様子見てきてくれねぇか？
きっと鉱石場にいるはずだ";"By the way, if you're ever headed up
Death Mountain, could you check
on Rosso for me?
Hopefully he'll be working away in
his ore mine.";"Si tu vas au mont Hébra, ça te
dérangerait d'aller voir comment
va Rosso ?
Il est sûrement dans sa carrière de
minerai.";
"え？
ロッソさんを見つけたって？
やれやれ、これでやっと
腕を振るえるぜ……
え？
すぐには戻れないって？
まぁ、何だか最近バタバタしてたし
オレも、ゆっくりしようかな";"What? You found Rosso?


That means...?! Well, sure, it means
he's safe. But more importantly, we
can start getting his ore again!
Huh? He'll be gone a while longer?
I suppose we can still take it easy.
It's been a tough time lately.";"Quoi ? T'as retrouvé Rosso ?!


Super, on va pouvoir se remettre au
travail...

Hein ? Il va pas revenir tout de suite ?


Bah, avec toute l'agitation qu'il y a
eu ces derniers temps, je vais en
profiter pour me reposer un peu.";
"とにかく、ロッソさんが
無事だって聞いて安心したよ
グリちゃんも
早く見つかるといいなぁ……";"Well, I'm glad you saved Rosso all the
same. Keep it up and rescue our little
Gulley too, you hear?";"En tout cas, ça fait plaisir de savoir
que Rosso est sain et sauf.

J'espère qu'on va aussi retrouver
le petit Guly...";
"お前……ロッソさんも
グリちゃんも見つけるって……
実は、スゲえ奴なんだな……
何だか前よりデッカくみえるよ……
俺の方が先輩なんだけどな……";"You're really something! You saved
Gulley AND Rosso? Seems like you're
a natural-born hero!
Hmm. The master was right all along.
Diamond in the rough, I guess.

But don't forget I'm still a smithy step
above you!";"Dis... Il paraît que t'as retrouvé
Rosso et le petit Guly...

En fait, t'es un sacré phénomène...
Tu m'as l'air plus grand qu'avant...

Même si je serai toujours ton aîné...";
"お前、何だか「勇者」みたいだな";"OK, I'll admit it. Never really saw you
as the heroic type, unless it came
to conquering Zs in your sleep.
I was wrong about you. You're the
biggest hero I know.";"Tu me fais un peu penser à un héros.";
"も～う！ギリギリ

ギリギリルピー広場へようこそ！

ゲーム開始から30秒以内は
何と、このエリアでルピー取り放題！！
でも30秒過ぎたら全部没収だから
30秒ギリギリに戻って来て私に話しかけてね！
でも……
時間表示なんてヌルいものは
ありませ～ん！！";"Welcome to Rupee Rush!


You have 30 seconds from the start
to grab as many Rupees as you can!

If your time exceeds 30 seconds, you 
forfeit all the Rupees you collected,
so speak to me before then, OK?
But here's the twist...


There's no timer!";"
　 Ça va être CHAUUUUD ! 

Bienvenue au jeu « Rubis sur le fil » !


Tu as 30 secondes pour récupérer
un maximum de rubis dans la zone
de jeu !
Mais si tu dépasses les 30 secondes,
je reprends tous les rubis, alors viens
me parler avant la fin du temps !
Au fait... Ce serait trop facile si tu
savais combien de temps il te reste,
alors...

　　 Il n'y a pas de chrono !";
"ギリギリルピーゲームする？
1回ギリギリ50ルピーよ！[ChoiceN]";"Do you want to play Rupee Rush?
It's 50 Rupees for one go! [ChoiceN]";"Tu veux jouer ?
C'est 50 rubis la partie ![ChoiceN]";
"する！";"Play";"Je veux jouer !";
"やめとく";"No";"J'ai pas envie.";
"気が向いたらまた来てね！
ギリギリまで待ってるわ";"Come play whenever you feel like it.
I'll be waiting.";"Reviens quand tu veux !
Je ne bouge pas d'ici ! ";
"あら？
ルピーが足りないわね
も～う……ギリギリ！！

ってことで、また来てね！";"But you don't have enough Rupees.
Come back when you do!";"Hé, mais ? Tu n'as pas assez de
rubis...


　 Ça va être CHAUUUUUD...

Reviens quand tu te seras un peu
rempli les poches ! À la prochaine !";
"30秒以内に私に話しかけないと全額没収よ！
じゃあ、ギリギリまでがんばってね～！";"Talk to me within 30 seconds, or I'll
take back all the Rupees you pick up.
Good luck rushing for Rupees!";"Si tu ne reviens pas me parler avant
la fin des 30 secondes, je reprends
tous les rubis !
Allez, je veux que ça chauffe !";
"結果は！
ジャジャーン！";"And the results are in! Drumroll,
please...";"Et voilà les résultats !
Roulement de tambour...";
"ギリギリじゃない男はキライよ……
だから……
ぜ～んぶ没収～！

せめて20秒以上はガンバッてほしいな
次は君の最高のギリギリみせてよね";"Hold on just a second there. You
didn't really push it out there.
No risk, no reward.
I'll be taking back those Rupees you
collected. Next time, try to rush for
at least 20 seconds, OK?";"Je n'aime pas les hommes qui ne
savent pas vivre dangereusement.
Alors...

... je récupère tous les rubis !

Allez, essaie au moins de faire
20 secondes la prochaine fois.
Je veux que ça chauffe !";
"ギリギリ欲張りすぎ～！
ルピーは没収ね！";"Got a little overeager there, huh?
Sorry. Gotta take those Rupees back.";"Mais tu as été un petit peu trop
gourmand ! Par ici les petits rubis !";
"また遊びにきてね！
ギリギリまで待ってるわ！";"Come back sometime! I'll be
waiting!";"Reviens me voir à l'occasion !
Je ne bouge pas d'ici !";
"もしかして……
今の新記録じゃない？";"Wait a second... Isn't that a new
record?";"Attends un peu... Mais c'est un
nouveau record !!!";
"今までのハイスコアは
[IntNumberN]ね";"Your best score so far is
[IntNumberN], OK?";"Ton record actuel est de [IntNumberN].";
"あれ？
ルピー取らなかったの？";"Huh? You forget to grab some Rupees
or something?";"Eh ben alors ? Qu'est-ce qui t'arrive ?
T'as oublié de ramasser des rubis ?";
"ギリギリ早いって感じ？
もう少しガマンしなきゃ！";"I think maybe you rushed too much.
You could have taken more time!";"Tu as été un peu trop rapide,
si tu veux mon avis. Essaye
de te détendre !";
"ナイス　ギリギリ～！

ギリギリタイムだから
いっぱいサービスよ";"You're pretty good! You're close to
the end there, so I'm giving you
a bonus!";"
	C'était CHAUUUD !

Comme tu as terminé sur le fil,
tu as droit à un petit bonus ! ";
"ウルトラ　ギリギリ～！！

こんなギリギリ
おねえさん初めてよ！
楽しませてくれてありがとね！
ボーナスもとっておきにしといたわ♥";"That was so ultra out there! That's
the first time I've seen someone
cut it that close.
It was great watching you at work.
So I got you a super-special bonus!";"
　　Ouuuh, super CHAUD !!!

J'ai jamais vu personne tirer autant sur
la corde ! J'en ai la chair de cocotte !

Merci, je suis contente d'avoir été
témoin d'un tel exploit ! Tu as droit
à un petit bonus ! ♥";
"[IntNumberN].[IntNumberN]秒オーバーね";"Sorry, but you were over
by [IntNumberN].[IntNumberN] seconds.";"Tu es resté [IntNumberN] [IntNumberN] de trop.";
"も～ギリギリまで欲張りすぎ～！";"You didn't make it on time! Tempting
to just keep rushin' for those
Rupees, huh?";"Ouh là, alors là, t'as vraiment trop
tiré sur la corde !";
"こんな高得点……

ギリギリ、初めて～

そんな君には
ハートのかけらをプレゼント～！";"Hey, you got such a high score! Take
this piece of heart as a prize!";"Quel score éblouissant !


             C'était carrément
     CHAUD BOUILLANT ! 

Tiens, je t'offre ce fragment de cœur !
Tu l'as bien mérité !";
"も～う……ギリギリ

のギリギリルピー広場は
まだ準備中で～す！";"Ready to rush?


Aw, sorry. Actually, we're not open
yet, you cute li'l thing, you.

But don't you worry. Rupee Rush will
be open quicker than two shakes of a
Cucco's tail feathers!";"
　 Ça va être CHAUUUUD ! 

Encore un peu de patience avant
l'inauguration de mon jeu,
« Rubis sur le fil » !";
"めんこいコッコさ、おでむかえ！
コッコ畑へようこそ！";"Welcome to the Cucco Ranch, home
to the cutest Cuccos in Hyrule.";"Bienvenue à l'enclos aux cocottes !
Vous trouverez ici les plus jolies
cocottes d'Hyrule !";
"あっ、もしかしてお客さんだか？
すまねぇが、今は準備中だっぺ
おてんとさまもポッカポカだで
コッコたちさ、日光浴中なんだっぺ
すまねえけど、また遊びにきてけろ！";"Well, I'll be. A customer! Sorry, but
we're still setting up for the day.

The Cuccos are still waking up.
How about you come back later?";"Oh, tu veux jouer ? Désolée,
on est pas encore ouvert !

Il fait si bon aujourd'hui que mes
cocottes préfèrent se dorer la pilule !

Reviens un autre jour !";
"コッコ畑へようこそだっぺ！！

ここは、めんこいコッコたちと触れ合える
あみゅーずめんと施設だっぺ
なんだぁ……？
あんたのその顔……
コッコたちと遊びたくって
我慢できねぇって顔してるっぺ！
さっそく遊んでくっぺ？[ChoiceN]";"Welcome to the Cucco Ranch!


Come to play with our cutesy little
Cuccos? Sure you have! Want to
play right away?[ChoiceN]";"Bienvenue à l'enclos aux cocottes !


C'est l'endroit rêvé pour les mordus de
cocottes qui veulent s'amuser avec
ces adorables volatiles !
Héhé ! J'connais ce regard...


J'sais c'que tu penses ! J'sens qu't'es
impatient de jouer avec mes p'tites
cocottes !
Alors, tu joues ?[ChoiceN]";
"あそびたい！";"Of course";"Je joue !";
"今はいい";"Another time";"Une autre fois.";
"だっぺ～！
やっぱり遊びたかったんだっぺ
コッコたちも喜んでるだ！
遊び方は簡単だっぺ
そごにある柵の中で、やだらに飛んでくる
コッコたちば30秒間よけきってけろ";"I just knew you wanted to play!
The Cuccos will be pleased as punch.
Now, the rules are simple.
You go into that enclosure up there,
and then try to dodge the Cuccos that
come flying at you for 30 seconds.";"Ouais ! J'le savais !
Mes cocottes sont ravies !

Les règles sont simples.


Tu dois esquiver pendant 30 secondes
les cocottes qui vont voler en tous
sens dans l'enclos derrière moi.";
"コッコ畑へようこそだっぺ";"Welcome to the Cucco Ranch!";"Bienvenue à l'enclos aux cocottes !";
"あんだ初めてだっぺ
そんだば、たまごレベルから始めっぺ";"Since you're still wet behind the ears,
let's start you at Egg level.";"Comme c'est la première fois qu'tu
joues, tu vas commencer avec le
niveau Œuf.";
"まだコッコ初心者のあんだは
たまごレベルをやってみてけろ";"Since you're a Cucco novice, let's
start you out at Egg level, shall we?";"T'es encore qu'un amateur, j'préfère
qu'tu tentes le niveau Œuf.";
"コッコたちさ、30秒間よけきれたら
ご褒美あげるっぺよぉ[ChoiceN]";"If you can dodge all of the Cuccos
for 30 seconds, I'll give you a special
prize! [ChoiceN]";"J'te donnerai une récompense si
t'arrives à esquiver mes cocottes
pendant 30 secondes. D'accord ?[ChoiceN]";
"やるやる！";"Let's start";"Oh, oui !";
"やっぱりいい";"I'll pass";"Oh, non.";
"もう1回やっていくっぺか？[ChoiceN]";"Wanna try again?[ChoiceN]";"Tu veux r'jouer ?[ChoiceN]";
"やるやる！";"Yes";"J'veux r'jouer !";
"やっぱりいい";"No";"Non merci.";
"そんだば、頑張ってけろ！";"All right, try your best!";"Allez... bon courage !";
"ルピー足りねぇっぺ……
コッコたちを悲しませねぇでけろ";"Oh, you don't have enough Rupees...
The Cuccos will be upset to hear it!";"T'as pas assez de rubis...
À cause de toi, mes p'tites cocottes
sont toutes tristes !";
"準備は、いいっぺか？
そんだば……";"You ready? In that case...";"T'es prêt ? Alors...";
"あれぇ、なかなかスゲぇでねぇか！
これご褒美の40ルピーだっぺ";"Whoa, nicely done! Here's your
prize—40 Rupees!";"Ouah ! Tu t'défends bien !
Tiens, ta récompense, 40 rubis !";
"あれあれぇ、あんだ素人じゃないっぺ！
もうヒヨッコとは言えねぇな
コッコたちもうれしそうだぁ～
これご褒美の60ルピーだっぺ";"You're no fledgling, that's for sure!
The Cuccos are hopping happy!
Here's your prize—60 Rupees!";"Tu t'débrouilles bien ! T'es plus
un poussin !

Mes cocottes ont l'air contentes !
Tiens, ta récompense ! 60 rubis rien
qu'pour toi.";
"あれあれあれぇ……とうとうやっちまったっぺ
ぱーふぇくとだっぺ！
おやどりレベルでも
あんだには簡単すぎたようだっぺな
だば、次はとことんコッコたちと触れ合える
特別なのを用意すっから、また遊んでけろ
そったら、忘れないうちに
これご褒美の150ルピーだっぺ";"Good gosh! That sure was some
serious dodging there! I guess even
Rooster level was too easy.
Well then, I'll prepare a special 
challenge for you next time.

Oh, before I forget, here's your prize.
A whole 150 Rupees!";"Suuuper ! C'était génial !


Même le niveau Cocotte était trop
facile pour toi !

J'vais mettre en place un niveau
spécial, rien qu'pour toi, avec des
cocottes en furie.
J'allais oublier ! V'là ta récompense,
150 rubis !";
"あんだ、いっぺぇ遊んでくれたからよ
お礼にこれも、あげるっぺ！
特別だっぺよ！";"And since you made the Cuccos SO
happy by playing with them, here's a
special thank-you gift!";"J'aimerais t'remercier d'être venu
jouer si souvent avec mes cocottes.
Tiens, c'est pour toi !";
"あれあれあれぇ、見てるこっちが
ドキドキだったっぺよ
コッコたちもありがとって言ってらよ～
これご褒美の150ルピーだっぺ";"That was amazing! I was on the edge
of my seat all the way!

Oh yeah, the Cuccos asked me to 
thank you. Here's a gift—150 Rupees!";"Ouaahouaaah ! Quelle partie !
J'en ai le souffle coupé !

Mes cocottes insistent pour que j'te
remercie. Tiens, ta récompense !
150 rubis !";
"残念だっぺ……でも
コッコたちと一緒に待ってるっぺ";"Oh, that's a darn shame... The Cuccos
and I will be waiting!";"Oh, c'est dommage ! Mais bon, mes
cocottes et moi, on bouge pas d'ici,
alors r'viens nous voir !";
"コッコたちと遊んでくれで、ありがとだっぺ！
また、遊びにきてけろ！";"The Cuccos say thank you for playing!
Come again sometime.";"Merci d'avoir joué avec mes cocottes !
On espère qu'tu r'viendras !";
"あららららら～残念だっぺ！
あと[IntNumberN].[IntNumberN]秒だったっぺ
ご褒美は、おあずけだっぺ";"Aww, that's a shame!
Another [IntNumberN].[IntNumberN] seconds and you would
have won! I'll hold on to that prize.";"Ah là là là là ! Trop dommage !
Il restait plus que [IntNumberN] [IntNumberN].

Bon, j'garde la récompense.";
"もう一度やってみるっぺ？[ChoiceN]";"Try again?[ChoiceN]";"Tu veux encore jouer ?[ChoiceN]";
"もっと遊ぶ！";"One more time";"Oui, oui !";
"もう疲れた";"No more";"J'suis fatigué.";
"どのレベルにチャレンジするっぺ？[ChoiceN]";"Which level do you want to try?[ChoiceN]";"Choisis ton niveau ![ChoiceN]";
"ひよこ";"Chick";"Poussin.";
"たまご[ChoicePositive]";"Egg[ChoicePositive]";"Œuf.[ChoicePositive]";
"たまごレベルは20ルピーだっぺ
チャレンジするっぺ？[ChoiceN]";"Egg level is 20 Rupees.
Wanna play?[ChoiceN]";"Pour l'niveau Œuf, ça t'coûtera
20 rubis. Tu joues ?[ChoiceN]";
"する！";"Yes";"Oui !";
"しない！";"No";"Non !";
"ピヨピヨのひよこレベルは30ルピーだっぺ
チャレンジするっぺ？[ChoiceN]";"Chick level is 30 Rupees.
Wanna play?[ChoiceN]";"Pour l'niveau Poussin, ça t'coûtera
30 rubis.
Tu joues ?[ChoiceN]";
"する！";"Yes";"Oui !";
"しない！";"No";"Non !";
"おやどりレベルは歯ごたえあるっぺよ！
50ルピーでチャレンジするっぺ？[ChoiceN]";"Rooster level is much trickier!
Wanna play? Just 50 Rupees.[ChoiceN]";"L'niveau Cocotte, c'est pas du
gâteau ! Ça t'coûtera 50 rubis,
d'accord ?[ChoiceN]";
"する！";"Yes";"Oui !";
"しない！";"No";"Non !";
"10ルピーかかるっぺよ？[ChoiceN]";"Got 10 Rupees to spare?[ChoiceN]";"Ça t'coûtera 10 rubis, d'accord ?[ChoiceN]";
"する！";"Yes";"Oui !";
"しない！";"No";"Non !";
"どのレベルにチャレンジするっぺ？[ChoiceN]";"Which level do you wanna play on?[ChoiceN]";"Choisis ton niveau ![ChoiceN]";
"おやどり";"Rooster";"Cocotte.";
"ひよこ";"Chick";"Poussin.";
"たまご[ChoicePositive]";"Egg[ChoicePositive]";"Œuf.[ChoicePositive]";
"どのレベルにチャレンジするっぺ？[ChoiceN]";"Which level do you want to try?[ChoiceN]";"Choisis ton niveau ![ChoiceN]";
"エンドレス";"Endless";"Sans fin.";
"おやどり";"Rooster";"Cocotte.";
"ひよこ";"Chick";"Poussin.";
"たまご[ChoicePositive]";"Egg[ChoicePositive]";"Œuf.[ChoicePositive]";
"わわわわわわわわわわわわ！！！

コッコたちさ、みーんなよげきったっぺ？

もしかして、あんだ……

伝説のコッコ師だっぺか？

いや～噂にはきいてたけんど
本当にいるなんてビックリだっぺ
伝説のコッコ師様に
これだけじゃ少ねぇかもしれねえが
今回のご褒美3000ルピーさ
受け取ってけろ";"Wow, oh, wowie-wow! You dodged
every single Cucco? You know
what that makes you?
The Cuccomaster!


Well, this prize might feel like an insult
to someone as incredible as you, but
still... Here...3,000 Rupees!";"Ouaaaaaaaaaaaaaah !!!


T'as réussi à esquiver toutes
les cocottes ?

Attends, tu s'rais pas...


       le maître des cocottes
           de la légende ?

J'avais entendu parler d'toi, mais
j'savais pas qu't'existais pour de
vrai !
Laisse-moi t'offrir un petit quelque
chose, ô maître des cocottes !

Tiens, 3000 rubis !";
"わわわわわわわわわわわわ！！！
ピヨピヨー！ピヨピヨー！
また、みーんなよげきるなんて……

さすがは伝説のコッコ師様だっぺ～！
やっぱ噂どおりのお方だっぺな！
伝説のコッコ師様に
これだけじゃ少ねぇかもしれねえが
今回のご褒美3000ルピーだべ！
受け取ってけろ";"Oh, chirp-tastic! You dodged every
single one again!

Truly you are the Cuccomaster! So
surely this prize is an insult to you.
But here, 3000 Rupees!";"Ouaaaaaah !!!
Piouuuu, piouuuuu !

T'as encore réussi à esquiver toutes
mes cocottes !!!

T'es pas l'maître des cocottes de
la légende pour rien ! T'es aussi
balèze qu'les rumeurs l'disent !
Laisse-moi t'offrir un petit quelque
chose, ô maître des cocottes !

Tiens, 3000 rubis !";
"こっただ、たくさんオラのコッコたちと
遊んでくれて、ありがとだっぺ
コッコたちもあんだのこと
気に入ったみたいだっぺ
ほらっ、オラ以外に、なつかない
デカコッコまで、あんだに会いに来てるっぺ";"Thanks for taking all this time to play
with my Cuccos! They like you 
too, I can tell.
Oh, look! The Giant Cucco came to
meet you as well! He usually doesn't
like strangers...";"Merci d'être venu jouer si souvent
avec mes cocottes !

J'crois qu'elles t'aiment bien.


R'garde ! Même ma cocotte géante
qu'aime personne à part moi est
v'nue t'voir !";
"こっただ、たくさんオラのコッコたちと
遊んでくれて、ありがとだっぺ
あんだに、なついてるデカコッコも
よけっぷり眺めて、はしゃいでだで！
ほーんと、伝説のコッコ師様は
すごいっぺな～！！
また、その腕っぷし
見せに来てくれっぺだ！";"Thanks for taking all this time to play
with my Cuccos! Even the giant one
has warmed up to you.
He may look like he's avoiding you,
but that's not the case.

You're abso-chirping-lutely great,
Cuccomaster!

Please come again to show off those
skills of yours.";"Merci d'être venu jouer si souvent
avec mes cocottes !

Même ma cocotte géante en est toute
retournée !

Ô maître des cocottes ! T'es vraiment
super balèze !

R'viens jouer avec nous, mes cocottes
et moi on veut t'revoir en action !";
"デカコッコが、こんな所まで出てくるなんて
滅多にないことだっぺ
よかったら話しかけてみてけろ";"The Giant Cucco only comes out once
in a blue moon, you know.

Go talk to him, why don't you?";"C'est presque un miracle qu'ma
cocotte géante soit venue ici.

J'suis sûre qu'ça lui f'rait plaisir
qu't'ailles lui parler.";
"そこまで～！

記録は[IntNumberN].[IntNumberN]秒だっぺ！
前回までの最高記録は[IntNumberN].[InsertMark]秒だで！";"Stop right there!


The clock shows [IntNumberN].[IntNumberN] seconds!
Your best so far was [IntNumberN].[InsertMark] seconds!";"C'est finiii !


T'as tenu [IntNumberN] [IntNumberN] !
Ton meilleur temps est de
[IntNumberN] [InsertMark] !";
"そこまで～！

記録は[IntNumberN].[IntNumberN]秒だっぺ！";"Stop right there!


The clock shows [IntNumberN].[IntNumberN] seconds!";"On arrête là !


T'as tenu [IntNumberN] [IntNumberN] !";
"ちなみに、今までの最高記録は
[IntNumberN].[IntNumberN]秒が一番だで！";"By the way, your best run so far was
[IntNumberN].[IntNumberN] seconds!";"Au fait, ton meilleur temps est de
[IntNumberN] [IntNumberN] !";
"どれだけ避け続けられるか記録を目指す
エンドレスレベルだっぺ！";"Endless level? The one where you
keep dodging and dodging to see how
long you can keep it up for?";"L'niveau sans fin ? Le but, c'est
d'esquiver les cocottes l'plus
longtemps possible.";
"わわ！
なかなかのコッコさばきだったっぺ！
あんだなら、もっと先を目指せるっぺ
ホラこれ！今回のご褒美の100ルピー";"Whooie! That was some spectacular
footwork!

By the looks of it, you can take on
bigger challenges than that.
Your prize is 100 Rupees!";"Ouais ! Ça, c'est de l'esquive !


J'espère que tu feras encore mieux
la prochaine fois. Voilà ta récompense,
100 rubis !";
"わわわ……あんなコッコたちの
悔しそうな顔さ、見たことねぇっぺ
あんだ、ヤルなぁ……
今回は300ルピーだっぺ";"Hoo-boy! I've never seen the Cuccos
get so tuckered out.

Well done. Here—have 300 Rupees.";"Ouais ouais ! J'avais jamais vu mes
cocottes aussi essoufflées !

Tu t'débrouilles bien...
V'là ta récompense ! 300 rubis !";
"わわわわ！
こんな見事なコッコさばき、見たことねぇっぺ
コッコたちも楽しそうだったっぺ
この500ルピーはあんだのもんだっぺよ";"I've never seen such great dodging!
It's like you've got a little bit of
Cucco in you.
Here. This 500 Rupees is yours!";"Ouais ouais ouais ! J'avais jamais vu
quelqu'un esquiver mes cocottes
comme ça !
J'suis sûre qu'elles s'éclatent !
Et v'là 500 rubis dans ta poche !";
"わわわわわ！
あんだ、何者だっぺ？
コッコたちも目えまん丸くして
びっくりしてるっぺ！
ご褒美の800ルピー
受け取ってけろ！";"Your dodging was out of this world!
The Cuccos got all dizzy trying to
keep up with you.
Here's your prize...800 Rupees.
It's all yours!";"Ouais ouais ouais ouais ! Mais d'où
tu viens, toi ?! Quelle claque !

Mes cocottes arrivaient pas à suivre !


Ta récompense : 800 rubis !";
"あららぁ……威勢だけはよかったっぺが……
100秒超えるまでは、ご褒美はお預けだっぺ";"That was a powerful display there!
Still, until you can go for 100 seconds,
I'll be keeping the prize.";"Alors là, tu m'déçois ! Mais vraiment !
J'garde la récompense tant que t'auras
pas dépassé les 100 secondes.";
"あっ、[PlayerName]も
遊びに来たの！？
けど、動物たちみんな逃げちゃったね……

みんな、ボクからは逃げないのに
他の人が来ると逃げちゃうんだよね
どうしてだろ？
みんなで遊んだ方が楽しいのにね";"Hey, you've come to play with me,
[PlayerName]?

So did all those animals! They always
come running when I show up.

They run off if anyone else comes
along... I wonder why. The more
the merrier—that's what I think!";"Ah, toi aussi tu es venu jouer,
[PlayerName] ?!

Mais tous les animaux se sont enfuis...


Quand je suis là, ils restent avec moi,
mais quand ils voient d'autres gens,
ils s'enfuient toujours.
Je me demande pourquoi.
C'est tellement mieux de jouer
tous ensemble.";
"え？
変な生き物がいるから早く帰れって？
大丈夫だよ～
きっと仲良くできるはずだよ
だってみんな友達だもん！";"What? There are monsters on the
prowl, so I should head home quickly?
Oh, I'm not worried about that.
I'm sure I'll be able to make friends
with them too!";"Quoi ? Il faut que je rentre à cause
des monstres ?

Mais non, ça va aller ! Je suis sûr
qu'on s'entendra très bien, eux et
moi !
Ben oui, moi je veux être ami avec
tout le monde !";
"グリー！
        
どこに行っちゃったのー？";"Oh, [PlayerName]!";"
　　 Guuuulyyy ! Guuulyyy !


	　　 Où es-tu ?!";
"あらっ、あなた！
そのポーチどうしたの？
それは、あなたが一度にたくさんの道具を
使えるようにと思って、私が作ったの
そうしたらあの子、「ボクが渡す！」って……";"Have you seen Gulley in here?


W-wait! Did you just find that pouch?


Oh, my stars! Gulley had that!


I made it for you so you could carry
more items. But he insisted on being
the one who gave it to you.";"Oh, mais ! Cette sacoche... !
Où l'as-tu trouvée ?!

Je te l'avais confectionnée pour que
tu puisses utiliser plus d'objets à la
fois...
Guly a insisté pour te la donner
lui-même...";
"まあ、そんな……
それじゃ、あの子はどこに……?";"If you found it here, then where is
my Gulley? Oh, how awful!";"Mais... où est mon fils ?";
"私は、この事を急いで
主人に伝えてくるわ";"I had better tell my husband. I'm
sure we can find him somehow.
We HAVE to!";"Je dois vite aller en parler à
mon mari !";
"……[PlayerName]
それは、あなたが使ってちょうだいね";"But please—you should use that
pouch so I won't have to worry about
YOU quite as much!";"[PlayerName]...
Prends cette sacoche. Tu t'en
serviras, n'est-ce pas ?";
"どこいくの？
より道してる時間はないよ？";"Where are you going? This is no time
for wandering off!";"Hé, où est-ce que tu vas ?
C'est pas le moment d'aller se
balader !";
"すれちがいの木";"StreetPass Tree";"Arbre StreetPass";
"リンゴ タベタイ？
ダッタラ　トルネードロッド
ペガサスの靴　ナラ
タイアタリデモ オトセル";"Fancy an apple? If so, use the
Tornado Rod.

Or you can just run into trees if you
have the Pegasus Boots!";"Tu veux manger une pomme ?
Alors utilise la baguette des tornades.

Ou alors fonce contre le tronc d'arbre
avec les bottes de Pégase pour faire
tomber les pommes.";
"おかえり、勇者くん！

お言葉に甘えて
休ませてもらってま……";"Welcome home, Mr. Hero!


You said it was all right to stay here,
so I've made myself at—!";"Bienvenue chez toi, jeune héros !


Tu as tellement insisté pour que je
reste ici que j'ai pris bien volontiers
le temps de me repo...";
"大丈夫ですか？
勇者くん……";"...Hold on. Are you all right?!";"Est-ce que tout va bien ?";
"！？
何かあったんですか？";"What happened?!";"Il s'est passé quelque chose ?!";
"えっ？
東の神殿？
はは～ん
あの看板をご覧になったのですね
実はボク、お店を開こうと思っていて
場所を探しに、あの辺りに行ったんですよ";"What's that? Saw my signs at the
Eastern Palace, did you?

I was going to open a store near the
palace, but when I saw all the
monsters, I hightailed it out of there!";"Comment ? Le palais de l'est ?


Aha ! Tu as lu ma pancarte !


En fait, je suis passé par là-bas à la
recherche d'un emplacement pour
ma boutique...";
"怪物だらけで商売なんて
出来たもんじゃなかったんですけど……";"Way too many monsters around there
for my liking, you get me?";"Mais je me suis dit que ce n'était pas
bon pour les affaires de m'installer
dans un endroit infesté de monstres.";
"そういえば……
何か絵が描かれた石版がありましたよね";"But I seem to recall some stone
pedestals near my signs. Did you
see a symbol on them?";"Tiens, j'y pense... Il n'y avait pas des
colonnes en pierre, près de l'entrée ?
Avec des symboles au sommet ?";
"どんな絵が描かれていたか覚えています？[ChoiceN]";"Oh, you did? Well, do you remember
what the symbol was?[ChoiceN]";"Si ? C'est bien ce qu'il me
semblait ! Tu te rappelles ce
qu'ils représentaient ?[ChoiceN]";
"";"";"";
"";"";"";
"";"";"";
"[ChoicePositive]";"[ChoicePositive]";"[ChoicePositive]";
"石版に描かれた絵、思い出しました？[ChoiceN]";"So what was the symbol shown on
the pedestals at the entrance of the
Eastern Palace?[ChoiceN]";"Ils ressemblaient à quoi, ces
symboles ?[ChoiceN]";
"";"";"";
"";"";"";
"";"";"";
"[ChoicePositive]";"[ChoicePositive]";"[ChoicePositive]";
"……

そうでしたっけ？
ボクの記憶では別の絵だったような……";"Uh...really? That's not what I recall
seeing there.";"Hmm...


Tu en es bien sûr ?
Ça ne ressemblait pas à ça, dans
mes souvenirs...";
"そうです！　";"That's right! It was , wasn't it?";" ! Oui, exactement !!!";
"……って、ちがいますよ！
これ、ボクの顔！
東の神殿にボクの顔が
描かれているわけないですよ……";"No, let's stop horsing around here...
That's my face. Why would someone
mark the pillars with that?";"... Mais non, enfin !!! Tu vois bien
que c'est ma tête ! T'es un petit
marrant, toi.
Pourquoi quelqu'un irait-il sculpter
ma tête sur les colonnes du palais
de l'est ?";
"そうです！";"That's right! It was .";", c'est ça !";
"コレに似てませんか？
ほら、コレ！";"Remind you of anything? Like
maybe...THIS?";"Ça te fait pas penser à un truc ?
Un truc qui ressemblerait à... ÇA !";
"ボクの商売道具なんですけど
それで何とかなりそうなら、お貸ししますよ
でも、あなたの身に もしものことが
あった時は返してくださいね";"Normally I'd charge you a rental fee,
but I'll lend it to you for free.
This time, anyway.
But I'll be taking that back if anything
happens to you out there.";"En temps normal, je te laisserais pas
l'utiliser gratuitement... mais la
situation est grave, alors prends-le.
Mais attention, hein ! S'il t'arrive
un truc, j'ai bien l'intention de le
récupérer !";
"その弓矢
商売道具なので大切に使ってくださいね";"That bow there belongs to me. Glad to
lend it to you as a freebie, but take
good care of it, you hear!";"Prends bien soin de cet arc, surtout !
Mes articles, c'est mon fonds de
commerce !";
"おかえり、勇者くん！";"Hey, welcome back, little hero!";"Salutations, jeune héros !";
"あら、まあ……

勇者くんの日常って
いつもこんな感じなんですか？
ボクには、とてもマネできません

ところで……";"Oh dear... Look at you. Does this
happen a lot? The hero business
seems like awfully tough work.
I'm not cut out for that kind of life.
But I guess you just gotta get up off
the floor and start again!";"Aïe aïe aïe...


Dis donc, ça t'arrive
souvent, ce genre de petit souci ?

Elle a pas l'air facile, ta vie...


Mais bref...";
"東の神殿の問題は
まだ解決していないみたいですね";"I bet you still have to sort out that
mess at the Eastern Palace, huh?";"Tu as encore des choses à faire au
palais de l'est, pas vrai ?";
"ボクの道具が
勇者くんのお役に立てるといいんですが……";"I hope my items will prove useful to
you, Mr. Hero!";"J'espère que mes articles te seront
utiles...";
"また、弓矢
持っていきます？[ChoiceN]";"You'll be needing the bow again?[ChoiceN]";"Tu as encore besoin de mon arc,
j'imagine ?[ChoiceN]";
"はい";"Yes";"Oui !";
"いいえ";"No";"Non, ça ira.";
"わかりました";"All right then!";"Très bien, pas de problème.
Seulement...";
"でも、大切な商売道具を貸すんですから
今回からは10ルピー頂きますが、いいですか？[ChoiceN]";"But this time, I'm afraid I'm going to
have to ask for my rental fee. It's
10 Rupees, OK?[ChoiceN]";"... faut aussi que je gagne mon pain,
tu vois. Alors si tu veux continuer à
l'emprunter, c'est 10 rubis, d'accord ?[ChoiceN]";
"……お願いします";"Fine";"Ouais...";
"……やめときます";"No way";"Pas question !";
"10ルピー頂きますが、いいですか？[ChoiceN]";"That'll be 10 Rupees, all right?[ChoiceN]";"Ça te coûtera 10 rubis, d'accord ?[ChoiceN]";
"……お願いします";"Fine";"Ouais...";
"……やめときます";"No way";"Pas question !";
"交・渉・成・立ですね";"Good doing business with you!";"On a tous les deux fait une bonne
affaire, non ?";
"ルピーが足りませんけど？";"You do realize that you don't have
enough Rupees, right?";"Oh, mais t'as pas assez de rubis !";
"勇者くん……
ボクよりもビンボーじゃないですか……";"You're even poorer than I am,
Mr. Hero!";"Dis donc... Tu es encore plus fauché
que moi, on dirait...";
"えっ！
ボクの道具がなくっても大丈夫ですか？";"What? You think you can survive out
there without the right gear?";"C'est toi qui vois. Si tu penses que
tu peux t'en sortir sans mon matériel...";
"まあ、無理には勧めませんけど……";"Well, best of luck with that. I'll be
right here if you need anything.";"... libre à toi d'essayer ! Je vais pas
te forcer, hein.";
"どうしたんです？";"What happened, buddy?";"Qu'y a-t-il ?";
"ボクの腕輪にそんな力が！？";"My bracelet did what now?";"Comment ?! Quelle surprise ! Je ne
savais pas que mon bracelet était
magique !";
"いやぁ～絵になる男ですねぇ！
勇者くん……ホレちゃいそうです！";"Huh. Who knew? Pretty neat that
you can turn into a painting.
Wowie-wow, I wish I was you!";"Et tu peux te transformer en peinture
murale ! Jeune héros... Je crois que
je suis tombé sous ton charme !";
"ボクもユガとかいう怪人に
その能力もらっちゃおっかなぁ～";"I wonder if I could steal that power
from this weird Yuga guy too...";"Je me demande si ce Yuga pourrait me
donner le même pouvoir...";
"イヤ イヤ イヤ イヤ！　
冷静になれ！ラヴィオ！
元に戻れなかったら、ただのラクガキだぜ？
薄暗ーい神殿に一人ぼっちだぜ？";"No, what am I thinking...? I'm not
cut out for that sort of stuff!

I'd probably screw it all up somehow
and get stuck on some dungeon
wall!";"Non, non, non, non !
Reprends-toi, Lavio !

Tu veux finir transformé en simple
graffiti et croupir tout seul dans un
temple à peine éclairé ?";
"そんなのヤダ～！";"I couldn't bear it! Stuck there
forever and ever?!";"Oh non, pas question que je
m'inflige ça !";
"やっぱり、こういった危ないコトは
勇者くんにオマカセします！";"Oh yeah, I should leave that kind of
tough work to heroes. For sure.";"C'est bien trop dangereux, je préfère
te laisser t'en charger, jeune héros !";
"ボクの腕輪に
そんな力があったなんて驚きです";"I would have never guessed that
bracelet I gave you would have
turned out to do something like that.";"Quelle surprise que mon bracelet
renferme un tel pouvoir !";
"気になる物の前に立って
を押してください";"Stand in front of an item you're 
interested in and press , if you'd
be so kind.";"Place-toi devant l'objet qui t'intéresse
et appuie sur .";
"気になる物があったら前に立って！

その場の状況に合わせて持ち物を変えるのが
冒険の達人というものですよ";"See something you like? Stand in
front of it and press .

Switching out gear to match the
task at hand is the mark of a
true adventurer!";"S'il y a un objet qui te plaît, place-toi
devant lui et appuie sur  !

Un aventurier qui se respecte
adapte son équipement à l'endroit
où il se rend.";
"人生には休息が必要ですね！

ボクは大切なことに気付けて幸せです
勇者くんのおかげです";"I'm so happy I've discovered my
true calling in life—retirement!
And it's all thanks to you, buddy.";"Il faut savoir se reposer, de temps en
temps !

Je suis heureux d'avoir compris une
chose aussi importante. Et ça, c'est
grâce à toi, jeune héros !";
"な～にかがっ！
はじまりそうなぁ～　きぃ～がぁするぅ～？
でもぉ～
それはぁ～　きっとあしたじゃないのかなぁ～
歌うって楽しいですね！

ボクは大切なことに気付けて幸せです
勇者くんのおかげです";"♪ Maybe by tomorrow,
the sun is gonna glow!

♪ And maybe by tomorrow,
not gonna stub my toe!

♪ Or maybe by tomorrow,
the snow is gonna blow!

...You know, it's been WAY too long
since I've been in a singing mood.

But I've got a new outlook on life, and
it's all thanks to you, Mr. Hero!";"Je seeens que quelqueee chooose
va commeeencer !♪

Maiiis ce n'est sûrement paaas pour
demaiiin !♪

J'adore chanter !


Je suis heureux d'avoir compris une
chose aussi importante. Et ça, c'est
grâce à toi, jeune héros !";
"一日中、ごろごろしていても
お腹は減るんだなぁ～
ボクは大切なことに気付けて幸せです
勇者くんのおかげです";"I always thought sleeping all day
would be fun. But now I think I'd
miss breakfast and lunch, right?
Yeah, I've got a new outlook on life,
and it's all thanks to you, Mr. Hero!";"Même si tu restes toute une journée à
ne rien faire, tu finis quand même par
avoir les crocs...
Je suis heureux d'avoir compris une
chose aussi importante. Et ça, c'est
grâce à toi, jeune héros !";
"こうやって床に耳をつけてみると
大地の声が聞こえる……
そんな気がして3時間試してみましたが
今の所、何も聞こえません
ボクは大切なことに気付けて幸せです
勇者くんのおかげです";"For a long time, I believed that if you
put your ear to the ground, you'd
hear the world's heart beating.
That the world just goes on living,
whether you were there or not.
Weird, right? And sorta sad.
So I've been listening here for a while,
and you know the only heart I've
heard? Mine! I couldn't be happier.
Ha! I've got a new outlook on life,
and it's all thanks to you, Mr. Hero!";"Si je mets mon oreille contre le sol,
comme ça, je peux entendre la voix
de la terre.
Enfin, c'est ce que je pensais... Ça fait
trois heures que j'écoute, mais
je n'entends toujours rien.
Je suis heureux d'avoir compris une
chose aussi importante. Et ça, c'est
grâce à toi, jeune héros !";
"こうやって寝っころがっている間も
勇者くんの冒険は進むんでしょうね～
ボクって小さな存在だなぁ～

でもね！
ボクにしかできないことも、あるんですよ！
ボクは大切なことに気付けて幸せです
勇者くんのおかげです";"You know, whenever I used to just
lounge around...

I would think how I'm just a tiny
speck in a great, big world.

And I still believe that I'm a teeny,
tiny, little speck in a world that's SO
much bigger than I ever thought!
But even a speck can change the
world if he puts his heart into it.

I've got a new outlook on life, and
it's all thanks to you, Mr. Hero!";"Je sais que tu continueras ta quête
même si je reste allongé ici.

Oh, je me sens si insignifiant...


Mais qu'est-ce que je dis ?! Il y a des
choses que seul moi peux faire !

Je suis heureux d'avoir compris une
chose aussi importante. Et ça, c'est
grâce à toi, jeune héros !";
"ボクは、昼間っから寝てばかりいる……
そんな人間じゃなかったんです！
でも、こうやって見る眺めは
いつもと違うんですよ
視点が変わったから
見えるようになるモノもあるんです
ボクは大切なことに気付けて幸せです
勇者くんのおかげです";"I've never really had the time to
take a lot of naps before. The world
looks so different from here!
Sometimes just changing your
perspective is the key to...
well, to everything!
I've got a new outlook on life,
and it's all thanks to you, Mr. Hero!";"Dormir en plein milieu de
l'après-midi... Ce n'est vraiment
pas mon style !
Mais... la vue que j'ai d'ici est
complètement différente...

Il te suffit de changer d'angle de vue
pour que tout ton univers en soit
chamboulé.
Je suis heureux d'avoir compris une
chose aussi importante. Et ça, c'est
grâce à toi, jeune héros !";
"勇者くんを見てると
なんでも出来るような気持ちになるんです
フフッ……
これから何をしようかな？";"When I look at you, Mr. Hero, I now
realize that just about anything is
possible if you put heart into it.
Ha! Seems like it's about time for me
to decide where to put MY heart!";"Quand je te regarde, j'ai l'impression
que je pourrais refaire le monde.

Hihi... Qu'est-ce que je pourrais faire,
maintenant ?";
"未来のことを想像するのって
とても楽しいですね
ボクは大切なことに気付けて幸せです
勇者くんのおかげです";"It's a lot of fun, trying to imagine
what the future holds.

Ha! I've got a new outlook on life,
and it's all thanks to you, Mr. Hero!";"Je trouve très amusant d'imaginer ce
que je pourrai faire dans le futur.

Je suis heureux d'avoir compris une
chose aussi importante. Et ça, c'est
grâce à toi, jeune héros !";
"スベスベ石ですか？

申し訳ありません

ボク、出所の怪しい品物は
扱わないことにしているんですよ";"What's that? You're looking for the
smooth gem?

That's sort of an iffy thing to be
looking for, don't ya think?";"Une pierre toute douce ?


Ah, non, je suis désolé.


La traçabilité avant tout !
Il n'y a rien dans ce magasin qui
soit de provenance douteuse.";
"お前の方がよっぽど怪しいじゃないかって？";"What? You didn't just say I'm a
little iffy too, did you?";"Comment ça, à part moi ?";
"フフッ！
ナイスジョーク！";"Hah! No, must be the gunk in my ears.
You'd never say something like that,
would ya, buddy?";"Hihi ! Comme tu es drôle !";
"ところでスベスベ石の事ですが
カカリコ村に行ってみては？
そういった品物でも扱っているお店が
あるんじゃないでしょうか？";"Anyway, back on the topic of the
smooth gem. Why don't you
try going to Kakariko Village?
Maybe someone there is selling it?";"Mais revenons à nos moutons. Je te
conseille d'aller au village Cocorico.

Tu y trouveras peut-être un magasin
qui vend ce genre de produits.";
"スベスベ石のことは
ボクにはちょっと分かりませんねぇ……
カカリコ村に行けば
どなたかご存知なんじゃないですかね";"Yeah...if you're looking for that
smooth gem?

I bet you'll find it for sale in
Kakariko Village somewhere.";"La pierre toute douce ?
Alors là, aucune idée.

Je pense que tu devrais aller voir
au village Cocorico.";
"ところで……";"By the way...";"Au fait...";
"それは[ColoringStart][InsertMark][ColoringEnd]";"You interested in the [InsertMark]?";"Ça, c'est [InsertMark].";
"それは[ColoringStart][InsertMark][ColoringEnd]
今日のオススメです";"You interested in the [InsertMark]?
We've got a special going today!";"Ça, c'est [InsertMark],
en promotion aujourd'hui !";
"[IntNumberN]でお貸しします[ChoiceN]";"The rental price is [IntNumberN].[ChoiceN]";"Si tu veux louer cet article,
ça te coûtera [IntNumberN].[ChoiceN]";
"借りる";"Rent";"D'accord !";
"借りない";"No";"Non merci.";
"[ColoringStart][InsertMark][ColoringEnd]は
勇者くんに貸し出し中じゃないですか～？
あっ、コレ気に入っちゃいました？
コチラは[IntNumberN]でご購入いただけますよ[ChoiceN]";"What? You're already renting the
[InsertMark].

But if you want to buy that, it'll
be [IntNumberN].[ChoiceN]";"Ah, [InsertMark] ?
Mais tu loues déjà cet article,
jeune héros !
Ah, je vois... Tu veux l'avoir pour toi
tout seul, c'est ça ? Je comprends ça.
Tu peux l'acheter pour [IntNumberN].[ChoiceN]";
"買い取る！";"Buy";"J'achète !";
"やめとく";"No";"J'en veux pas.";
"[ColoringStart][InsertMark][ColoringEnd]は
もう持ってますよね？";"Hold on. You already have the
[InsertMark], don't you?";"Tu as déjà [InsertMark],
non ?";
"[ColoringStart][InsertMark][ColoringEnd]は
勇者くんに貸し出し中じゃないですか～！
あっ、気に入っちゃいました？
それなら買い取りもしていただけますよ！
お一人様一回限りでですが
今なら『買い取りお試しキャンペーン』中です！
いつもの半額[IntNumberN]です
買い取っちゃいます？[ChoiceN]";"You're already renting the
[InsertMark].

But if you really like it, you can
buy it too.

And right now, if you act fast, I'll give
you the deal of a lifetime. Half off.
Yeah, no foolin'. But just this once!
Just for you it's [IntNumberN].[ChoiceN]";"Ah, [InsertMark] ?
Mais tu loues déjà cet article,
jeune héros !
Oh, j'ai compris ! Tu ne peux plus t'en
passer, c'est ça ? Si ce produit te
plaît, tu peux aussi l'acheter !
Nous sommes en pleine campagne
promotionnelle, alors ton premier
achat est à moitié prix, soit [IntNumberN] ![ChoiceN]";
"買い取る！";"Buy";"J'achète !";
"やめとく";"No";"J'en veux pas.";
"ルピーが足りませんねえ……";"Sorry. You're a little light on Rupees
there, bud.";"Tu n'as pas assez de rubis...";
"ルピーが足りませんね……

うーん、仕方がない！
今回は特別にタダでいいです
どうぞ、持っていってください！";"Er, you're a bit short on Rupees
there, bud.

Tell you what. Just this once? Free
rental. Go on—take it. I'm feeling
generous.";"Tu n'as pas assez de rubis...


Oh, allez, tant pis ! Je te prête cet
article, ça ne te coûtera rien !

Vas-y, prends-le !";
"ボクの[ColoringStart][InsertMark][ColoringEnd]
大切に使ってくださいね";"Make sure you take good care of my
[InsertMark], all right?";"Tu y feras bien attention, d'accord ?";
"貸出期間は「勇者くんが倒れるまで」です

勇者くん！
がんばらないで！";"Don't forget—you keep all my rental
items until you fall in battle.

My rental period is so flexible. It's not
over until it's game over!";"Cet objet est à toi jusqu'à ce que tu
casses ta p... hum... que tu tombes au
combat !
Alors, jeune héros... Je ne te souhaite
surtout pas bonne chance !";
"フフッ！
ラヴィオジョークですよ！";"Ha, that joke's a Ravio special!";"Hihihi !
Cette blague, c'est moi tout craché !";
"ボクの[ColoringStart][InsertMark][ColoringEnd]を
使いこなせるのは、勇者くんだけですよ";"You really bring out the best in
my [InsertMark], Mr. Hero!";"Il n'y a que toi qui saches utiliser au
mieux [InsertMark] !";
"フフッ！
ボクもお世辞を言うことがあるんです";"Look at you, blushing and all. How's
that for friendly customer service?";"Hihi ! Comme quoi je peux aussi faire
des compliments, de temps en temps !";
"ごめんなさいね、[ColoringStart][InsertMark][ColoringEnd]は
先に貸しちゃった人がいるんですよ
お店の場所を探して、村をウロついてた時に
声をかけられましてね
何でもえらく急がれていて
お名前を訊けなかったんですけどね
道具は1つしかないから
戻ってくるまで待っててください";"Someone else is already renting the
[InsertMark].

He rented it when I was in the village
seeing if that was a good place to set
up my shop.
He was in such a rush that I didn't
get his name. Said he had important
business somewhere.
Anyway, I've got only one of each
item, so you'll have to wait for that
item to come home to roost.";"Désolé, quelqu'un d'autre loue
déjà [InsertMark].

On s'est rencontrés au village, alors
que je cherchais un emplacement
pour mon magasin.
Ça avait l'air d'être urgent, je n'ai
même pas eu le temps de lui
demander son nom.
Nous n'avons qu'un seul article de
chaque type, alors tu vas devoir
attendre qu'on me le rende.";
"[ColoringStart][InsertMark][ColoringEnd]は
勇者くんに貸し出し中ですよ";"You're already renting the
[InsertMark], buddy.";"Ah, [InsertMark] ?
Tu loues déjà cet article, jeune héros.";
"[ColoringStart][InsertMark][ColoringEnd]を
買い取ってくれるんですね？
買い取り後の返品はできないけどいいですか？[ChoiceN]";"So you're going to buy the 
[InsertMark]?

You buy it, done deal. No returns.
You sure you want that?[ChoiceN]";"Alors, [InsertMark]...
Tu veux acheter cet article ?

Nous n'effectuons aucun
remboursement une fois
le produit acheté. Ça te va ?[ChoiceN]";
"買い取る！";"Buy";"J'achète !";
"やっぱりやめる";"No";"En fait, non.";
"ただいま
『買い取りお試しキャンペーン』やってます
……まぁキャンペーンと言っても
お一人様一回限りですけどね
貸し出しなら[IntNumberN]
買い取りなら、いつもの半額[IntNumberN]です[ChoiceN]";"The rental price is [IntNumberN].


But I'll tell you what—I'll give you
half off if you buy it. Just this once!
Let's see... That'd be [IntNumberN].[ChoiceN]";"Nous sommes en pleine campagne
promotionnelle :
    « L'essayer, c'est l'adopter ! »
Bon, en fait, tu ne pourras bénéficier
qu'une seule fois de cette offre
exceptionnelle...
Si tu souhaites louer un article, ça te
coûtera [IntNumberN] ; pour l'acheter,
c'est moitié prix, soit [IntNumberN].[ChoiceN]";
"借りる";"Rent";"Je loue !";
"買い取る";"Buy";"J'achète !";
"やめる";"Forget it";"J'en veux pas.";
"貸し出しなら[IntNumberN]
買い取りは[IntNumberN]です[ChoiceN]";"The rental price is [IntNumberN]. But if
you want to own it, it's [IntNumberN].[ChoiceN]";"Si tu veux louer cet article, ça te
coûtera [IntNumberN] ; pour l'acheter,
ça sera [IntNumberN].[ChoiceN]";
"借りる";"Rent";"Je loue !";
"買い取る";"Buy";"J'achète !";
"やめる";"Forget it";"J'en veux pas.";
"お買い上げ、ありがとうございます！

これで[ColoringStart][InsertMark][ColoringEnd]は
勇者くんのモノです
もうボクに返す必要はないですから
安心して、やられちゃってください！";"Thank you! Ha, hey! You know what
this means?

Now that you own the [InsertMark],
you can keel over all you want!";"Merci d'avoir acheté cet objet !
Il t'appartient, maintenant.

Tu n'auras plus besoin de me le
rendre, alors tu peux te faire démolir
le cœur léger !";
"フフッ！
ラヴィオジョークですよ！";"Just kidding, buddy.";"Hihi ! C'était une petite blague
à la Lavio !";
"ボクもシロも
応援してますよ";"You know that Sheerow and
I both have your back!";"Shiro et moi, on est
avec toi !";
"ガンバレ！
ボクらの勇者くん！";"Good luck, Mr. Hero!";"Allez, jeune héros !
Fais de ton mieux !";
"お買い上げ、ありがとうございます！";"Thank you for being such a great
customer!";"Merci pour ton achat !";
"お買い上げいただき
誠にありがとうございます～";"My deepest thanks for being the
best customer ever!";"Merci pour ton achat !
Merci, vraiment, merci !";
"ついに！
ウチの道具、全部売れました！";"At last! I've sold all of my items!";"Enfin ! J'ai tout vendu !";
"ハイ、はくしゅ～！[Vibrate]";"Yay for me![Vibrate]";"[Flush]
       On applaudit bien fort ![Vibrate]";
"勇者くんがガンバってくれたおかげで
ボクもずいぶん儲か……
勉強になりました！";"Thanks to your efforts, Mr. Hero,
I've made a great prof—!

I mean, I've made a great FRIEND.";"Tu t'es surpassé, jeune héros !
Grâce à toi, j'ai pu faire de gros
bénéfi...
Euh... de gros PROGRÈS en matière
de vente !";
"でもね……勇者くん
新しい事件が起きてます！";"And there's just one more thing.";"Cependant... quelque chose de
terrible se prépare...";
"本日をもって
ラヴィオの店は閉店です～
だって、もう商売する道具が無いんだもの～

勇者くんが全部買い占めるんだもの～

勇者くんのばか！
ばかばか～！";"I'm closing down my shop! I mean,
I sold you everything, so I can
finally retire and live the good life!
♪ Whoop whoop boopie wooo!
♪ Whoopie doopie dooooo!";"La boutique de Lavio ferme ses portes
aujourd'hui même !

Ben oui, je n'ai plus rien à vendre !


Tu m'as tout acheté !


C'est de ta faute ! Ta faute, ta faute,
ta faute !";
"すみません……
ひと暴れして落ち着きました
何かが終わるってことは
何かが始まるってことですよね？
そう考えるとワクワクするなあ

これから何をするか
ゆっくり考えてみようと思います
勇者くん！";"Sorry. I just had to get that out of
my system.

I think I'm going to kick my feet up
for a bit while I figure out what I'm
going to do next.";"Désolé... Je suis bouleversé.


Après tout, il vaut parfois mieux tout
détruire pour reconstruire !

D'ailleurs, rien qu'en y pensant, j'ai
le poil qui se hérisse !

Je vais prendre le temps de réfléchir
à la prochaine étape de ma vie.

Jeune héros !";
"ウチのお店をご利用いただき
ありがとうございました～！";"Anyway, I just gotta bow down to you,
Mr. Hero. I can't believe that you
found so many Rupees for me!";"Je te remercie d'avoir soutenu mon
magasin !";
"これからも冒険、ガンバってください！
ボクもシロも応援してます";"Now, best of luck out there. Me and 
ol' Sheerow here will hold
down the fort for you!";"Je te souhaite bonne chance pour le
reste de ton aventure ! Shiro et moi,
on te soutient à 100 % !";
"おや、気が付きましたね

ボクは旅の商人……
ラヴィオって言います
たまたま教会に立ち寄ったら
祭壇のそばに、あなたが倒れていたんです";"Ooooh, you're waking up. Good. I was
starting to worry about you, buddy.

The name's Ravio. Hey, you listening
to me? What, the rug tastes really
good or something?
I'm a traveling merchant. I found you
in the Sanctuary. Passed out. Alone.
Strange, if you ask me.";"Tiens tiens, te voilà réveillé !


Je m'appelle Lavio.
Je suis un marchand ambulant.

J'étais de passage au sanctuaire
quand soudain, qu'est-ce que je
vois ? Toi, évanoui près de l'autel.";
"放っておけなかったので
この空き家に運ばせていただきました";"It looked like you needed a pal, so
I took the liberty of lugging you
here to this vacant house.
Seemed like the perfect place for you
to shake off the snores.";"Je ne pouvais pas te laisser là-bas,
alors je t'ai amené dans cette maison
inoccupée.";
"えっ？
ここ、あなたの家なんですか？
空き家じゃなかったんですね……";"Say what? This is your house?
Looked empty-ish to me.";"Hein ? C'est ta maison ?!


Maintenant que tu le dis, c'est vrai
qu'elle n'avait pas l'air si inoccupée
que ça...";
"それで、いったい何があったんですか？";"Wait, so tell me... What happened to
you, buddy?";"Bref, raconte ! Il t'est arrivé quoi ?";
"何ですってえ！？
怪しい男が人を絵に変えた！？";"You don't say? Some strange man
turned a girl into a painting?";"Comment ?! Un homme bizarre a
transformé des gens en tableaux ?!";
"で、その男を止めようとして
やられちゃった……ってわけですか";"So you got done in trying to stop
him, huh?";"Et c'est en essayant de l'arrêter
que tu t'es fait démolir ?";
"でも、そんな奴に
立ち向かうなんてスゴイなあ！
まるで「勇者」みたいです！";"That makes you a hero, buddy!
A real, live, genuine hero!";"Bon, j'avoue qu'il fallait un certain
cran pour s'attaquer à ce type
comme ça...
T'es une sorte de héros, en fait.
Comme dans les histoires.";
"……って、感心している場合じゃないか";"But why are you standing around
talking to me then?";"Enfin bon, je te passerai de la
pommade une autre fois, y a
des choses plus urgentes !";
"そんな大事件
すぐにお城に伝えに行くべきです！";"You've gotta report this to the castle!";"Tu dois foncer au château, et presto !
Faut leur raconter ce qui s'est passé !";
"あ！
ちょっと待ってください！";"Oh! Hey! Wait a minute.";"Oh, j'oubliais !
Attends une seconde !";
"実はボク、宿を探してるんです

でも、なかなか見つからなくて……

大変、厚かましいお願いなんですが……";"To tell you the truth, I've been
looking for a place to stay.

It's been hard to find somewhere
good. So, uh. This is awkward...";"Tu vas peut-être trouver que
je brûle les étapes, mais qui ne
tente rien n'a rien !";
"しばらくの間でいいんで
あなたの家に泊めてもらえませんか？[ChoiceN]";"Is it okay if I stay here for a while?
Just a couple of days, I promise![ChoiceN]";"Alors voilà, je me lance... Tu voudrais
pas m'héberger ? Pas pour longtemps,
hein. Quelques jours, trois fois rien...[ChoiceN]";
"いいよ";"Of course";"Avec plaisir !";
"やだよ";"No way";"Jamais !";
"本当ですか！
ありがとうございます～！";"Really?! Thanks a million!";"Non, sérieusement ? T'es super,
je te dois une fière chandelle !";
"これで野宿生活ともオサラバです！";"Finally, no more sleeping in the wild.
Tough world out there, you know?";"Finies les nuits passées sur l'herbe
humide !";
"つまらないものですが、
コレ、宿代代わりに受け取ってください";"Here—take this. I can't pay rent yet.
But it's something, at least.";"Tiens, prends ça. D'accord, il paye pas
de mine et ça rembourse pas vraiment
le loyer, mais c'est toujours ça, non ?";
"アンティーク好きの人には
よだれモノのいっぴ……ん？";"I know it looks like a hunk of junk,
but it's older than old. A real
treasure, that thing—! Uh, what?";"D'ailleurs, un amateur d'antiquités
tomberait à genoux devant une pièce
d'une telle rar... Hein ?";
"え！？
クサいから、いらない？
いい香りじゃないですか！

むわっとした青臭さに加えて
カビ臭さをともなった大地を思わせる……
歴史を重ねた本物の証です！";"What odor? You don't want it because
it SMELLS funny?

That's the smell of history, buddy!
Musty leather! Moldy aromas!
The rich fragrance of a relic!";"Comment ça, il fouette ?!


Mais non ! Pas du tout !


Hmm... Ce riche parfum... Cette légère
odeur de moisi... Ça me rappelle les
vertes prairies de mon enfance...
En plus, ça prouve que c'est un objet
chargé d'histoire !";
"まあ、少々ニオイますけど
ボクが大切にしていた腕輪なんです
せっかくプレゼントしたんですから
きちんと腕に着けてくださいよ！";"OK, fine. I'll admit that it smells like a
wet dog. But you gotta know, that's
a GOOD smell.
Besides...it's a gift. So the least you
could do is wear it, buddy!";"Bon, c'est vrai, il pue un peu...
Mais ce bracelet est très important
pour moi.
Et puis un cadeau, ça ne se refuse
pas ! Alors porte-le, tu veux ?";
"本当ですか！
ありがとうござ……　えっ？
「やだよ」？

この流れで「やだよ」？";"What? Say it's not so!";"Ouah, merci ! T'es sup... Hein ?
Comment ça, « jamais » ?

C'est pas vraiment la réponse que
j'attendais...";
"ボク、もう野宿はイヤなんです！

足がいっぱいある虫と
一緒に寝たくないんです";"But—! But—! But aren't we buddies?
You'd kick me out? Into that cruel,
cruel world out there?
Please? You don't know what it's like
trying to get some shut-eye with all
those creepy-crawlies!";"Allez, sois chic, quoi ! J'en ai ras
les oreilles de la vie de bohème,
moi !
T'as déjà essayé de dormir avec
des bestioles pleines de pattes
qui te grimpent le long du dos ???";
"この通りです！
泊めてください！
お願いします！
お願いしますよ～！[ChoiceN]";"I know it's your place, but I feel so
at home here! Pretty please? With a
cherry on top?[ChoiceN]";"Allez, quoi, laisse-moi rester ici !
Steuplaît-steuplaît-steuplaîîîîîîît !
C'est bon, tu veux bien ?[ChoiceN]";
"いいよ";"All right";"Allez, d'accord.";
"やだよ";"Get out";"Dehors !";
"えっ？
ウ……ソでしょ……";"What? 
R...really?";"Hein ? Tu...
Tu plaisantes, hein ?";
"泊めて！
お願いします！
一生のお願いですから～！[ChoiceN]";"Please let me stay! I know it's your
house, so super-duper please?[ChoiceN]";"Allez ! Allez ! Laisse-moi rester !
S'il te plaîîît ! Je te le demande à
genoux ![ChoiceN]";
"……いいよ";"Of course";"D'accord...";
"……わかったよ[ChoicePositive]";"If you insist[ChoicePositive]";"Si tu insistes...[ChoicePositive]";
"えっ？神父さん？
さあ、気がつきませんでしたけど……
そんなことより！";"What's that? Was the priest all right?
I don't know. Maybe? Probably?

All I know is that you've got to get
news of all this to Hyrule Castle!";"Comment ? Un prêtre ?
Non, ça me dit rien...

Mais c'est pas très important !";
"さあ、お城に行かないと！
今すぐ！
今すぐです！";"Now, pronto, buddy. To the castle!


Hurry!";"Allez, va au château, et vite !
Maintenant !


	　Maintenant !!!";
"ボクも一緒に
お城に行きたいところですが……
ボクじゃ見るからに怪しいじゃないですか？

ボクの事は気にせず
お城へ急いでください！";"What, you think I should go? Have
you SEEN what I'm wearing? They'd
never believe me.
Anyway, stop wasting time and just
make haste to the castle!";"Je serais bien venu avec toi, mais
j'ai pu remarquer que les lapins
n'inspirent pas vraiment confiance.
Allez, ne t'occupe pas de moi !
Tu devrais plutôt te dépêcher
d'aller au château !";
"行ってらっしゃーい！

がんばって！
勇者くん！";"Bye now! See ya, Mr. Hero!";"Allez, bonne chance !";
"ゼルダ姫に会ったんですか？
さぞかしお美しいんでしょうね
ボクは屋根のある場所で寝られて幸せです
勇者くんのおかげです";"So you met with Princess Zelda?
Lucky you, getting to meet her.
She as pretty as they say? 
Me, I'm just happy to have a roof over
my head. First time in a while—thanks
to you, Mr. Hero!";"Alors, t'as rencontré la princesse
Zelda ? Elle est super jolie, à ce
qu'on raconte...
Dis donc, tu peux pas savoir comme
je suis heureux d'avoir un toit ! Ça
faisait un bail. T'es vraiment super !";
"おかえりなさい！
勇者くん！";"Welcome back, Mr. Hero!";"Bienvenue, jeune héros !";
"大丈夫ですか？
勇者くん……";"You all right, Mr. Hero?";"Tout va comme tu veux, jeune héros ?";
"おかえりなさい！";"Welcome back!";"Tu es enfin rentré !";
"大丈夫ですか……

ところでッ！";"Everything OK?


Oh, by the way...";"Tout va comme tu veux ?


Oh, au fait !";
"勇者くん！
衝撃のニュースです！
いい空き家が見つからなかったんで……

勇者くんの家……リフォームしちゃいました！";"I still haven't found anywhere else to
stay. So I spruced things up in here.";"Jeune héros ! J'ai une bonne et une
mauvaise nouvelle !

La mauvaise, c'est que je n'ai pas
réussi à trouver de logement digne
de ce nom...
... et c'est pas faute d'avoir cherché...
La bonne... c'est que j'ai réaménagé
ta maison !";
"立派な店になったでしょう？";"I've made it into a nice little shop
for myself. Pretty great, isn't it?";"Qu'en penses-tu ? J'en ai fait une
belle boutique, hein ?";
"やっぱり、まずかったですか……";"So...I take it things didn't go as
planned?";"Ohhh... Ça ne s'est pas bien passé,
là-bas ?";
"でもボクの商売道具、役に立ったでしょ？";"But the item I lent you came in
handy, right?";"Mais l'objet que je t'ai prêté t'a été
utile, n'est-ce pas ?";
"ボクねぇ……
他にもいろんな道具……持ってるんですよ♥";"You know...there's actually plenty
more where that came from! Ravio is
ALL about helping heroes.";"Tu sais... J'ai encore tout plein
d'autres articles en réserve ! ♥";
"これから先の冒険で
必要なんじゃな～いかナァ～";"And the way things are going, I think
you're going to need my help.";"Quelque chose me dit que tu en auras
besoin plus tard...";
"じゃあ、これでどうです？";"You know what they say—you wash
my ears, I'll wash yours?";"Écoute, j'ai une proposition à te faire.";
"「勇者くんは、ボクに家を貸す！」
「ボクは、勇者くんに便利な道具を貸す！」";"How about you rent me your house...
and I'll rent you lots of items?";"Tu me prêtes ta maison, et moi, je te
prête de l'équipement qui te sera utile
dans ta quête !";
"ハイ、決まり！

どうせ家にいないんだから
困ることないでしょ？";"Then it's a deal! I mean, it's not like
you ever come here, right?";"Mais ouiii ! C'est vraiment une idée
de génie !

De toute façon, t'es jamais chez toi,
j'ai pas raison ?";
"さて！

さっそくだけど
ウチのお店について、説明させてもらいます
ここでは冒険の役に立つ道具を
貸し出します！
しかも期間は、なんと……
あなたが倒れるまで！";"All righty, then. Here's how my shop
works. I rent a wide range of items
and weapons to you.
And the rental period? That's the
best part. You keep rentals for a
LONG time.
Specifically, until the next time you
fall in battle. Which might never
happen, right?
Sure, you look tough.";"Bon, puisque nous sommes d'accord...


... si je t'expliquais un peu comment
on va fonctionner ?

Voilà, tu trouveras dans ma boutique
des articles de location qui te seront
utiles pendant ton voyage !
Et c'est de la location à vie, en plus !
Valable jusqu'à ce que tu casses ta
p... hum... que tu tombes au combat !";
"道具の回収は
このシロくんが行います";"But if you do fall in battle, my pal
Sheerow here will swoop in to
collect my property.";"En cas d'événement tragique, c'est
mon bon ami Shiro qui se charge
des retours.";
"お客様は、なんと……
ただ倒れているだけで結構です！";"Right, just like that. Swoop right in.
Collect my stuff. While you...er...
just lie there.";"Pas de stress... Toi, tu t'écroules en
toute simplicité, et nous, on se charge
des formalités déplaisantes !";
"説明は以上です！

弓矢以外にも
使える道具を用意してますよ
気になる物があったら
前に立ってを押してください";"So, see anything you want? I've got
plenty of gear besides the bow.

If you find anything you like, just
walk up to it and press .";"C'est simple comme bonjour !


Comme tu peux le voir, en plus de
l'arc, j'ai d'autres objets disponibles !

Si tu en vois un qui t'intéresse,
place-toi devant et appuie sur .";
"あれ？
興味ありません？";"Huh? Not interested?";"Oh ? Aucun de nos articles ne
t'intéresse ?";
"またのご利用、お待ちしております！";"See you next time!";"N'hésite pas à repasser nous voir !";
"いらっしゃい、勇者くん！

今日は「耳よりなお知らせ」があります

貸し出し専門でやってきたウチのお店
本日より販売を始めることにしました！";"Welcome, Mr. Great Hero!


I have some big news for you. You
may know me as the rental guy. But
now I'm in the sales biz too!";"Bienvenue, jeune héros !


J'ai une excellente nouvelle pour toi.


Tous nos articles étaient uniquement
proposés à la location, mais c'est
désormais de l'histoire ancienne !
Nous t'offrons la possibilité de les
acheter, maintenant !";
"ハイ、はくしゅ～！[Vibrate]";"Great, right?[Vibrate]";"[Flush]
       On applaudit bien fort ![Vibrate]";
"これからは借りるだけじゃなくって
良心価格で買い取りもできちゃいます！
さらに今なら！
『買い取りお試しキャンペーン』も実施中！
はじめての買い取りは通常価格の……
なんと……
半 額 ！

……ただし、お一人様一回限りですけどね

初回は、大変お求めやすくなっております
今後ともウチのお店をよろしくね";"Starting today, you can buy my
items too—and at really good prices!

If you act now, your first purchase is
HALF-price.

Only once per customer though...


Just to give you a taste of sweet,
dee-licious ownership!";"À partir de maintenant, je te propose
non seulement de louer mes produits,
mais aussi de les acheter !
      Et attention, à un prix plus
             que décent !

C'est pourquoi je lance ma
campagne :
     « L'essayer, c'est l'adopter ! »
Et pour ton premier achat, je souhaite
te faire une offre spéciale ! Oui, oui,
je te le fais à...

	　　moitié prix !

... Mais tu ne bénéficieras qu'une seule fois
de cette offre.

Mais quelle générosité, oui, je sais !
J'espère te voir souvent dans
notre magasin !";
"ちょっと待って！
勇者くん！";"Hey, hold up, Mr. Big-Deal Hero!";"Attends un peu, jeune héros !";
"今日はもう一つ
「耳よりなお知らせ」があります
このラヴィオだけが
知っているスペシャル情報ですよ～！";"I've got more big news for you.
Top secret. Kind of thing only ol'
Ravio knows.";"J'ai encore une bonne nouvelle pour
toi.

C'est un super tuyau à la Lavio !";
"聞きたい？";"Want to hear it?";"Tu veux que je t'en parle ?";
"聞きたくなくても、しゃべっちゃいます！
それは……";"Don't know why I'm asking. Just going
to keep talking anyway. It's a little
something I like to call...";"Non ? Tant pis, je vais quand même
t'en parler ! Écoute bien, c'est une
technique que j'appelle la...";
"クイックセット～！";"Quick Equip!";"[Flush]
            sélection rapide !";
"この技を使えば、アイテムを
素早く持ち替えることができるのです！";"You know, for swapping items out on
the fly?";"Elle te permet d'équiper plus
rapidement tes objets !";
"このボタンを押せば、
「クイックセット」が使えます
歩きながら、アイテムの持ち替えができるから
なにかと忙しい勇者くんも助かると思います
だけど、どのアイテムを使うか
じっくり考えたい時は……";"Press your equipped items to use
Quick Equip. Easy enough to do, even
while you're running around.
Of course, you can always take your
sweet time thinking about each and
every item you want to use.";"Tu peux ouvrir le menu de sélection
rapide en touchant un objet que tu
as déjà équipé...
... et ainsi équiper un autre objet tout
en marchant. Pratique pour les héros
toujours en vadrouille !
Par contre, si tu es plutôt du genre
à prendre ton temps...";
"これまで通り
「アイテム」ボタンを使う方がイイですよ";"In that case, it's better to just keep
using the Items button.";"... tu peux aussi continuer à utiliser
l'inventaire comme tu le faisais
jusqu'à maintenant.";
"お知らせは以上です
「クイックセット」使ってみてくださいね";"Here endeth the lesson! So take
Quick Equip for a spin sometime.";"C'est tout pour les informations.
Essaye donc d'utiliser le menu
de sélection rapide, tu veux ?";
"いらっしゃいませ！
勇者くん！";"Hey, it's Mr. Hero! Welcome!";"Bienvenue, jeune héros !";
"このあいだ教えてあげた「クイックセット」
使ってくれてますか？[ChoiceN]";"So, you been using that Quick Equip
technique I told you about a ways
back?[ChoiceN]";"Est-ce que tu utilises le menu de
sélection rapide dont je t'ai parlé
la dernière fois ?[ChoiceN]";
"使ってるよ！";"Yep";"Ouais !";
"使ってないよ！";"Nope";"Pas du tout !";
"それは良かった！

実は「クイックセット」について
耳よりな情報を手に入れたんですよ！";"Well, keep it up. I actually got another
Quick Equip tip for you.";"Merveilleux !


J'ai à ce sujet d'autres informations
qui pourraient bien t'intéresser !";
"あら……そりゃ残念です

「クイックセット」について
耳よりな情報を手に入れたんですが……
興味ないでしょうけど
我慢できないから、しゃべっちゃいますね";"Well, then maybe this tip will hook
you on the whole Quick Equip thing.";"Oh... Comme c'est dommage.


J'ai de nouvelles informations qui
pourraient t'être très utiles !

Ça ne t'intéresse sûrement pas, mais
je ne peux pas m'empêcher d'en
parler, alors je vais t'en dire plus !";
"今日のお知らせは、
アイテムセレクト画面の「ツマミ」です！";"See the slider on the item-selection
screen?";"Je voudrais te parler du curseur qui se
trouve à l'écran de l'inventaire.";
"この「ツマミ」
スライド操作で左右に動かせます
下画面を見てもらえます？";"You guessed it—you can sliiiide the
slider left and right. Mind taking a
look at the lower screen?";"Tu peux le faire glisser à gauche et
à droite.

Regarde l'écran tactile, tu veux ?";
"水色の枠の大きさが変わってますよね？

「クイックセット」で持ち替えるアイテム数を
変更できるんです
例えば、よく使うアイテムだけを
「クイックセット」で持ち替えたい！";"See how the size of the blue frame is
changing? That shows how many
items you have ready for Quick Equip.
For example, let's say you want only
the items you use the most to show up
in Quick Equip.";"Le cadre bleu change de taille,
tu vois ?

Sers-t'en pour sélectionner les objets
que tu veux assigner au menu de
sélection rapide.
Tu peux, par exemple, n'inclure que
les objets dont tu te sers souvent.";
"そんな時は「ツマミ」を一番右にセット！

「クイックセット」の持ち替えが
よりすばやく出来るようになりますよ
ちなみにボクは真ん中が好みです

試して好みの設定を見つけてくださいね";"In that case, set the slider to the far
right to highlight just four items, and
then put your fave four there!
But if you want to have more than
four items in Quick Equip, just move
the slider toward the left.
Be sure to try it out. See what works
best for you!";"Dans ce cas-là, il te suffit de faire
glisser le curseur tout à droite !

Je suis sûr que tu trouveras ça encore
plus rapide !

À ce propos, moi, je préfère laisser le
curseur au milieu.

À toi de t'organiser et de voir ce que
tu préfères !";
"ハイ！
今回の耳より情報は、これでおしまい";"All right. That's all the information I've
got for ya today!";"Très bien ! C'est tout pour les
informations.";
"わかりました？[ChoiceN]";"Did that all make sense?[ChoiceN]";"Tu as tout compris ?[ChoiceN]";
"わかった";"Yep";"Oui.";
"さっぱりわかんない";"Nope";"Pas du tout...";
"ちゃんとお伝えできてよかった……
それじゃ、「ツマミ」使ってみてくださいね";"Good. It's tricky stuff, but it could
make all the difference out there. So
don't forget to give the slider a try.";"Bien, tant mieux si j'ai été clair !
Allez, essaye donc de l'utiliser,
ce curseur !";
"あら……そうですか
じゃあ、もう一回お話しします";"No worries—it's a chunk of info.
Let's take it from the top.";"Ah bon ? Je vais tout te réexpliquer,
alors.";
"いらっしゃいませー！
勇者くん！";"A warm welcome to you, Mr. Hero!";"Bienvenue, jeune héros !";
"おかえり～　勇者くん";"Welcome back, Mr. Hero!";"Bon retour parmi nous, jeune héros !";
"大変な目にあいましたね

でも、悪いことばかりじゃないですよ";"You've had a pretty rough time of it,
haven't you? But here's a silver
lining, at least.";"C'est moche, ce qui t'est arrivé.


Mais allez, reprends-toi, c'est pas
la fin du monde !";
"勇者くん！

お待ちかねの
あの道具が返却されましたよ～";"Oh, Mr. Hero! One of my other
customers finally returned his rental
item. And here it is!";"Jeune héros !


On m'a enfin rendu l'article que
tu étais si impatient de louer !";
"サンドロッド～！";"The Sand Rod!";"[Flush]
   La... baguette des sables !";
"どんな道具かな～？
気になるでしょ？
早くチェックしないと
他のお客さんに借りられちゃいますよ～";"Wondering what it does? Well, you'd
better snatch it up quickly then.
Before someone else gets it first!";"Je suis sûr que tu te demandes à quoi
elle peut bien servir !

Tu ferais mieux de la louer avant que
d'autres clients ne s'y intéressent...";
"大変な目にあいましたね
無理は禁物ですよ
といっても勇者くん！
また冒険に出かけるんでしょ？
だったら、ウチの道具も
忘れずに持って行ってくださいね";"Eh, you got done in, huh? That's
all right. Happens to the best of us.

You're going out adventuring again,
though, right? Sure you are. So...
be sure to rent items before you go!";"C'est moche, ce qui t'est arrivé. Ce
n'est pas tous les jours facile, mais
ne va pas te tuer à la tâche, non plus.
Enfin, j'aurai beau te mettre en garde,
ça ne t'empêchera pas de repartir à
l'aventure, je me trompe ?
Surtout, n'oublie pas d'emporter
quelques-uns de mes articles
avec toi !";
"今日のオススメはこの2つ！

トルネードロッドと
ハンマーです
割引価格でお貸ししますよ";"I have two specials today. I'm
renting the Tornado Rod and
the hammer at a discount.";"Aujourd'hui, je te conseille de louer
deux objets !

La baguette des tornades et le
marteau. Je fais une petite remise
sur le prix de location.";
"今日のオススメは、トルネードロッド
割引価格でお貸ししますよ";"Today's special is the Tornado Rod.
I'm renting it out at a bargain!";"Aujourd'hui, je te conseille de louer
la baguette des tornades. Je fais une
petite remise sur le prix de location.";
"今日のオススメは、ハンマー
割引価格でお貸ししますよ";"Today's special is the hammer. I'm
renting it out at a bargain!";"Aujourd'hui, je te conseille de louer
le marteau. Je fais une petite remise
sur le prix de location.";
"あら……

やられちゃった後に言うのもナンですが
健康には十分気を付けてくださいね……";"Sorry, buddy. Better luck next time.";"Eh bien...


Il est peut-être un peu tard pour te le
dire, mais tu devrais ménager ta santé.";
"大変な目にあったみたいですね
無理は禁物ですよ";"Sorry you're having a tough time
out there, buddy.";"C'est moche ce qui t'est arrivé. Mais
ne va pas te tuer à la tâche, hein !";
"ビンは持ってますか？

妖精さんと
一緒だと、倒れたときも安心ですよ";"You got a bottle maybe?


If you keep a fairy in one, you'll be
revived if you fall.";"Tu possèdes un flacon ?


C'est plus sûr de voyager avec une
fée, comme ça, tu es tranquille,
même si tu es vaincu au combat.";
"がんばって……
そして、やられて……
まったく勇者ってのは、大変な職業ですねえ

え、職業じゃない？

でも、やめないでくださいね
勇者くんは、ウチのお店のカモ……
じゃなく、お得意様なんですから！";"You give your all, only to be cut down.
Nothing harder than the hero's life.

Well, come back and rent items when
you're ready for more adventure!";"Mettre tout son cœur au combat pour
finalement se faire étaler par le
premier monstre venu... Aïe.
Héros, ce n'est pas un métier de
tout repos !

Quoi ? Ce n'est pas ton travail ?


C'est du pareil au même, non ?
En tout cas, continue comme ça.
Ça rapporte, les pigeons com...
Euh... Je veux dire les CLIENTS
comme toi !";
"あら……

やられちゃった後に言うのもナンですが
健康には十分気を付けてくださいね……";"Done in again, buddy? Try to take
better care of yourself!";"Eh bien...


Il est peut-être un peu tard pour te le
dire, mais tu devrais ménager ta santé.";
"大変な目にあったみたいですね
無理は禁物ですよ";"Having a rough time of it out there?
Sorry to hear it, buddy!";"C'est moche ce qui t'est arrivé. Mais
ne va pas te tuer à la tâche, hein !";
"やられちゃいましたね……";"You got done in, eh?";"Tu t'es fait battre à plate couture,
on dirait...";
"がんばって……
そして、やられて……
まったく勇者ってのは、大変な職業ですねえ";"You're the hardest-working guy out
there, aren't you, buddy? This
hero business is tough work!";"Mettre tout son cœur au combat pour
finalement se faire étaler par le
premier monstre venu... Aïe.
Héros, c'est pas un métier de
tout repos !";
"チョット！[Vibrate][Flush]";"Hey![Vibrate][Flush]";"Hé !!![Vibrate][Flush]";
"勇者くん！
その袋には触らないでください！";"Don't touch that bag, Mr. Hero!";"Ne touche pas à ce sac, s'il te plaît !";
"命よりも大切な物が入っているんです！";"There's something in there that's
more important than life itself!";"Ce qu'il contient est plus précieux
encore que ma propre vie !";
"[PlayerName]の家

";"[PlayerName]'s House";"Chez [PlayerName]";
"【ラヴィオの店】
冒険の必需品
あります";"Ravio's Shop:
Indispensable items for hero types!";"Boutique de Lavio
Nous avons tout le nécessaire
pour partir à l'aventure !";
"おーい、[PlayerName]！！
おーい！！";"Hey, [PlayerName]!";"Héé, [PlayerName] !
Hééé hooo !";
"……やっぱりまだ寝てる";"Huh. Still sleeping.";"J'en étais sûr, il est encore en train
de dormir...";
" [Flush]起きろー！！[Vibrate]";"[Flush]WAKE UP![Vibrate]";"[Flush]
                Debouuut !!![Vibrate]";
"もー、[PlayerName]
いつまで寝てるんだよ～
お仕事はとっくに始まってるよ！

毎日起こしに来ないといけない
ボクの身にもなってよね！";"Come on! How long are you going to
sleep, [PlayerName]?

Do I have to wake you up every
morning? I have chores to do!";"Allez, [PlayerName] !
Tu vas dormir jusqu'à quand ?

Ça fait longtemps que les grands ont
commencé à travailler à la forge !

Je dois venir te réveiller tous les
matins... Je suis plus petit que toi,
pourtant !";
"さあ、行くよ！
外で待ってるから早く出てきてね！";"I'll be waiting outside, so get up—and
let's get going!";"Allez, on y va ! Je t'attends dehors,
alors dépêche-toi !";
"父ちゃん、すっごい怒ってたよ……
かじ屋の朝は早いんだ……って";"Papa was really angry. He said that
you can't be a blacksmith if you
don't get up at the crack of dawn!";"Mon papa, il était super en colère...
Même qu'il a dit qu'un forgeron, ça
doit se lever avec les cocottes.";
"さ、いそごう！
父ちゃんの機嫌がどんどん悪くなっちゃうよ！";"Papa is steaming mad that you're late
again. C'mon, let's get to his shop.";"Dépêchons-nous ! Papa ne risque pas
de se calmer tout seul, tu sais...";
"何してるの？
より道なんかしてる時間はないよー！";"What are you doing? This is no time
to go off on an adventure!";"Tu fais quoi ? C'est pas le moment
d'aller jouer !";
"そうだ、朝のアイサツしないと！";"Oh, almost forgot! Don't forget to
check in here.";"Ah ! N'oublie pas de lui dire bonjour !";
"誰にって？";"What do you mean, where?";"Comment ça, à qui ?";
"コイツに決まってるでしょ

『出かける時は、風見鶏にアイサツ！
セーブしていれば安心だぞ！』
って、いつも父ちゃんが言ってるでしょ？";"With the weather vane here!


Always give that a spin when you
pass by. That'll let you save. Papa
says you should always do that.";"Ben... À elle, évidemment !


Papa dit toujours qu'il faut saluer
la girouette quand on sort dehors.

Comme ça, si t'as bien fait ta
sauvegarde, t'as plus besoin
de t'inquiéter !";
"……
ところで[PlayerName]……
セーブってなんだろ？";"...Hmm. Not real sure what saving is.";"... Au fait, [PlayerName]...
C'est quoi une sauvegarde ?";
"ボク子どもだから
何のことだかよくわからないや！
じゃあ、先に行ってるからね！
アイサツすませたら、いそいで来てね！";"I'm just a kid. Nobody tells me
anything.

Anyway, I'm going to run on ahead.
Catch up after you spin that vane,
[PlayerName].";"Je suis petit alors je ne sais pas
ce que c'est...

Allez, je passe devant ! Rejoins-moi
quand tu auras dit bonjour à la
girouette !";
"ちゃんとセーブしないと
父ちゃんに怒られるよ！";"Sorry—you've gotta spin the vane!
You don't want my papa finding out
that you didn't save properly.";"Papa va te gronder si tu fais pas bien
ta sauvegarde !";
"コレは、『がんばりゲージ』です

このゲージには、3つのきまりがあります

1．の道具を使うとゲージが減ります

2．ゲージがゼロになると
　 しばらくの道具が使えなくなります
3．時間とともに少しずつ回復します

今借りたを使って
3つのきまりを確かめてみましょう";"This is the energy gauge. It depletes
when you use 's items and
recharges over time.
If your energy runs out, you can't use
's items until it replenishes.

Try it out using the  you just got.";"Voici la jauge d'endurance.


Il y a trois choses à savoir sur
cette jauge.

1. Le niveau de la jauge baisse
à chaque fois que vous utilisez
un objet.
2. Quand la jauge est vide, les objets
sont inutilisables pendant un court
moment.
3. La jauge se remplit toute seule.


Apprenez à utiliser la jauge
d'endurance avec l'arc qu'on
vient de vous prêter !";
"もう一度、説明を聞きますか？[ChoiceN]";"Want to hear the explanation again?[ChoiceN]";"Voulez-vous relire les explications ?[ChoiceN]";
"はい";"Yes";"Oui.";
"いいえ";"No";"Non.";
"……！！

[PlayerName]じゃないか！
生きておったか！";"...[PlayerName]?


Is that really you? You're ALIVE?!";"... !


[PlayerName] !
Tu es vivant !";
"ゼルダ姫様は無事なのか？";"Tell me at once—is Princess Zelda
safe and sound?";"Et la princesse Zelda, est-ce qu'elle
va bien ?";
"おー、[PlayerName]！
生きておったか！
ゼルダ姫様は無事なのか？";"Oh, my lad! You're alive? I thought
that...!

No matter. I am just glad to see you
alive and well. Please tell me,
is Princess Zelda safe?";"Oh, [PlayerName] !
Tu es vivant !

Et la princesse Zelda, est-ce qu'elle
va bien ?";
"そうか……
ユガめ……";"I see... So Yuga has become evil itself
in a kingdom of shadow... Curse him
for all eternity!";"Je vois... Maudit sois-tu, Yuga !";
"お前がハイラル城に入って
しばらく経った後、大きな地震が起きての";"His evil has spread even here, for just
after you vanished into Hyrule Castle,
a quake shook the kingdom!";"Il y a eu un grand tremblement de
terre peu après ton entrée dans
le château d'Hyrule.";
"見ろ、このキレツを！

こんなモノが、ハイラルのいたる所に
できてしまったんじゃ";"It left fissures like this all through
Hyrule! And when there are cracks,
can shattering be far behind?";"Regarde cette faille !


Ce n'est pas la seule. D'autres sont
apparues un peu partout en Hyrule.";
"[PlayerName]よ……

ゼルダ姫様が
敵の手中に落ちた今
ハイラルの命運は
風前のともし火なのかもしれん……
じゃが、お前の手には
古の神器、マスターソードがある！";"Oh, [PlayerName]...


With Princess Zelda in our enemy's
hands, Hyrule is on the brink of
disaster.
But you...! You at least wield the
sacred blade of legend, the
Master Sword!";"[PlayerName]...


Maintenant que la princesse Zelda
a été enlevée par nos ennemis, je
crains pour l'avenir d'Hyrule.
Cependant, tu as avec toi l'ancienne
relique, l'épée de légende !";
"お前の勇気と、その剣があれば
ハイラルの運命は変えることができるはず！
今やお前は、ハイラル王国の希望なのじゃ
頼むぞ、[PlayerName]よ";"Hope lives still, as long as you hold
that sword, and your courage will
surely see us through.
The future of Hyrule Kingdom is in
your hands, [PlayerName].";"Arme-toi de cette lame et de ton
courage, et tu pourras changer le
destin du royaume !
Tu es notre seul espoir. Hyrule compte
sur toi, [PlayerName].";
"この怪しげなキレツは、ここだけではなく
ハイラルのいたる所に出来ておるのじゃ
あろうことか、ワシの家の裏にも……

えーい、いまいましいわい！
あんな家には帰るに帰れん！
[PlayerName]よ……
頼んだぞ……
ハイラルを……老人の安息を
取り戻してくれ……";"These cracks are all over Hyrule, even
in the back of my house!

Where can I go? Where will I sleep?
I fear getting too close to such
vicious fissures!
Oh, hear an old man's pleas. Restore
Hyrule Kingdom to what it was,
[PlayerName]!";"On peut trouver ces étranges failles
un peu partout en Hyrule.

Il y en a même une dans un des murs
de ma maison...

C'est vraiment affreux ! Je ne peux
même plus dormir chez moi !

[PlayerName]...
Je compte sur toi.

Ramène la paix en Hyrule...
Et donne au vieillard que je suis
un instant de repos...";
"ん……なんじゃ？

小鳥とタワムレておったのに……

……鳥は嫌いか？[ChoiceN]";"Wh-what gives? I was playing with
those birds! You don't like my
feathered friends?[ChoiceN]";"Qu'est-ce que tu veux ?


J'étais en train de m'amuser avec
les oiseaux...

Tu détestes les oiseaux ?[ChoiceN]";
"スキ";"I like birds";"Pas du tout !";
"キライ[ChoicePositive]";"I don't like them[ChoicePositive]";"Plus que tout.[ChoicePositive]";
"まあ、鳥にも色々おるからのう

カワイイ顔をしておるが
何を考えているか分からん
……まあ、分からんからこそワシは
スキなんじゃが";"Hey, come now. There's a lot more to
birds than you might think.

They look so carefree, but who knows
what's REALLY going on inside those
little noggins of theirs? I love that.";"Eh bien, il existe toutes sortes
d'oiseaux.

Ils ont l'air mignons, comme ça, mais
on ne sait pas à quoi ils pensent.

En fait... C'est justement parce que
je ne sais pas que je les aime.";
"うむ……

幸せそうに飛び回っている様は
いつ見ても、いやされるのう
ワシも一度空を飛んでみたいもんじゃ";"The joyful way they fly around always
lifts my spirits. I'd love to fly just
once.";"Hmm...


Ça me détend de les voir voler
gracieusement dans le ciel.

Moi aussi, j'aimerais pouvoir faire
comme eux...";
"……ところでワシに何か用か？[ChoiceN]";"You need something?[ChoiceN]";"... Tu voulais quelque chose ?[ChoiceN]";
"用はない";"Nothing";"Non.";
"何してるの？[ChoicePositive]";"Let's talk[ChoicePositive]";"Tu fais quoi ?[ChoicePositive]";
"……わざわざ、こんな所まで来て
用がないとは……";"You came to such an out-of-the-way
place for no reason?";"... Tu es venu jusqu'ici pour rien... ?


... Qu'est-ce que tu me caches ?";
"……わざわざ、こんな所まで来て
ワシに話しかけるとは……";"You came to such an out-of-the-way
place to chat with me?";"... Tu es venu jusqu'ici pour
discuter... ?";
"先ほど流れ着いてきた
このビンといい……おぬしといい……
今日は騒がしい日じゃわい";"You know, this bottle washed up here
a little ways back. And now you come
on by. Exciting day for me!";"Un flacon apporté par le courant...
Un petit garçon...

Quelle journée mouvementée...";
"だが、今のワシには
どちらも関係のないもの……
小鳥たちさえいればそれでよい……";"TOO much excitement, I gotta admit.
I like things to stay nice and simple.
Just me and the birds here.";"Mais rien de tout ça ne me concerne
plus, désormais...

Tout ce que je demande, c'est qu'on
me laisse tranquille avec les oiseaux...";
"……だまって持って帰るがよい";"So do me a favor. Take this bottle with
you. It'll do my nerves good.";"... Tiens, prends-le et va-t'en.";
"ふむ……";"Hmm...";"Hmm...";
"上の方が、騒がしいようじゃが……
ワシには関係のないことじゃ";"The world above, up on the bridge...?
I'm glad to let it all go right on by.
Less I have to do with it, the better.";"On dirait qu'il y a du grabuge, en
haut... Mais ça ne me concerne pas.";
"あー！
緑みーっけ！";"Hold up a second, Greenie!


Yeah, I'm talking to you! Someone
else wearing the green hat?";"Aaah ! Du vert, là !!!";
"私、アイリン！
未来の天才魔法使いよ！
今はただの魔法少女だけど……

占いで私にとんでもない
災いが起きるって出たの
未来を変えたくば、緑を大切に……ってさ

だから手頃な緑を探してたんだけど……

うん、アンタでいいや！

私、アンタに
親切にしてあげることにしたわ
じゃあ
ハイ、これ！";"Who am I? Haven't heard of me? 
I'm Irene, best witch of my 
generation!
Still a junior witch, but whatever.


All right. Get this. I had my fortune
told this morning, right? 

And I was told I'd soon be visited by
disaster. DISASTER!

But if I want to change my future,
I should take care of...green.
I was like, GREEN?
What, I should take care of the grass?
I'm not mowing every lawn in Hyrule!
Forget that. I'm a witch on the rise!
And then you came along—and then
it all made sense. I've got to take
care of you, greenie.
So here. Take this thing.";"Je m'appelle Aëline !
Je suis une future sorcière bourrée
de talent !
Pour le moment, je ne suis qu'une
sorcière normale... Mais le talent
viendra, aucun doute là-dessus !
On m'a dit la bonne aventure, ce
matin. Apparemment, un terrible
malheur va s'abattre sur moi !
Et si je veux changer le futur, je dois
prendre soin d'un truc de couleur
verte...
Alors j'ai commencé à chercher, mais
je voulais surtout pas d'un truc qui
soit prise de tête, genre une plante...
Mais toi, je pense que tu feras
l'affaire !

J'ai donc décidé d'être gentille
avec toi.

Tiens, prends ça !";
"風見鶏、見たことあるでしょ？

ベルを鳴らしたら、アンタを風見鶏の所まで
連れてってあげるわよ";"Been seeing those weather vanes all
over the place? Just ring that bell, and
I'll fly you to any ones you've found.";"Tu as déjà vu des girouettes,
pas vrai ?

Fais sonner cette clochette et je
t'emmènerai vers l'une d'entre elles.";
"ホントはこんな面倒なこと
ゴメンなんだけど
占いの館の占いって
良く当たるのよね……
だから、アンタも私の未来のために
協力ヨロシクね！";"Normally I don't take passengers, but
I'd rather haul you all over Hyrule
than face disaster.";"Je ne fais pas ça de bon cœur,
tu sais !

Mais les prédictions du diseur de
bonne aventure sont souvent justes...

Alors montre-toi coopératif, d'accord ?
Disons que c'est pour ton bien et pour
mon futur !";
"いけない、もう行かなきゃ！
おばあちゃんのお使いの途中なの！
じゃあ、これからヨロシクね！";"Anyway, gotta fly. I have errands
to run for my gram. Later!";"Bref, faut que je file ! J'ai une course
à faire pour ma grand-mère !

Allez, à plus !";
"あ、そうそう
私のおばあちゃんは薬を作る名人なの
東の神殿の裏っかわに
お店があるんだけど
近くに来た時は、立ち寄ってみてよ
薬はいざって時に役立つからね
フフ……
私って親切ね！";"Oh, right. One more thing. My gram's
a world-class potion brewer. Her
shop is behind the Eastern Palace.
I'd strongly suggest you go look her
up. Her potions can't be beat.

See? I'm looking out for you already,
Greenie.";"Au fait ! Ma grand-mère est experte
en potions.

Elle tient un magasin derrière le
palais de l'est.

Si un jour tu es dans le coin, n'hésite
surtout pas à aller la voir ! Ses potions
sont très utiles en cas de pépin !
Hihi... Je suis gentille, hein ? T'as vu
comme je suis gentille ?";
"アンタ、なんだかボケーッとして
あぶなっかしいわね……
さっき言ってた、良く当たる占いって
そこの占いの館の事なんだ";"Hey, you're roaming around here,
huh? Been to the fortune-teller over
there yet?
He's always got good info about
what's to come. So if you're lost or
stuck...? Go chat with him.";"Dis donc, t'as l'air un peu paumé...


Le diseur de bonne aventure dont je
te parlais se trouve là-bas, dans le
pavillon de la divination.";
"アンタも、迷った時は
占いでもしてみたら？
フフ……
私って親切ね！";"If you find yourself stuck, don't forget
to have your fortune told. See, I just
can't HELP helping you!";"Si tu sais plus quoi faire, va le voir
pour qu'il te prédise l'avenir !

Hihi... C'est un bon conseil, pas vrai ?
Je suis vraiment trop gentille !";
"あー！
緑みーっけ！";"Whoa! Hold up a second, Greenie!


Yeah, I'm talking to you! Someone
else wearing the green hat?";"Aaah ! Du vert, là !!!";
"ひぃぃぃ～
ごめんなさい、ごめんなさい！
全部僕が悪いんです！
ごめんなさい……[Vibrate]";"Eeeee! I didn't do it! Or maybe I did!
Whatever. I'm just sorry either way![Vibrate]";"Aaaaaaaaaaaaaaah !
Pardonne-moi, pardonne-moi !
Je m'en veux tellement !!![Vibrate]";
"……ぼ、僕を連れ戻しに
来たわけじゃないんだね……
じゃ、じゃあ僕を助けてくれないかい？
よ、余裕があれば…だけど……[ChoiceN]";"Y-y-you're not here to bring me
back to the village, are you?

Uh, then how about h-h-helping me
out with something? I mean, if it
isn't t-t-too much trouble?[ChoiceN]";"Tu... Tu n'es pas venu pour me
ramener au village, pas vrai ?

Tant mieux. Dans ce cas, tu voudrais
pas m'aider ? Enfin, si tu as le temps,
bien sûr...[ChoiceN]";
"余裕ある";"Sure";"J'ai le temps.";
"余裕ない";"No";"Pas le temps.";
"おじさん、カカリコ村で道具屋を
やってるんだけどね
隣の露天商から「気持ちに余裕が生まれる
リンゴ」ってのを買ったんだ";"S-so here's the thing: I run the item
shop in Kakariko Village.

Or, uh, I did. Until I wasted almost
all of my profits on something dumb.
Well, it didn't SEEM dumb at first.";"Je tiens une boutique au village
Cocorico. Un jour...

... j'ai acheté au vendeur de rue près
de chez moi une pomme qui, selon lui,
permet de retrouver la paix intérieure.";
"そうだよね……

ここを見つけるってことは、きっと何か
大切なものを必死で探してたんだよね……
こんな隠れているおじさんの事なんて
どうでもいいよね……";"Yeah, I don't blame you. I...uh...
I wouldn't help me either.";"Ouais, ça m'étonne pas vraiment...


Tu dois être à la recherche d'un truc
super important pour venir chercher
jusque dans cette grotte...
Je comprends que t'aies pas de temps
à perdre à écouter les histoires d'un
vieil hurluberlu retiré du monde...";
"自分を変えたくて……ね
お店のお金をコッソリ持ち出して買ったんだ
……そんなリンゴ、欲しくなるでしょ？[ChoiceN]";"I bought an apple from the street
merchant outside my shop.

It looked so tasty, I gave him almost
every Rupee I had. B-b-but you'd do
the same thing too, right?[ChoiceN]";"J'ai pensé qu'elle pourrait me changer
la vie. Alors j'ai utilisé les fonds de ma
boutique pour l'acheter en secret...
C'est compréhensible, non ?
N'importe qui aurait fait la même
chose. Toi aussi, j'imagine ?[ChoiceN]";
"欲しくなる";"Sure";"Complètement !";
"全然欲しくない";"Never";"Pas du tout.";
"き、君はだれだい？
妻に言われて、僕を連れ戻しにきたのかい？
外の壁を完璧に塞いで隠れていたのに……
どうして、ここが分かったんだい……？";"Who are you? Did my wife send you to
find me?

I sealed up the opening nice and
tight. There wasn't even a crack, so
how'd you get in here?";"Qui... Qui es-tu ?
C'est ma femme qui t'a envoyé
pour me faire rentrer de force ?
J'avais condamné l'entrée de la
grotte... Comment as-tu su que
j'étais là ?";
"……そのリンゴ
食べて半日したところで効果が出たんだ……
……もうお腹壊しちゃって壊しちゃって
でもね……
次の日、朝起きたら
お腹がスッキリしてて
何もない普通が一番だなって思えたんだ

……そう
そうしたら気持ちに余裕が出来たんだ……";"Anyway, about that apple... I ate it
right away, right? And it was
the best apple EVER.
Worth every Rupee for sure.";"Je l'ai mangée, cette pomme, et
elle a commencé à faire effet une
demi-journée après...
Elle m'a retourné l'estomac, et j'ai
failli tourner de l'œil sous l'effet de
la douleur.
Mais tu sais quoi ? Le lendemain
matin, en me réveillant, je n'avais
plus mal au ventre.
Et je me suis dit qu'il n'y avait rien
de tel que la santé.

À ce moment-là, je me suis vraiment
senti en paix avec moi-même...";
"……でもそれを妻に言ったら
妻の気持ちの余裕がなくなっちゃって……
騙されたんだって言われて……
ううっ……
それで、ここに逃げてきたんだ
……やっぱり騙されてたのかな？[ChoiceN]";"Unfortunately, my wife didn't see
things that way. She really let me 
have it.
And wow, how my wife can yell when
she thinks she's right.

Er, I guess she WAS right. It was most
of our savings, after all. So, uh, and
I'm not proud of this...
but when I took a lunch break, I just
sort of didn't come back.

See? That's my sad story. Could
happen to anyone, right?[ChoiceN]";"... Ma femme, par contre, quand je lui
en ai parlé, était loin d'être en paix
avec elle-même.
Elle m'a dit que je m'étais fait rouler...
Snif...

Alors je suis venu me cacher ici.
Toi aussi tu penses que je me suis
fait rouler... ?[ChoiceN]";
"奥さんが正しい";"Only you";"Carrément.";
"わからなくはない[ChoicePositive]";"Of course[ChoicePositive]";"Pas du tout.[ChoicePositive]";
"ほ、本当かい？[Vibrate]";"R-r-really?![Vibrate]";"[Flush]
	 Oh... Vraiment?[Vibrate]";
"君は余裕がある人なんだね……";"OK, OK. Th-that's cool.";"Toi, on voit que tu es en paix avec
toi-même...";
"……あれっ、欲しい？

君もあんまり気持ちに
余裕がない人なんだね……";"What? You would?";"Eh oui, évidemment ! J'en conclus
que t'as pas encore trouvé la paix
intérieure, toi non plus...";
"……だよね";"...You sound just like my wife.";"Je m'en doutais...";
"君は優しいね……";"R-r-really? To anyone? That makes
me f-f-feel a little better.";"Tu es gentil...";
"やっぱり気持ちに
余裕がある人は冷静だね";"You've got life all figured out,
don't you?";"Les gens en paix avec eux-mêmes
sont toujours pleins d'assurance.";
"気持ちに余裕がない人なのに
冷静だね";"You seem like you're really sure of
yourself there.";"T'as l'air d'avoir confiance en toi.
Bizarre que tu sois pas en paix
avec toi-même...";
"気持ちに余裕がないと
何もかも分からなくなるよね";"You really know what you're doing,
don't you?";"Si on n'est pas en paix avec
soi-même, on finit par n'y plus
rien comprendre.";
"気持ちに余裕がある人って
なんだか大きく見えるね";"You've got it all figured out, don't
you?";"Les gens qui sont en paix avec
eux-mêmes sont toujours
extraordinaires.";
"……あっ、キミ
ドロンの実を持ってるんだね！";"Whoa. I see you've got yourself
a Scoot Fruit!";"Ah ! Tu as un fruit d'escampette !";
"お願いします！ドロンの実を
譲ってくれませんか？[ChoiceN]";"Could you let me have that? I really
need a Scoot Fruit![ChoiceN]";"Tu veux bien me le donner,
s'il te plaît ?[ChoiceN]";
"いいよ";"Sure";"D'accord !";
"これは自分用";"Nope";"J'en ai besoin.";
"ともかく、しばらくは家には帰れないんだ！
ここも見つかってしまったことだし……
次はダンジョンにでも身を隠さないと……

でもドロンの実がないと不安で不安で……
お願いします、持ってきてもらえませんか？";"I've been thinking that I've got to
hide myself away until I really
sort it all out.
Maybe in some secluded dungeon!
But I know those places are
dangerous without the right gear.
Like a Scoot Fruit! Yeah, I need one of
those before I go. Please get me one!";"Je ne peux pas rentrer tout de suite
chez moi, je dois rester caché. Mais
t'as réussi à me trouver, toi...
Ce qui veut dire qu'il me faut une
meilleure cachette. Je pensais aller
me terrer dans un donjon.
Mais entrer dans un donjon sans un
fruit d'escampette, ce serait de la
folie. Tu veux bien m'en apporter un ?";
"ありがとうございます！
ありがとうございます！
これはお代です！
受け取ってください！！";"Thank you so much! Here—take this
as thanks.";"Oh, merci merci merci merci merci !!!


Tiens, voilà pour te remercier !";
"き、君も余裕がないんだね……";"Y-y-you're not as cool as I thought!";"J-je te sens pas trop en paix avec
toi-même, toi non plus...";
"……あれ？
おかしいな……
ダンジョンに向かえないのは
ドロンの実がないからだって思ってたけど
いざダンジョンに向かおうとすると
足がすくんじゃうね……
ははっ……
……はぁ
……ともかく

カミサンニ ナイショダヨ";"Huh. M-m-maybe I should just stick
around here. Or maybe I'll go to
a dungeon after all.
I don't know! But at least I have that
Scoot Fruit of yours now. That'll be
my backup plan.";"Tiens ? Étrange, vraiment...


Je me disais que c'était parce que
j'avais pas de fruit d'escampette que
j'hésitais à aller dans un donjon...
Mais en fait, rien que d'y penser,
j'ai les jambes en coton...

Hahaha... haha... ha...


Enfin bref. Pas un mot à ma femme,
d'accord ? Ça reste entre nous.";
"これで、ダンジョンだって怖く……
怖く……怖くない……
のかな？

……ま、まずは僕には
ダンジョンに入るための勇気が必要かも……
ははっ……
……はぁ
……ともかく

カミサンニ ナイショダヨ";"With this, there's nothing to be afraid
of... There's not, is there?

Or is there?


Er, first I'll need to gather up the
courage to even go into a dungeon...
Breathe in... Breathe out...
Breathe in... OK, all better.";"Avec ce fruit, il n'y a vraiment rien
à craindre, n'est-ce pas ?
N'est-ce pas ?
Enfin, je crois...
Hmm...

Gloups... Je vais devoir commencer
par trouver le courage d'approcher...

Respire, respire.


Oh, et pas un mot à ma femme,
d'accord ? Ça reste entre nous.";
"ストレッチを制する者は
何かを制する！！
なんだい、少年よ？
君もストレッチしたいのかい？
……ん？
違うのかい？
じゃあ、君もあの建物に
興味あるのかい？
……えっ？
どの建物かって？
ハーッハッハ！
面白いことを言う少年だな
建物と言ったら、を動かすと見える
あの風車の建物しかないじゃないかい！";"Aaaaaand...STRETCH!


Hey, guy. You seem like you get
around a lot. Don't forget to do
your stretches, OK?
What, it's not your stretches that are
troubling you? Then it must be
that building over there, right?
Huh, whaddya mean, which one?
The one with the windmill. You can
see it if you use !";"Il est important de savoir s'échauffer !


Qu'est-ce qu'il y a, mon garçon ?
Tu veux t'échauffer, toi aussi ?

... Non ? Tu t'en fiches ?


Alors, c'est ce bâtiment qui
t'intéresse, peut-être ?

Comment ? Tu ne comprends pas de
quoi je parle ?

Hahaha ! Quel petit comique !


Il n'y a qu'un seul bâtiment qu'on
peut voir d'ici avec , pourtant !";
"……どうだい？
風車のある建物は見えたかい？[ChoiceN]";"Now you saw it, right? That building
with the windmill?[ChoiceN]";"Alors, tu le vois, ce bâtiment ? Celui
avec les moulins.[ChoiceN]";
"見えた";"Saw it";"Oui, je le vois !";
"見えなかった";"Didn't see it";"Je vois rien...";
"なんだって？
あれが、見えないのかい？
さては、少年！
ストレッチが足りていないようだな！
さあ、まずは左の親指を伸ばしてみよう！
はい、イチニッ、イチニッ！
……もういいだろう
十分にストレッチができたところで
のとを同時にプレスだ！";"Say again? You can't see it? Then
you'd better get to stretchin'!

I mean with your thumb. Stretch it to
the left, then the right, and when it's
good and limber...
then press  both  and  at once.";"Ah bon ?


Allons, mon garçon ! Il faut croire que
tu manques d'entraînement !

Allez, je veux que tu fasses des
étirements avec ton pouce gauche !
Une, deux... Une, deux...
Bon, ça devrait suffire. Tu t'es assez
échauffé.

Maintenant, appuie simultanément
sur  et  !";
"なんだい少年？
変な男を見なかったかって？
お兄さん、ストレッチに夢中で
気づかなかったよ
なぜか、まわりのゾーラたちには
変な目で見られたけどね
ハーッハッハー";"What's that? Have I seen a strange
man?

Can't say I have. Been focusing on
my stretches pretty much all the
time, guy.
Even the Zoras look at me funny.
Eh, they're just jealous.";"Hein ? Si j'ai vu un homme bizarre ?


Je crois pas... Il faut dire que j'étais
super concentré vu que je m'étirais.

Par contre, j'ai bien vu les zoras du
coin me regarder d'un drôle d'œil...

Haaahaha !";
"トルネードロッド ヲ　ツカエ";"Use the Tornado Rod.";"Utilise la baguette des tornades.";
"ミーはマザーマイマイ
世界を旅するマイマイ族のマザーなのデす
こう見えてミーは今、クライング……
号泣してるのデす";"My, oh, my! What business have you
with Mother Maiamai? Forgive me if
my spirits aren't flying so high.
We were on a great voyage through
all the worlds, my tykes and I...";"Mon nom is Big'ornette.
Je suis une maman gorneau qui
voyage à travers le monde.
I am en larmes, comme tu peux
le voir...";
"ホワイ、なぜかって？

旅の途中で100人のジュニアたちと
はぐれてしまったデす
そうだ、ユー！
ジュニアたち、探しちゃってくれないデすか？[ChoiceN]";"Then I lost sight of my little Maiamais!
All 100 of my babies, by and by!

Could you find all of them? You'll hear
my children crying—calling for their
Mother Maiamai![ChoiceN]";"Tu veux savoir why ?


J'ai été séparée de mes 100 children
pendant que nous voyagions.

Oh, mais you !
Tu pourrais retrouver mes children ?[ChoiceN]";
"いいよ";"Of course";"D'accord !";
"めんどうかも";"Can't do it";"Pas le temps.";
"そうデす……
ミーが探すべきデす……
でも、ロングタイムなジャーニーで
ミーのバディはボロボロ……
探したいデす
でも、自由に動けないのデす……";"I'd search for them myself. I swear
that I'd try. But in this world, I'm just
too large to find my little guys.";"Tu es right... Je devrais m'en
occuper moi-même...

Mais je suis épuisée à cause de ma
long voyage.

J'aimerais partir à leur recherche,
mais je ne peux plus bouger...";
"プリーズなのデす！
ジュニアたちをヘルプなのデす！[ChoiceN]";"Why, oh, why? Mother Maiamai
would be in your debt forever, if
only you'd try![ChoiceN]";"Please ! Aide-me à retrouver mes
children ! Help ![ChoiceN]";
"わかった";"I'll do it";"D'accord.";
"そんなこと言われても";"Sorry";"Une autre fois.";
"サンクス！

ユー！
見た目以上にナイスボーイね！";"Thanks! Mother Maiamai finds you
quite a kind child.";"Thanks ! Tu es encore plus great qu'il
n'y paraît !";
"コレ、ユーにプレゼント！";"Here—take this. It will help you know
if my tykes are nearby.";"Tiens, un small cadeau !";
"ルック！
これは「マイマイマップ」
ジュニアたちの気配を感じて作ったのデす

このボタンをタッチすると
ジュニアたちのアバウトな居場所が分かるの";"Oh, yes—upon the Maiamai Map you
can surely rely!";"Look ! C'est la carte O'gorneaux.
Je sens la présence de mes children.
C'est comme ça que j'ai pu la faire !
Si tu touches cette icône, tu pourras
voir où se trouvent mes children.";
"下画面の「マイマイマップ」ボタンを
タッチしてプリーズ！";"Go on—tap the Maiamai Map icon on
your Touch Screen!";"Please ! Touche l'icône de la carte
O'gorneaux sur l'écran tactile !";
"数字は、そのエリアにいるジュニアたちの数

ジュニアたちを見つけたら、数字が減るデす

「マイマイマップ」の使い方
分かったデす？
お願いデす！
ジュニアたちを探してなの！";"Those numbers tell you how many of
my little Maiamais are in each area.

At least until you rescue some, and
then it will tell you only how many
more you have yet to find!
Now please, go and search for all
my Maiamais!";"Le nombre que tu peux voir dans
chaque zone indique combien de
mes children s'y trouvent.
Il baissera à chaque fois que tu en
trouveras one.

Tu as bien compris comment utiliser
la carte O'gorneaux ?

Je t'en supplie, retrouve mes
children !";
"きっと、小さな声で泣いているデす
チッチッチッチ……
とてもカワイイ声なのデす
かわいそうに……";"They call out with such cute, chirping
sounds. Yet they must be so sad,
missing their Mother Maiamai.";"Je suis sûre qu'ils pleurent... Ils ont
une toute petite voix, you know...
Pouic, pouic, pouic...
Ils sont si mignons, mes pauvres
babies...";
"……？

この気配は……";"Wait—that look in your eye!";"What...?


Je sens une présence...";
"ユー！
もう、ジュニアを見つけてたデす？
サンクス！";"Have you ALREADY found some of
my lost Maiamais?";"You ! Tu as retrouvé mes children,
n'est-il pas ?

Thanks !";
"ミーのジュニアを見つけてくれたデすね
サンクス！";"I knew you'd be able to help me.
Thank you—oh, thank you!";"Oh, my ! Je savais que je pouvais
compter sur toi ! Thanks !";
"ミーのジュニアたちは臆病なのデす
隠れているジュニアもいるはずデす
ヘイ、ユー！
ユーだけが頼りなの！
どぞよろしくデす！！";"My babies are so shy. You might not
even see them when you walk by.

You can hear them cry, so please
find out where they all hide!";"Mes children sont très peureux.
Certains se sont même sûrement
cachés.
Tu es mon seul hope ! Only you !


Je compte sur you !";
"ところでユー！
知ってます？
助けてくれたジュニアたちの人数は
「コレクト」画面で確認できるデすよ";"Did you know, by the by, that the
number of Maiamais you've saved is
on your Gear screen?";"Au fait !


Tu sais que tu peux voir combien de
children tu as trouvés à l'écran Statut
quête ?";
"ミーのジュニアたち、みんな見つかりました！
ホントにサンクス！
コレはサンクスの気持ちデす";"You found all of my babies! Please
take this from Mother Maiamai!";"Tu as retrouvé tous mes children !
Thanks, vraiment !

Prends ça comme remerciement.";
"サンクスデすね
これでも感謝で号泣してるのデす
ジュニアたちを探してくれたお礼
ユーの道具、ミーにちょっと預けるデす
ドンウォーリー、悪いようにはしないデす
ベリーナイスなものにするデすね";"My little Maiamais... Oh, my friend,
you should have a reward for bringing
my children back to me.
Please, may I borrow one of your
items? I'll make it even nicer.";"Thanks beaucoup ! Je suis tellement
reconnaissante que j'en pleure.

Je dois te récompenser, yes.
Montre-moi une objet à toi.

Don't worry ! Je ne vais pas l'abîmer.
Au contraire, je vais la rendre great.";
"ユーの道具、ミーにちょっと預けるデす
ベリーナイスな物にしてあげるデす";"Could I take a look at those items of
yours? I'm sure I could make one
nicer.";"Tu veux bien me montrer une objet à
you ? Je peux la rendre very great.";
"ミーのサンクスの気持ちを
カタチにできる道具持ってるデすね
ユーの道具、ミーにちょっと預けるデす

ドンウォーリー、悪いようにはしないデす
ベリーナイスなものにするデすね";"Oh, I can make something of yours
nicer! Please give it to Mother
Maiamai!";"Oh, tu possèdes une objet que je peux
utiliser pour te remercier.

Tu veux bien me la montrer ?


Don't worry ! Je ne vais pas l'abîmer.
Au contraire, je vais la rendre great.";
"道具を持ってきてくれましたネ
ナイスにしたい道具はどれデすか？";"I can make something of yours nicer!
Please give it to Mother Maiamai!";"Tu as apporté des objets ?
Laquelle tu veux rendre great ?";
"サンクスデすね
これでもうれしくて号泣してるのデす
ジュニアたちを探してくれたお礼
ユーの道具、ミーにちょっと預けるデす
ベリーナイスな物にしてあげるデすね";"Thanks! The tears in my eyes—I'm
crying with joy!

Please let Mother Maiamai see your
items. I'll make them nicer, or at
least I swear that I'll try.";"Thanks beaucoup ! Je suis tellement
happy que j'en pleure !

Je dois te récompenser, yes.
Montre-moi une objet à toi.

Je peux la rendre great.";
"……
ゴメンナサイだけど……
ユーは、ミーがベリーナイスにできる道具を
持ってないみたい……デすね
道具が手に入ったら、また来るデす
デモ、借り物はノンノンなのデす";"Oh my...I'm sorry.


You don't have any items that I can
make nicer. Once you own some
items, come see me again.
I can't apply my magic to rented
items either—can't even try!";"... Oh.
Sorry !

Tu n'as pas d'objet que je peux rendre
very great... Nothing.

Reviens me voir quand tu auras des
autres objets. Mais les objets de
location, c'est no-no !";
"ミーのジュニアたち、みんな見つかったデすね
ユーには、お礼を言っても言い切れませんネ
本当にサンクス！
ベリーナーイス！";"Mother Maiamai can't thank you
enough. You found all my Maiamais!
You're nice, child, very nice.";"Tu as retrouvé tous mes children.
Jamais je ne pourrai assez remercier
you.
Thanks very beaucoup !";
"ちょうどいい所に来てくれたデす！
ユー！";"You came just in time!";"Oh, you ! Tu tombes bien !
Nice timing !";
"突然だけど
ミーたち、もうすぐ別の世界に旅立ちます
サヨナラは、いつもツラいデす
でも、旅はマイマイ族の習性なの";"It's a bit sudden, but we must bid
you good-bye. I'm off to a different
dimension with my Maiamais!";"I know, c'est un peu soudain, mais
moi et mes children, nous allons partir
en voyage dans un autre monde.
C'est toujours triste de se dire
goodbye, mais les voyages font
partie des mœurs des gorneaux.";
"そういえば、ユー！
まだ、お名前を聞いてなかったデす";"Oh! But Mother Maiamai doesn't
even know your name!";"Oh, you ! Je ne t'ai même pas
demandé comment tu t'appelles.";
"[PlayerName]……

ナイスな名前……なの？

ミーは、この世界の言葉よく分からないデす
でも、きっとナイスな名前ね！";"Ah...[PlayerName].


What a nice name. There's nothing
more I could do to make it nicer,
oh, good friend of mine.";"[PlayerName]...


C'est un great nom... N'est-il pas ?


Je ne comprends pas très bien la
langue de ce monde, mais yes, je
pense que c'est un great name !";
"[PlayerName]！
ジュニアたちの命の恩人
また、いつか会いまショウ";"My darling tykes owe you their lives.
May we see you again, by and by.";"[PlayerName] !
Tu es notre bienfaiteur.

J'espère qu'on se reverra, maybe !";
"サヨナラです
サンクス！　[PlayerName]！";"Good-bye! Good-bye! And thank you,
[PlayerName]!";"Goodbye.
Et thanks, [PlayerName] !";
"[InsertMark]でオッケーでスね？[ChoiceN]";"The [InsertMark]?[ChoiceN]";"Tu veux [InsertMark] ?
C'est O.K. ?[ChoiceN]";
"ハイ！";"Yes";"Yes !";
"イイエ！";"No";"No !";
"道具を持ってきてくれたら
ナーイスなこと、してあげまショウ
デモ、借り物はノンノンなの
気を付けるデす";"If you bring me your items, I'll give
you a nice reward—yes, oh so nice!

But I can't work my magic on items
you don't own. Nothing lent—only
your true possessions!";"Rapporte-moi tes objets.
Je te montrerai quelque chose
de great.
Mais les objets de location,
c'est no-no !";
"こんにちは
[PlayerName]さん！
僕、ジュニアです
72番目に助けてもらったジュニアです
僕たちを助けてくれて
ありがとうございました
お母さんと他のジュニアたちは
別の世界に旅立ちました
僕はお母さんから独立して
ここで生きていくことにしたんです！
一人ぽっちになっちゃって
少し寂しいけど……
がんばります！
よろしくお願いします！";"Hello there, [PlayerName]!


I'm the 72nd Maiamai you saved!
Thanks for all your help.

Mom and the others have gone off.
But I—? Well, I stayed behind.
Time for me to be my own Maiamai.";"Bonjour, monsieur [PlayerName] !


Je suis un ti'gorneau, le 72 que tu
as retrouvé !

Merci beaucoup d'être venu à mon
secours !

Ma maman et tous les autres
ti'gorneaux sont partis en voyage
dans un autre monde.
Mais moi, j'ai décidé de prendre
mon indépendance et de vivre ici !

Je suis un peu triste de me retrouver
sans tout le monde...

Mais je vais me débrouiller, tu verras !";
"僕もお母さんみたいな
立派なマザーにならなくっちゃ
応援してくださいね
[PlayerName]さん";"Hopefully I'll learn to be as good of a
mother as my Mother Maiamai. Wish
me luck, [PlayerName]!";"Je vais devenir une super Big'ornette,
comme ma maman !

Je compte sur toi pour m'encourager,
monsieur [PlayerName].";
"入るな！　変な生き物がいる！


壁を壊そう！


なんてコトは、考えてはいけない";"Do Not Enter! Do Not Blow Up Wall!
Very Strange Creature Inside!";"Entrée interdite !


Antre d'une étrange créature.


L'entrée est bloquée.
N'essayez pas de la dégager.";
"あの建物は陸からは行けないんだ

だからお兄さん、ゾーラに
泳ぎを教えてもらったんだ
血のにじむような特訓だったが
お兄さんは根性とストレッチで乗り切った！
今では水の中ならだれにも負けないゾ！
ハーッハッハー";"There's no way to get to that
windmill place by land.

So that's why I learned to swim. Now I
can get there anytime—as long as I
keep up with my stretching.";"Ce bâtiment, là-bas, n'est pas
accessible depuis la terre ferme.

C'est pour cette raison que j'ai appris
à nager chez les zoras ! J'en ai bavé
pendant mon entraînement...
Mais j'ai persévéré, et surtout, je me
suis bien échauffé !

Maintenant, personne ne m'arrive
à la cheville, question nage !
Haaahaha !";
"なんだい？少年もお兄さんのように
泳げるように、なりたいのかい？
お兄さんはね
ゾーラに泳ぎを教わったんだよ
やはり、お兄さんのようなスポーツマンには
一流の先生じゃなきゃね
ゾーラの里は川の上流だ
行くなら、十分なストレッチを忘れるなよ！";"Hmm? You want to learn to swim too?
I learned how from the Zoras. Why
learn from anyone less than the best?
If you want to do the same, head far
upstream, way in the northeast, to
Zora's Domain.
Just don't forget to stretch first!";"Quoi ? Toi aussi tu veux apprendre
à nager ?

Moi, c'est un zora qui m'a appris.


Je suis un sportif, après tout, il me
fallait le meilleur des professeurs.

Le village zora se trouve en amont de
la rivière. Si tu veux y aller, je te
conseille de bien t'échauffer avant !";
"あの建物までは泳いでいけるんだけど
中に入れないんだよなぁ
きっと、ストレッチが足りないんだな！";"You can swim across to reach that
building, but you can't get in.

Ah, but don't give up now! Maybe
you just need to stretch some more?";"Je suis allé voir ce bâtiment en
traversant à la nage, mais je n'ai
pas pu entrer à l'intérieur.
C'est sûrement parce que je ne me
suis pas assez échauffé...";
"その水かきは！？

君もゾーラに泳ぎを教わったようだね！
なかなか、やるじゃないかい少年よ！
だが、もぐりができないと
まだ一人前とは言えないぞ！
あと、ストレッチも忘れずにな！
ハーッハッハッハー";"Hey, have you been swimming
around? Well done, guy! But have
you tried diving yet?
Just keep up with your stretching,
and you'll be ready for anything
in the water!";"Hé ! T'as des palmes, maintenant !


Ce sont les zoras qui t'ont appris à
nager, hein ? Tu te débrouilles bien,
en plus !
Enfin... Tant que tu ne sauras pas
plonger, tu resteras un amateur !

Allez, n'oublie pas de t'échauffer,
hein ! Haaahahaha !";
"今日は良い天気ゾラね

女王サマと、さっそく泳ぎにきたゾラよ

……スリムになった女王サマは泳ぎが速くて

……気が付いたら 置いて行かれたみたいゾラ";"Nice weather today, so I swam here
with the queen. But she swims so
fast...and I got left behind.";"Il fait beau aujourd'hui, hein ?


Je suis venu nager avec notre reine.


... Elle est vraiment rapide depuis
qu'elle a minci.

... Elle m'a semé en un rien de temps.";
"……こうして話してみると、せつないゾラね

……やっぱり置いて行かれたゾラか

……置いて行かれた実感が湧いてきたゾラ";"I'm hurt, to be honest. The queen
left me behind...

I feel abandoned.";"... Je vais être honnête avec toi.
Ça m'a blessé.

... Elle ne m'a pas attendu.


... J'en suis bien conscient, tu sais.
Elle m'a tout simplement abandonné.";
"女王サマ……

スリムな女王サマ……";"My queen... My queen...";"Ma reine...


Ma reine toute mince...";
"……なんだ
客じゃないなら用はない";"What? If you're not buying, not sure
I have much else to say, guy.";"... Quoi ? T'as rien à faire ici
si t'es pas un client.";
"またお前か……";"Huh—you again?";"Encore toi... ?";
"騒がしいストレッチ野郎も……

洞窟にいる変な生き物も……

なれなれしい奴……
オレ苦手……";"That sporty fellow out there, that
weird creature in the cave! Not sure
I'm cut out for this line of work.";"Le taré du sport...


L'étrange créature dans la grotte...


Tous des sans-gênes...
Et j'aime pas ça...";
"それは[IntNumberN]だ
役に立つ時には役に立つ……[ChoiceN]";"That thing's [IntNumberN]. Want it?[ChoiceN]";"Ça, c'est [IntNumberN].
Ça peut servir. Parfois.[ChoiceN]";
"買う";"Buy";"J'achète !";
"買わない";"Don't buy";"Pas besoin.";
"おひとり様1つまで……";"Sorry—only one per customer.";"Tu peux pas en posséder plus d'un...";
"ルピー……足りない……";"You don't have...enough Rupees...";"T'as pas assez... de rubis...";
"……ナンカコウテクレヤ";"C'mon. Buy somethin'?";"Achète-moi un truc...";
"それは[IntNumberN]だ
役に立たない訳がない……[ChoiceN]";"That's [IntNumberN]. Want it or not?[ChoiceN]";"Ça, c'est [IntNumberN].
On doit forcément pouvoir lui
trouver une utilité. J'imagine...[ChoiceN]";
"買う";"Buy";"J'achète !";
"買わない";"Don't buy";"Pas besoin.";
"金のない奴に用はねぇ";"Got no Rupees? Sorry. I'm a bit short
on words then.";"Je parle pas aux pauvres.";
"2つも持ったら重いだろ……";"Carryin' two might be too much.";"À mon avis, deux c'est trop. Mais
moi, j'dis ça...";
"……ナンカコウテクレヤ";"C'mon. Buy somethin', at least.";"Achète-moi un truc...";
"……どうも";"Thanks.";"Cool...";
"足をくじいて、動けなくなってから
どれだけの時間がたっただろう
なぜこんな奥地まで来てしまったのか
ヘラの塔でやめていれば……
もう私はダメかもしれない……
でも、最後に……最後に一口だけ……
ミルクバーの
プレミアムミルクを飲みたかったなぁ……";"I was up on the mountain doing some
bouldering...when I lost my grip.
And fell. And sort of hurt myself.
Eh, all in the day of a boulderer.
Going climbing without equipment
isn't for the faint of heart!
Anyway, I'm stuck on the mountain
way past the Tower of Hera, and I
could really go for some premium milk!
Yeah, that'd really get me up and
going again. So if you're at the
Milk Bar, pick some up for me!";"Je ne peux plus bouger à cause de
ma cheville foulée... Depuis combien
de temps suis-je coincé ici ?
Qu'est-ce qui m'a pris de venir dans
ce coin perdu ? Si seulement j'avais
fait demi-tour à la tour d'Héra...
C'en est sûrement fini de moi...
J'aimerais juste... juste une dernière
fois...
... pouvoir goûter au lait grand cru du
bar laitier...";
"中に手紙が入っている……";"There's a letter inside...";"Il y a une lettre à l'intérieur...";
"運命に身をゆだねるしかない";"You must abandon yourself to fate.";"Laisse-toi porter par ton destin.";
"ハイラル城が見える
城門を守る者が立っておるぞ
そやつを訪ねてみるのじゃ";"I can see a man guarding the gate in
front of Hyrule Castle...

You would do well to pay him a visit.";"Je vois un homme qui garde la
grille du château d'Hyrule...

Tu devrais aller lui parler.";
"ハイラル城が見える
城門を守る者が立っておるぞ
そやつを訪ねてみるのじゃ";"I can see a man guarding the gate in
front of Hyrule Castle...

You would do well to pay him a visit.";"Je vois un homme qui garde la
grille du château d'Hyrule...

Tu devrais aller lui parler.";
"ハイラル城の北にある
教会が見えたぞ
教会の門を
くぐってみてはどうじゃろうか？";"I can see the Sanctuary, to
the north of Hyrule Castle...

Why not try getting inside?";"Je vois le sanctuaire au nord du
château d'Hyrule.

Tu devrais aller y jeter un œil.";
"ハイラル城の北にある
教会が見えたぞ
教会の門を
くぐってみてはどうじゃろうか？";"I can see the Sanctuary, to
the north of Hyrule Castle. 

Why not try to get inside?";"Je vois le sanctuaire au nord du
château d'Hyrule.

Tu devrais aller y jeter un œil.";
"墓場の下に
暗い通路が見えるぞ
墓をでつかんで押してみてはどうじゃ？";"I can see a dark corridor under the
Graveyard.

How about using  to push a
gravestone to get down there?";"Je vois un passage plongé dans
les ténèbres, sous le cimetière.

Saisis une pierre tombale avec  et
pousse-la.";
"墓場の地下の
暗い部屋が映ったぞ
暗くとも前へと進んでみてはどうじゃろうか？";"I can see a dark corridor under the
Graveyard.

I know it's dark down there, but how
about just trying to forge ahead?";"Je vois une pièce sombre sous le
cimetière.

Il y fait bien noir, mais je te conseille
d'avancer dans les ténèbres.";
"火を持ち、暗き部屋を灯すのじゃ
その先に光が見えるぞ";"Grab a source of flame and bring
light to a dark place under the
Graveyard.
I can see more light past that point.";"Empare-toi du feu et illumine la pièce.
Je vois de la lumière au bout du
chemin.";
"ハイラル城の中庭……
扉を守る兵士が見えるぞ
そやつを訪ねてみるのはどうじゃ？";"I see a courtyard at Hyrule Castle...
Ah, and a soldier guarding the
passage that leads inside.
I suggest that you speak with him.";"La cour du château d'Hyrule... Je vois
un garde protégeant une porte...

Va lui parler.";
"ハイラル城の
開かれた扉が見えたぞ
その扉から城内に入ってみてはどうじゃ？";"I see great doors open to the
interior of Hyrule Castle...

But I see also that you haven't gone
far inside. Have you at all? Either way,
I'd suggest you do that.";"Je vois une porte ouverte au château
d'Hyrule.

Passe par cette porte pour entrer dans
le château.";
"この占いの館からすぐ南にある
カカリコ村が水晶に映ったぞ
高台の上にある屋敷を訪ねてみてはどうじゃ？";"Ah! I see Kakariko Village, just south
of my house! You should visit the
house on the hill above the village.";"Je vois le village Cocorico, juste au
sud d'ici.

Entre dans la maison qui se trouve sur
les hauteurs du village.";
"この占いの館からすぐ南にある
カカリコ村が水晶に映ったぞ
高台の上にある屋敷を訪れてみてはどうじゃ？";"Ah! I see Kakariko Village, just south
of my house! You should visit the
house on the hill above the village.";"Je vois le village Cocorico, juste au
sud d'ici.

Entre dans la maison qui se trouve sur
les hauteurs du village.";
"ハイラル城の東の
遺跡群が見えたぞ
向かってみてはどうじゃろうか？";"I saw ruins east of Hyrule Castle.
Why don't you try heading there?";"Je vois des ruines à l'est du château
d'Hyrule.

Tu devrais t'y rendre.";
"何じゃこれは……？
この水晶に絵が映ったぞ……
じゃ……この絵を覚えていけば
役に立つのではないじゃろうか？";"What's this? The crystal ball has
shown me a symbol. Ah, it's .

Remember it, for that symbol will be
useful to you.";"Qu'est-ce donc que cela ?
Je vois un symbole dans ma boule
de cristal...
Un ... Garde-le bien en tête, il te
sera utile.";
"何じゃこれは……？
この水晶に絵が映ったぞ……
じゃ……この絵を覚えていけば
役に立つのではないじゃろうか？";"What's this? The crystal ball has
shown me a symbol. Ah, it's .

Remember it, for that symbol will be
useful to you.";"Qu'est-ce donc que cela ?
Je vois un symbole dans ma boule
de cristal...
Un ... Garde-le bien en tête, il te
sera utile.";
"弓矢で開いた扉から北東……
高台の上に神殿が建っておるのが見えるぞ
向かってみてはどうじゃ？";"I see a palace slightly northeast of a
passage opened using a bow.

I'd suggest you go through that
passage to the palace.";"Je vois un palais sur des hauteurs, au
nord-est. Je te vois franchir une porte
ouverte au moyen d'un arc.";
"弓矢で開いた扉から北東……
高台の上に神殿が建っておるのが見えるぞ
向かってみてはどうじゃ？";"I see a palace slightly northeast of a
passage that you opened by using a
bow.
I'd suggest you continue through
that passage to the palace.";"Je vois un palais sur des hauteurs, au
nord-est. Je te vois franchir la porte
que tu as ouverte avec l'arc.";
"東の神殿で迷う
オヌシの姿が見えるぞ
困った時はオヌシに渡した
ヒントメガネを使うのじゃ";"I see...that you were lost in the
Eastern Palace!

I can see no further, but I'd suggest
using the Hint Glasses I gave you
to make your way through it.";"Je te vois, perdu dans les couloirs
du palais de l'est.

Si tu ne sais plus quoi faire, porte les
lunettes occultes que je t'ai données.";
"東の神殿で迷う
オヌシの姿が見えるぞ
困った時はオヌシに渡した
ヒントメガネを使うのじゃ";"I see...that you were lost in the
Eastern Palace!

I can see no further, but I'd suggest
using the Hint Glasses I gave you
to make your way through it.";"Je te vois, perdu dans les couloirs
du palais de l'est.

Si tu ne sais plus quoi faire, porte les
lunettes occultes que je t'ai données.";
"水辺に住む種族……
ゾーラの姿が見えたぞ
ハイラル城から北東にある
魔法おばばの家から、さらに奥へ進むのじゃ
オヌシだけが持つ力が役に立つかもしれんぞ";"I see those who live surrounded by
water... Ah, the Zoras, of course.

To reach them, you must first pass
by the Witch's House far to the
northeast of Hyrule Castle.
And I see also...that your unique
ability will be essential for going the
final distance to reach them.";"Je vois les zoras, le peuple de l'eau...


Dirige-toi vers la boutique de Mamie
Magie, qui se trouve au nord-est du
château d'Hyrule.
Un pouvoir que toi seul possèdes te
sera certainement utile.";
"魔法おばばの家の奥に
滝に隠された洞窟が見えるぞ
その洞窟にゾーラがいるようじゃ
訪ねてみてはどうじゃろうか？";"I see a waterfall far north of the
Witch's House...

Ah, and I see a cave hidden behind
that waterfall...and there live the
Zoras. Pay them a visit.";"Je vois une grotte, dissimulée par
une cascade, loin derrière la boutique
de Mamie Magie.
Tu y trouveras les zoras. Va les voir.";
"魔法おばばの家の奥に
滝に隠された洞窟が見えるぞ
その洞窟にゾーラがいるようじゃ
訪ねてみてはどうじゃろうか？";"I see a waterfall far north of the
Witch's House...

Ah, and I see a cave hidden behind
that waterfall...and there live the
Zoras. Pay them a visit.";"Je vois une grotte, dissimulée par
une cascade, loin derrière la boutique
de Mamie Magie.
Tu y trouveras les zoras. Va les voir.";
"カカリコ村の露天商が
変わった石を売っているのが見えたぞ
見に行ってみたらどうじゃ？";"I see a merchant in Kakariko Village...
Ah, the one who sells his wares out in
the square!
He has... Hmm, what do I see...?
Oh, a strange stone! I'd say you
should go speak with him about that.";"Je vois une étrange pierre sur l'étalage
du vendeur de rue du village Cocorico.

Tu devrais aller lui parler.";
"露店商が売っている変わった石
それを必要としている者が見えたぞ！
これは水辺の種族の女王……
ゾーラのいる洞窟に行ってみてはどうじゃ？";"I see someone in dire need of the
stone the village merchant was
selling...
Oh, I see who it is! The queen of the
Zoras! I suggest you go see her.";"Je vois que quelqu'un a besoin de
l'étrange pierre du vendeur de rue...
La reine du peuple de l'eau, je crois...
Tu devrais te rendre dans la grotte
des zoras.";
"露店商が売っている変わった石
それを必要としている者が見えたぞ！
これは水辺の種族の女王…
ゾーラのいる洞窟に行ってみてはどうじゃ？";"I see someone in dire need of the
stone the village merchant was
selling...
Oh, I see who it is! The queen of the
Zoras! I suggest you go see her.";"Je vois que quelqu'un a besoin de
l'étrange pierre du vendeur de rue...
La reine du peuple de l'eau, je crois...
Tu devrais te rendre dans la grotte
des zoras.";
"南東の湖に孤島が見えるぞ……
そこに風車の回る館が建っているようじゃな
泳いで向かってみてはどうじゃ？";"I see an island on the lake in the
southeast...and on it, a house
with a windmill.
I'd suggest that you attempt
swimming to that house.";"Je vois une île isolée au milieu du lac
au sud-est... et une demeure ornée de
moulins.
Rends-toi là-bas à la nage.";
"風の館で迷う
オヌシの姿が見えるぞ
困った時はオヌシに渡した
ヒントメガネを使うのじゃ";"I see...that you were lost in the
House of Gales!

I can see no further, but I'd suggest
using the Hint Glasses I gave you
to make your way through it.";"Je te vois, perdu dans les couloirs
de la demeure des vents.

Si tu ne sais plus quoi faire, porte les
lunettes occultes que je t'ai données.";
"かじ屋から
ずっと北の山の麓に家が見えるぞ
訪ねてみてはどうじゃ？";"I see a house in the foothills of
the mountain, north of the Blacksmith.
Why not visit that house?";"Je vois une maison au pied de la
montagne, tout au nord de la forge.

Tu devrais y aller.";
"かじ屋から
ずっと北の山の麓に家が見えるぞ
訪ねてみてはどうじゃ？";"I see a house in the foothills of
the mountain, north of the
Blacksmith.
Why not visit that house?";"Je vois une maison au pied de la
montagne, tout au nord de la forge.

Tu devrais y aller.";
"鉱石屋のロッソの家の
近くにある岩で塞がれた洞窟が見えてきたぞ
山に続く道かもしれんな
向かってみてはどうじゃろう？";"I see a cave blocked by rocks near the
house of Rosso the miner. I'd suggest
that you investigate that spot.";"Je vois une grotte obstruée par des
rochers, près de la chaumière de
Rosso, le livreur de minerai.
Elle mène peut-être à la montagne.
Tu devrais aller voir.";
"鉱石屋のロッソの家の
近くにある岩で塞がれた洞窟が見えてきたぞ
山に続く道かもしれんな
向かってみてはどうじゃろう";"I see a cave blocked by rock near the
house of Rosso the miner. I'd suggest
that you investigate that spot.";"Je vois une grotte obstruée par des
rochers, près de la chaumière de
Rosso, le livreur de minerai.
Elle mène peut-être à la montagne.
Tu devrais aller voir.";
"岩に塞がれた洞窟の奥へと突き進むのじゃ
その先に岩山が見えるぞ";"You must make your way to the other
side of a long tunnel that had been
blocked by rock.
I see that if you make your way
through it, you will be able to climb
high atop the mountain.";"Je te vois progresser dans une grotte
obstruée par des rochers. J'aperçois
au loin une montagne rocheuse.";
"これは塔じゃろうか……？
山頂になにか塔のようなものが見えたぞ
ひたすら山頂を目指してはどうじゃろう
転がり岩はオヌシの持つ力で避けてくのじゃ";"Do I see...a tower? Yes, yes...I do!
It's high atop the mountain. Try
to reach it.
And I see boulders making that very
difficult. You may need to use
your special ability to avoid them.";"Une tour... ? Je vois un bâtiment en
haut de la montagne qui ressemble
à une tour.
Rends-toi au sommet de la montagne,
pas plus loin. Utilise ton pouvoir pour
éviter les rochers qui déboulent.";
"ヘラの塔で迷う
オヌシの姿が見えるぞ
困った時はオヌシに渡した
ヒントメガネを使うのじゃ";"I see...that you were lost in the
Tower of Hera!

I can see no further, but I'd suggest
using the Hint Glasses I gave you
to make your way through it.";"Je te vois, perdu dans les salles
de la tour d'Héra.

Si tu ne sais plus quoi faire, porte les
lunettes occultes que je t'ai données.";
"カカリコ村の北の森が見えるぞ……
森の奥へと進んでみてはどうじゃ？";"I see the woods due north of Kakariko
Village... I'd suggest that you explore
there.";"Je vois les bois au nord du village
Cocorico.

Rends-toi au cœur des bois.";
"おばけがしゃべることをよく聞くのじゃ

どうしても進めない時はオヌシに渡した
ヒントメガネをかけてみるのじゃ";"I see ghosts in the woods that will
try to baffle you. You must watch
them carefully...
And if you find that difficult, use the
Hint Glasses I gave you.";"Écoute attentivement la voix des
spectres.

Si tu ne sais vraiment plus quoi faire,
porte les lunettes occultes que je t'ai
données.";
"おばけがしゃべることをよく聞くのじゃ

どうしても進めない時はオヌシに渡した
ヒントメガネをかけてみるのじゃ";"I see ghosts in the woods that will
try to baffle you. You must watch
them carefully...
And if you find that difficult, use the
Hint Glasses I gave you.";"Écoute attentivement la voix des
spectres.

Si tu ne sais vraiment plus quoi faire,
porte les lunettes occultes que je t'ai
données.";
"おばけがしゃべることをよく聞くのじゃ

どうしても進めない時はオヌシに渡した
ヒントメガネをかけてみるのじゃ";"I see ghosts in the woods that will
try to baffle you. You must watch
them carefully...
And if you find that difficult, use the
Hint Glasses I gave you.";"Écoute attentivement la voix des
spectres.

Si tu ne sais vraiment plus quoi faire,
porte les lunettes occultes que je t'ai
données.";
"おばけがしゃべることをよく聞くのじゃ

どうしても進めない時はオヌシに渡した
ヒントメガネをかけてみるのじゃ";"I see ghosts in the woods that will
try to baffle you. You must watch
them carefully...
And if you find that difficult, use the
Hint Glasses I gave you.";"Écoute attentivement la voix des
spectres.

Si tu ne sais vraiment plus quoi faire,
porte les lunettes occultes que je t'ai
données.";
"おばけがしゃべることをよく聞くのじゃ

どうしても進めない時はオヌシに渡した
ヒントメガネをかけてみるのじゃ";"I see ghosts in the woods that will
try to baffle you. You must watch
them carefully...
And if you find that difficult, use the
Hint Glasses I gave you.";"Écoute attentivement la voix des
spectres.

Si tu ne sais vraiment plus quoi faire,
porte les lunettes occultes que je t'ai
données.";
"おばけがしゃべることをよく聞くのじゃ

どうしても進めない時はオヌシに渡した
ヒントメガネをかけてみるのじゃ";"I see ghosts in the woods that will
try to baffle you. You must watch
them carefully...
And if you find that difficult, use the
Hint Glasses I gave you.";"Écoute attentivement la voix des
spectres.

Si tu ne sais vraiment plus quoi faire,
porte les lunettes occultes que je t'ai
données.";
"来た道を戻ってみることも一つの道じゃぞ

どうしても迷った時は、オヌシに渡した
ヒントメガネをかけてみるのじゃ";"I see ghosts in the woods that will
try to baffle you. You must watch
them carefully...
And sometimes, when things seem
especially impossible, know that going
back may be your way forward.
Ah, and if it still seems difficult...?
Use the Hint Glasses I gave you.";"Revenir sur ses pas fait aussi partie
des chemins possibles.

Si tu es complètement perdu, porte les
lunettes occultes que je t'ai données.";
"来た道を戻ってみることも一つの道じゃぞ

どうしても迷った時は、オヌシに渡した
ヒントメガネをかけてみるのじゃ";"I see ghosts in the woods that will
try to baffle you. You must watch
them carefully...
And sometimes, when things seem
especially impossible, know that going
back may be your way forward.
Ah, and if it still seems difficult...?
Use the Hint Glasses I gave you.";"Revenir sur ses pas fait aussi partie
des chemins possibles.

Si tu es complètement perdu, porte les
lunettes occultes que je t'ai données.";
"来た道を戻ってみることも一つの道じゃぞ

どうしても迷った時は、オヌシに渡した
ヒントメガネをかけてみるのじゃ";"I see ghosts in the woods that will
try to baffle you. You must watch
them carefully...
And sometimes, when things seem
especially impossible, know that going
back may be your way forward.
Ah, and if it still seems difficult...?
Use the Hint Glasses I gave you.";"Revenir sur ses pas fait aussi partie
des chemins possibles.

Si tu es complètement perdu, porte les
lunettes occultes que je t'ai données.";
"カカリコ村の北にある
迷いの森を抜けた地になにかありそうじゃ
向かってみてはどうじゃろうか？";"I see that something crucial...SO
crucial...is in the deepest part of
the Lost Woods.
So explore those woods, just north of
Kakariko Village. ";"Je vois quelque chose au plus profond
des bois perdus, au nord du village
Cocorico...
Tu devrais t'y rendre.";
"見えるぞ……ハイラル城へ向かう
その剣を持ったオヌシの姿じゃ！
城門の結界をその剣で斬ってみては
どうじゃろうか？";"I see... I see...? Wait. I see that you
haven't yet gone to Hyrule Castle to
slash through that evil barrier!
Please—you have the sword you need,
so make your way there to do that!";"Je te vois... l'épée à la main... ! Tu te
diriges vers le château d'Hyrule !

Sers-toi de ton épée pour briser la
barrière autour du château.";
"邪悪な気配を身に纏った者が、
ハイラル城で待ち構えておるぞ
並み居る敵兵をなぎ倒し、
最上階をめざすのじゃ！";"I see the fiend, cloaked in evil...!


He awaits you in Hyrule Castle, so
fight your way through all his soldiers
to the very top!";"Je vois un homme redoutable qui
possède un pouvoir diabolique...
Il t'attend au château d'Hyrule.
Balaye les colonnes d'ennemis qui s'y
trouvent et rends-toi au dernier étage
du château !";
"ユガを追うのじゃ！";"Go after Yuga! And hurry!";"N'abandonne pas ! Tu dois remporter
ton combat contre Yuga !";
"ハイラル城の最上階が見えるぞ…
空中回廊の先を探ってみてはどうじゃろうか？";"I can see...I can see the very top floor
of Hyrule Castle... Why not try
exploring the suspended walkway?";"Je vois le dernier étage du château
d'Hyrule...

Tu devrais suivre la passerelle
pour continuer.";
"ハイラル城から
東の岩だらけの荒地が見える……
ここに立つ石柱に変な模様が付いておるぞ
訪れてみてはどうじゃ？";"I see a place strewn with rocks, east
of Hyrule Castle...

And I see something odd on a pillar
there. I suggest that you investigate.";"Je vois une terre désolée, recouverte
de rochers, à l'est du château
d'Hyrule...
Examine les piliers qui s'élèvent
fièrement. Tu y trouveras un symbole
étrange.";
"暗き闇の神殿への道を
守る者が見えるぞ……
この者たちに見つかってはならん

オヌシの持つ力を使えば
見つからずに進むこともできるかもしれん";"I see figures guarding the way to
the Dark Palace, which is
shrouded in darkness...
You mustn't be found by them, which
may be easier said than done.

But with that special ability of yours,
you may be able to evade detection.";"Je vois ceux qui gardent le chemin
vers le sombre palais des ténèbres.

Ils ne doivent pas te trouver.


Utilise ton pouvoir pour progresser
sans te faire repérer.";
"闇の神殿で迷う
オヌシの姿が見えるぞ
困った時はオヌシの持っておる
ヒントメガネを使うのじゃ";"I see...that you were lost in the
Dark Palace!

I can see no further, but I'd suggest
using those Hint Glasses you've got 
there to make your way through it.";"Je te vois, perdu dans les couloirs
du palais des ténèbres.

Si tu ne sais plus quoi faire, porte les
lunettes occultes.";
"はぐれ者の村の
南に大きなバクダンが見えるぞ……
ロウラル城の南にある
水に囲まれたほこらも映っておる
そのバクダンを運んでみてはどうじゃろうか？";"I see an enormous bomb...one that
will...follow you?

It is south of Thieves' Town.


Lead it to a shrine surrounded by
water, south of Lorule Castle.";"Je vois une bombe gigantesque au sud
du village des bandits.

Je vois aussi un sanctuaire cerné par
les eaux, au sud du château de Lorule.

Tu devrais y amener cette bombe.";
"はぐれ者の村の
南に大きなバクダンが見えるぞ……
ロウラル城の南にある
水に囲まれたほこらも映っておる
そのバクダンを運んでみてはどうじゃろうか？";"I see an enormous bomb...one that
will...follow you?

It is south of Thieves' Town.


Lead it to a shrine surrounded by
water, south of Lorule Castle.";"Je vois une bombe gigantesque au sud
du village des bandits.

Je vois aussi un sanctuaire cerné par
les eaux, au sud du château de Lorule.

Tu devrais y amener cette bombe.";
"はぐれ者の村の
南に大きなバクダンが見えるぞ……
ロウラル城の南にある
水に囲まれたほこらも映っておる
そのバクダンを運んでみてはどうじゃろうか？";"I see an enormous bomb...one that
will...follow you?

It is south of Thieves' Town.


Lead it to a shrine surrounded by
water, south of Lorule Castle.";"Je vois une bombe gigantesque au sud
du village des bandits.

Je vois aussi un sanctuaire cerné par
les eaux, au sud du château de Lorule.

Tu devrais y amener cette bombe.";
"はぐれ者の村の
南に大きなバクダンが見えるぞ……
ロウラル城の南にある
水に囲まれたほこらも映っておる
そのバクダンを運んでみてはどうじゃろうか？";"I see an enormous bomb...one that
will...follow you?

It is south of Thieves' Town.


Lead it to a shrine surrounded by
water, south of Lorule Castle.";"Je vois une bombe gigantesque au sud
du village des bandits.

Je vois aussi un sanctuaire cerné par
les eaux, au sud du château de Lorule.

Tu devrais y amener cette bombe.";
"水に囲まれたほこらの前に
木の杭が見えるぞ……
フックショットを持って行き
使ってみてはどうじゃろうか？";"I see a tree stump in front of the
shrine surrounded by water...

I suggest that you go there with
your Hookshot.";"Je vois des billots devant le sanctuaire
cerné par les eaux.

Prends un grappin avec toi avant de
t'y rendre.";
"水のほこらで迷う
オヌシの姿が見えるぞ
困った時はオヌシの持っておる
ヒントメガネを使うのじゃ";"I see...that you were lost in the
Swamp Palace!

I can see no further, but I'd suggest
using those Hint Glasses you've got 
there to make your way through it.";"Je te vois, perdu dans les couloirs
du palais du marais.

Si tu ne sais plus quoi faire, porte les
lunettes occultes.";
"カカリコ村にある
サハスラーラの家が見える……
家の裏の壁に変な模様が付いておるようじゃ
調べてみてはどうじゃろうか？";"I can see Sahasrahla's house
in Kakariko Village...

And I see something strange on the
wall in the back of the house...
I suggest that you investigate.";"Je vois la maison de Sahasrahla, au
village Cocorico...

Il y a quelque chose de bizarre sur
le mur de derrière... Cherche bien !";
"はぐれ者の村の
北側に分断された境地が見えるぞ
その境地にある北西の森に向かうのじゃ";"I can see a separated-off region in the
north part of Thieves' Town.

You must head for the woods in the
northwest of that region.";"Je vois un nouvel horizon pour toi...
Une région isolée, au nord du village
des bandits.
Va dans la partie nord-ouest de cette
région et cherche une forêt.";
"ドクロの森で迷う
オヌシの姿が見えるぞ
困った時はオヌシの持っておる
ヒントメガネを使うのじゃ";"I see...that you were lost in the
Skull Woods!

I can see no further, but I'd suggest
using those Hint Glasses you've got 
there to make your way through it.";"Je te vois, perdu dans les méandres
de la forêt de squelettes.

Si tu ne sais plus quoi faire, porte les
lunettes occultes.";
"ドクロの森で迷う
オヌシの姿が見えるぞ
困った時はオヌシの持っておる
ヒントメガネを使うのじゃ";"I see...that you were lost in the
Skull Woods!

I can see no further, but I'd suggest
using those Hint Glasses you've got 
there to make your way through it.";"Je te vois, perdu dans les méandres
de la forêt de squelettes.

Si tu ne sais plus quoi faire, porte les
lunettes occultes.";
"ドクロの森で迷う
オヌシの姿が見えるぞ
困った時はオヌシの持っておる
ヒントメガネを使うのじゃ";"I see...that you were lost in the
Skull Woods!

I can see no further, but I'd suggest
using those Hint Glasses you've got 
there to make your way through it.";"Je te vois, perdu dans les méandres
de la forêt de squelettes.

Si tu ne sais plus quoi faire, porte les
lunettes occultes.";
"はぐれ者の村で
合言葉の歌を歌っている者の姿が見えるぞ
そこに住む村人の話を
注意深く聞いてまわってはどうじゃろうか？";"I see... What? No, I hear...! I hear
people singing a password around
Thieves' Town.
You would do well to walk around
there and listen to these words
carefully.";"Je vois le village des bandits...
J'entends une chanson qui fait
office de mot de passe.
Je vois aussi les villageois qui en
connaissent les paroles.";
"はぐれ者の村で
合言葉の歌を歌っている者の姿が見えるぞ
そこに住む村人の話を
注意深く聞いてまわってはどうじゃろうか";"I see... What? No, I hear...! I hear
people singing a password outside
of Thieves' Town.
You would do well to walk around
there and listen to these words
carefully.";"Je vois le village des bandits...
J'entends une chanson qui fait
office de mot de passe.
Je vois aussi les villageois qui en
connaissent les paroles.";
"はぐれ者のアジトで迷う
オヌシの姿が見えるぞ
困った時はオヌシの持っておる
ヒントメガネを使うのじゃ";"I see...that you were lost in
Thieves' Hideout!

I can see no further, but I'd suggest
using those Hint Glasses you've got 
there to make your way through it.";"Je te vois, perdu dans les couloirs
du repaire des bandits.

Si tu ne sais plus quoi faire, porte les
lunettes occultes.";
"はぐれ者の村の北東の家に
人の姿が描かれた絵画が見えたぞ
向かってみてはどうじゃろうか？";"I see a portrait in a house east of
the Thieves' Hideout.

Why don't you try heading there?";"Je vois un portrait dans la maison
du nord-est du village des bandits.

Tu devrais aller y jeter un œil.";
"ヘブラ山にそびえる
ヘラの塔より東の地……
ロッソの鉱石場の岩壁に
模様のついた所があるようじゃ
向かってみてはどうじゃろうか？";"I see an area due east of the
Tower of Hera...around the very top
of Death Mountain...
Something strange is going on with
the stone wall of Rosso's ore mine.
I suggest that you investigate.";"Je te vois à l'est de la tour d'Héra qui
se dresse sur le mont Hébra.

Il y a quelque chose de bizarre sur le
mur de roche de la carrière de Rosso.

Tu devrais t'y rendre.";
"雪山の山頂……
それに、凍てついた像が見えるぞ
炎を生み出す道具を持って
山頂を目指してみてはどうじゃろうか？";"I see the snow-capped summit of a
mountain and frozen...statues?

I sense that you need something
that produces fire to blaze your
way through.";"Je vois un sommet enneigé... et des
statues prisonnières des glaces.

Munis-toi d'un objet qui engendre des
flammes et trouve ce sommet.";
"氷の遺跡で迷う
オヌシの姿が見えるぞ
困った時はオヌシの持っておる
ヒントメガネを使うのじゃ";"I see...that you were lost in the
Ice Ruins!

I can see no further, but I'd suggest
using those Hint Glasses you've got 
there to make your way through it.";"Je te vois, perdu dans les couloirs
des ruines de glace.

Si tu ne sais plus quoi faire, porte les
lunettes occultes.";
"ハイラルのかじ屋から
南の端……壁にできた変な模様が見えたぞ
あそこまでは回り道になるかもしれんが
向かってみてはどうじゃ？";"I see a strange feature on a wall, far
south of Hyrule's Blacksmith.

It might be a long way, full of detours,
but that's where you should go.";"Je vois quelque chose d'étrange
sur un mur... tout au sud de la forge
d'Hyrule.
La route est longue, mais tu devrais
t'y rendre.";
"ロウラルの南西にある広大な土地が見えるぞ
そこに、いくつもの壁模様が見えた……
世界を行き来しながら
砂漠の神殿を目指してはどうじゃ？
もう一つ……
不思議な道具も見えておるぞ
これは砂を操る道具じゃろうか？
持って行くと役に立つかもしれんな";"I see an enormous area in the 
southwest of Lorule. And there, I see
a number of wall features...
I would suggest that you travel
between worlds in order to
reach the Desert Palace.
Ah, and I see one more thing...an
item you will need...that allows you
to command the very sand?
Have it with you before you go to
this place. You'll need it there.";"Je vois un grand terrain au sud-ouest
de Lorule. Je vois aussi des murs
étranges...
Tu fais des allers-retours entre deux
mondes... Tu te rends au palais du
désert...
Attends... Je vois aussi un objet
mystérieux.

Est-ce un objet qui permet de
contrôler le sable ? Prends-le
avec toi, il te sera utile.";
"砂漠の神殿で迷う
オヌシの姿が見えるぞ
困った時はオヌシの持っておる
ヒントメガネを使うのじゃ";"I see...that you were lost in the
Desert Palace!

I can see no further, but I'd suggest
using those Hint Glasses you've got 
there to make your way through it.";"Je te vois, perdu dans les couloirs
du palais du désert.

Si tu ne sais plus quoi faire, porte les
lunettes occultes.";
"ハイラル城の南東にある
ハイリア湖が見えたぞ
その付近の壁に変な模様が付いた
キレツが出来ておるようじゃ
向かってみては、どうじゃろうか？";"I see...Lake Hylia to the 
southeast of Hyrule Castle...

Ah, I see more now... There's one of
those strange fissures. I'd suggest
that you investigate it.";"Je vois le lac Hylia, au sud-est du
château d'Hyrule.

Il y a une faille étrange dans la paroi...


Tu devrais te mettre à sa recherche.";
"ロウラルの南東の湖に
困っている亀の親子がおるようじゃ
湖を泳いで探してみては、どうじゃろうか";"I see a mother turtle in trouble...
Where is she...?

She's in the southeast of Lorule, in the
lake. I'd suggest that you swim to
the turtle and help her out.";"Je vois une famille de tortues dans
le lac au sud-est de Lorule. Elles ont
besoin d'aide.
Tu devrais te rendre au lac à la nage.";
"ロウラルの南東の湖に
助けを求めている亀の子がおるようじゃ
探して助けてあげては、どうじゃろうか？";"I see a baby turtle in trouble...
Where...? Ah, in the southeast of
Lorule, in the lake.
I'd suggest that you go to that
baby turtle's rescue.";"Je vois une jeune tortue qui appelle à
l'aide dans le lac au sud-est de Lorule.

Tu devrais lui porter secours.";
"ロウラルの南東の湖に
助けを求めている亀の子がおるようじゃ
探して助けてあげてはどうじゃろうか？";"I see a baby turtle in trouble...
Where...? Ah, in the southeast of
Lorule, in the lake.
I'd suggest that you go to that
baby turtle's rescue.";"Je vois une jeune tortue qui appelle à
l'aide dans le lac au sud-est de Lorule.

Tu devrais lui porter secours.";
"ロウラルの南東の湖に
助けを求めている亀の子がおるようじゃ
探して助けてあげては、どうじゃろうか？";"I see a baby turtle in trouble...
Where...? Ah, in the southeast of
Lorule, in the lake.
I'd suggest that you go to that
baby turtle's rescue.";"Je vois une jeune tortue qui appelle à
l'aide dans le lac au sud-est de Lorule.

Tu devrais lui porter secours.";
"ロウラルの南東の湖……
カメイワが見えるぞ
入り口を阻んでいる溶岩が
凍てついていく様が映っておるぞ
カメの子を全て救ったら
凍てつく道具を持って行ってみてはどうじゃ？";"I see Turtle Rock in the
southeast lake in Lorule.

And I sense that there is a way to
cool and harden the lava there. So
take an item there that does that.
Once you have saved all the turtles, 
you will find a way forward.";"Je vois le rocher de la tortue dans le
lac au sud-est de Lorule.

Je te vois aussi solidifier de la lave
qui empêche l'accès au temple...
Prends avec toi un objet approprié.
Une fois toutes les jeunes tortues
sauvées, le chemin s'ouvrira.";
"カメイワで迷う
オヌシの姿が見えるぞ
困った時はオヌシの持っておる
ヒントメガネを使うのじゃ";"I see...that you were lost in
Turtle Rock!

I can see no further, but I'd suggest
using those Hint Glasses you've got 
there to make your way through it.";"Je te vois, perdu dans les tréfonds
du rocher de la tortue.

Si tu ne sais plus quoi faire, porte les
lunettes occultes.";
"ロウラルの中央……
邪悪な力が立ち込める巨大な城が見えておるぞ
……んん！？
なんじゃこれは……！！
その先の未来は
水晶にモヤがかかってしまって見えん……！
オヌシ…気をつけて向かうのじゃよ！";"I see an enormous structure in the
middle of Lorule, a place of great
evil... But what else do I see there...?!
Aghh—! Nothing more! My crystal
ball cannot see any further into
your future at present!
I sense incredible danger. Yet you
must face what is there.";"Je vois au centre de Lorule...
un immense château duquel émane
une puissante aura maléfique.
Qu... Quoi ?!
Comment est-ce possible ?!

Je ne vois pas ton futur ! Ma boule de
cristal semble envahie par les brumes.

Prends garde à toi, mon garçon !";
"ロウラルの中央……
邪悪な力が立ち込める巨大な城が見えておるぞ
……んん！？
なんじゃこれは……！！
その先の未来は
水晶にモヤがかかってしまって見えん……！
オヌシ……気をつけて向かうのじゃよ！";"I see an enormous structure in the
middle of Lorule, a place of great
evil... But what else do I see there...?!
Aghh—! Nothing more! My crystal
ball cannot see any further into
your future at present!
I sense incredible danger. Yet you
must face what is there.";"Je vois au centre de Lorule...
un immense château duquel émane
une puissante aura maléfique.
Qu... Quoi ?!
Comment est-ce possible ?!

Je ne vois pas ton futur ! Ma boule de
cristal semble envahie par les brumes.

Prends garde à toi, mon garçon !";
"ロウラル城で迷う
オヌシの姿がかすかに見えるぞ……
困った時はオヌシの持っておる
ヒントメガネを使うのじゃ
モヤがかかってはっきり見ることができん……
なんじゃこれは……";"I see...that you were lost in
Lorule Castle!

I can see no further, but I'd suggest
using those Hint Glasses you've got 
there to make your way through it.";"Je te vois faiblement, perdu dans les
couloirs du château de Lorule.

Si tu ne sais plus quoi faire, porte les
lunettes occultes.

Tout est trop flou, je ne vois rien de
plus. Mais qu'est-ce que cela signifie ?";
"ロウラル城で迷う
オヌシの姿がかすかに見えるぞ……
困った時はオヌシの持っておる
ヒントメガネを使うのじゃ
モヤがかかってはっきり見ることができん……
なんじゃこれは……";"I see...that you were lost in
Lorule Castle!

I can see no further, but I'd suggest
using those Hint Glasses you've got 
there to make your way through it.";"Je te vois faiblement, perdu dans les
couloirs du château de Lorule.

Si tu ne sais plus quoi faire, porte les
lunettes occultes.

Tout est trop flou, je ne vois rien de
plus. Mais qu'est-ce que cela signifie ?";
"ロウラル城で迷う
オヌシの姿がかすかに見えるぞ……
困った時はオヌシの持っておる
ヒントメガネを使うのじゃ
モヤがかかってはっきり見ることができん……
なんじゃこれは……";"I see...that you were lost in
Lorule Castle!

I can see no further, but I'd suggest
using those Hint Glasses you've got 
there to make your way through it.";"Je te vois faiblement, perdu dans les
couloirs du château de Lorule.

Si tu ne sais plus quoi faire, porte les
lunettes occultes.

Tout est trop flou, je ne vois rien de
plus. Mais qu'est-ce que cela signifie ?";
"ロウラル城で迷う
オヌシの姿がかすかに見えるぞ……
困った時はオヌシの持っておる
ヒントメガネを使うのじゃ
モヤがかかってはっきり見ることができん……
なんじゃこれは……";"I see...that you were lost in
Lorule Castle!

I can see no further, but I'd suggest
using those Hint Glasses you've got 
there to make your way through it.";"Je te vois faiblement, perdu dans les
couloirs du château de Lorule.

Si tu ne sais plus quoi faire, porte les
lunettes occultes.

Tout est trop flou, je ne vois rien de
plus. Mais qu'est-ce que cela signifie ?";
"ロウラル城で迷う
オヌシの姿がかすかに見えるぞ……
困った時はオヌシの持っておる
ヒントメガネを使うのじゃ
モヤがかかってはっきり見ることができん……
なんじゃこれは……";"I see...that you were lost in
Lorule Castle!

I can see no further, but I'd suggest
using those Hint Glasses you've got 
there to make your way through it.";"Je te vois faiblement, perdu dans les
couloirs du château de Lorule.

Si tu ne sais plus quoi faire, porte les
lunettes occultes.

Tout est trop flou, je ne vois rien de
plus. Mais qu'est-ce que cela signifie ?";
"ロウラル城で迷う
オヌシの姿がかすかに見えるぞ……
困った時はオヌシの持っておる
ヒントメガネを使うのじゃ
モヤがかかってはっきり見ることができん……
なんじゃこれは……";"I see...that you were lost in
Lorule Castle!

I can see no further, but I'd suggest
using those Hint Glasses you've got 
there to make your way through it.";"Je te vois faiblement, perdu dans les
couloirs du château de Lorule.

Si tu ne sais plus quoi faire, porte les
lunettes occultes.

Tout est trop flou, je ne vois rien de
plus. Mais qu'est-ce que cela signifie ?";
"ロウラル城で迷う
オヌシの姿がかすかに見えるぞ……
困った時はオヌシの持っておる
ヒントメガネを使うのじゃ
モヤがかかってはっきり見ることができん……
なんじゃこれは……";"I see...that you were lost in
Lorule Castle!

I can see no further, but I'd suggest
using those Hint Glasses you've got 
there to make your way through it.";"Je te vois faiblement, perdu dans les
couloirs du château de Lorule.

Si tu ne sais plus quoi faire, porte les
lunettes occultes.

Tout est trop flou, je ne vois rien de
plus. Mais qu'est-ce que cela signifie ?";
"ロウラル城で迷う
オヌシの姿がかすかに見えるぞ……
困った時はオヌシの持っておる
ヒントメガネを使うのじゃ
モヤがかかってはっきり見ることができん……
なんじゃこれは……";"I see...that you were lost in
Lorule Castle!

I can see no further, but I'd suggest
using those Hint Glasses you've got 
there to make your way through it.";"Je te vois faiblement, perdu dans les
couloirs du château de Lorule.

Si tu ne sais plus quoi faire, porte les
lunettes occultes.

Tout est trop flou, je ne vois rien de
plus. Mais qu'est-ce que cela signifie ?";
"ロウラル城で迷う
オヌシの姿がかすかに見えるぞ……
困った時はオヌシの持っておる
ヒントメガネを使うのじゃ
モヤがかかってはっきり見ることができん……
なんじゃこれは……";"I see...that you were lost in
Lorule Castle!

I can see no further, but I'd suggest
using those Hint Glasses you've got 
there to make your way through it.";"Je te vois faiblement, perdu dans les
couloirs du château de Lorule.

Si tu ne sais plus quoi faire, porte les
lunettes occultes.

Tout est trop flou, je ne vois rien de
plus. Mais qu'est-ce que cela signifie ?";
"……んんん！？
かすかにだが、オヌシの戦う姿が見えるぞ……
オヌシの挑む相手……
こやつ…なんと邪悪な存在なのじゃ……
戦いを挑む時は、
強き装備を整え、薬を忘れるべからずじゃ！
強き盾を構えれば
こやつの攻撃を防ぐことができるかもしれん";"Do I see...? It is SO faint, for my
crystal ball isn't able to peer clearly
into your future...
Yet I do see you in battle with an
abominable evil!

I can say only to be well equipped.
Take potions into that battle.

And carry a strong shield—with it,
you may be able to deflect some
attacks!";"Oooh ! C'est très flou, mais je te vois
combattre...

Ton adversaire... Il s'agit d'un être
extrêmement mauvais.

Impossible de l'emporter si tu
ne te procures pas le meilleur
équipement possible.
N'oublie pas non plus de prendre
des potions avec toi.

Si tu possèdes un bouclier bien
solide, tu pourras te protéger de
ses attaques.";
"……ぬぬぬ！？
オヌシの苦戦する姿が、かすかに見えるぞ……
あやつが放った邪悪な力を
斬り返してみるのじゃ！
んん……絵になったこやつは
背中を向けるのが怖いようじゃな
何と邪悪な存在なのじゃ……
気をつけるのじゃぞ！";"Urrgh—! I see you locked in a
frightful struggle—!

But here is something that may help.
When your nemesis hurls evil magic
toward you...?
You should send it back toward him.
Oh, and NOW what—?!

He turns into a painting, but fails to
guard his back?! I...I cannot see what 
happens next...!
Never have I sensed a greater evil!
You must be careful, young one.";"Oooh ! C'est très flou, mais je te vois
engagé dans un terrible combat...

Tu renvoies à ton ennemi les
projectiles maléfiques qu'il te
destine...
Mais ?! Je le vois se transformer en
une peinture pour se glisser derrière
toi... Quelle épouvantable vision !
Il ne m'avait encore jamais été donné
de contempler un être d'une telle
noirceur... Sois très prudent, surtout !";
"高イ所カラ、コッコヲ使ッテ飛ベ！";"Use a Cucco to fly from high places!";"Pour planer dans les airs, accroche-toi
à une cocotte avant de te jeter d'un
point élevé !";
"バトル道場 「200ルピーコース」ヲ
クリアデキレバ ハートノカケラガ 手ニ入ル";"If you clear the Intermediate course in
the Treacherous Tower, you will
receive a piece of heart.";"Si tu termines la formule à 200 rubis
dans la tour de l'escarmouche, tu
recevras un fragment de cœur.";
"ファイアロッドヲ使エバ
氷ヲ溶カス事ガデキル";"You can melt ice using the
Fire Rod.";"Avec la baguette de feu, tu peux
faire fondre la glace.";
"パワフルグローブガアレバ
大キナ岩ヲ 持チ上ゲル事ガデキル";"The Titan's Mitt allows you
to lift large rocks.";"Avec les moufles du titan, tu peux
soulever de gros rochers.";
"南ノ壁ニ 入ッテ　東ニ進メバ
コノ先ニ 進ム事ガデキル";"You can progress past this point by
merging into the wall in front of you
and heading east.";"Afin de progresser, il te faut
emprunter le mur devant toi et
te diriger vers l'est.";
"ココカラ南ニ行クト、コノ字型ノ建造物ガアル
ソコデ絵ニナレバ ハートノカケラガ 手ニ入ル";"If you go south from here, there's a
building shaped like the letter "n."
Merge there to get a piece of heart!";"Au sud d'ici, tu trouveras un bâtiment
en forme de N. Emprunte sa paroi et
tu obtiendras un fragment de cœur.";
"運ガ 良ケレバ ハートノカケラガ
手ニ入ルカモ";"You might get a piece of heart
if you're lucky!";"Si la chance est avec toi, tu pourrais
bien obtenir un fragment de cœur...";
"盗賊達ノ アジトノ 合言葉
「細イ道」 「深イ闇」 「盗賊稼業」";"The passwords for the thieves'
hideout all have to do with narrow
paths, despair, and thievin'.";"Les mots de passe pour pénétrer dans
le village des bandits contiennent
« chemin », « noir » et « chiendent ».";
"ハイリアノ盾ナラ 魔物ニ
食ベラレテモ 盾ハ無クナラナイ";"Even if the Hylian Shield gets eaten
by a monster, it won't be destroyed.";"Le bouclier d'Hylia ne craint pas les
assauts des monstres qui tentent de
le dévorer.";
"コノ先ノ 細イ道ヲ シンチョウニ 進メバ
ハートノカケラガ 手ニ入ル";"Follow the narrow path up ahead
carefully for a piece of heart.";"Suis ce chemin étroit, droit devant, en
faisant bien attention. Il devrait te
conduire à un fragment de cœur.";
"高得点ヲ 目指シテ 頑張レバ
ハートノカケラガ 手ニ入ル";"If you aim for a high score and give it
your best shot, you might get a piece
of heart.";"Fais de ton mieux pour obtenir
le meilleur score, et tu recevras
peut-être un fragment de cœur.";
"余ッタルピーハ コノ洞窟ノ泉ニ投ゲ込モウ
イツカハ ビンガ モラエル";"Throw any spare Rupees into the
spring in this cave. At some point you
might receive a bottle.";"Si tu as des rubis à dépenser, essaye
d'en jeter dans la fontaine de cette
grotte et tu recevras un flacon.";
"オクタ球場デ 100ルピー目指シテ頑張ロウ
ハートノカケラガ 手ニ入ル";"Aim to score 100 Rupees or more at
Octoball Derby. You'll get a piece of
heart if you manage that!";"Obtiens 100 rubis ou plus à l'Octoball
et tu recevras un fragment de cœur.";
"コノ家ノ 裏口ニ バクダンヲ 仕掛ケテミヨウ
ビンガ 手ニ入ル";"Try setting a bomb at the back door of
this house. You should find a 
bottle back there.";"Essaye de poser une bombe à l'arrière
de cette maison. Tu devrais pouvoir
obtenir un flacon.";
"ハイラル側デ サンドロッドヲ 使エバ
上ノ段ニ行ケテ ハートノカケラガ 手ニ入ル";"If you use the Sand Rod in Hyrule,
you may be able to reach a piece
of heart.";"Utilise la baguette des sables dans
l'autre monde pour atteindre le
fragment de cœur là-haut.";
"村ノ南ニアル大バクダン花ヲ ココマデ運ベ
ブーメランガ 役ニ立ツダロウ";"Bring the Big Bomb Flower here.
The boomerang might
prove useful too.";"Porte la grosse fleur bombe du sud
du village jusqu'ici. Le boomerang te
sera certainement utile.";
"ソコニ見エル ハートノカケラ
ダンジョンクリアノ 途中ニ取レル";"The piece of heart that you can see
over there can be picked up on your
way through the dungeon.";"Continue ton chemin à travers le
donjon pour ramasser le fragment
de cœur que tu aperçois là-bas.";
"コノ先ニ 高イ所ガ
キライナ 子ガメガイル";"There is a baby turtle up ahead who is
afraid of heights.";"Un peu plus loin, tu trouveras
un bébé tortue sujet au vertige.";
"アイスロッドヲ使エバ
溶岩ヲ シバラク 凍ラセル事ガデキル";"You can temporarily freeze lava using
the Ice Rod.";"Tu peux solidifier la lave
momentanément grâce à la
baguette de glace.";
"コノ先ニ 進ムタメニハ
バクダンガ 必要ニナル";"You will need bombs
to progress beyond this point.";"Si tu veux continuer ta progression,
tu vas devoir utiliser des bombes.";
"大岩ガ壊レレバ 入口ノ水ガ引ク 
フックショットヲ使エバ 先ニ進メル";"If you can break the large rock, water
around the entrance will drain away.
Then use the Hookshot!";"Une fois le gros rocher brisé, l'eau qui
protège l'entrée va s'écouler. Utilise
le grappin pour passer.";
"橋ノ上ヘハ ハイラルカラ 行ケル";"You can reach the top of the bridge
via Hyrule.";"Pour atteindre le haut du pont, tu
dois d'abord te rendre en Hyrule.";
"木ニ囲マレタ 真中ノ場所ニ 行クニハ
北側ニ 回リ込ンデ 壁ニ入レ";"To get into the area surrounded by
trees, go around the north side and
then merge with the wall.";"Pour accéder au centre de ce cercle
d'arbres, emprunte la paroi nord et
engouffre-toi dans le passage étroit.";
"壁ニ入レバ 先ニ進メル 下ノ洞窟ノ
奥ヘト進ムト ハートノカケラガ 手ニ入ル";"Merge into the wall to move on from
here. Reach the depths of the lower
cave for a piece of heart!";"Emprunte le mur pour continuer à
avancer. Tu trouveras un fragment de
cœur tout au fond de la grotte du bas.";
"ハンマーヲ 使ッテ
目ノ前ノ 杭ヲ叩ク";"Use the hammer to bash
the stakes in front of you.";"Frappe les billots devant toi avec
le marteau.";
"向コウニ見エル小島ニ ハートノカケラガアル
タダシ コノ世界カラハ 渡レナイ";"There is a piece of heart on the small
island that you see over there. But...
you can't reach it from this world.";"La petite île que tu aperçois là-bas
abrite un fragment de cœur que tu ne
peux pas atteindre dans ce monde.";
"洞窟ノ 奥深クノ 高台デ
ハートノカケラガ 手ニ入ル";"Deep in the depths of the cave, there
is a raised platform. You can find a
piece of heart there.";"Dans les profondeurs de la grotte, tu
trouveras une plateforme surélevée.
Un fragment de cœur t'y attend.";
"山ヘノ道ヲ塞グ 岩ヲ ドカスニハ
パワーグローブガ　必要トナル";"In order to clear away the rocks that
are blocking the path to the mountain,
you will need the Power Glove.";"Tu auras besoin des gants de
puissance pour dégager les rochers
qui interdisent l'accès à la montagne.";
"コノ先ノ 滝ノ奥ニハ
ゾーラノ里ガアル";"Zora's Domain is located behind
the waterfall up ahead.";"Le village zora se trouve
derrière la cascade, là-bas.";
"大キナ岩ヲ 担グニハ
パワフルグローブガ 必要トナル";"Hmm. What does my book say about
this large boulder here...?

Aha! Here's the tip! To move it, you
will need the Titan's Mitt!";"Tu as besoin des moufles du titan
pour soulever les gros rochers.";
"ハンマーヲ 使エバ
マワリノ 杭ヲ 叩ケル";"You can drive the stakes into the
ground with the hammer.";"Tu peux aplatir les billots du coin
avec le marteau.";
"押セバ動ク墓石ノ下　絵ニナレバ
ハートノカケラガ 手ニ入ルカモ？";"A piece of heart is hidden under the
Graveyard.

To find it, you'll have to shove a
grave aside to get down there...
Wait, have you done that already?
Anyway, once you're down there,
you can reach that piece of heart if
you merge into a certain wall.";"Un fragment de cœur t'attend sous
une pierre tombale. Il te faudra
emprunter le mur pour l'obtenir...";
"コノ先ノ 滝ノ中ニ入レバ
ハートノカケラガ 手ニ入ル";"If you enter the waterfall up ahead,
you will find a piece of heart.";"Entre dans la cascade droit devant,
tu y trouveras un fragment de cœur.";
"勇気ヲ出シテ 井戸ニ飛ビ込メバ
ハートノカケラガ 手ニ入ル";"If you summon the courage to plunge
into the well, you will find a piece
of heart.";"Trouve en toi le courage de plonger
dans le puits. Un fragment de cœur
sera ta récompense.";
"壁ニ 張リ付キ 怪シゲナ男ノ 背後カラ
声ヲカケルト ペガサスノ靴ガ 手ニ入ル";"Merge into the wall and sneak up
behind the thief. If you do that, you'll
get the Pegasus Boots!";"Emprunte le mur et surprends
l'individu louche. Ainsi, tu
obtiendras les bottes de Pégase.";
"コノ家ハ 別ノ世界カラ 入レル";"You can enter this house via the other
world.";"Cette maison est accessible depuis
l'autre monde.";
"大キナ岩ヲ 持チ上ゲルニハ
パワフルグローブガ 必要トナル";"In order to lift large rocks, you will
need the Titan's Mitt.";"Pour soulever de gros rochers, tu as
besoin des moufles du titan.";
"ハンマーヲ 使エバ
並ンダ 杭ヲ 叩ケル";"Use the hammer to drive
the stakes into the ground.";"Utilise le marteau pour aplatir
les billots.";
"壁ニ入レルヨウニ ナレタナラ
コノドウクツ内デ ハートノカケラガ 手ニ入ル";"If you can merge into a wall, there is a
piece of heart somewhere for you in
this cave.";"Si tu possèdes le pouvoir d'emprunter
les murs, tu trouveras un fragment de
cœur dans cette grotte.";
"弓矢ガアレバ 段差ノ上カラ
スイッチヲ 射ル事ガデキル";"With the bow, you can
hit the switches that are on pedestals.";"L'arc te permet d'activer les
interrupteurs sur les promontoires.";
"高得点ヲ 目指シテ ヒタスラガンバレバ
ハートノカケラガ 手ニ入ル";"If you aim for a high score and give it
your best shot, you just might obtain
a piece of heart.";"Fais de ton mieux pour obtenir
le meilleur score, et tu recevras
peut-être un fragment de cœur.";
"オヤドリレベルノ クリアヲ目指セバ
ハートノカケラガ 手ニ入ル";"If you complete the Rooster level in
Dodge the Cuccos, you'll get a piece
of heart.";"Réussis le dernier défi de l'enclos des
cocottes, et tu obtiendras un fragment
de cœur.";
"コノ橋ノ　下ニ住ム　小鳥好キノ人カラ
ビンガ モラエル";"You can get a bottle from the bird
lover who lives under this bridge.";"L'amoureux des oiseaux qui vit sous
ce pont détient un flacon qu'il peut
te donner.";
"コノ壁ハ バクダンデ壊セル ソノ穴ヲ
抜ケルト ハートノカケラガ 手ニ入ル";"You can damage the wall up ahead
with a bomb. Go through the opening
to collect a piece of heart.";"Utilise une bombe pour t'ouvrir
un passage dans le mur, puis
va chercher le fragment de cœur.";
"トルネードロッドヲ 使エバ
地面ノ パネルヲ 吹キ飛バセル";"Use the Tornado Rod to blow
away panels on the ground.";"Utilise la baguette des tornades pour
déblayer les panneaux au sol.";
"ダダットレースニ勝ツト
ハートノカケラガ 手ニ入ル";"Win the Hyrule Hotfoot race to receive
a piece of heart.";"Remporte la course vite-vite et tu
recevras un fragment de cœur.";
"手紙入リボトルヲ ミルクバー経由デ
山ノ北東マデ運ベバ ビンガ 手ニ入ル";"Take the letter in a bottle to the
Milk Bar, and then head to the east
side of Death Mountain.
You can get a bottle from someone
on the upper slopes there.";"Apporte le message trouvé dans un
flacon au nord-est de la montagne
après un arrêt au bar laitier.
Ainsi, tu recevras un flacon.";
"トルネードロッドヤ ペガサスノ靴デ
木ノ上ノリンゴヲ 落トセル";"You can shake apples from the trees
with the Pegasus Boots or the
Tornado Rod.";"Tu peux faire tomber des pommes de
l'arbre avec la baguette des tornades
ou les bottes de Pégase.";
"カジ屋ノ 壁沿イニ進メバ
コノ上ノ ハートノカケラガ 手ニ入ル";"Travel along the wall of the
blacksmith's place to get the piece of
heart just above here.";"Emprunte le mur de la forge pour
obtenir le fragment de cœur
dissimulé au-dessus.";
"別ノ世界カラ コノ上ノ高台ニ行ケル
ドウクツノ中デ ハートノカケラガ 手ニ入ル";"You can reach the platform above here
via the other world. There is a piece
of heart inside the cave.";"Tu peux atteindre la plateforme
surélevée depuis l'autre monde.

Un fragment de cœur se trouve
dans la grotte.";
"砂漠ノ神殿ヲ 目指スノナラバ
西ニ向カッテ サンドロッドヲ 使ウ";"If you're trying to get to
Desert Palace, then head west
and use the Sand Rod.";"Pour atteindre le palais du désert,
dirige-toi vers l'ouest et utilise la
baguette des sables.";
"砂漠ノ神殿ヲ 目指スノナラバ
西ニ見エル キレツニ 入ル";"To get to Desert Palace, just
enter the fissure west of here.";"Si tu cherches à atteindre le palais
du désert, traverse la faille que tu
trouveras à l'ouest.";
"砂漠ノ神殿ハ コノ北ノ先ニアル
下ニ降リルト ヤリ直シ 慎重ニ進ムベシ";"The Desert Palace is farther
north. If you fall, you will have to go
back to the start, so be careful!";"Le palais du désert est un peu plus
loin vers le nord. En cas de chute, tu
devras tout recommencer, alors gare !";
"パワーグローブデ 岩ヲ ドカセバ
ハートノカケラガ 手ニ入ル";"Use the Power Glove to move
the rocks out of the way. You just
might find a piece of heart.";"Déplace les rochers à l'aide des
gants de puissance, et tu trouveras
un fragment de cœur.";
"壁画ニナッテ 壁ニ入レバ
向コウ側ニ 渡ル事ガデキル";"You'll be able to reach the far side
if you become a picture and merge 
with the wall.";"Si tu souhaites aller plus loin, il te
faut emprunter la paroi rocheuse en
te transformant en peinture murale.";
"[PlayerName]の家";"[PlayerName]'s House";"Chez [PlayerName]";
"ラヴィオの店！";"Ravio's Shop!";"Chez Lavio";
"ここのお宝は俺たち兄弟がいただくぜ！
ダッシュできないやつは、あきらめな！";"Us brothers will be taking this here 
treasure! 'Less you be dashin', you
may as well go home now!";"Mon frangin et moi, on réquisitionne
ce trésor, et à moins que tu saches
courir méga vite, tu peux rien y faire.";
"ハァハァ……
この俺の足でも間に合わないだと……？";"Pant...gasp...*hurk*... I don't... Howzit
that I'm not bein' fast enough? I'm
never not bein' fast enough!";"Ha... Ha... Même moi, je suis pas
assez rapide... C'est pas possible...";
"まさかアニキより速いやつがいるとはな！
たまげたぜ！";"I don't buy that! This little twig of a
boy, faster than my big brother? That
sounds like a cheat, if you ask me!";"J'y crois pas ! D'où il sort, celui-là ?
Il a complètement laissé mon frangin
en plan !";
"まさかアニキよりズル賢いやつがいるとはな！
たまげたぜ！";"No way! This guy's more cunning than
my big bro? That's preposterous!";"J'y crois pas ! Ce gamin serait plus
futé que mon frangin ? Pas moyen !";
"オメーの足なら……
世界の果てまで行けるかもな！";"With those wee little legs of yours...
there's nowhere you couldn't go!";"T'as des sacrées guiboles, p'tit gars !
J'avais jamais vu ça !";
"オマエのワザなら……
世界の果てまで行けるかもな！";"With your skills, there's nowhere you
couldn't go! I admire you, kid.";"T'es sacrément malin, p'tit gars !
J'avais jamais vu ça !";
"ナイスダッシュ！！";"That's a nice dash you got there!";"Sacrée pointe de vitesse !";
"ナイステクニック！！";"Impressive technique.";"Super technique !";
"なんでちか？
あっ、ボクでちか？
ボクはトレジャーハンターでち
見た目の通り、立派なプロでち！
もちかして、ココのお宝を狙ってるでちか？
こりだから、素人はダメでちね
ここのダンジョンは砂と風を操れないと
先へすすめないでちよ
素人にはムリに決まってるでち！
ここはプロのボクにまかせるでち！！";"Yes, yes, I'm a professional treasure
hunter. I can't go anywhere without
being recognized.
Having a tough time here, though. If
only I could manipulate sand and wind,
then I...
Well, let's just say I'd be able to
secure myself a nice little piece of
treasure here...
Don't you worry about it, though, kid.
Just leave it to the professionals. I'll
figure this one out soon enough!";"Bonjour ! Qui je suis ? Un chasseur de
trésors. Ou devrais-je dire LE chasseur
de trésors attitré de la région !
Bon, autant te le dire tout de suite :
en fait, je suis un vrai pro. Me dis pas
que tu cherches le trésor, toi aussi ?
Ne le prends pas mal, mais... t'as
aucune chance. C'est qu'il est pas à
la portée de tout le monde, celui-là.
Si tu veux tout savoir, tu ne peux pas
l'obtenir à moins de maîtriser à la fois
le sable et le vent. Rien que ça !
Tu comprends, maintenant ? C'est rien
de personnel, petit. Laisse donc faire
les professionnels, ça vaudra mieux.";
"よく考えたら、ボクなんかに
砂や風が操れるわけないでち";"If only I could control sand and wind...
See, my problem is that I can't control
either of those things. But if I could...";"Hmm... Le seul petit souci, c'est que
je ne sais pas contrôler le sable...
Le vent non plus, d'ailleurs... Oups.";
"……うんうん、ナルホド

フックショットで壁に張り付き
当たった瞬間を押すって感じで……
うん！ソレしかないっちょ！！！
お宝はいただきだっちょ！！";"...Now, how's all this going to work?


Use the Hookshot to fly at that wall.
Uh, then press  the moment I
reach it? Right. That's it.
Yeah, then that treasure will be mine!";"... Ça y est, je crois bien que j'ai
compris...

D'abord, utiliser le grappin pour aller
se coller contre le mur, puis appuyer
sur  dès qu'on le touche...
Pas plus compliqué que ça,
et un joli trésor à la clé !";
"そういえば、ボク……
高いところは嫌いっちょ……
ってことを思い出したっちょ";"Well, I worked it out. But it's too bad
my stomach gets all oogie when it
comes to heights.";"Argh... Mais avec ce maudit vertige,
pas sûr que ça le fasse...";
"……うんうん、ナルホド

ここにコッコがいるってことは……
つかまってひとっとび……
うん！ソレしかないっちょ！！！
お宝はいただきだっちょ！！";"...Now, how's all this going to work?


Maybe jump off the ledge. Oh, better
be holding a Cucco too! Right.
That part's important.
Yeah, then that treasure will be mine!";"... Je vois, je vois... C'est clair comme
de l'eau de roche !

Ces cocottes ne sont pas là par
hasard. Suffit d'en attraper une
et de se jeter dans le vide !
Et voilà le travail ! Trop fastoche.
J'arrive, petit trésor, j'arrive !";
"コッコで飛ぶことまではわかったんだけど…
ボク、鳥アレルギーなんだっちょ";"Well, I worked out that Cucco part.
But it's too bad I get all sneezy
around feathers.";"Argh, une seconde... Je suis
mortellement allergique à tous
les volatiles...";
"……うんうん、ナルホド
ブーメランを使ってアレをON！……
うん！ソレしかないっちょ！！！
お宝はいただきだっちょ！！";"...Now, how's all this going to work?


Get a boomerang. Right, I'll have to
do that. And then...what?

Oh, RIGHT. Flick it at that switch!
Yeah, that treasure's going to be
all mine!";"... Ouais, je vois le tableau...  
Activer l'interrupteur avec un
boomerang, et le tour est joué !
Voilà qui va être plié en deux temps
trois mouvements ! À moi le trésor !";
"そういえば、ボク……
泳げなかったっちょ";"Dang. If only I could swim. Then that
treasure would have been mine!";"Ah, oui, seulement...
Hmm. Je sais pas nager...";
