Japanese;English;French;
"あける";"Open";"Ouvrir";
"も つ";"Pick up";"Soulever";
"なげる";"Throw";"Lancer";
"はなす";"Talk";"Parler";
"トーテム";"Totem";"Totem";
"と る";"Take";"Prendre";
"よ む";"Read";"Lire";
"み る";"Look";"Regarder";
"ふれる";"Touch";"Toucher";
"つかむ";"Grab";"Saisir";
"はいる";"Enter";"Entrer";
"おりる";"Get down";"Descendre";
"しらべる";"Check";"Examiner";
"かそく";"Boost";"Accélérer";
"　　　　写真をアルバムに保存しました
　　　　  　あと[Number of Sheet]保存できます";"      Your photo has been saved to
   the album. You can save [Number] more.";"　　 La photo a été sauvegardée
       dans l'album. Vous pouvez
     encore en sauvegarder [Number] !";
"　　　　　全員の準備を待っています
　　　　 　しばらくお待ちください";"
              Waiting for others...";"
     En attente des autres joueurs...";
"　　　　　 　　セーブ中です…
　　　　　電源を切らないでください";"                      Saving...
         Do not turn the power off.";"                  Sauvegarde...
         N'éteignez pas la console.";
"　　　 　　セーブが終了しました";"
              Saved successfully.";"
              Partie sauvegardée.";
"           アルバムがいっぱいなので
          写真を保存できませんでした
 ミーバース写真館で「アルバム編集」を選んで
         いらない写真を削除してください";"          Could not save the photo
         because your album is full.

          Select "Edit album" in the
        Miiverse Gallery and delete
       some photos you don't need.";"               L'album est plein.
 La photo n'a pas pu être sauvegardée.

  Sélectionnez « Gérer l'album » dans
la galerie Miiverse et effacez quelques
photos dont vous pouvez vous passer.";
"        写真をアルバムに保存しました
    これでアルバムがいっぱいになりました
    　　 アルバムはミーバース写真館で
              編集することができます";"      Your photo has been saved and
             the album is now full.

      You can edit your album in the
        Miiverse Gallery in the town.";"        La photo a été sauvegardée.
     Votre album est désormais plein.

      Pour gérer votre album, rendez-
 vous en ville dans la galerie Miiverse.";
"　　 このSDカードにはセーブできません";"
        Cannot save to this SD Card.";"            Sauvegarde impossible
              sur cette carte SD.";
"電源を切って
SDカードのロックを解除し
差し直してください";"Please turn off the power,
move the SD Card's
write-protection switch to
the off position, then reinsert
the SD Card.";"La carte SD est protégée en
écriture. Éteignez la console,
retirez la protection de la
carte SD, puis réinsérez-la
dans la console.";
"SDカードの認識に失敗しました
電源を切ってSDカードの状態を
確認してください";"Could not recognise SD Card.
Please turn the power off and
reinsert it.";"L'accès à la carte SD a
échoué. Éteignez la console,
puis réinsérez la carte SD.";
"このソフトの追加データが
壊れているので作り直します";"The extra data for this
software is corrupted. New
extra data will be created.";"Les données additionnelles
du logiciel sont corrompues.
De nouvelles données vont
être créées.";
"はい";"OK";"OK";
"このソフトの追加データが
壊れているので作り直します";"The extra data for this
software is corrupted. New
extra data will be created.";"Les données additionnelles
du logiciel sont corrompues.
De nouvelles données vont
être créées.";
"このソフトの追加データを
SDカードに作ります";"Extra data for this software
will be created on the
SD Card.";"Les données additionnelles
du logiciel seront créées
sur la carte SD.";
"はい";"OK";"OK";
"このソフトの追加データを
SDカードに作ります";"Extra data for this software
will be created on the
SD Card.";"Les données additionnelles
du logiciel seront créées
sur la carte SD.";
"追加データを作っています……";"Creating extra data...";"Création des données
additionnelles...";
"SDカードの空き容量が足りないため
追加データを作成できませんでした
ゲームを進めることはできますが
一部のデータはセーブはされません";"Could not create extra data
because there is not enough
space on the SD Card. You
can continue playing, but
some data will not be saved.";"Les données n'ont pas pu être
créées car il n'y a pas assez
d'espace libre sur la carte SD.
Vous pouvez jouer, mais vous
perdrez certaines données.";
"はい";"OK";"OK";
"SDカードの空き容量が足りないため
追加データを作成できませんでした
ゲームを進めることはできますが
セーブはされません";"Could not create extra data
because there is not enough
space on the SD Card. You
can continue playing, but will
not be able to save progress.";"Les données n'ont pas pu être
créées car il n'y a pas assez
d'espace libre sur la carte SD.
Vous pouvez jouer, mais votre
progression sera perdue.";
"追加データを作成できませんでした
ゲームを進めることはできますが
一部のデータはセーブはされません";"Could not create extra data.
You can continue playing the
game, but some data will not
be saved.";"Les données additionnelles
n'ont pas pu être créées. Vous
pouvez continuer à jouer mais
certaines données ne seront
pas sauvegardées.";
"はい";"OK";"OK";
"追加データを作成できませんでした
ゲームを進めることはできますが
セーブはされません";"Could not create extra data.
You can continue playing the
game, but you will not be able
to save your progress.";"Les données additionnelles
n'ont pas pu être créées. Vous
pouvez continuer à jouer mais
votre progression ne sera
pas sauvegardée.";
"SDカードにダウンロードプレイで
遊んだデータがセーブされています
ゲームを進めると セーブデータを
反映させるイベントが発生します";"You will have the chance to 
carry over data saved during
Download Play from a certain
point in the game.";"Les données sauvegardées en
mode téléchargement seront
prises en compte à partir d'un
certain point du jeu.";
"はい";"OK";"OK";
"製品版を遊んだ方は
ダウンロードプレイでの
セーブデータを製品版に
反映することはできません";"If you have been playing the
full version of the game, your
Download Play save data will
not carry over to the full
version.";"Les données sauvegardées en
mode téléchargement ne
seront pas prises en compte
si vous avez déjà utilisé la
version complète.";
"通信中です しばらくお待ちください";"
         Connecting. Please wait...";"        Communication en cours...
              Veuillez patienter.";
"通信中です しばらくお待ちください";"
         Connecting. Please wait...";"        Communication en cours...
              Veuillez patienter.";
"エラーが発生しました もう一度やり直してください";"
  An error occurred. Please try again.";"
 Une erreur est survenue. Réessayez.";
"エラーが発生しました ゲームを終了いたします";"
    An error occurred. Ending game.";"         Une erreur est survenue.
          Vous allez quitter le jeu.";
"コースを選択してください";"Select a level";"Sélectionnez un niveau.";
"Press  to Start";"Press  to start";"Appuyez sur  pour commencer.";
"Thank You for Playing !";"Thanks for playing!";"Merci d'avoir joué !";
" 2015 Nintendo";"2015 Nintendo";"2015 Nintendo";
"通信が切れました";"You have been disconnected.";"La communication a été interrompue.";
"本体にニンテンドーeショップがインストールされていません";"Nintendo eShop is not installed
on this system.";"Le Nintendo eShop n'est pas installé
sur cette console.";
"[InsertMark]を手に入れた!";"You got [InsertMark]!";"Vous avez obtenu
[InsertMark] !";
"カギ";"a key";"une clé";
"カメラ";"the camera";"un appareil photo";
"1ルピー";"1 Rupee";"1 rubis";
"5ルピー";"5 Rupees";"5 rubis";
"20ルピー";"20 Rupees";"20 rubis";
"100ルピー";"100 Rupees";"100 rubis";
"300ルピー";"300 Rupees";"300 rubis";
"ハート";"a heart";"un cœur";
"ハート3";"3 hearts";"trois cœurs";
"ダサいタイツ";"the Semi-Cursed Tights";"un collant ringard";
"50ルピー";"50 Rupees";"50 rubis";
"アレ? まだ何かあるぞ";"
 Hey, there's something else here!";"
Mh ? Il y a encore quelque chose !";
"マダムテーラー";"Madame Couture's";"Madame la couturière";
"毎日たからばこ屋";"Daily Riches";"Magotidien";
"ミーバース写真館";"Miiverse Gallery";"Galerie Miiverse";
"[ColoringStart][InsertMark][ColoringEnd]がハートゲット!";"[ColoringStart][InsertMark][ColoringEnd] got a heart!";"[ColoringStart][InsertMark][ColoringEnd] a trouvé un cœur !";
"[ColoringStart][InsertMark][ColoringEnd]が[Number of Rupee]ゲット!";"[ColoringStart][InsertMark][ColoringEnd] got three hearts!";"[ColoringStart][InsertMark][ColoringEnd] a trouvé trois cœurs !";
"[ColoringStart][InsertMark][ColoringEnd]がダメージをうけた";"[ColoringStart][InsertMark][ColoringEnd] got [Number of Rupee]!";"[ColoringStart][InsertMark][ColoringEnd] a obtenu [Number of Rupee] !";
"[ColoringStart][InsertMark][ColoringEnd]が落ちた…";"[ColoringStart][InsertMark][ColoringEnd] took damage!";"[ColoringStart][InsertMark][ColoringEnd] a subi des dégâts !";
"[ColoringStart][InsertMark][ColoringEnd]が宝箱をあけた!";"[ColoringStart][InsertMark][ColoringEnd] fell...";"[ColoringStart][InsertMark][ColoringEnd] est tombé...";
"[ColoringStart][InsertMark][ColoringEnd]がカギを手に入れた!";"[ColoringStart][InsertMark][ColoringEnd] opened a treasure chest!";"[ColoringStart][InsertMark][ColoringEnd] a ouvert un coffre !";
"ハートがすくない!";"[ColoringStart][InsertMark][ColoringEnd] got a key!";"[ColoringStart][InsertMark][ColoringEnd] a obtenu une clé !";
"ピンチ!";"You're low on hearts!";"Vous n'avez plus beaucoup de cœurs !";
"キケン!";"You're nearly done for!";"Attention !";
"ヤバイ!";"You're barely holding on!";"Danger !";
"[ColoringStart][InsertMark][ColoringEnd]がやってきました";"You're on your last legs!";"Aïe, aïe, aïe !";
"仲間と合流しました";"[ColoringStart][InsertMark][ColoringEnd] has arrived!";"[ColoringStart][InsertMark][ColoringEnd] a rejoint le hall !";
"注文した服が届きました";"The heroes have united!";"Les héros se sont rejoints !";
"マダムテーラーに服が追加されました";"The outfit you ordered has arrived!";"La tenue que vous avez commandée est arrivée !";
"新しいエリアがオープンしました";"New outfits are available at Madame Couture's!";"De nouvelles tenues sont disponibles chez Madame la couturière !";
"[ColoringStart][InsertMark][ColoringEnd]は[ColoringStart][InsertMark][ColoringEnd]のことが気になっているようだ";"New areas have been unlocked!";"La carte des contrées maudites a été mise à jour !";
"[ColoringStart]トーテム![ColoringEnd]";"[ColoringStart][InsertMark][ColoringEnd] is curious about [ColoringStart][InsertMark][ColoringEnd].";"[ColoringStart][InsertMark][ColoringEnd] est intrigué par [ColoringStart][InsertMark][ColoringEnd].";
"君のコスチュームカラーは[ColoringStart]緑[ColoringEnd]だ!";"[ColoringStart]Totem time! [ColoringEnd]";"[ColoringStart]1, 2, 3, totem ! [ColoringEnd]";
"君のコスチュームカラーは[ColoringStart]青[ColoringEnd]だ!";"Your colour is [ColoringStart]green[ColoringEnd]!";"Vous êtes en [ColoringStart]vert[ColoringEnd] !";
"君のコスチュームカラーは[ColoringStart]赤[ColoringEnd]だ!";"Your colour is [ColoringStart]blue[ColoringEnd]!";"Vous êtes en [ColoringStart]bleu[ColoringEnd] !";
"あと[Number of Second]!!";"Your colour is [ColoringStart]red[ColoringEnd]!";"Vous êtes en [ColoringStart]rouge[ColoringEnd] !";
"残り[Number of Second]でロビーに戻ります";"[Number of Second] left!!";"Il reste [Number of Second] !";
"[ColoringStart][InsertMark][ColoringEnd]がツボを落としてしまった";"Returning to lobby in [Number of Second].";"Retour au hall dans [Number of Second].";
"[ColoringStart][InsertMark][ColoringEnd]がフォールマスターにつかまった";"[ColoringStart][InsertMark][ColoringEnd] dropped the pot!";"[ColoringStart][InsertMark][ColoringEnd] a fait tomber le vase !";
"[ColoringStart][InsertMark][ColoringEnd]が風船を割ってしまった";"[ColoringStart][InsertMark][ColoringEnd] got caught by the Wallmaster!";"La Main a attrapé [ColoringStart][InsertMark][ColoringEnd] !";
"[ColoringStart][InsertMark][ColoringEnd]がエリアの外に出てしまった";"[ColoringStart][InsertMark][ColoringEnd] popped a balloon!";"[ColoringStart][InsertMark][ColoringEnd] a fait éclater un ballon !";
"[ColoringStart][InsertMark][ColoringEnd]が流砂にのみ込まれた";"[ColoringStart][InsertMark][ColoringEnd] left the designated area!";"[ColoringStart][InsertMark][ColoringEnd] a quitté la zone !";
"[ColoringStart][InsertMark][ColoringEnd]がダウンした";"[ColoringStart][InsertMark][ColoringEnd] got swallowed up by quicksand!";"[ColoringStart][InsertMark][ColoringEnd] s'est fait engloutir par les sables !";
"[ColoringStart][InsertMark][ColoringEnd]が敵につかまった";"[ColoringStart][InsertMark][ColoringEnd] fainted!";"[ColoringStart][InsertMark][ColoringEnd] est K.-O. !";
"[ColoringStart][InsertMark][ColoringEnd]が火山弾にあたった";"[ColoringStart][InsertMark][ColoringEnd] got caught by an enemy!";"Un ennemi a capturé [ColoringStart][InsertMark][ColoringEnd] !";
"[ColoringStart][InsertMark][ColoringEnd]が氷雪弾にあたった";"[ColoringStart][InsertMark][ColoringEnd] got hit by a volcanic rock!";"[ColoringStart][InsertMark][ColoringEnd] a été touché par une boule de lave !";
"風船がわれてしまった…";"[ColoringStart][InsertMark][ColoringEnd] got hit by a snowball!";"[ColoringStart][InsertMark][ColoringEnd] a été touché par une boule de neige !";
"";"A balloon got popped...";"Un ballon a éclaté...";
"この物語の「はじまり」を
お聞かせしましょう";"Let me tell you how all this started.";"Laissez-moi vous raconter comment
tout cela a commencé.";
"あるところに
オシャレを愛する王国がありました
国民達はいつもオシャレ話に夢中です
とりわけ その話の中心になるのが
王国一美しくオシャレなフリル姫でした";"Once, there was a kingdom in love
with fashion. The people there lived
and breathed it, lovely and stylish.
And of them all, none were more lovely
and stylish than the Princess Styla.";"Il était un royaume amoureux de la mode.
Ses élégants habitants se vêtaient avec
goût et parlaient vêtements tout le jour.
Dans ce royaume, nul n'avait plus de goût
ni de grâce que la princesse Mousseline.";
"しかし… そんなフリル姫を
良く思わない者がたった一人いました
魔境に住む魔女です";"Alas... There was one who
did not wish the princess well.
A witch, residing in the Drablands.";"Hélas... il se trouvait une personne à qui la
princesse inspirait de funestes desseins. 
C'était la sorcière des contrées maudites.";
"ある日 フリル姫に
贈り物が届きました";"On the fateful day, a gift-wrapped
parcel was delivered to the princess.";"Or, un beau jour, un cadeau
fut présenté à la princesse.";
"贈り主がかかれていない 怪しい箱でしたが
あまりにもオシャレな箱に魅了され
フリル姫はつい ふたを開けてしまったのです";"The sender? Unknown. Suspicious?
Well, of course, but a box so fancy the
princess could not help but open.";"D'expéditeur inconnu, le présent était fort
louche. Las ! La boîte était si élégante que
son Altesse ne put s'empêcher de l'ouvrir.";
"フリル姫は怪しい煙に包まれ
見るも恥ずかしい姿となってしまいました
「アンタにはそれがお似合いだよ」
どこからか声がしました
その贈り主は あの魔女だったのです";"When the dark smoke had cleared, 
the princess was clad head to toe in
clothes she wouldn't be seen dead in.
"I fancied it'd suit you!", she heard a
voice say. The box was from the witch!";"Une fois la fumée dissipée, la princesse
se retrouva affublée d'une tenue si
ridicule qu'elle crut mourir de honte.
Un rire se fit entendre : « Cela te va à
ravir ! » Le cadeau venait de la sorcière !";
"魔女の呪いがかけられた服は　
魔女にしか脱がすことができません
フリル姫はショックのあまり
部屋に閉じこもってしまい
国全体が悲しみに包まれました";"The witch had cursed the costume,
and only her magic could remove it...
Shame-stricken, the princess locked
herself in her room and wouldn't leave,
which cast a dark pall on the kingdom.";"La tenue était ensorcelée et seule la
sorcière pouvait en délivrer la princesse.
Horrifiée, celle-ci s'enferma dans sa
chambre, refusant désormais d'en sortir.
Le royaume fut plongé dans la tristesse...";
"魔女の住む魔境は 魔の住むところ
危険な魔境に行けるのは 選ばれし勇者のみ
魔女を倒し お姫様を救ってくれる勇者を求め
王様は近隣の国々におふれを出しました";"The Drablands were the witch's domain;
a nasty land, where only heroes ventured,
and reluctantly at that. And so the king,
in dire need of a hero, sent out envoys
to neighbouring lands.";"La sorcière habitait les contrées maudites,
des terres damnées, où seul un véritable
héros accepterait de se rendre...
Le roi dépêcha donc des messagers de
par le monde, en quête d'un tel héros.";
"そこにひとりの若者がやってきました";"Enter a young boy,
eager for adventure...";"C'est alors que se présenta un jeune
garçon avide d'aventure...";
"STAFF CREDITS";"STAFF CREDITS";"STAFF CREDITS";
"DIRECTOR";"DIRECTOR";"DIRECTOR";
"　　四方 宏昌";" Hiromasa Shikata";" Hiromasa Shikata";
"SYSTEM DIRECTOR";"SYSTEM DIRECTOR";"SYSTEM DIRECTOR";
"　　毛利 志朗";" Shiro Mouri";" Shiro Mouri";
"GAME PLANNING LEAD";"GAME PLANNING LEAD";"GAME PLANNING LEAD";
"　　山田 洋一";" Yoichi Yamada";" Yoichi Yamada";
"GAME PLANNING";"GAME PLANNING";"GAME PLANNING";
"　　池松 真一
　　白川 真理";" Shinichi Ikematsu
 Mari Shirakawa";" Shinichi Ikematsu
 Mari Shirakawa";
"COURSE PLANNING LEAD";"COURSE PLANNING LEAD";"COURSE PLANNING LEAD";
"　　桑田 浩之";" Hiroyuki Kuwata";" Hiroyuki Kuwata";
"COURSE PLANNING";"COURSE PLANNING";"COURSE PLANNING";
"　　手塚 達磨
　　丸林 靖典
　　馬場 博年
　　佐賀野 仁
　　吉川 充
　　前山 知宏";" Tatsumaro Tezuka
 Yasunori Marubayashi
 Hirotoshi Baba
 Hitoshi Sagano
 Mitsuru Yoshikawa
 Tomohiro Maeyama";" Tatsumaro Tezuka
 Yasunori Marubayashi
 Hirotoshi Baba
 Hitoshi Sagano
 Mitsuru Yoshikawa
 Tomohiro Maeyama";
"BOSS PLANNING LEAD";"BOSS PLANNING LEAD";"BOSS PLANNING LEAD";
"　　大岩 幹治";" Mikiharu Oiwa";" Mikiharu Oiwa";
"BOSS PLANNING";"BOSS PLANNING";"BOSS PLANNING";
"　　山中 誠也";" Seiya Yamanaka";" Seiya Yamanaka";
"PROGRAMMING LEAD
PLAYER PROGRAMMING";"PROGRAMMING LEAD
PLAYER PROGRAMMING";"PROGRAMMING LEAD
PLAYER PROGRAMMING";
"　　岡根 慎治";" Shinji Okane";" Shinji Okane";
"NETWORK PROGRAMMING";"NETWORK PROGRAMMING";"NETWORK PROGRAMMING";
"　　竹下 義隆";" Yoshitaka Takeshita";" Yoshitaka Takeshita";
"GAMESYSTEM PROGRAMMING";"GAME SYSTEM PROGRAMMING";"GAME SYSTEM PROGRAMMING";
"　　山崎 淳司";" Atsushi Yamazaki";" Atsushi Yamazaki";
"GRAPHICS PROGRAMMING";"GRAPHICS PROGRAMMING";"GRAPHICS PROGRAMMING";
"　　守屋 俊";" Shun Moriya";" Shun Moriya";
"SYSTEM PROGRAMMING";"SYSTEM PROGRAMMING";"SYSTEM PROGRAMMING";
"　　櫻庭 義彦
　　山岡 直記";" Yoshihiko Sakuraba
 Naoki Yamaoka";" Yoshihiko Sakuraba
 Naoki Yamaoka";
"ENEMY PROGRAMMING";"ENEMY PROGRAMMING";"ENEMY PROGRAMMING";
"　　渡辺 伸悟
　　境田 道大

　　倉田 雄一
　　嶋田 翔太
　　平石 有孝
　　吉尾 享
　　三上 亘";" Shingo Watanabe
 Michihiro Sakaida

 Yuichi Kurata
 Shota Shimada
 Tomonori Hiraishi
 Tohru Yoshio
 Wataru Mikami";" Shingo Watanabe
 Michihiro Sakaida

 Yuichi Kurata
 Shota Shimada
 Tomonori Hiraishi
 Tohru Yoshio
 Wataru Mikami";
"UI PROGRAMMING";"UI PROGRAMMING";"UI PROGRAMMING";
"　　横浜 圭
　　西川 直輝
　　蛯沢 厚志";" Kei Yokohama
 Naoki Nishikawa
 Atsushi Ebisawa";" Kei Yokohama
 Naoki Nishikawa
 Atsushi Ebisawa";
"TECHNICAL COORDINATOR";"TECHNICAL COORDINATOR";"TECHNICAL COORDINATOR";
"　　竹内 清";" Kiyoshi Takeuchi";" Kiyoshi Takeuchi";
"NETWORK PROGRAMMING
SUPPORT";"NETWORK PROGRAMMING
SUPPORT";"NETWORK PROGRAMMING
SUPPORT";
"　　中田 鉄也
　　西野 友博
　　松尾 周平

　　鈴木 ゆかり";" Tetsuya Nakata
 Tomohiro Nishino
 Shuhei Matsuo

 Yukari Suzuki";" Tetsuya Nakata
 Tomohiro Nishino
 Shuhei Matsuo

 Yukari Suzuki";
"PROGRAMMING SUPPORT";"PROGRAMMING SUPPORT";"PROGRAMMING SUPPORT";
"　　古矢 卓巳";" Takumi Furuya";" Takumi Furuya";
"DESIGN LEAD
PLAYER DESIGN";"DESIGN LEAD
PLAYER DESIGN";"DESIGN LEAD
PLAYER DESIGN";
"　　梅田 啓介";" Keisuke Umeda";" Keisuke Umeda";
"CHARACTER DESIGN LEAD
MOTION DESIGN";"CHARACTER DESIGN LEAD
MOTION DESIGN";"CHARACTER DESIGN LEAD
MOTION DESIGN";
"　　高橋 一彦";" Kazuhiko Takahashi";" Kazuhiko Takahashi";
"FIELD DESIGN LEAD
CONCEPT ILLUSTRATION
UI DESIGN";"FIELD DESIGN LEAD
CONCEPT ILLUSTRATION
UI DESIGN";"FIELD DESIGN LEAD
CONCEPT ILLUSTRATION
UI DESIGN";
"　　安田 正樹";" Masaki Yasuda";" Masaki Yasuda";
"CONCEPT ILLUSTRATION";"CONCEPT ILLUSTRATION";"CONCEPT ILLUSTRATION";
"　　池田 真美";" Mami Ikeda";" Mami Ikeda";
"CHARACTER MODEL DESIGN";"CHARACTER MODEL DESIGN";"CHARACTER MODEL DESIGN";
"　　天野 栄市
　　宇ノ井 友里

　　川崎 杏子";" Eiichi Amano
 Yuri Unoi

 Kyoko Kawasaki";" Eiichi Amano
 Yuri Unoi

 Kyoko Kawasaki";
"CHARACTER MOTION DESIGN";"CHARACTER MOTION DESIGN";"CHARACTER MOTION DESIGN";
"　　佐野 広行
　　岡田 祐汰";" Hiroyuki Sano
 Yuta Okada";" Hiroyuki Sano
 Yuta Okada";
"FIELD DESIGN";"FIELD DESIGN";"FIELD DESIGN";
"　　佐藤 善充
　　鈴木 里穂
　　坪井 智加

　　菊地 美緒
　　二瓶 直也
　　青山 孔士";" Yoshimitsu Sato
 Riho Suzuki
 Tomoka Tsuboi

 Mio Kikuchi
 Naoya Nihei
 Koji Aoyama";" Yoshimitsu Sato
 Riho Suzuki
 Tomoka Tsuboi

 Mio Kikuchi
 Naoya Nihei
 Koji Aoyama";
"EFFECTS DESIGN ";"EFFECTS DESIGN ";"EFFECTS DESIGN ";
"　　池内 隼生

　　大岩 幹治";" Junki Ikeuchi

 Mikiharu Oiwa";" Junki Ikeuchi

 Mikiharu Oiwa";
"UI DESIGN";"UI DESIGN";"UI DESIGN";
"　　浅野 雅世";" Masayo Asano";" Masayo Asano";
"CINEMATIC DESIGN";"CINEMATIC DESIGN";"CINEMATIC DESIGN";
"　　金子 幸樹";" Yuki Kaneko";" Yuki Kaneko";
"DESIGN SUPPORT";"DESIGN SUPPORT";"DESIGN SUPPORT";
"　　渡辺 大介
　　橋本 和典";" Daisuke Watanabe 
 Kazunori Hashimoto";" Daisuke Watanabe 
 Kazunori Hashimoto";
"DESIGN ADVISER";"DESIGN ADVISER";"DESIGN ADVISER";
"　　春花 良紀";" Yoshiki Haruhana";" Yoshiki Haruhana";
"SOUND LEAD
MUSIC";"SOUND LEAD
MUSIC";"SOUND LEAD
MUSIC";
"　　永松 亮";" Ryo Nagamatsu";" Ryo Nagamatsu";
"SOUND EFFECTS
SOUND PROGRAMING";"SOUND EFFECTS
SOUND PROGRAMING";"SOUND EFFECTS
SOUND PROGRAMING";
"　　水田 真人";" Masato Mizuta";" Masato Mizuta";
"VOICE";"VOICE";"VOICE";
"　　瀧本 富士子
　　松本 さち
　　小平 有希
　　斎賀 みつき

　　田村 聖子
　　齋藤 綾
　　佐藤 晴男
　　藤原 貴弘";" Fujiko Takimoto
 Sachi Matsumoto
 Yuuki Kodaira
 Mitsuki Saiga

 Seiko Tamura
 Aya Saito
 Haruo Satou
 Takahiro Fujiwara";" Fujiko Takimoto
 Sachi Matsumoto
 Yuuki Kodaira
 Mitsuki Saiga

 Seiko Tamura
 Aya Saito
 Haruo Satou
 Takahiro Fujiwara";
"";"NOA Localization Management";"NOA Localization Management";
"";" Nate Bihldorff
 Reiko Ninomiya
 Tim O'Leary";" Nate Bihldorff
 Reiko Ninomiya
 Tim O'Leary";
"";"NOA Localization";"NOA Localization";
"";" Gema Almoguera
 David Carrasco López
 Billy Carroll
 Audrey Drake
 Yoriko Marusich
 Laurence Millerioux-Tanen
";" Gema Almoguera
 David Carrasco López
 Billy Carroll
 Audrey Drake
 Yoriko Marusich
 Laurence Millerioux-Tanen
";
"";"NOA Product Testing";"NOA Product Testing";
"";" Tica Cardozo Galvis
 Nicko Gonzalez De Santiago
 Sara Hoad
 Jim Holdeman
 Kathy Huguenard
 Shannon Jaye Roberts
 Teresa Lillygren
 Miyuki Matsunaga
 Brad Matteson
 Tomoko Mikami
 Jeff Miller
 Joe Pasini
 Erin Peterson
 Ludovic Tientcheu
 Pat Wells
 Product Testing Technicians 
 PTD Guideline Compliance";" Tica Cardozo Galvis
 Nicko Gonzalez De Santiago
 Sara Hoad
 Jim Holdeman
 Kathy Huguenard
 Shannon Jaye Roberts
 Teresa Lillygren
 Miyuki Matsunaga
 Brad Matteson
 Tomoko Mikami
 Jeff Miller
 Joe Pasini
 Erin Peterson
 Ludovic Tientcheu
 Pat Wells
 Product Testing Technicians 
 PTD Guideline Compliance";
"";"NOE Localisation Management";"NOE Localisation Management";
"";" Theodoros Spenis
 Fabrizio Cattaneo";" Theodoros Spenis
 Fabrizio Cattaneo";
"";"NOE Localisation";"NOE Localisation";
"";" Araceli Mazón Figueroa
 Michael Frisch
 Greg T. Sadownik
 Elly Hart
 Claudia Smith
 Laurent Godinot
 Natacha Faubert
 Nicolas Sciotti
 Hervé Lefranc
 Arne Glinka
 Helge Friedrich
 Adriano Antonini
 Bruno Gramigna
 Giaime Carbonara
 Kent Robello
 Sara Sáinz Nieto
 Raúl Guerrero Plaza
 Richard Wylie
 Andrea De Benedetto
 Timothy Faulkner
 Guillaume Deschamps
 Matteo Zuzzi
 Zoran Tasevski
 David Martín Navarro
 NOE Quality Assurance";" Araceli Mazón Figueroa
 Michael Frisch
 Greg T. Sadownik
 Elly Hart
 Claudia Smith
 Laurent Godinot
 Natacha Faubert
 Nicolas Sciotti
 Hervé Lefranc
 Arne Glinka
 Helge Friedrich
 Adriano Antonini
 Bruno Gramigna
 Giaime Carbonara
 Kent Robello
 Sara Sáinz Nieto
 Raúl Guerrero Plaza
 Richard Wylie
 Andrea De Benedetto
 Timothy Faulkner
 Guillaume Deschamps
 Matteo Zuzzi
 Zoran Tasevski
 David Martín Navarro
 NOE Quality Assurance";
"PROJECT MANAGEMENT";"PROJECT MANAGEMENT";"PROJECT MANAGEMENT";
"　　松岡 秀明";" Hideaki Matsuoka";" Hideaki Matsuoka";
"SUPERVISORS";"SUPERVISORS";"SUPERVISORS";
"　　江口 勝也
　　手塚 卓志
　　岩本 大貴
　　宮永 真";" Katsuya Eguchi
 Takashi Tezuka
 Daiki Iwamoto
 Makoto Miyanaga";" Katsuya Eguchi
 Takashi Tezuka
 Daiki Iwamoto
 Makoto Miyanaga";
"TECHNICAL SUPPORT";"TECHNICAL SUPPORT";"TECHNICAL SUPPORT";
"　　川口 恭弘
　　小川 優太";" Yasuhiro Kawaguchi
 Yuta Ogawa";" Yasuhiro Kawaguchi
 Yuta Ogawa";
"DEBUG";"DEBUG";"DEBUG";
"　　藤田 大介
　　細井 俊宗
　　木瀬 雅人
　　田上 智也

　　マリオクラブ株式会社
　　株式会社デジタルハーツ";" Daisuke Fujita
 Toshimune Hosoi
 Masato Kise
 Tomoya Tajo

 Mario Club Co., Ltd.
 DIGITAL Hearts Co., Ltd.";" Daisuke Fujita
 Toshimune Hosoi
 Masato Kise
 Tomoya Tajo

 Mario Club Co., Ltd.
 DIGITAL Hearts Co., Ltd.";
"QUALITY CONTROL SUPPORT";"QUALITY CONTROL SUPPORT";"QUALITY CONTROL SUPPORT";
"　　倉持 孝美
　　新開 文子　";" Takami Kuramochi
 Ayako Shinkai";" Takami Kuramochi
 Ayako Shinkai";
"ILLUSTRATION";"ILLUSTRATION";"ILLUSTRATION";
"　　中野 祐輔
　　足立 友理
　　大原 一恵";" Yusuke Nakano
 Yuri Adachi
 Kazue Ohara ";" Yusuke Nakano
 Yuri Adachi
 Kazue Ohara ";
"SPECIAL THANKS";"SPECIAL THANKS";"SPECIAL THANKS";
"　　永田 権太
　　久田 華子
　　内田 早苗
　　早川 毅
　　山口 敦
　　鈴木 太智
　　松井 紘一
　　小滝 由佳

　　柏倉 一輝

　　桂 直人
　　上山 華奈
　　福田 收真

　　石井 浩一

　　中郷 俊彦

　　門井 元

　　株式会社グレッゾ
　　SRD Co., Ltd.
　　1-UP Studio Inc.
 
 
 
 
 
 
 
 
 
 
 
 
 
 
 ";" Kenta Nagata
 Hanako Hisada
 Sanae Uchida
 Takeshi Hayakawa
 Atsushi Yamaguchi
 Taichi Suzuki
 Hirokazu Matsui 
 Yuka Kotaki 

 Kazuki Kashiwakura

 Naoto Katsura
 Kana Ueyama
 Kazumasa Fukuda

 Koichi Ishii

 Toshihiko Nakago

 Gen Kadoi

 GREZZO Co., Ltd.
 SRD Co., Ltd.
 1-UP Studio Inc.
 
 
 
 
 
 
 
 
 
 
 
 
 
 
 ";" Kenta Nagata
 Hanako Hisada
 Sanae Uchida
 Takeshi Hayakawa
 Atsushi Yamaguchi
 Taichi Suzuki
 Hirokazu Matsui 
 Yuka Kotaki 

 Kazuki Kashiwakura

 Naoto Katsura
 Kana Ueyama
 Kazumasa Fukuda

 Koichi Ishii

 Toshihiko Nakago 　

 Gen Kadoi

 GREZZO Co., Ltd.
 SRD Co., Ltd.
 1-UP Studio Inc.
 
 
 
 
 
 
 
 
 
 
 
 
 
 
 ";
"PRODUCER";"PRODUCER";"PRODUCER";
"　　青沼 英二
 
 ";" Eiji Aonuma
 
 ";" Eiji Aonuma
 
 ";
"GENERAL PRODUCER";"GENERAL PRODUCER";"GENERAL PRODUCER";
"　　宮本 茂
 
 ";" Shigeru Miyamoto
 
 ";" Shigeru Miyamoto
 
 ";
"EXECUTIVE PRODUCER";"EXECUTIVE PRODUCER";"EXECUTIVE PRODUCER";
"　　岩田 聡
 
 
 
 
 
 
 
 
 
 
 
 
 
 
 ";" Satoru Iwata
 
 
 
 
 
 
 
 
 
 
 
 
 
 
 ";" Satoru Iwata
 
 
 
 
 
 
 
 
 
 
 
 
 
 
 ";
"伝説の勇者";"The Hero of Legend";"Héros de la légende";
"　　[InsertMark] ";" [InsertMark] ";" [InsertMark] ";
"Nintendo is the author of this software for
the purpose of copyright. All rights reserved.
©2015 Nintendo.";"Nintendo is the author of this software for
the purpose of copyright. All rights reserved.
©2015 Nintendo.";"Nintendo is the author of this software for
the purpose of copyright. All rights reserved.
©2015 Nintendo.";
"Nintendo est l'auteur de ce logiciel au regard
du droit d'auteur. Tous droits réservés.
©2015 Nintendo";"Nintendo est l'auteur de ce logiciel au regard
du droit d'auteur. Tous droits réservés.
©2015 Nintendo";"Nintendo est l'auteur de ce logiciel au regard
du droit d'auteur. Tous droits réservés.
©2015 Nintendo";
"       　    チームが解散されました";"
      The team has been disbanded.";"
          L'équipe s'est séparée.";
"         　     通信が切断されました
　 　を押してゲームを終了してください";"       You have been disconnected.
         Press  to quit the game.";" La communication a été interrompue.
   Appuyez sur  pour quitter le jeu.";
"              親機に接続しています…";"
             Connecting to host...";"
            Connexion à l'hôte...";
"        　     メンバーが抜けました";"
               A member has left.";"
     Un membre du groupe est parti.";
"[InsertMark]と
次から出会わないように仮登録中です
2度と出会わないように
正式登録しますか?";"[InsertMark] was provisionally
blacklisted so that you wouldn't
meet them again.
Would you like to blacklist this player
permanently?";"Vous avez ajouté provisoirement
l'utilisateur « [InsertMark] »
à la liste des utilisateurs bloqués.
Voulez-vous l'enregistrer sur la liste
de manière permanente ?";
"はい";"Yes";"Oui";
"いいえ";"No";"Non";
"[InsertMark]と
出会わないように登録中です";"Blacklisting [InsertMark] so that
you will not meet them again...";"Enregistrement de l'utilisateur
« [InsertMark] »
sur la liste des utilisateurs bloqués...";
"[InsertMark]と
出会わないように正式登録しました";"[InsertMark] has been
permanently blacklisted.";"L'utilisateur « [InsertMark] »
a été enregistré sur la liste
des utilisateurs bloqués.";
"[InsertMark]と出会わないようにする
仮登録を取り消しました";"[InsertMark] has been removed from
the provisional blacklist, so you may
meet them again.";"L'utilisateur « [InsertMark] »,
que vous aviez provisoirement bloqué,
a été retiré de la liste.";
"[InsertMark]と出会わないようにする
登録に失敗しました";"Failed to blacklist [InsertMark].";"L'enregistrement de l'utilisateur
« [InsertMark] » sur la
liste des utilisateurs bloqués a échoué.";
"                    セーブ中です…
              電源を切らないでください";"                      Saving...
         Do not turn the power off.";"                  Sauvegarde...
        N'éteignez pas la console.";
"               セーブが終了しました";"
              Saved successfully.";"              Partie sauvegardée.";
"ニンテンドーeショップに接続して
このゲームの情報を見ますか?";"Go to the Nintendo eShop page
for this game?";"Accéder à la page de ce logiciel
dans le Nintendo eShop ?";
"はい";"Go to eShop";"Oui";
"いいえ";"Never mind";"Non";
"を押してゲームを終了してください";"Please press HOME to quit the game.";"Appuyez sur HOME
pour quitter le jeu.";
"通信が切断されました
ゲームを終了します";"You have been disconnected.
The game will end.";"La communication a été interrompue.
Vous allez quitter le jeu.";
"いつの間に通信を利用して
このソフトからのお知らせ
（広告／宣伝を含む）を受信しますか?";"Would you like to receive
notifications from Nintendo via
SpotPass about this game? (May
include advertising and promotions.)";"Recevoir des notifications de
Nintendo à propos de ce logiciel
via SpotPass (contenu publicitaire
et promotionnel compris) ?";
"いいえ";"Don't receive";"Non";
"はい";"Receive";"Oui";
"いつの間に通信をやめますか?
このソフトからのお知らせ
（広告／宣伝を含む）
を受信できなくなります";"Would you like to disable SpotPass
for this game? You will no longer
receive notifications (including
advertising and promotions).";"Désactiver SpotPass pour ce
logiciel ? Vous ne recevrez plus
de notifications (contenu publicitaire
et promotionnel compris) à son sujet.";
"いいえ";"Don't disable";"Non";
"はい";"Disable";"Oui";
"このソフトのプレイ情報を
任天堂に送信してもよろしいですか?
送信された情報は
利用規約に基づき取扱います";"You may choose to share
information about your gameplay
with Nintendo in order to help us
develop future products and
services. Would you like to share
your gameplay information with
Nintendo?";"Vous pouvez partager avec Nintendo
des informations relatives à votre
utilisation de ce logiciel afin de nous
aider à développer de futurs produits
et services. Voulez-vous partager
ces informations avec Nintendo ?";
"いいえ";"No";"Non";
"はい";"Yes";"Oui";
"プレイ情報の送信をやめますか?";"Stop sharing gameplay data?";"Arrêter de partager des
informations relatives à votre
utilisation de ce logiciel ?";
"いいえ";"Keep sharing";"Non";
"はい";"Stop sharing";"Oui";
"設定を変更中です
しばらくお待ちください";"Changing settings...
Please wait.";"Modification des paramètres...
Veuillez patienter.";
"設定を変更しました";"The settings have been changed.";"Les paramètres ont été modifiés.";
"セーブデータを全て削除します
よろしいですか?";"Are you sure you want to delete
all save data?";"Voulez-vous vraiment effacer toutes
les données de sauvegarde ?";
"削除する";"Delete";"Effacer";
"キャンセル";"Cancel";"Annuler";
"削除したデータは元に戻せません
本当によろしいですか?";"Deleted data cannot be restored.
Are you really sure?";"Les données effacées ne peuvent
pas être récupérées. Voulez-vous
vraiment les effacer ?";
"キャンセル";"Cancel";"Annuler";
"削除する";"Delete";"Effacer";
"削除しています…";"Deleting save data...";"Effacement des données de
sauvegarde...";
"削除しました";"Data has been deleted.";"Les données ont été effacées.";
"最新の利用規約に同意しないと
いつの間に通信を利用できません
同意しますか?";"You must accept the terms of the
latest Nintendo 3DS Service User
Agreement and Privacy Policy in
order to use SpotPass.";"Pour utiliser SpotPass, vous devez
accepter les termes de la version la
plus récente du contrat d'utilisation
des services Nintendo 3DS et de la
politique de confidentialité.";
"はい";"Accept";"J'accepte";
"いいえ";"Decline";"Je refuse";
"追加データがないため
いつの間に通信を利用できません";"SpotPass cannot be used because
there is no extra data.";"Aucunes données additionnelles.
SpotPass ne peut pas être utilisé.";
"はい";"OK";"OK";
"追加データがないため
プレイ情報を送信できません";"Gameplay data cannot be shared
because there is no extra data.";"Aucunes données additionnelles.
Impossible de partager des
informations relatives à votre
utilisation de ce logiciel.";
"はい";"OK";"OK";
"セーブデータが壊れていたので
作り直しました";"Your save data was corrupted.
New save data has been created.";"Les données de sauvegarde étaient
corrompues. De nouvelles données
de sauvegarde ont été créées.";
"はい";"OK";"OK";
"「いつの間に通信」や「プレイ情報の送信」の
設定を変更したい場合は、タイトル画面の
「設定」からいつでも変更できます";"You can change the "SpotPass" and
"Share gameplay data" options at any
time in "Settings" on the title screen.";"Vous pouvez modifier les options
SpotPass et Partage d'informations
à tout moment via les paramètres
accessibles depuis l'écran titre.";
"はい";"OK";"OK";
"どの本を読みますか?";"Which one do you want to read?
";"Que voulez-vous lire ?";
"カメラマン募集";"Calling Camera-folk!";"Petite annonce";
"ミーバース";"All About Miiverse";"Tout sur Miiverse";
"魔境巡り -8-";"Volume 8 of a diary";"Journal, tome 8";
"やめる";"Nothing";"Rien";
"3人の勇者が集いし時 トライフォースの扉開き
王国の災い 振り払わん
その勇者
3つの印を持ちにけり
友の声をあまさず拾う
天をあおぎし トンガリ耳
命綱となり友を助ける
強靭な 聖なるもみあげ
友との確かな友情を表す
寸分の狂いない 九一の御髪
3人の絆 非常に深し
語らずとも心通ずる
いかなる時も 担ぎ担がれトーテムし
困難を切り抜け 道を開かん
ゆえにトーテム勇者と呼ばるる";"The Legend of the Totem Heroes


At a time of great peril, three heroes
will band, braving realms 'yond the
Triforce to save this great land.
Accept no half-measures! Each one is
a gem! By the following three signs
shall you know them...
To hear their comrades, wherever they
tread, a pointy ear on either side of
their head.
To save friends from peril, to give
them a hand - powerful sideburns,
holiest in the land.
To stay friends forever, on each
passing day, perfect side-parted hair
with not a hair gone astray!
The bonds between them, they run
very deep! They can understand each
other without saying a peep.
When evil looms close, they'll take up
the fight, holding each other aloft to
bring back the light!
All hail Totem Heroes! Their legend
lives on! They'll save our Hytopia with
brains and with brawn!";"Trois galants héros réunis
Par la Triforce. Point ne fuient devant
l'ennemi, Toujours s'efforcent.
Tous trois seront reconnaissables,
Chacun portant, De ces trois signes
remarquables, Les ornements...
Pour entendre leurs compagnons,
À chaque instant, L'oreille au cœur
de l'action Toujours pointant.
Comme symbole d'assistance,
Durant leur quête, Fier atout de
la providence, Des rouflaquettes.
Et pour marquer leur amitié,
Dans cette épreuve, Surplombera
leur doux faciès, Une raie neuve.
Ils seront unis par des liens Si
forts et bons, Que de mots sans
avoir besoin, Se comprendront.
Aux sombres heures d'adversité,
Face aux problèmes, Feront avec
agilité, Un fier totem.
Ils sont de la plus belle étoffe, Et leur
nom même, Résonne dans le cœur
d'Estoffe, Héros totem !";
"                  『魔境巡り -7-』

ここは 砂が牙むき
屍達が立ちはだかる死の大地
立ち止まる者を
死の世界に誘い込む…
一刻も早く 駆け抜けたい!
僕は一心不乱にを押していた
疲れ果て 身体中が乾き
気を失いそうになった時
勇者様が目の前に現れ 僕を導いてくれた
まるで絵に描いたかのような神々しいお姿で…
あれは夢だったのか…
それとも…";"Diary from the Drablands, Vol. 7


The sand cut like a million little fangs.
The way to this land of death was
strewn with corpses.
They welcomed me to join them.


I had to push through. There was
no time to spare! I pressed  with
all my might...
As I felt what little strength remained
drain from my body along with the
moisture, and was about to succumb...
A hero emerged before my eyes and
led me to safety! He was a perfect
picture of sublime chivalry!
Was it but a dream...?
Or was it...something else?";"　 « Périple en contrées maudites »
	　　　　Tome 7

Le sable ronge ces terres mortifères
comme une armée de petits crocs.

Des squelettes restés debout semblent
m'inviter à les rejoindre.

Je ne songe qu'à une chose : fuir,
fuir au plus vite ! J'appuie sur  avec
toute mon âme...
Je sens mes forces me quitter,
ma gorge se sécher, je vais perdre
conscience...
Un héros au noble dessein apparaît
alors devant moi et me montre la voie.

Était-ce un rêve ? Ou bien alors...";
"                   『魔境巡り -8-』

見渡す限りの美しい青空
ここは魔境の最果て地…
そして僕も時間切れ…
ここまできたのに残念だ…
しかし…
それでよかったのかもしれない…
美しい青空とは裏腹に
強い風が侵入者の行く手を阻む魔の聖地
僕が足を踏み入れることは
そもそも許されなかっただろう…
このエリアのスポットは きっと誰かが
写真に収めてくれると信じ…僕は帰ろう
ライターの夢は
あきらめることになるが
僕は今回の旅の教訓を
ここにくるであろう者達に伝えよう
心得として…
　　　　　　　　　　　　おかっぱメガネ";"Diary from the Drablands, Vol. 8


Clear blue skies, stretching as far as
the eye can see... These were the
farthest reaches of the Drablands.
But I was out of time, too.
Coming this far, only to...

But...
Perhaps it was for the best...

For it was a land whose beauty was
matched only by the fierceness of the
winds defending it, an unholy site...
I had not a hope of being admitted.


But I knew, someone would one day
come and vindicate my efforts by
taking a picture... Me, I would return.
I may have to hang up this dream of
mine, of one day being a writer.

But the journey will not have been 
for naught. I shall pass my experience
on to those who come after.
May it serve as a lesson.

		Bob-cut Four-eyes";"　 « Périple en contrées maudites »
	　　　　Tome 8

Le ciel bleu à perte de vue.
Me voici rendu aux extrêmes limites
des contrées maudites...
Et voilà que le temps me manque...
Tous ces efforts pour rien...

Enfin... Peut-être cela vaut-il mieux,
finalement.

À l'azur éclatant du ciel répond un
vent puissant qui semble protéger ces
terres saintement maudites... 
Je suis indésirable ici...


Ayant formé la certitude que quelqu'un
d'autre viendra un jour photographier
l'endroit, je décide de rentrer.
Je dois peut-être abandonner
mes velléités d'écrivain...

... mais je n'ai pas fait ce voyage en
vain, je transmettrai ce que j'ai appris
à ceux qui viendront après moi.
Pour qu'ils sachent à quoi s'en tenir...

	    Binocles au bol";
"スクープを撮影し ミーバースに投稿してくれる
スクープカメラマン大募集!
街かどでスクープを見つけたらすぐに!
魔境でスクープを見つけたらすぐに!
で撮影した写真は
そのままミーバースに投稿可能!
魔境の写真はミーバース写真館から
投稿が可能だ!
君のスクープで
ミーバースを埋め尽くそう!";"Urgently looking for photographers!
Candidates expected to snap latest
stories and post them to Miiverse.
See a story in town? Snap with !
See one in the Drablands? Snap
with !
You can post pictures taken with 
directly to Miiverse!

To post snaps from the Drablands,
visit the Miiverse Photo Gallery.

Let's flood Miiverse with our stories!";"Nous recherchons des photographes !
Mission : prendre des photos et les
publier sur Miiverse.
Vous tenez un scoop ? Prenez une
photo en appuyant sur  en ville et
sur  dans les contrées maudites !
Les photos prises avec  peuvent
être publiées directement sur
Miiverse !
Pour publier vos photos des contrées
maudites, rendez-vous dans la galerie
Miiverse.
Tous à vos appareils !
Noyez Miiverse sous vos photos !";
"ミーバースとはアナタと世界中をつなぐ
コミュニケーションツール!
同じ世界を共有した者だからこそ
分かり合える気持ちや
自分が発見した小さな驚きを
みんなに伝える場所です!";"Miiverse is a powerful communication
tool that connects you with the rest
of the world!
After all, who can understand you
better than those who have travelled
the same world as you?
It's a great way to share your sense of
discovery with everyone!";"Miiverse est un moyen de
communication qui vous
connecte au monde entier !
Vous sillonnez le même univers que
les autres utilisateurs... vous êtes
faits pour vous comprendre !
Plus une minute à perdre !
Allez partager vos découvertes
avec le monde entier !";
"何か書いてある…

（ミンナニ）
（ナイショ ダヨ）
この文字を読める者
友多き者のみ";"There's something written here...
 (IT'S A SECRET)
 (TO EVERYBODY)
Only those with a great many friends
shall be able to decipher this code.";"Il y a une inscription...
 (ÇA RESTE)
 (ENTRE NOUS)
De nombreux amis il faut avoir pour
pouvoir déchiffrer ces signes...";
"魔境の写真が飾られている
「撮影者 おかっぱメガネ」とかいてある";"Some photos of the Drablands are
hanging on the wall. All are signed
by "Bob-cut Four-eyes".";"Des photos des contrées maudites
sont accrochées au mur. Elles sont
signées « Binocles au bol ».";
"何か書いてある…



この文字を読める者
友多き者のみ";"There's something written here...


Only those with a great many friends
shall be able to decipher this code.";"Il y a une inscription...


De nombreux amis il faut avoir pour
pouvoir déchiffrer ces signes...";
"なぜかこの木だけ
セミの抜け殻がいっぱいついている";"For some reason, only this tree is
covered in cast-off cicada shells...";"Cet arbre est couvert d'exuvies
de cigales. Les autres non...";
"ニャッ!
ニャニャニャニャニャ!!";"Meow!
Meow meowmeow!";"Miaou ! Miaaamiamiamiaaaou !";
"あっ!
こんニャちわ!!";"Oh!
Good meowning!";"Oh ! Mialut !";
"ボクは ねこニャ

姫様 いつもゴロゴロしてくれてたニャ

大スキな姫様 助けてくれる勇者サマに
耳よりニャ情報 ニャ
材料売ってる露天商 かニャりの気分屋ニャ
ごきげんニャ日は 材料 高く買ってくれるニャ
ごきげんニャ時は 話しかけたらすぐわかるニャ
お役にたったかニャ?";"I am a cat. Hello.


The purr-incess used to always
come and rub my belly...

You're trying to save her, right?
Let me give you a choice
morsel of information...
That street merchant with the
materials is quite a moody fellow!

When he's having a good day, he'll
buy your materials at a much better
price. 
You'll be able to tell if he's in a good
mood just by talking to him! That's
some tasty info, right?";"Je suis un chat. Miaou.


La princesse venait tout le temps
me gratouiller sous le cou... Miaou.

Tu es là pour sauver ma princesse
adorée... Laisse-moi te donner une
information juteuse à point.
Ce vendeur de rue qui te vend des
matériaux, figure-toi qu'il est un
peu lunatique.
Lorsqu'il est de bonne humeur, il lui
arrive d'acheter des matériaux... à
très bon prix !
Il suffit de lui parler, tu sauras tout
de suite s'il est bien ou mal luné.
Alors, plutôt juteux, non ?";
"ボクは ねこニャ

姫様 いつもゴロゴロしてくれてたニャ

大スキな姫様 助けてくれた勇者サマに
耳よりニャ情報 ニャ
材料売ってる露天商 かニャりの気分屋ニャ
ごきげんニャ日は 材料 高く買ってくれるニャ
ごきげんニャ時は 話しかけたらすぐわかるニャ
お役にたったかニャ?";"I am a cat. Hello.


The purr-incess used to always
come and rub my belly...

You're the hero who saved her, right?
Let me give you a choice
morsel of information...
That street merchant with the
materials is quite a moody fellow!

When he's having a good day, he'll
buy your materials at a much better
price. 
You'll be able to tell if he's in a good
mood just by talking to him! That's
some tasty info, right?";"Je suis un chat. Miaou.


La princesse venait tout le temps
me gratouiller sous le cou... Miaou.

Tu es le héros qui l'a sauvée,
pas vrai... ? Laisse-moi te donner
une information juteuse à point.
Ce vendeur de rue qui te vend des
matériaux, figure-toi qu'il est un
peu lunatique.
Lorsqu'il est de bonne humeur, il lui
arrive d'acheter des matériaux... à
très bon prix !
Il suffit de lui parler, tu sauras tout
de suite s'il est bien ou mal luné.
Alors, plutôt juteux, non ?";
"　  全ての服に強烈な肩パッドが入っている";"All the clothes have strong
shoulder pads put in...";"Toutes les tenues sont dotées
de solides épaulettes...";
"…奥に本が落ちている

『魔境巡り -7-』
この本を読みますか?";"... Someone's dropped a book
in the back there!

It's the seventh volume of "Diary from
the Drablands". Would you like
to read it?";"... Tout au fond, un livre
est tombé par terre.

C'est le septième tome de « Périple
en contrées maudites ». Un peu de
lecture, ça vous dit ?";
"読む";"Read it";"Je veux !";
"読まない";"Put it back";"Non, pas du tout.";
"マダムがにらんでいる…
ここから先は立ち入り禁止のようだ";"You can feel Madame leering at you.
Looks like it's employees only beyond
this point...";"Madame vous fusille du regard...
On dirait bien qu'il est interdit
d'aller plus loin.";
"パシャパシャパシャパシャ!!!!";"
      Click-click! Click-click!!";"
         Clic-clic ! Clic-clic !";
"ううっ…
気の抜けた顔を連写されてしまった…";"Ugh...
You look really spaced out
in those photos...";"Heu... Vous avez l'air complètement
à l'ouest sur ces photos...";
"…何かあるようだが
暗くて中が良く見えない";"... There might be something in here,
but it's too dark to see clearly...";"... Il y a quelque chose, mais
l'obscurité ne permet pas de
distinguer de quoi il s'agit.";
"かわいいデザインの
ボードが飾ってある
…しかし
達筆すぎてよめない";"There's a board with a really cute
design on it!

...But you can't really
read the writing, it's so fancy.";"Il y a un panneau au design
absolument adorable...
Mais l'écriture est illisible.";
"にゃにゃっにゃんにゃにゃ～";"Meowmeow meow meow meow!";"Miaou miaaaoumiaou miaaou !";
"いらっしゃいませ～

あら やニャ
あたいの言葉がわかるニャかい?
あたいはずっと ここでこうして
お店をみまもってきたニャ
マダムにはレディっていう姉さんがいてね
それはそれは仲がよかったんだニャ
でもレディのセンスは ニャかニャか
みんなに認められニャくてね…
ある日 ここを出て行ったんニャ…

ここには もう帰ってはこニャいだろうけど
早く自分の居場所を見つけて
幸せに暮らしてほしいニャ…";"Welcome to our shop!


Oho? You can understand me-ow?
I've been purr-otecting the shop for
meow-nths without anyone to talk to.
Did you know? Meow-dame has an
older sister. She's called the Lady.
They used to be purr-etty close!
But the Lady's sense of style was...
purr-ticular. A bit claw-ful, maybe?
I am a cat though, so what do I know.
Anyway, her and Meow-dame had
words. An un-fur-tunate disagreement.

So one day, she just disa-purr-ed
from the town and that was that.
I don't think she'll be coming back...
But I do wish her well, I really do.
I hope she finds a place where she
can feel purr-fectly at home...";"Bienvenue, bienvenue !


Ah ? Tu me comprends maintenant ?
Taillons donc une petite bavette ! Ça
fait du bien de commérer un peu !
Tu sais que Madame a une sœur
aînée ? Elle s'appelle Lady. Avant
elles s'entendaient bien, mais...
... Lady n'a pas le sens de la mode.
Tous les goûts sont dans la nature...
mais certains plus que d'autres !
Du coup, un beau jour, elle a pris
ses valises et elle a quitté la ville.
Je pense qu'elle ne reviendra pas...
Mais j'espère qu'elle trouvera un jour
un endroit où elle se sentira à sa
place...";
"古びた本がある";"There are some old books here.";"Il y a de vieux livres.";
"魔境巡り -0-";"Volume 0 of a diary";"Journal, prologue";
"魔境巡り -1-";"Volume 1 of a diary";"Journal, tome 1";
"トーテム勇者伝説";"Old book of myths";"Recueil de mythes";
"やめる";"Never mind";"Je m'en fiche";
"                   『魔境巡り -0-』

お城への仕官が決まった…喜ばしいことだが
ライターの夢は諦めるしかないようだ
でもその前に 魔境を旅し
誰も作ったことのない本を作ることに決めた
僕はペンとカメラを手に魔境に旅立った
僕の恐ろしくも美しい冒険の始まりだった";"Diary from the Drablands, Vol. 0


I had been assigned to serve at the
castle... It was a joyous occasion, but
it would also mean giving up writing...
I decided to first embark on a tour of
the Drablands, and write a book the
likes of which have never been seen!
I took my pen and my camera, and set
off for the Drablands. Thus began my
beautiful and terrifying journey.";"　 « Périple en contrées maudites »
	　　　　Prologue

On m'a affecté au service du château.
C'est un honneur, mais cela signifie
que je dois dire adieu à l'écriture... 
Avant cela, je vais explorer les
contrées maudites et écrire un livre
comme personne n'en a jamais lu !
Stylo et appareil photo en poche,
j'entame ainsi un sublime et effroyable
périple en contrées maudites.";
"　　　　　   　『魔境巡り -1-』

まず僕の目の前に現れたのは
未開のジャングルだった
さえずりとは到底よべない
叫び声のような鳥たちのなき声
いつも何かの気配を感じ
草が動くたびに 息をのんだ
1人でくるのはやはり無謀だったか…

このエリアはバズブロブやトーテムナッツ
モリブリン達の棲家のようだ
バズブロブはさほど気を付けることは
ないだろう 僕のナイフでも十分戦える
しかし トーテムナッツやモリブリンは
遠くからでも攻撃をしかけてくる
手元にある石や草を投げて応戦してはいるが
弓でもあれば…
傷だらけの日々の中で
僕は一匹の蝶に出会った
地獄に咲いた一輪の花に
僕は安らぎを覚えた
お守り代わりに持ち歩こう
そんな思いで僕はを押した";"Diary from the Drablands, Vol. 1


The first foreign land I crossed was 
an untamed jungle wilderness, the
birdsong a deafening roar in my ears.
I could feel hungry eyes upon me,
and every rustle in the undergrowth
sent my poor heart racing.
For the first time, I felt reckless for
having come alone...

The province was teeming with
Blobs and Totem Scrubs and Moblins,
oh my!
The Blobs would not prove so
challenging, and I dealt with them fine
with just my trusty knife.
The Totem Scrubs and Moblins, on the
other hand, attacked at a distance,
causing me no end of trouble.
I tried fending them off by throwing
rocks, clumps of grass, whatever was
at hand, but oh, to have had a bow...
Then, one day, as I was on my last
legs, covered in cuts and bruises,
I beheld a solitary butterfly.
Witnessing such beauty among the
savagery eased my worried mind and
I could finally rest.
Wanting to keep it as an amulet,
but knowing I couldn't... Thinking
those thoughts, I pressed .";"　 « Périple en contrées maudites »
	　　　　Tome 1

Je m'enfonce d'abord dans une jungle
sauvage où les oiseaux poussent en
guise de chant d'ignobles hurlements.
Des yeux me suivent, je les sens
posés sur moi, et à chaque mouvement
d'herbe je crois mon heure venue.
Je commence à penser que partir seul
était une mauvaise idée...

La région est infestée de buzz-blobs,
de pestes totem et de moblins...

Les buzz-blobs ne m'inquiètent pas
beaucoup, ils ne résistent guère à la
lame de mon coutelas.
Les pestes totem et les moblins,
en revanche, attaquent à distance,
ne me laissant aucun répit.
Je n'ai pour seule riposte que des
pierres et des mottes d'herbe à lancer.
Si seulement je pouvais avoir un arc...
Un jour, alors que je fais le compte de
mes nouvelles blessures, tourmenté
par la fatigue, j'aperçois un papillon.
L'éclat de beauté et la délicatesse de
ses battements d'ailes apaisent mon
esprit et soulagent mes douleurs.
Comme j'aimerais pouvoir le garder
toujours à mes côtés ! À cette pensée,
j'appuie sur .";
"古びた本がある";"There are some old books here.";"Il y a de vieux livres.";
"魔境巡り -4-";"Volume 4 of a diary";"Journal, tome 4";
"魔境巡り -5-";"Volume 5 of a diary";"Journal, tome 5";
"トーテム勇者伝説";"Old book of myths";"Recueil de mythes";
"やめる";"Never mind";"Je m'en fiche...";
"                   『魔境巡り -4-』

そびえたつ城壁 足元に広がる深淵
まさにフォートレス! 要塞だ!!
兵士たちの厳しい見張りをかいくぐる間
ずっと生きた心地がしなかった
心が折れそうになった時
壁に張り付く奇妙な形の虫をみつけた
上手く姿を隠し
敵の目をあざむいている
こんなところでも一生懸命生きている彼に
僕は勇気をもらった気がした
敬意を表し
僕は彼を写真におさめた";"Diary from the Drablands, Vol. 4


What mighty castle walls towered
above me! What bottomless moat
spread beneath! What a fortress!
What fear I felt, trying to avoid the
soldiers' stern gazes! Never before
had I known such fright!
And just when I felt my heart might
give out, I saw an insect of rare
beauty clinging to a wall.
It blended in with its surroundings
flawlessly, hiding in plain sight from
its enemies.
Seeing its survival in the face of
adversity filled me with the courage
I needed to go on.
As a show of respect, I took a humble
photograph of that noble bug.";"　 « Périple en contrées maudites »
	　　　　Tome 4

La muraille s'étend à perte de vue,
disparaissant en contrebas dans des
douves sans fond... Quelle forteresse !
Tout entier appliqué à échapper à l'œil
perçant des soldats, je ne suis plus
que l'ombre de moi-même.
Alors que je suis sur le point de
craquer, je remarque, posé sur la
muraille, un étrange insecte.
Il se fond dans le décor, là, sous l'œil
de l'ennemi et pourtant invisible.

À la vue de cette petite vie faisant fi
de l'adversité, mon cœur s'emplit de
courage.
En signe de respect, j'immortalise
humblement le fier insecte à l'aide
de mon appareil photo.";
"                   『魔境巡り -5-』

色とりどりで無邪気に笑う彼らは
すでにこの世の者ではなさそうだ
仇なす者が近づくと
カマを振りかざし 異世界へといざなう
この廃墟の住人だったのだろうか…

手探りですすむ闇の中で
奇妙な手形をみつけた…
彼らの餌食になった者たちだろうか…
もしかして生前の彼らのものかもしれない
この音が レクイエムになることを祈って
僕はシャッターを切った";"Diary from the Drablands, Vol. 5


Those vibrant creatures, they laughed
with such abandon, one could hardly
imagine them to be of this world.
Indeed, they swung their sickles at
all and sundry, hell-bent on sending
visitors to the land of the dead.
Oh, how this cursed land had changed.


Groping around in the inky darkness,
crawling on all fours, suddenly I found
an eerie handprint...
Was it a previous visitor to this land?
Or was it the spectres' doing?

Hoping it would serve as enough of a
requiem, I made the shutter sing its
lonesome song with ...";"　 « Périple en contrées maudites »
	　　　　Tome 5

Ces êtres colorés aux rires insouciants
semblent avoir déjà quitté ce monde.

Brandissant leurs faucilles, ils invitent
les visiteurs qui s'approchent à les
rejoindre dans l'au-delà...
Étaient-ils autrefois les habitants de
ces terres oubliées ?

Alors que j'avance à tâtons dans les
ténèbres, je tombe sur une empreinte
de main sinistre...
Peut-être une de leurs victimes ou...
une trace laissée par l'un deux avant
qu'il ne bascule dans l'autre monde...
N'ayant rien d'autre à offrir, en guise
de requiem, j'appuie sur  et entends
résonner le bruit de l'obturateur.";
"古びた本がある";"There are some old books here.";"Il y a de vieux livres.";
"魔境巡り -2-";"Volume 2 of a diary";"Journal, tome 2";
"魔境巡り -3-";"Volume 3 of a diary";"Journal, tome 3";
"トーテム勇者伝説";"Old book of myths";"Recueil de mythes";
"やめる";"Never mind";"Je m'en fiche...";
"                  『魔境巡り -2-』

たゆたう水にあふれた 美しい場所に来た
どうやらここには 魔境の水源があるようだ
しかし 美しいからと言って油断は禁物だ
水場には多くの危険が潜んでいる
幸いにも僕は幼い頃から
スクールに通い泳ぎの技を 鍛えてきた
心身ともに疲れるが
高速回転泳ぎを繰りかえし
激流をさかのぼり
敵をかわしていった
そういえば時々
岩が動いているような錯覚に陥った
あれは一体なんだったのだろうか…";"Diary from the Drablands, Vol. 2


The sun's rays danced across the
river's surface. I had found the water
source of the Drablands.
It was a gorgeous place, but for all its
beauty, many dangers lurked beneath.

I was fortunate, for as part of my
school curriculum I had had to master
the art of swimming.
Performing the spinning motions was
exhausting, physically and mentally,
but I knew it was the only way.
So I swam upstream, fighting the
vicious current and evading enemies.

My senses clouded with fatigue,
I thought I saw the rocks move from
time to time.
To this day, I wonder what it was
that I saw...";"　 « Périple en contrées maudites »
	　　　　Tome 2

Quelle splendeur ! Devant moi jaillit la
source des contrées maudites. Dans le
miroitement de l'onde, le soleil danse.
La beauté du lieu n'est toutefois pas
un gage de tranquillité. Les eaux
regorgent de multiples dangers.
Dès mon plus jeune âge,
heureusement, on m'a enseigné
à l'école l'art de la nage.
Entrant dans les flots hostiles, je me
lance donc dans un enchaînement de
rapides mouvements circulaires.
Je remonte le violent courant, laissant
derrière moi s'effacer les ennemis.

Au cours de ces heures d'efforts
éreintants, il me semble parfois voir
bouger les rochers.
Ai-je rêvé ? Je me demande bien
de quoi il s'agit...";
"           　　   『魔境巡り -3-』

熱い…体中の水分が沸騰しそうだ
自然の力とは かくも強大なものなのか
噴き出す溶岩に 少しでも触れると
熱さで自分のコントロールがきかなくなる…
一瞬でもいい 風が吹き この炎を
消してくれないかと何度 天に祈ったことか…
ここは 人間が来るべき
場所ではないようだ…
しかし だからこそ残されたであろう
古代の遺産を僕は見つけた
骨となった今でも
彼は生命力にあふれていた
まるで 僕に「生きてここから出るんだ」
とでも言っているかのようだった
かわいたシャッター音とはうらはらに
を押す手はずっと汗ばんでいた";"Diary from the Drablands, Vol. 3


So...hot... It felt as if my very blood
was about to boil... Truly, the power
of nature is a vast and merciless thing!
If any of the fiery rocks sent flying so
much as touched me, I surely couldn't
control myself!
I turned my eyes heavenwards and
prayed for a gust of wind to disperse
the stifling heat - but to no avail.
This was not a place where people
were welcome.

And that may be precisely why the
ancient ruins I encountered had been
left undisturbed for me to explore!
Only...the bones that had lain there
for centuries were still brimming with
vitality.
It was as if they were saying to me,
"If you would leave here alive, leave
now!"
The bone-dry snap of my shutter was
in stark contrast to my sweat-covered
hands pressing ...";"　 « Périple en contrées maudites »
	　　　　Tome 3

Quelle étuve... J'ai l'impression que
mon sang va se mettre à bouillir. La
nature est si puissante, moi si petit...
Qu'un peu de lave m'effleure, et la
chaleur me fera sans doute perdre
tout contrôle de moi-même...
Levant les yeux au ciel, je prie pour
qu'un vent salutaire vienne souffler
ce brasier qui m'entoure, mais en vain.
Ce lieu n'est pas fait pour les hommes.


Mais si je ne m'y étais pas aventuré,
je n'aurais pas découvert ces ruines
séculaires !
Je croise un antique visiteur, dont il
ne reste qu'un paquet d'os, et qui
pourtant est criant de vie...
Il semble vouloir me dire : « Il faut
vivre pour sortir d'ici ! »

Je presse  d'un doigt mouillé de
sueur. Le claquement de l'obturateur
est, lui, sec comme un vieil os...";
"自分は今 大事なお役目中で ありマス!
扉を守ることが自分のお役目で ありマス!
戦いについてのお作法は 教育係殿に
服や材料のことなら マダムテーラーの店員殿に
魔境に出発したい場合は
真中にいる案内人殿に話しかけるで ありマス!";"I'm on a top priority mission!
It is my duty to guard the doorway!

For adventuring tips, you need to see
Mr Tudor. To set off for the Drablands,
speak to the guide in the middle!";"J'accomplis une mission de la plus
haute importance ! Je garde la porte !

Besoin de conseils ? Pour tout ce qui
est aventure, adresse-toi au tuteur.

Et pour partir dans les contrées
maudites, va consulter le guide,
au milieu !";
"自分は今 大事なお役目中で ありマス!
扉を守ることが自分のお役目で ありマス!
ここを出たい場合は
案内人殿の許可をとるで ありマス!
それよりも ここは勇者殿が集う
神聖な場所で ありマスから
やでダッシュして 壁にぶつかったり
騒いだりしないようにするで ありマス!";"I'm on a top priority mission!
It is my duty to guard the doorway!

To leave here, you'll need permission
from the guide!

Anyway, this is a sacred place, so no
dashing with  or , and absolutely
no running into walls! You hear me?";"J'accomplis une mission de la plus
haute importance ! Je garde la porte !

Pour quitter cet endroit, tu dois
obtenir l'autorisation du guide !

Permets-moi de te rappeler que
tu es ici dans le hall sacré où se
rassemblent les héros...
Il serait tout à fait inopportun de
foncer dans les murs en courant
avec  ou  !";
"自分は今 大事なお役目中で ありマス!
扉を守ることが自分のお役目で ありマス!
まねビトをこの部屋から出すことは
禁じられているで ありマス!
外出される時は気を付けるで ありマス!";"I'm on a top priority mission!
It is my duty to guard the doorway!

I have been instructed not to let
doppels out of this room! So no funny
business, yeah?";"J'accomplis une mission de la plus
haute importance ! Je garde la porte !

J'ai pour instruction de ne laisser
aucun pantin sortir de ce hall.
Merci de t'en souvenir !";
"ちょっと待つで ありマス!";"W-wait a minute!";"Hep ! Attends !";
"まねビトをこの部屋から出すことは
禁じられているで ありマス!
本体である 緑の服の勇者殿しか
許可できないで ありマス!";"I have been instructed not to let
doppels out of this room! I can only
let the hero in green through!";"J'ai pour instruction de ne laisser
aucun pantin sortir de ce hall !

Seuls les héros à la chevelure verte
peuvent passer !";
"ここだけの話ですが…

草を刈ると 時々ルピーがでてくるです!

そのお金で 赤い靴を買ってみました
魔女さんには内緒です";"Just between you and me...


Sometimes you can find Rupees
hidden in the grass! Neat, huh?

That's how I bought these swanky
red shoes! ... Oh, but... Don't tell
the witch!";"Hé, tu sais garder un secret ?


Parfois on trouve des rubis en
coupant l'herbe.

C'est comme ça que j'ai acheté ces
chaussures rouges.
Ne le dis pas à la sorcière, hein !";
"あっ! 勇者サマだ!";"Oh! It's the hero!";"Oh ! Monsieur le héros !";
"サッちゃん! サッちゃん!
勇者サマがきたよ!";"Mimi! Hey, Mimi!
The hero is here!";"Mimi ! Mimi !
Monsieur le héros est là !";
"サッちゃんは いつも
青い鳥さんを さがしてるです
でも今は 「魔境巡り」というご本に
夢中のようなのです";"Mimi's usually looking for a blue bird.
But not today.

For a few days now, she's been
glued to some book called "Diary
from the Drablands". I'm curious!";"Mimi passe souvent des heures à
chercher des oiseaux bleus.

Mais en ce moment, elle est plongée
dans un livre qui s'appelle « Périple
en contrées maudites ».";
"サッちゃんが ご本をかしてくれたです!
嬉しくてネコさんにも読んであげていました!
あっ ききたいですか?";"Mimi lent me a book! I was just
reading it to the cat. Do you want me
to read it to you, too?";"Mimi m'a prêté un livre ! À moi !
J'étais en train de le lire au chat.
Toi aussi, tu veux que je te le lise ?";
"ききたい";"Yes, please";"S'il te plaît !";
"べつにいい";"Not interested";"Non, merci...";
"今流行りの ご本らしいのです…";"Apparently, this book is taking the
world by storm now.";"Il paraît que c'est LE livre du moment.";
"　　　 　 　　『魔境巡り-6-』

－25度の寒空の下 キャンプをしたことがある
あの時も死ぬかと思ったが ここは更にヤバい
全てのモノが凍りつき
動いている物は魔物だけだ
しかしそんな世界で僕は
かわいらしい女神様と出会った
この凍てついた世界で
唯一 心が温まった瞬間であった";"Diary from the Drablands, Vol. 6


I had camped under the stars before,
in sub-zero temperatures, while the
winds howled lullabies...
I had known cold that made human
eyes freeze, but this place was more
terrible yet.
Every inch of the landscape was iced
over, and every living creature was
a monster.
Oh, but it was in that frigid wasteland
that I laid eyes on a beautiful
goddess!
Oh, it was the only moment of warmth
my soul, mind and body would know
for months to come...";"　 « Périple en contrées maudites »
	　　　　Tome 6

J'ai déjà campé par - 25 degrés. Le
souffle glacé de la mort, je connais.
Seulement, ici, c'est bien pire.
Tout est pétrifié par le froid.
Tout... sauf les créatures malfaisantes
qui hantent les lieux.
Mais dans ce monde de glace et de
désolation, j'ai rencontré une déesse
dont la grâce m'a réchauffé le cœur.";
"はかないものほど美しい…
ということかもしれませんね…";"I guess it's that "silver lining" thing
that grownups talk about, isn't it?";"Les fleurs d'un jour sont les
plus belles...
C'est ce que dit toujours maman.";
"そうですか…
サッちゃんのご本なのに…";"Oh...but it's Mimi's book...";"Ah bon... C'est le livre de Mimi,
pourtant...";
"　　　　　　　しーっ!!!";"
                     SHHHH!";"
　　　　　　　CHUUUT !";
"今 サッちゃんと
かくれんぼしてるです!
さっきはかくれんぼ中なのを忘れて
青い鳥を探し出してましたが
今は僕を必死に探しているはずなのです!";"I'm playing hide-and-seek with Mimi
right now!

At one point, she forgot we were
playing, and went off looking for
blue birds again...
But she should be back on track, now!";"Je joue à cache-cache avec Mimi !


Tout à l'heure elle m'avait oublié et
elle s'était remise à chercher des
oiseaux bleus...
Mais là, je crois qu'elle me cherche
à nouveau !";
"サッちゃん 写真のとり方しってるですか?";"Mimi, do you know how to take
pictures?";"Mimi, tu sais comment faire pour
prendre des photos ?";
"サッちゃん…";"Mimi...";"Mimi...";
"サッちゃん
一応僕もサムシングブルーなのですが…";"Mimi...
Can't I be your something blue?";"Mimi... Je suis une petite fleur bleue
qui ne demande qu'à être cueillie...";
"サッちゃん!
やっと僕の気持ちが通じたですね";"Mimi!
My feelings have reached you, at last!";"Mimi ! Tu as lu dans mon cœur !
Enfin !";
"　　　　　  　　　　あ!!";"
                 HEY!!";"
  　　　　  　AHA !!";
"キミ…フリル姫を助けにきてくれた
勇者サマ…だよね?";"You must be...the hero...
who's come to save Princess Styla? ";"Tu es... un héros ? Et tu es venu
sauver la princesse Mousseline...
C'est bien ça ?";
"はい";"Sure am!";"Exactement !";
"いいえ";"Not really...";"Je crois pas...";
"あれ…
どこかで会ったことあるような…";"Hmm...
Don't I know you from somewhere...?";"Tiens... J'ai l'impression qu'on s'est
déjà croisés...";
"いや それよりも

キミ…フリル姫を助けにきてくれた
勇者サマ…だよね?";"More importantly!


You must be...the hero...
who's come to save Princess Styla? ";"Mais passons.


Tu es... un héros ? Et tu es venu
sauver la princesse Mousseline...
C'est bien ça ?";
"はい";"Sure am!";"Exactement !";
"いいえ";"Not really...";"Je crois pas...";
"まあ…服はアレですけど…
でもマダム! よくみてくださいよ!
このオシャレな耳のとんがり方!!
きっと姫を助けてくれると思うんですよね";"Sure, his clothes are a bit...erm...
But look at his ears, Madame!
Those stylish, pointy ears!
I have a feeling he's the hero
who'll save the princess from her,
ah, situation.";"D'accord, sa tenue est un peu...
hum... Mais ses oreilles, Madame !
Regardez comme elles sont chic !
Des oreilles comme ça, eh bien moi,
ça m'inspire confiance. Je crois qu'il
va la sauver, notre princesse.";
"実は今までにも キミみたいな勇者サマが
たくさんやってきたんだけど";"To tell you the truth, we've had plenty
of heroes like you come along.";"Tu sais, des héros venus pour affronter
la sorcière... on en a déjà vu défiler
des tas.";
"まだ誰も魔女を倒せてないんだ…

フリル姫が呪われて
王室からの発注もなくなったし
オシャレすると呪われるってデマまで出だして
マダムは機嫌が悪いんだ";"But not one of them has been able to
defeat the witch so far...

Princess Styla has been cursed, and
we've stopped receiving orders from
the castle.
A rumour has been going round...that
being fashionable gets you cursed.
Madame's not happy about it...";"Mais aucun n'a réussi à la vaincre !


Depuis que la princesse Mousseline a
été ensorcelée, on ne reçoit plus de
commandes du château. Et puis...
Une rumeur dit que ceux qui suivent la
mode sont frappés par le mauvais sort.
Tout cela rend Madame très irritable.";
"でも腕は間違いないから 安心して

材料とお金さえあれば
とびっきりの服を仕立ててくれるからサ";"But I can assure you, Madame's
very good. THE best!

As long as you have the materials and
Rupees, she can put together some
seriously smashing things!";"Mais en matière de couture, c'est la
meilleure, je peux te le garantir.

Apporte-lui des matériaux et de
l'argent et tu repartiras à coup sûr
avec ce qui se fait de plus tendance.";
"あっ マダム
この方ですよ
さっき僕がお話しした
勇者サマ!";"Ah, Madame!
This is the guy. The one I was
telling you about earlier.
The hero!";"Ah, Madame.
C'est lui... Le type dont je
vous parlais tout à l'heure.
Le héros !";
"じゃあまずは 
オールバック卿のところにいかないとね
オールバック卿は
魔女討伐隊の司令官なんだ
いつもお城で入隊の面接やってるよ
審査は厳しいみたいだけどね…";"First off, you'll need to go and see
Sir Combsly. He's the commander
in charge of the witch hunt.
He's always recruiting new members
at the castle, though I hear he's pretty
particular...";"Pour commencer, tu dois aller voir
le général Gomina, qui supervise les
expéditions contre la sorcière.
Il organise des sessions de
recrutement au château.
Il paraît qu'il est un peu sévère...";
"その耳のとんがり方…

けっこう オシャレだね! ソレ!!";"Those pointy ears...


How chic, if I may say!";"Ces oreilles qui pointent...


Elles sont vraiment chouettes !
J'adore !";
"ボクはマダムテーラーっていう
この町の服屋で働いてるんだけど
ウチのマダムが作る服には
特別な力が宿るって評判なんだ";"I work at Madame Couture's tailor
shop. The clothes that Madame makes
are famous for their special powers.";"Je travaille chez Madame la couturière,
une boutique située en ville.

Les tenues conçues par Madame sont
connues pour leurs pouvoirs spéciaux.";
"フリル姫もひいきにしてくれてたんだけど
あんなことになっちゃってサ…
勇者サマ達だけが頼りなんだ";"Princess Styla used to be a big fan...
Until, you know...

You heroes are our only hope now.";"La princesse Mousseline était notre
meilleure cliente jusqu'à ce que...
Oh, quelle tragédie !
Vous, les héros, vous êtes notre
dernier espoir maintenant.";
"…でも

その服はちょっとアレだね";"Though I have to say...


That outfit is a bit... Erm.";"Mais...


Il faut bien dire que cette tenue
est un peu...";
"いいでしょ?";"Erm?";"Classe, non ?";
"アレ?";"It's great, isn't it?";"Elle est quoi ?";
"いや ゴメン…なんていうか…
この国ではあまり見ない服だなぁと思って…";"We...certainly don't see that kind
of design around here...";"Oui, non, pardon, enfin... On ne voit
pas trop ce genre de tenue par ici.";
"そうだ せっかくだし
ウチの店においでよ!
町の中央広場にどーんと建つ
ひときわオシャレな紫の建物なんだ
…じゃあボクは そろそろ行かないと
マダムにまた怒られちゃうよ";"Hey, why don't you stop by our shop?
It's the big, purple building in the
town centre. The stylish one.
Speaking of, I should be heading back,
or Madame's gonna have me cleaning
the kitty litter trays for weeks!";"Et si tu passais dans notre boutique ?
C'est la bâtisse prune sur la place,
la plus chic, tu ne peux pas la rater.
Hou là, il faut pas que je traîne trop,
sinon Madame va encore me passer
un savon !";
"そうだね…とっても…
アレだと思うよ
でも もっと色んなオシャレを
楽しんでもいいんじゃ…ないかな?";"Yeah... It's very, erm...
Yeah.

Why don't you try out something
different? You know, just for fun!";"Ah ben, euh... Elle est très, heu...
Elle a... son propre style !

Et si tu essayais autre chose, juste
pour voir ? Comme ça, pour le fun !";
"そうだ せっかくだし
ウチの店においでよ!
町の中央広場にどーんと建つ
ひときわオシャレな紫の建物だから
…じゃあ ボクはそろそろ行かないと
またマダムに怒られちゃうや";"Hey, come and stop by our shop!
It's the big, purple building in the
town centre. The stylish one.
Speaking of, I should be heading back,
or Madame's gonna have me cleaning
the kitty litter trays for weeks!";"Et si tu passais dans notre boutique ?
C'est la bâtisse prune sur la place,
la plus chic, tu ne peux pas la rater.
Hou là, il faut pas que je traîne trop,
sinon Madame va encore me passer
un savon !";
"そのジョーク…

オシャレだね!";"Oh... That's a...


Great joke! Ha! You almost got me...";"Alors là...


Quelle élégance dans l'humour !
J'ai failli te croire pendant une
seconde...";
"フリル姫のこと…
よろしくね";"Everyone's counting on you with the
Princess Styla thing!";"S'il te plaît, sauve la princesse
Mousseline !";
"でもやっぱ…どっかで会ったことあるような…";"
   I could've sworn I've met you before...";"Je jurerais t'avoir déjà vu quelque part...";
"それで ご用は?";"So, what is it you need?";"Alors, qu'est-ce que je
peux faire pour toi ?";
"服カタログ";"Outfit catalogue";"Catalogue";
"材料リスト";"Material list";"Liste des matériaux";
"各種説明";"Information";"Comment ça marche ?";
"用はない";"Nothing";"Rien, merci !";
"服を注文したいなら「服のオーダー」を
一覧がみたいなら「服カタログ」だよ!";"Go for "Order outfit" if you know
what you want. Or choose "Outfit
catalogue" if you just wanna browse!";"Tu peux passer commande si tu sais
déjà ce que tu veux. Sinon, tu peux
consulter notre catalogue de tenues !";
"服のオーダー";"Order outfit";"Passer commande !";
"服カタログ";"Outfit catalogue";"Catalogue";
"材料のこと";"About materials";"Les matériaux ?";
"用はない";"Nothing";"Rien, merci !";
"服がほしいなら ボクがオーダー聞くよ!
今だけ特別だからね…マダムニナイショダヨ";"If you need clothes, I'm at your
service! Just this once though.
It's a secret to Madame!";"Si tu veux commander une tenue, je
suis à ton service !

Mais... juste pour cette fois. Et pas un
mot à Madame ! Ça reste entre nous.";
"やっぱりその耳
オシャレだわ～";"Phwoar! I've got to say, those ears
are MIGHTY FINE!";"Ces oreilles... décidément,
elles sont trop stylées !";
"やっぱりモミアゲは
男のシンボルだよね!";"Rugged sideburns are the symbol of
a true hero!";"Rien de tel que de bonnes
rouflaquettes pour donner de
l'épaisseur à une paire de joues !";
"他にも勇者サマがいるみたいだけど
ボクは断然 キミ派だからね!";"I've heard there are other heroes
around, but I'm Team YOU, for sure!";"J'ai entendu dire qu'il y avait d'autres
héros dans les parages, mais pas
d'inquiétude, mon héros, c'est toi !";
"あっ! 耳がオシャレな勇者サマ!!";"Hey! The pointy-eared hero!";"Ah ! Le héros aux oreilles de luxe !";
"服カタログは勇者サマが持ってる
服の一覧が見れるんだけど…
マダムの許可がないと
教えられないんだ
まずはマダムに挨拶して
服のことを聞いてからだね";"Heroes usually have the catalogue
to browse at their leisure, but...

I actually can't show you the
catalogue without permission from
Madame. Sorry, hero!
Go say hi to Madame first, she'll tell
you all you need to know.";"Les héros peuvent consulter le
catalogue pour voir les tenues
dont ils disposent...
Mais je ne peux pas te le montrer
sans l'accord de Madame.

Va d'abord la saluer !";
"この国の事情
わかってもらえたかな?";"So, feel like you understand what's
going on in our kingdom?";"Alors, tu comprends un peu mieux
la situation du royaume ?";
"なるほど";"More or less";"Oui, je vois !";
"ゴメン もう一回!";"Tell me again!";"Tu peux répéter ?";
"あっ その服が気になって
伝え忘れるとこだったけど";"Oh, I was so distracted by your outfit
I forgot to tell you.";"J'étais tellement intrigué par ta
tenue que j'ai oublié de te dire
quelque chose.";
"やっぱりボクも
九一分けにしようかな… ";"Maybe I'll part my hair to the
side, too...";"Peut-être que ça m'irait aussi,
la raie sur le côté...";
"えっ? 聞いてなかったの?
もー! しっかりしてよ勇者サマ!!";"What? You weren't listening?
Come on, Mr Hero! Pay attention!";"Quoi ?! Tu n'écoutais pas ?
Mais enfin ! Un peu de sérieux !
Tu es un héros quand même !";
"あっ 耳がオシャレな勇者サマ!
今 魔境のコースクリア状況を見てたんだけど…
まだウチの討伐隊のメンバーは
どこもクリアしてないみたいなんだ…
でもボクは キミがこのリストに印をつける
最初の勇者サマになるって気がするよ";"Hey! The pointy-eared hero!
I was just looking at the level
completion status for the Drablands.
It looks like our soldiers are yet to
complete any of the missions...

I have a feeling you'll be the first to
make a mark on the list!";"Oh ! Héros aux jolies oreilles !
Tiens, je regardais le tableau de
progression dans les niveaux...
On dirait que notre corps
expéditionnaire n'a pas encore terminé
une seule mission...
Quelque chose me dit que tu seras le
premier à faire une coche sur la liste.
Je compte sur toi !";
"あっ 耳がオシャレな勇者サマ!
魔境のコースクリア状況 見たよ!
今まで誰もクリアできなかったのに…
やっぱり勇者サマが一番乗りだったね!";"Hey! The pointy-eared hero!
I saw the level completion status
for the Drablands!
I knew you'd be the one to get the
ball rolling!";"Hé ! Héros aux oreilles bien faites !
Je viens tout juste de jeter un œil
au tableau de progression !
Je savais qu'on pouvait compter sur
toi pour faire avancer le schmilblick !
Roule ! Roule ! Héros légendaire !";
"あっ 耳がオシャレな勇者サマ!
魔境のコースクリア状況を見たよ!
この調子なら 姫様の呪いがとける日も
そう遠くないって気がしてきたよ";"Hey! The pointy-eared hero!
I saw the level completion status
for the Drablands!
At this rate, you'll lift the princess's
curse in no time!";"Hé ! Héros aux fringantes oreilles !
J'ai vu le tableau de progression
dans les niveaux !
Si tu continues sur cette lancée,
la princesse sera tirée d'affaire
en un rien de temps !";
"あっ 耳がオシャレな勇者サマ!
やっぱりそのオシャレ耳は伊達じゃなかったね!
姫様も元の姿に戻ったし
マダムのゴキゲンもなおったし
これで街は元通り!
全部勇者サマのおかげだよ!!
あとはとくべつ任務を残すだけだね!";"Hey! The pointy-eared hero!
I knew those ears weren't just for
show!
The princess is back to normal,
Madame is in a good mood again, and
the town's as jazzy as ever!
It's all thanks to you Mr Hero!
This just leaves the bonus challenges!";"Hé ! Super héros ! Je le savais bien
qu'elles ne pointaient pas vers le ciel
pour rien tes oreilles !
La princesse a retrouvé le sourire,
Madame sa bonne humeur et la ville
est plus pétulante que jamais !
Tout ça c'est grâce à toi, Mister
héros ! Maintenant, il ne te reste
plus qu'à finir les défis spéciaux !";
"あっ 耳がオシャレな勇者サマ!
全ての任務を成功させるなんて スゴイね!
姫様も元の姿に戻ったし
マダムのゴキゲンもなおったし
勇者サマのおかげで 僕らはずっと
平和にオシャレで暮らせるよ!
なんだか前よりもその耳が
オシャレに見えてきたよ!";"Hey! The pointy-eared hero!
I'm so impressed you managed to
complete all the challenges!
The princess is back to normal, and
Madame is in a good mood again.

Thanks to you, we can be stylish in
peace! Those ears are looking more
dapper than usual today!";"Hé ! Héros aux oreilles bien faites !
Je n'arrive pas à croire que tu aies
terminé tous les défis spéciaux !
La princesse a retrouvé le sourire,
et Madame sa bonne humeur.

Grâce à toi, nous pouvons vivre stylés
en toute tranquillité ! Tes oreilles ont
vraiment un charme fou aujourd'hui !";
"それにしても…その服…
アレはアレなんだけど…
なんだか見慣れて
反対にオシャレにみえてきたよ…";"Your outfit, by the way...
I don't know if it's because I've had to
see it so many times or what, but...
It's kind of starting to grow on me.";"Quand même, cette tenue...
Elle est ce qu'elle est...
Et pourtant, à force de la voir...
... je lui trouve un côté presque chic.";
"姫様のことありがとね
また姫様の笑顔がみれて本当にうれしいよ!";"Thanks so much for helping the
princess. It's good to see that smile
of hers again!";"Merci pour la princesse, hein.
C'est tellement chic de la voir sourire
à nouveau !";
"服を作るには 材料が必要で
材料のほとんどは 魔境でしかとれないんだ
欲しい材料が どこにあるか知りたいなら
「材料リスト」
作りたい服の材料を調べたい時は
「服カタログ」をみると便利だよ!";"We'll need materials to make outfits,
most of which can only be found in the
Drablands.
To find materials by area, go to the
material list. To search for them by
outfit, go to the outfit catalogue!";"La plupart des matériaux nécessaires à
la fabrication des tenues doivent être
ramenés des contrées maudites.
Utilise la liste des matériaux pour les
chercher par région ou le catalogue
des tenues pour chercher par tenue !";
"あっ もうこんな時間だ!

ボクお城で 服や材料のことを
勇者サマに伝える仕事もしてるんだ
いわば マダムテーラーの出張所
みたいなもんかな
じゃあ また後でね～";"Oh, look at the time! I should dash.


Just so you know, I also advise heroes
about outfits and materials over at
the castle.
Kind of like a Madame Couture's
sub-branch! See you there later,
maybe?";"Hou là, comme le temps passe !


Je travaille aussi au château comme
conseiller en tenues et en matériaux.
J'aide les héros qui débutent, quoi.
En fait, je tiens une sorte de
succursale de Madame la couturière.
Bon, sur ce, à la prochaine !";
"今着ているのは[InsertMark]だね
どの服を作りたいの?";"You're currently wearing the
[InsertMark].
Which outfit do you want to make?";"« [InsertMark] »... C'est le
nom de ce que tu portes en ce
moment. Que veux-tu commander ?";
"ごめんよ…勇者サマ
これ以上は マダムにバレちゃうよ…
マダム 怒ると怖いんだ…

もっと服が欲しいなら　街にある
マダムテーラーでオーダーするしかないね…
でも「せいひんばん」ってのを買わないと
街に入る許可がおりないんだって
詳しいことは
ミドリの勇者サマに聞くといいかもね";"Sorry, Mr Hero. I'm afraid Madame's
going to find out about our deal if we
keep doing this.
She can be proper scary when she's
angry... Like, scarier than wearing
socks with sandals!
You're going to have to place your
order directly at Madame Couture's
from now on.
Her boutique is in town, but I hear
something called a "full version" is
required to leave this lobby...
I think the Mr Hero in green knows all
about that, so how 'bout you ask him?";"Désolé, le héros. Madame risque de
découvrir notre petite combine si on
continue comme ça...
Et si ça arrive, je risque d'en prendre
pour mon grade... J'en tremble rien
que d'y penser !
Bref, désormais, il faut que tu
passes commande directement
chez Madame la couturière, en ville.
Hélas, on ne te laissera pas quitter ce
hall si tu ne possèdes pas ce qu'on
appelle la « version complète »...
Monsieur le héros vert doit être au
courant de tout ça, alors pourquoi
ne pas lui en parler ?";
"あれ? 勇者サマ
今は買える服がないみたいだよ
マダムが新しい服のアイデアを思いつくまで
今持っている服で何とか頑張って!";"Doesn't look like there are any new
outfits you can buy, Mr Hero.

Madame will think of something new
in no time! For now, you'll have to
make do with the outfits you've got.";"Ah, Mister héros, on dirait bien
qu'il n'y a aucune nouvelle tenue
disponible pour le moment.
Madame va créer de nouveaux
modèles, mais en attendant... tu dois
te débrouiller avec ce que tu as !";
"この服でいいの?";"You want this outfit?";"Tu veux cette tenue ?";
"はい";"Yes!";"Oui !";
"いいえ";"Actually...";"Je sais plus...";
"まいど～
服の準備には ちょっと時間がかかるんだ
次の任務から帰ってくるまでには
準備しておくから もうちょっと待っててね!";"Great!
We're going to need a bit of time,
of course.
I'll make sure it's ready by the time
you return from your next mission!";"Merci bien ! La confection des tenues
demande un peu de temps, bien sûr.

Mais elle sera prête quand tu rentreras
de ta prochaine mission, sans faute !";
"勇者サマでも 迷うことがあるんだね
まあ ゆっくり考えてよ";"I guess even the bravest of heroes
can be indecisive sometimes, huh?
No worries, take your time!";"Même les plus grands héros ont des
moments de doute. Prends ton temps,
rien ne presse.";
"勇者サマ…
材料がないんじゃ 作れないよ";"Hold your horses, Mr Hero!
We can't make clothes without
materials.";"Euh, super héros... On ne peut pas
fabriquer de tenue sans matériaux.";
"いくら耳がオシャレでも
払うもんは 払ってもらわないと…";"I know your ears are pretty, but
you've still got to pay.";"Oui, tu as de très belles oreilles.
Mais il faut quand même payer.";
"他にも作りたい服はある?";"Any other outfits you want to make?";"Tu veux commander autre chose ?";
"注文の品 用意できたよ!
かなり イイ感じに仕上がってたよ!!
次の任務の時に
ぜひ 着てみてよ!";"The outfit you ordered is ready!
It turned out pretty nicely - try it out
on your next mission, won't you?";"La tenue que tu as commandée
est prête ! Et je dois dire que je
la trouve plutôt réussie.
Tu la porteras pour ta prochaine
mission, hein ?";
"新しい服が入荷したよ!
オーダーは マダムのところでよろしくね!";"New outfits are in!
Place your order at Madame's!";"Nous avons reçu de nouvelles tenues !
Pour commander, passe chez
Madame !";
"おはようございます。
こんにちは。
こんばんは。
さようなら。";"おはようございます。
こんにちは。
こんばんは。
さようなら。";"おはようございます。
こんにちは。
こんばんは。
さようなら。";
"この街でおしゃれをすると
魔女に呪われるらしいの…
せっかくマダムの服を買いに来たのに
外に出られなくて困ってるのよねぇ…";"In this town, the witch will curse you
for being fashionable...

I adore these clothes that Madame
made, but I'm in a bit of a pickle
because I can't wear them outside...";"Il paraît que dans cette ville, si vous
suivez la mode, la sorcière vous jette
un sort...
Je me suis fait tailler par Madame
une superbe tenue sur mesure, mais
maintenant je n'ose plus sortir...";
"ヤダ マダムに聞こえちゃたみたい
この話をするとマダムったらすごく怒るの
でもやっぱり呪いは
恐いわよねぇ…";"Oh no, Madame heard me...
She gets so cross when people talk
about the curse.
... It is terrifying, though...";"Oh non... Madame a tout entendu...
Elle se met en colère quand on
parle de cette histoire de sort...
Mais tout de même, c'est effrayant...";
"いや～ん!
もうちょっと待ってくださる～";"Aaaack!
Hold on a second!";"Aaaaaah !
Attendez une seconde !";
"ふふっ 口は悪いけど
マダム ぼうやのことお気に入りみたいね
そういえば ぼうや知ってる?

お洋服を買うと ミーバースのハンコとして
使えるようになるらしいわよ";"Madame talks all tough, but I can tell
that deep down, she likes you really!
Oh, by the way, did you know?
If you buy an outfit, you'll be able to
use it as a stamp on Miiverse.";"Madame peut sembler rude parfois...
mais au fond je suis sûre qu'elle vous
aime bien ! Au fait, vous savez quoi ?
Vous pouvez utiliser les tenues
que vous achetez comme tampons
sur Miiverse !";
"あらん カワイイぼうや
ぼうやもお着替え?
私もさっきまで使ってたんだけど
ここのフィッティングルームいいわよねぇ";"Hello, my little dove! 
How did you like the fitting room?

I was just in there earlier, it's lovely.
As you'd expect, from a chic place
like this!";"Coucou mon mignon. 
Que pensez-vous de la cabine
d'essayage ?
Moi j'en sors tout juste... C'est très
coquet à l'intérieur. Quoi de plus
normal, dans ce temple de la mode ?";
"あら ぼうや
お着替えしたいの?
それならそこの
フィッティングルームがいいんじゃない?
中に誰もいなければ
青いカーテンの前でで入れるわよ～";"Oh, my sweet little cupcake!
You want to get changed?
Use the fitting room over there.
Make sure nobody's in there, then
press  in front of the blue curtains!";"Mon petit chou !
Pour vous changer, utilisez donc
la cabine d'essayage qui est là !
Vérifiez qu'elle est libre, puis appuyez
sur  devant les rideaux bleus !";
"あらん カワイイぼうや
お姉さんとおしゃべりしたいの?";"Hello, butterscotch! 
You want to have a chat with me?";"Bonjour mon petit pain au lait. 
Vous voulez faire causette ?";
"着替えたい!";"I wanna change!";"Je dois me changer !";
"呪いの事教えて!";"About the curse!";"Alors, ce sortilège ?";
"用はない";"Not really";"Non, merci...";
"あらん カワイイぼうや
お姉さんとおしゃべりしたいの?";"Hello, carrumpkin! 
You want to have a chat with me?";"Bonjour ma petite fraise des bois. 
Vous voulez faire causette ?";
"着替えたい!";"I wanna change!";"Je dois me changer !";
"呪いの事教えて!";"About the curse!";"Alors, ce sortilège ?";
"マダムの事教えて!";"About Madame!";"Parlons de Madame !";
"用はない";"Not really";"Non, merci...";
"討伐隊の制服ね
サインもらっちゃおうかしら";"Oh my, you've joined the brigade?
I do so love a man in uniform! 
Sign something for me? Hehe! ";"Oh mon fier petit héros vert. 
J'ai presque envie de vous
demander un autographe !";
"あらん… さっきと同じ?
迷った挙句にいつものに落ち着いたって感じ?
今のもステキだけど
オシャレにも冒険は必要よ～";"You look exactly the same as before!
That look suits you well, but you need
to venture out of your comfort zone!
Fashion is adventure, my dear.";"Ma petite caille... ! Mais, vous portez
la même tenue que tout à l'heure ?
Il faut essayer autre chose, mon lapin.
Sortir de ses habitudes, plonger dans
l'inconnu... C'est ça la mode, c'est
l'aventure !";
"剣の扱いが上手いと
女の子の扱いも上手いって本当?";"My gallant little knight!
Come to whisk me away? ";"Mon galant héros ! Si vous maniez
l'épée comme vous maniez mon cœur,
l'ennemi n'a qu'à bien se tenir ! ";
"あらん かわいいコキリさん
アタシの心も射抜かれちゃったカンジ?";"Oh, what a cute Kokiri boy! 
Don't go shooting those arrows
through my heart!";"Quel mignon petit Kokiri !
Attention avec ces flèches, vous
pourriez me transpercer le cœur ! ";
"あらん…アタシの次に
いい女になったんじゃない?";"So you think you can be as elegant as
me, my dear? Well... Maybe you can!";"Mais dites-donc, mon joli ! Vous
êtes presque aussi... belle que moi !";
"もうアナタから目が離せないわ!";"Oooh, flashy! You're certainly making
a statement, my dear!";"Oh, là, là ! Bravo !
J'ai l'impression d'être un
papillon devant une ampoule !";
"そのゴツゴツした質感…
キライじゃないわよ";"Mmm... I do like that rock-hard,
chiselled look... ";"Mm... Ce regard dur comme la pierre...
Ce n'est pas pour me déplaire ! ";
"ぎょぎょっ!

うふふっ 言ってみただけ";"That's just azorable, my sweet little
guppy! ";"Vous êtes tout simplement azorable. ";
"ぼうやの あついで
私の心も満たしてほしいわ";"Aww, so many hearts! 
Give auntie one of your hearts,
won't you, my dear?";"Ça fait beaucoup de cœurs...
Et si vous m'en donniez un ?
Celui du milieu, là. ";
"ヤンチャはダメだゾ";"Don't go blowing things up, my little
troublemaker! ";"Attention de ne pas tout
faire sauter, ma volaille ! ";
"ガンバリすぎないでね";"You've got so much energy, you
could almost fly away, my lovely! ";"N'en faites pas trop tout de
même, mon petit canard !  
Attention à votre cœur !";
"あらん そんなに寒かったなら
お姉さんが温めてあげたのに";"Aww, is my little hero cold?
Do some jumping jacks, and you'll be
all right! ";"Si vous aviez froid, il fallait me
le dire, mon macaron. Je vous
aurais réchauffé. ";
"いざ 出陣! って感じね";"My little lord, are you off to fight?
You are the ruler of my heart! ";"Oh mon lardon ! 
Vous partez en campagne ?
Je prête allégeance !";
"走り抜ける男も好きだけど
壁にぶつかる男も お姉さん大好きよ";"Like a deadly ninja in the night, have
you come to steal my heart away? ";"Oh, je ne vous avais pas vu venir mon
véloce petit ninja ! Vous êtes là pour
voler mon cœur ? ";
"あらん
お金のニオイがする男は大好物よ";"A wealthy man? I couldn't possibly
complain about that! ";"Un homme riche ?
Ma foi, je ne dis pas non ! ";
"骨のある無骨な男";"Now I know you'll always come back
to me! ";"Maintenant, je sais que vous
me reviendrez toujours ! ";
"あらん
お姉さんも おそろいにしちゃおうかしら";"Maybe I'll wear one too, then we can
be heroes together! ";"Ma petite crème au beurre ! 
Si je porte la même chose,
vous m'emmenez avec vous ?";
"いい夢を";"I'm starting to feel a little lucky
myself! ";"Avec un peu de chance, vous
me retrouverez dans vos rêves ! ";
"うるおってるわね～";"Oh my, your skin is glowing!
What moisturiser do you use?";"Vous avez la peau délicieusement
hydratée...  Qu'est-ce ce que vous
utilisez comme lotion ? ";
"さすがトップオブオシャレが作る
パーフェクトエレガント! 何度見てもステキ";"Pure brilliance! Sheer perfection!
Only the hands of a top fashionista
could have crafted such magnificence!";"C'est sublime ! L'œuvre de la plus
grande des couturières, mon biquet !
L'élégance incarnée ! J'adore ! ";
"お姉さんも黒派よ";"I hear black tights are back in,
my dear ";"Moi aussi, les collants noirs, j'adore. ";
"あらん…なんだか音楽まで
懐かしい感じになった気がするわ";"Ahhh, the good old days!";"Ça me rappelle le bon vieux temps...";
"あらん お姉さんを
そんなに照らしてどうするつもり";"You light up my life, my little dear. ";"Mon petit rayon de lumière ! Vous
êtes tout simplement éblouissant ! ";
"フェイクでも本物の野性を感じるわ";"Rawr! You're really embracing
your wild side... ";"Ça a beau être du synthétique, ce côté
sauvage vous va comme un gant... ";
"器の大きさって大切よね～";"That's a pretty heart, my little man! ";"Vous êtes charmant comme ça,
mon joli cœur ! ";
"アレなところも
お姉さんは好きよ";"Err... I-it's a little...erm.
Oh, but you wear it well, my dear! ";"C'est... euh... spécial...
Mais vous le portez si bien ! ";
"どこからどうみてもカメね";"That's turtley wonderful, my heart! ";"Cette carapace dissimule un cœur
tendre, je n'en doute pas ! ";
"なんだか神々しさすら感じるわ～";"Tut tut...
You've left me speechless!";"Mon bel apollon habillé en pharaon !
Ce chic antique vous va à merveille,
ma rose des sables ! ";
"あらん その大きなアームで
お姉さんに何するつもり?";"Robots have feelings too, you know!
Oh, you silly thing. ";"Eh bien, on a décidé de jouer
les gros bras ? Grand fou ! ";
"あつい男に女は弱いの
何だか汗ばんできちゃった";"That's a hot look, my dear! 
I'm getting flushed just looking... ";"Tout feu tout flamme, ma petite
braise !  Vous me donnez
terriblement chaud... ";
"くるりんぱ!あらん…なぜか
そんな言葉を叫びたくなっちゃったわ";"That's lovely, my dear!
Simply kooloo-limpah-licious! ";"Vous me donnez envie de crier...
Kooloolin... Pah ! ";
"お姉さんにもカチンコチンなとこ
みせてほしいわぁ";"Hello?
Can you hear me? Hello?";"Hou, hou ! Vous m'entendez ?
Allôôôô ?";
"その輝き…本物ね";"I...
...
surrender... ";"Cet éclat tranchant...
C'est pas du toc dites-moi !
Mon petit sucre d'or... ";
"あらん
ステキな おひげ";"You look mighty fine, my lovely. ";"Mon croûton... 
Vous me faites tourner la tête !";
"あらん 
かわいい おへそ";"D'aww, look at that cute wittle
belly button! ";"Oooh... 
Quel joli petit nombril ! ";
"さわやかな風を感じるわ";"I feel the wind in my hair...
You're so soothing, my sweet. ";"C'est si doux, la caresse du vent...
Emportez-moi, emportez-moi
où vous voulez ! ";
"とがった男もいいわよねぇ
でも お姉さんには優しくしてね";"Auntie likes hugsies! 
... But maybe not while you're
wearing that, okay? ";"Voilà qui devrait mettre du piquant
dans vos aventures ! Laissez-moi vous
accompagner mon petit aiguillon... ! ";
"マダムと魔女が姉妹だったなんて…
なんだか大変なことを聞いちゃったわ
呪いは怖いけど…でも アタシ…
なんだか魔女は悪い人じゃない気がするわ";"Oh my... I had no idea Madame and
the witch were sisters!

The curse certainly is terrifying, but
maybe the witch isn't as evil as we
make her out to be...?";"Je ne savais pas que Madame et la
sorcière étaient sœurs...

Ce sortilège est horrible, mais...
quelque chose me dit que la sorcière
n'est pas une mauvaise personne...";
"あら アナタ…
その服って…";"My dear...
That outfit...";"Mon mignon...
Cette tenue...";
"ふふっ テレちゃって
また お姉さんとおしゃべりしましょうね";"Look at you, being all shy! 
Let's chat another time. ";"Vous êtes tout timide, c'est mignon. 
Revenez bavarder avec moi, hein !";
"ぼうや…そのお洋服って
マダムが言ってたアレよね?
お姉さんと おしゃべりしたいのは
すごくわかるけど
今は 早くお姫様のところに行ってあげて";"My dear, that outfit...
Isn't that the one Madame was talking
about...?
I'd love to chat with you too, but right
now I think you should hurry on over
to the princess!";"Mon batracien, cette tenue...
N'est-ce pas celle dont parlait
Madame... ?
Je comprends que vous ayez envie de
bavarder avec moi... Mais dépêchez-
vous d'aller retrouver la princesse !";
"あらん ぼうや
さっきのセレモニー ステキだったわよ～
お姉さん…
きゅんきゅんが止まらなかったわ～
それにしても…
これで安心してお買い物できると思ったのに
なかなか アタシ好みのがないのよねぇ…

なんかこう…
身体のラインが全部出ちゃうような…
お姉さんのセクシー度がアップする
お洋服が欲しいんだけどなぁ…";"Oh, my dear!  That was a splendid
ceremony! I'm so proud of you, could
you see me blushing in the crowd?
It's wonderful that we can shop
without worrying now, but I can't
seem to find an outfit I really like...
You know, that will bring out my
best features and make me feel
even more confident...";"Mon petit potiron , quelle splendide
cérémonie ! Mon petit cœur a battu
la chamade du début à la fin !
Et puis c'est merveilleux, maintenant
on peut à nouveau s'habiller comme
on veut, sans s'inquiéter !
Malheureusement je ne trouve rien
à me mettre...

J'aimerais quelque chose qui me mette
en valeur... Vous voyez ?";
"ちょうど今 ぼうやが着ているようなお洋服
そんな感じのがいいのよねぇ…";"Something like the outfit you're
wearing right now would be perfect...";"Quelque chose comme ce que
vous portez en ce moment,
voilà, c'est exactement ça !";
"あらんぼうや…
今色々想像しちゃったでしょ?
お姉さんのセクシー姿は
ぼうやには まだちょっと早いかな　うふふっ";"Hehe!  Are you blushing, my dear? 
You'll understand when you're a bit
older!";"Hihihi, il n'y a pas de quoi rougir
mon petit ourson !  Je suis sûre
qu'elle m'irait à ravir cette tenue !";
"それで…カワイイぼうや
まだ お姉さんとおしゃべりしたいの?";"So, tweetums... 
You still want to have a chat with me?";"Alors, mon petit pain au lait... 
Vous voulez encore papoter
avec moi ?";
"着替えたい!";"I wanna change!";"Je dois me changer !";
"呪いの事教えて!";"About the curse!";"Alors, ce sortilège ?";
"マダムの事教えて!";"About Madame!";"Parlons de Madame !";
"用はない";"Not really";"Non, merci...";
"それで… カワイイぼうや
まだ お姉さんとおしゃべりしたいの?";"So, babycheeks... 
You want to have a chat with me?";"Alors, mon petit sucre d'orge... 
Vous voulez encore papoter
avec moi ?";
"着替えたい!";"I wanna change!";"Je dois me changer !";
"呪いの事教えて!";"About the curse!";"Alors, ce sortilège ?";
"用はない";"Not really";"Non, merci...";
"毎日1回運試し!
今日も明日も運試し!!
毎日たからばこ屋へようこそ!
さあ 今日も張り切って開けてみよー!";"Try your luck, once a day!
Could today be your lucky day?
Or if not, then tomorrow, perhaps?
Welcome to Daily Riches!
Come, give it a try!";"Tentez le coup une fois par jour !
Aujourd'hui pourrait être votre jour de
chance ! Ou sinon... demain ?
Bienvenue au Magotidien, la boutique
où vous attend le magot de ce jour !
Allez-y ! Ouvrez un coffre !";
"もしかして今のアタリが
気に入らないとか?
ゲームはタダなんだけど
賞品のチェンジは有料なんだ
といっても チェンジはたったの[Number of Rupee]!
チェンジするかい?";"Why the long face?
You don't like the current prize?
It's free to give it a go, sonny boy...
...but satisfaction is not guaranteed!
You'll need to pay up if you want to
reset the chests and change the prize.
That being said, it's just [Number of Rupee]!
How 'bout it? Wanna change?";"Laissez-moi deviner...
Vous n'êtes pas satisfait ?

Le jeu est gratuit, mais si vous voulez
refermer les coffres et changer de
prix, il faut payer.
Cela dit, vous n'en aurez que
pour [Number of Rupee] !
Alors, vous voulez changer ?";
"チェンジ!";"Yes!";"Oui !";
"やめる";"Nah...";"Non...";
"　　毎日たからばこ屋へようこそ!";"
    Welcome to Daily Riches!";"
   Bienvenue au Magotidien !";
"おっ! 絵にかいたような勇者顔だね!! 

魔境でのオツトメつかれただろ?
ちょっと遊んで行かないか?
この中に1つだけ
アタリの宝箱があるんだ";"Oh, hey! A hero, as I live and breathe!
You look just like the pictures!

Why don't you take a break from all
that Drablands business, sonny, and
play a game?
One of these chests contains a nifty
prize.";"Un héros juste comme dans les livres !


Ça ne vous épuise pas trop ces
histoires de contrées maudites ?
Faites un break ! Amusez-vous !
Un de ces coffres contient un
prix de rêve. ";
"でもハズレても傷つくのはまだ早い!
次の日に また続きからチャレンジできるんだ!
つまり 4日通えば";"Oh, but don't get down in the dumps
if you miss, sonny! Just come back
tomorrow and test your luck again.
If you happen to come here four days
in a row...";"Et si vous ne gagnez rien... Ce n'est
pas grave ! Revenez demain tenter
une nouvelle fois votre chance !
Vous avez compris ? En d'autres mots,
si vous revenez quatre jours de suite...";
"　　　　　　今回のアタリはコレ!
もう[Number of Number]持ってるみたいだけど遊んでってよ!";"The prize right now is this!
You already seem to have [Number] of
'em, but you should still give it a go!";"Voilà le prix du moment !
On dirait que vous en avez déjà [Number],
mais ça ne fait rien, tentez le coup !";
"何度のぞいても その宝箱には
もう何も入ってないよ";"You can look as much as you like,
sonny, but that chest's staying empty.";"Vous pouvez l'ouvrir autant de fois
que vous voulez... Il est vide.";
"ん…
ちょっとお金がたりないかな…
でも 焦らずとも 毎日来てくれたら
アタリはいつか必ず変わるよ!
人生は長いんだ!
のんびりいけば いいんだよ!!";"Hmm...
Sorry, sonny. Seems like you don't
have enough Rupees.
But don't worry! Come along every
day, you'll find some luck eventually.
Life's pretty long, so take it easy, eh?";"Ah...
Désolé mon vieux, on dirait que
vous n'avez pas assez de rubis.
Mais pas d'inquiétude, si vous venez
tous les jours, la chance finira par
vous sourire ! Vous avez toute la vie !";
"宝箱を開けることができるのは1日1回!";"Hey, whoa there. Once a day,
remember?";"Une fois par jour seulement !";
"持ってかれちゃったなぁ～
さすが勇者君は 運がイイや
新しい賞品 仕入れておくから
明日 またよってくれよな";"Wow, you got it!
Lucky little hero, aren't ya?

I'll prepare a new prize, so
come back tomorrow, all right?";"Vous avez touché le gros lot !
Vous êtes un beau veinard dites-moi,
monsieur le héros !
Je vais préparer de nouveaux prix,
alors revenez demain !";
"大アタリ～
ハズレの後のアタリは格別だろ
宝箱も人生も
ハズレの次はアタリしかない!
新しい賞品入れておくから
また明日来てくれよな";"We have a winner!
After a loss, the only way is back up,
eh? Doesn't it feel good?
I'll get a new prize ready, so
come back tomorrow!";"Vous ramassez le gros lot !
Alors ! Rien de tel que le succès pour
se remettre d'un échec, hein ?
Je vais préparer de nouveaux prix,
alors revenez demain !";
"ただし 宝箱をあけられるのは1日1回!
それは変わらないけど いいかい?";"You can still only open one treasure
chest a day! That's not gonna change,
but you're okay with that, right?";"Attention, vous ne pouvez ouvrir
qu'un seul coffre par jour.
On est bien d'accord là-dessus ?";
"それでもいい";"Sure";"On est d'accord !";
"考え直す";"Let me think...";"Je vais réfléchir...";
"悩むのもまた青春!
気が変わったら いつでも話しかけてくれよな!";"Decisions are tough, aren't they,
sonny? Let me know if you change
your mind.";"Pas facile de prendre des décisions,
hein mon petit gars ? Venez me voir
si vous changez d'avis !";
"アタリの確率は3分の1
さあ 今日はどの宝箱を選ぶ?";"You've got a one out of three chance!
Which chest will you choose today?";"Vous avez une chance sur trois.
Alors, quel coffre vous choisissez
aujourd'hui ?";
"もしかして あえてハズレをひいたとか?
さすが勇者君だね!
粗品を笑う者は 粗品に泣くって
じいちゃんが良く言ってたなぁ…
でも次は遠慮なく
アタリひいてくれよな";"You picked a bad one on purpose?
Sure thing, sonny boy!
How modest of ya.
Next time, don't hesitate to go for the
prize!";"Vous avez fait exprès de choisir le
mauvais coffre ? Décidément, on se
marre bien avec vous, super héros !
La prochaine fois, pas de fausse
modestie, essayez de choper le
gros lot !";
"毎日1回運試し!
今日も明日も運試し!!
毎日たからばこ屋へいらっしゃい!

…って あれ?
また来たのかい?
何度来ても宝箱をあけられるのは
1日1回だけだよ";"Try your luck, once a day!
Could today be your lucky day?
Welcome to Daily Riches!
... Hang on, I know your face.


You know you can only open one
chest a day, right?";"Tentez votre chance une fois par
jour ! Jour de pot, jour de magot !
Bienvenue au Magotidien !
... Une petite seconde...


Vous êtes déjà venu, non ?
Vous ne pouvez ouvrir qu'un seul
coffre par jour. Vous aviez oublié ?";
"毎日1回運試し!
呪いを解いても運試し!
毎日たからばこ屋へいらっしゃい!

…って あれ?
また来たのかい?
何度来ても宝箱をあけられるのは
1日1回だけだよ";"Try your luck, once a day!
Broke the curse? It's your lucky day!
Welcome to Daily Riches!
... Hang on, I know your face.


You can come as much as you like,
sonny, but you can only open a chest
once a day.";"Tentez votre chance ! Vous avez
brisé le sortilège ? Jour de pot, jour de
magot ! Bienvenue au Magotidien !
... Une seconde...


Encore vous ? Vous pouvez venir
autant de fois que vous voulez, mais
c'est un coffre par jour, pas plus. OK ?";
"毎日1回運試し!
呪いを解いても運試し!
毎日たからばこ屋へいらっしゃい!";"Try your luck, once a day!
Broke the curse? It's your lucky day!
Welcome to Daily Riches!";"Tentez votre chance ! Vous avez
brisé le sortilège ? Jour de pot, jour de
magot ! Bienvenue au Magotidien !";
"でも キミは
さっきアタリをひいたばかりじゃないか
チェンジしても 今日はもう遊べないし
明日になったら 新しい賞品になってるし…
今チェンジするのはおススメしないなぁ…

焦らずとも 明日は必ずやってくる!
お楽しみは明日にとっときな!!";"But you just won the prize!
Aren't you happy with it?

You still won't be able to play again,
and tomorrow there'll be a new prize...
I don't think it's a good idea, sonny.
Don't worry, tomorrow will come
sooner than you think!";"Eh, super héros, vous venez de
gagner un prix ! Il ne vous plaît pas ?

Je ne crois pas que ce soit une bonne
idée de changer maintenant...
Il y aura de nouveaux prix demain !
Ne vous inquiétez pas : demain
viendra en temps voulu, vous
pouvez en être sûr !";
"まあ キミは さっきアタリを引いたばかりだし
チェンジする必要はないよな
明日になったら 新しい賞品になってるし
焦らず また明日きなよ!";"That's right, you just won the prize
so there's nothing to change today!

There'll be a new prize out tomorrow,
so don't worry! Come again!";"Vous venez de gagner mon vieux,
ça ne vaut pas le coup de changer !

Il y aura de nouveaux prix demain,
ne vous inquiétez pas.
L'important, c'est de revenir !";
"アタリを当てれば
賞品はキミの物
ただし
宝箱をあけられるチャンスは";"Open the chest that holds the prize,
and it's all yours! But remember, you
can only open the chests...";"Ce que vous trouvez dans le coffre est
à vous ! Mais attention, vous pouvez
tenter votre chance seulement...";
"タダの割にはけっこうイイもん入れてるだろ?
さあ キミはどの宝箱を選ぶんだい?";"That's some good stuff, dontcha
think? Considering it's free and all.
So, which chest will you pick?";"Plutôt pas mal comme gros lot, hein ?
Et tout ça pour pas un rond, mon petit
gars ! Alors, quel coffre vous ouvrez ?";
"アタリの確率は2分の1
さあ 今日はどの宝箱を選ぶ?";"Chances are fifty-fifty!
Which chest will you choose?";"Vous avez une chance sur deux !
Alors, quel coffre vous choisissez ?";
"さあ最後の1つだ!
豪快にいっちゃってくれよ!!";"Last one!
Go big or go home!";"Allez, c'est le dernier !
Soyez heureux, vous serez bientôt
fixé sur votre niveau de chance !";
"いいハズレっぷりだな
でも今日がダメでも明日がある
ハズレはアタリへの近道さ!!
また明日来てくれよな!";"That's too bad, sonny!
But, today exists for tomorrow!
Losing is the first step to winning!
Come again tomorrow!";"C'est un échec, un vrai !
Mais mon petit gars, après
aujourd'hui, il y a demain !
La route vers le succès est pavée
d'échecs ! Revenez demain !";
"おっ 粗品なのに元気がいいね

でも 粗品でも大切にするその姿勢
さすが勇者君だな
ハズレはアタリへの近道!!
また明日来てくれよな!";"I'm glad you like my little gift!
That's what I like to see - appreciation
for the small things in life.
Losing is the first step to winning!
Come again tomorrow!";"C'est modeste... mais vous avez
l'air content, ça fait plaisir !

Savoir se satisfaire de peu,
ça c'est héroïque, pas vrai
mon petit gars ?
La route vers le succès est pavée
d'échecs ! Revenez demain !";
"ハズレでも粗品ってとこに
俺のやさしさを感じてほしいなぁ
ハズレにも愛がある それが毎日たからばこ屋!
また明日来てくれよな!";"I hope you appreciate that even a fail
gets you a small gift...

There's love for the winners, and the
losers, too! That's Daily Riches for ya.
Hope to see you tomorrow!";"Vous aurez remarqué que, même
quand vous perdez, vous repartez
avec un petit quelque chose.
Vous repartez avec un peu d'amour !
Et oui, j'aime les perdants comme les
gagnants ! C'est ça le Magotidien !";
"　　　　　　　 　1日1回";"
                 Once a day!";"
   　　... une fois par jour !";
"　　　　　　 　必ずアタル!";"
    You're guaranteed to win!";"
  ... vous gagnez à coup sûr !";
"ってことなんだ お金はいらないし
まあ とりあえず遊んでってよ";"So you see? You don't need a single
Rupee to have awesome fun! Give it
a try, won't you?";"Vous voyez ? Pas besoin du moindre
rubis ! Allez-y, essayez donc !";
"　　　　　　　　　 でも";"
                        But!";"
　　　　　 Décidément !";
"　　　　　 　 おめでと～!!";"
             Nice 'un, sonny!";"
　　　　      Jackpot !";
"どうだい?　苦労せず材料が手に入るって
けっこうイイだろ～?
アタリはこっちで選んでるんだけど
もしアタリが気に入らない時は
俺に直接 相談してくれたら
何とかするからさ!";"So, what do you think?
It's nice to get your materials so
easily, ain't it?
I try to pick the best prizes, but if you
really don't like what's on offer, come
talk to me and I'll see what I can do.";"C'est plutôt pas mal de pouvoir
obtenir des matériaux comme ça,
sans effort, vous ne trouvez pas ?
Si vous trouvez que le choix de lots
n'est pas satisfaisant, dites-le-moi,
j'essaierai de faire quelque chose !";
"5回もハズレをひいちゃった
そんなちょっとアンラッキーなキミに
俺からプレゼント!
マダムに 特別な服をオーダーしておいたよ";"You've lost five times, huh?
It was bound to happen eventually,
but still, kind of a downer...
Here's something to cheer you up, my
little unlucky chap. I asked Madame to
add a special outfit to her selection!";"C'est la cinquième fois que vous
perdez ! J'ai compté. Vous trouvez
que vous manquez de chance ?
Eh bien, souriez ! Pour vous consoler,
j'ai demandé à Madame d'ajouter une
tenue spéciale à sa sélection !";
"その名も…";"It's called...";"C'est...";
"　　　　　　今回のアタリはコレ!
　　　今は1つも持ってないみたいだね!";"Today's prize is this!
You don't seem to have any right now!";"Voilà le prix du jour !
On dirait que vous n'en avez
pas encore !";
"　　　 　　怪傑ロールナイト";"
      The Dapper Spinner Kit!";"
  　　Le Mousquetourne !";
"この服は俺の…いやみんなの憧れ
怪傑ロールナイト様の衣装なんだ!
あのすばやい回転斬り…
子どもの頃よくまねしたもんだよ…
世の中無駄なモノなんてない!
ハズレだって役に立つんだ!!
だから明日からも毎日たからばこ屋に
遊びに来てくれよ!";"Now you too can look like him!
Whaddya mean, who? HIM!
The Dapper Spinner! Obviously!
Didn't we all practise the glorious
spin attack when we were kids?
I know I did.
Don't feel bad, sonny. Losing has its
merits. So keep coming to the Daily
Riches store, all right?";"La tenue dont tout le monde rêve :
le Mousquetourne !

L'attaque circulaire... Quand j'étais
gamin, j'adorais ! Pas vous ?

Parfois, glisser sur un échec permet de
tomber sur des magots cachés. Alors...
demain aussi, revenez au Magotidien !";
"ハズレばかりを引いてしまう
そんな運の悪い人の前に現れて
華麗にすばやく回転し
幸運の糸を手繰り寄せるという";"Legend has it, he appears before
people down on their luck, and
does an awesome spin attack...
In doing so, he reels in good fortune!";"Surgissant sur la route de ceux que la
chance a quittés, il exécute devant eux
une renversante attaque circulaire...
Ce faisant, il relance la roue de leur
mauvaise fortune...

C'est l'unique, le célèbre...";
"　　　　　怪傑ロールナイト様!";"
         The Dapper Spinner!";" 　　   ... Mousquetourne !";
"まさか実在していたとは…

…
…
アレ?

でもよく見ると…
どこかで…";"Blimey...he really exists...


...
Hm?

Wait a second... I know you...";"Ça alors... Il existe donc en vrai...


...
Mais... ?

Attendez...
Je vous ai déjà vu quelque part...";
"　　　　　　　　　　あっ　";"
                         OH.";"
　　　　　　　　　　OH !";
"なんだよ勇者君じゃないか
ビックリさせないでくれよ
怪傑ロールナイト様は
俺のあこがれの存在なんだ
でも 勘違いとはいえ
あこがれの人にあえて 嬉しかったよ";"You're that little hero, sonny.
Phew, don't get me wound up like
that! He's my idol, you know?
I had a blissful couple of seconds
though, so thanks for that.";"Ah, c'est vous, super héros. Ne me
faites pas peur comme ça, mon gars !
C'est mon idole, ce type.
Enfin... Grâce à vous, j'ai tout de
même passé quelques secondes
en compagnie de mon idole !";
"　　　　　　あっ あなた様は!";"
         You, you must be...!";"
　　　 Vous... Vous êtes... !";
"　　　　　　　　　　!!!";"
                          !!!";"
　　　　　　　　　 !!!";
"怪傑ロールナイト様が本当に実在していたら
きっとこんな感じなんだろうなぁ…
…おっとごめんよ
そうそう 俺に用があったんだよな
えっと…";"I suppose that's what he would have
looked like...if he really existed.

Oh, sorry.
What was it you needed?";"J'imagine que s'il existait en vrai,
c'est à ça qu'il ressemblerait...

Oh, pardon, j'étais distrait.
Alors, qu'est-ce que je
peux faire pour vous ?";
"ん?
なんだい?";"Hm?
What is it?";"Mmh ?
C'est pour quoi ?";
"でも感動の時間はもう終わりだ
さあ　気を取り直して…";"Right, enough messing about.
Where were we?";"Bon, assez d'émotions.
Où en étions-nous ?";
"それにしても
今日はもう宝箱は開けたじゃないか?
何度来ても宝箱をあけられるのは
1日1回だけだよ";"Anyhoo, you've already opened
a chest today, so I'm afraid there's
nothing here for you. Try tomorrow!
... What, you think just because you
look like my hero, my rules don't apply
to you? Dream on, sonny!";"Quoi qu'il en soit, vous avez déjà
ouvert un coffre aujourd'hui, alors il
faudra revenir demain, j'en ai peur.
Et ne vous attendez pas à ce que je
modifie les règles pour vous parce que
vous êtes habillé comme une star...";
"あっ 怪傑ロールナイト様!

…
…
って また騙されるところだったよ…
勇者君だろ?
さあ お遊びは終わりだよ
ではでは 気を取り直しまして…";"Hey, the Dapper Spinner!


...
There's no way you're fooling me
twice, sonny.
I know exactly who you are.
Enough mucking around!
Where were we?";"Le Mousquetourne !


...
On ne me la fait pas deux fois
mon petit gars.
Je sais exactement qui vous êtes.
Bon, fini de rigoler.
Où en étions-nous ?";
"あっ 怪傑ロールナイト様!

…
…
って また騙されるところだったよ…
勇者君だろ?";"Hey, the Dapper Spinner!


... Yeah, right. You're that hero kid
again, ain't you? Nice try, sonny.";"Oh, le Mousquetourne !


... Ah, j'y suis. C'est vous, le
héros haut comme trois pommes,
pas vrai ? Bien essayé...";
"はいよっ
チェンジ終了!
今は1つも持っていないみたいだけど
今度のアタリは気に入ったかい?";"Here you go!


You don't seem to have any of these
right now. Do you like it?";"Et voilà !


On dirait que vous n'en
avez pas encore.
Vous êtes satisfait ?";
"はいよっ
チェンジ終了!
もう[Number of Number]持ってるみたいだけど
今回のアタリは気に入ったかい?";"Here you go!


You already seem to have [Number]
of them. Do you like it?";"Et voilà !


On dirait que vous en
avez déjà [Number].
Vous êtes satisfait ?";
"おや?
おやおやおやおや??
天をあおぐ とんがり耳に
一糸乱れぬ 九一分け
そして 男性のシンボルともいえる
立派なモミアゲ…
アナタのその姿…
なんだかトーテム勇者様のようですな";"Oh? My!
Oh my, oh my, oh my, oh my!

Ears fit to pierce the heavens!
An impeccable side-parting!

And the universal symbol of heroism,
those magnificent sideburns...

I say my boy, you look like the
spitting image of a Totem Hero!";"Oufti !
Oufti, oufti, oufti !

Des oreilles prêtes à transpercer les
cieux... Une superbe raie sur le côté...

Pour couronner le tout, une paire de
rouflaquettes du plus bel effet...

Mon ami, si je peux me permettre,
vous avez tout d'un héros totem.";
"トーテム勇者って?";"Totem what now?";"Un héros quoi ?";
"そう?";"Uh... Thank you...?";"Vraiment ?";
"おや?
おやおやおやおや??
天をあおぐ とんがり耳に
一糸乱れぬ 九一分け
そして 男性のシンボルともいえる
立派なモミアゲ…
アナタのその姿…
なんだかトーテム勇者様のようですな";"Oh? My!
Oh my, oh my, oh my, oh my!

Ears fit to pierce the heavens!
An impeccable side-parting!

And the universal symbol of heroism,
those magnificent sideburns...

I say my boy, you look like the
spitting image of a Totem Hero!";"Oufti !
Oufti, oufti, oufti !

Des oreilles prêtes à transpercer les
cieux... Une superbe raie sur le côté...

Pour couronner le tout, une paire de
rouflaquettes du plus bel effet...

Mon ami, si je peux me permettre,
vous avez tout d'un héros totem.";
"…して
このビアードに 何かご用ですかな?";"... So now. Have you some business
with this humble beard?";"... Bien. Et de quoi voulez-vous que
cette touffue barbe vous parle ?";
"トーテム勇者って?";"Totem Heroes?";"Des héros totem !";
"街のこと";"About this town";"De la ville !";
"マダムテーラーって?";"Madame Couture?";"De Madame !";
"用はない";"Never mind";"De rien...";
"さぁ 今こそ 像の近くでを押し 祈るのです
そして流れに身を任せるのですぞ!";"Now, it's time to press  by the
statue and give thanks! Raise your
hands and go with the flow!";"Allons, il est temps d'appuyer sur 
à côté de la statue et de rendre grâce.
Laissez-vous emporter par la vogue !";
"して勇者風のアナタ
このビアードに何かご用ですかな?";"So now. Does your heroish self have
business with this humble beard?";"Dites-moi tout, héroïque ami.
De quoi voulez-vous que cette
touffue barbe vous parle ?";
"トーテム勇者像";"Totem Hero statue";"De la statue !";
"街のこと";"About this town";"De la ville !";
"ここだけの話";"Tell me a secret!";"De choses secrètes !";
"用はない";"Never mind";"De rien...";
"ぐぬぬ… さびしいですな
また話しかけてもらえたら 嬉しいですぞ!";"Intimidated by the beard? It's only
natural, I suppose. But you can talk
to me whenever you like!";"Est-ce la barbe qui vous intimide ?
Rien que de très naturel. N'hésitez
pas à revenir me voir plus tard !";
"おお それよりもですな";"But more importantly!";"Mais il y a plus important !";
"おや?
おやおやおやおや??
やはり?
やはりやはりやはり??
先ほどから思っておりましたが
アナタ…
天をあおぐ とんがり耳に
一糸乱れぬ 九一分け
そして 男性のシンボルともいえる
立派なモミアゲ…
アナタのその姿…
なんだかトーテム勇者様のようですな";"Oh? My!
Oh my, oh my, oh my, oh my!

Could it? Be?
Could it, could it, could it be?

I knew my eyes weren't deceiving me!
Ears fit to pierce the heavens!
An impeccable side-parting!
And the universal symbol of heroism,
those magnificent sideburns...

I say my boy, you look like the
spitting image of a Totem Hero!";"Oufti !
Oufti, oufti, oufti !

Se pourrait-il que...
Se pourrait-il que cela soit possible ?

J'ai bien vu, et vu du bon œil !
Ces oreilles prêtes à transpercer les
cieux, cette superbe raie sur le côté...
Pour couronner le tout, cette paire de
rouflaquettes du plus bel effet...

Mon ami, si je peux me permettre,
vous avez tout d'un héros totem.";
"いやはや こんなにもソックリとは…
不思議なこともあるもんですなぁ
これも何かのご縁! 困ったことがあれば
このビアードを頼っていただいてもいいですぞ!
さあ いつでも どこからでも
それがしに話しかけてくだされぃ!";"My oh my oh my! You and him are
like two peas in a pod! It's uncanny!

It must be some sort of omen!
Please, if anything troubles you, let
this humble beard enlighten you!
All you have to do is ask. Ask anytime!";"Mais dites-moi, vous vous ressemblez
comme deux gouttes de lait à la fraise.

Ma foi, voilà qui n'augure que du bon.
Si vous cherchez des renseignements
venez en parler à cette touffue barbe.
Venez lui parler quand vous
voulez, par où vous voulez.
Elle ne bouge pas d'un poil.";
"天をあおぐ とんがり耳に
一糸乱れぬ 九一分け
そして 男性のシンボルともいえる
立派なモミアゲ…
まるでトーテム勇者様のようですな";"Ears fit to pierce the heavens!
An impeccable side-parting!

And the universal symbol of heroism,
those magnificent sideburns...

You are the spitting image of a
Totem Hero, my boy!";"Des oreilles prêtes à transpercer les
cieux... Une superbe raie sur le côté...

Pour couronner le tout, une paire de
rouflaquettes du plus bel effet...

Mon ami, si je peux me permettre,
vous avez tout d'un héros totem.";
"しかしアナタ!

先ほどからずーっと
拝見しておりましたが
まだ一度もトーテム勇者像に
手を合わせておられませぬな!
トーテム勇者様は
ドレース王国の守り神!
良きことも悪しきことも
全て受け止め記憶してくれましょうぞ!";"However!


I've been watching you, you know.


I know you haven't given thanks to
the Totem Hero statue yet, not once!

The heroes are protectors of our fair
Hytopia, their statue keeping a record
of all we do, be it good or ill.";"Toutefois, mon jeune ami !


Je vous observe depuis tout à
l'heure et...

Pas une seule fois vous n'avez rendu
grâce à la statue des héros totem !

Les héros totem protègent le royaume
et leur statue conserve la trace de nos
actions, bonnes ou mauvaises.";
"　　　　おやおやおやおや!!!";"
          My, oh, my, oh my!";"
          Oufti, oufti, oufti !";
"先ほどから ずーっと
拝見しておりましたが
アナタ まだ一度もトーテム勇者像に
手を合わせておられませぬな!
トーテム勇者様は
ドレース王国の守り神!
良きことも悪しきことも
全て受け止め記憶してくれましょうぞ!";"I've been watching you, you know.


I know you haven't given thanks to
the Totem Hero statue yet, not once!

The heroes are protectors of our fair
Hytopia, their statue keeping a record
of all we do, be it good or ill.";"Je vous observe depuis tout à
l'heure et...

Pas une seule fois vous n'avez rendu
grâce à la statue des héros totem !

Les héros totem protègent le royaume
et leur statue conserve la trace de nos
actions, bonnes ou mauvaises.";
"どこへ行かれるのですかな?
さあ 一緒に祈りましょうぞ!
我々の過去を!
未来の為に!!";"Where do you think you're going?
Come, let us give thanks together!

Let us learn from the past!
To build a better future!";"Où pensez-vous aller comme ça ?
Venez, rendons grâce ensemble.

Le souvenir du passé nous éclairera
dans notre marche vers l'avenir !";
"魔女はシャレ人を狙うといいますぞ

さすがのそれがしも呪いが怖くて
オシャレ半分というわけですぞ";"They say the witch is going after
fashionable people.

Obviously, I'm afraid! So I've decided
to cut my fashionableness in half.";"On dit que la sorcière en a après
ceux qui se soucient de la mode.

Moi, forcément, je crains le pire ! J'ai
donc coupé mes soucis vestimentaires
en deux. On n'est jamais trop prudent.";
"マダムは大のネコ好きで
ネコ殿を5匹も飼われているそうなのですぞ!
しかし いつ行っても
4匹しかいないのです…
これぞ マダムテーラー七不思議!!

…あと6つは
これから一緒に考えましょうぞ!";"Madame is a big cat person! I've heard
she's keeping five of them. But each
time I go visit, I only see four...
It is a riddle!
Wrapped in a mystery!
Inside an enigma!
... Well. Finding further synonyms
is left as an exercise for the reader.";"Madame adore les chats. Il paraît
même qu'elle en a cinq. Mais je n'en
ai jamais vu plus de quatre chez elle...
Cette histoire de chat manquant est un
des sept mystères de Madame.

Pour ce qui est des six autres,
nous verrons plus tard !";
"なぜだか
ネコ殿が なついてくれませぬぞ!
時には近づくだけで
威嚇される始末…
動物っぽい服でも着ていけば
ネコの気持ちがわかるのでは?…
なんてファンタジーなことまで
考えてしまっている日々なのですぞ!";"I do not understand why, but I cannot
seem to make friends with any cats!

Sometimes I get close to one,
just to have it bolt in fright...

Would dressing as an animal make it
easier to grasp an animal's heart...?

Oh, my poor beard is grasping
at straws. I mustn't give in to this
delusion!";"Je ne sais pas pourquoi, mais les chats
ne sont pas sensibles à mon charme.

Parfois, il suffit que je m'approche
pour provoquer chez eux des crises
de panique terribles.
Peut-être qu'une tenue plus féline
m'aiderait à saisir les vicissitudes
de leur âme de chat ?
Oups ! Pardon ! J'ai laissé ma barbe
se perdre en conjectures farfelues !";
"セミの抜け殻が大量についている木を
見つけましたぞ!
今日はきっと
良きことが沢山ありますぞ!";"I found a tree covered with
cast-off cicada shells!
Today is bound to be a good day!";"J'ai trouvé un arbre couvert
de mues de cigales !
La journée s'annonce fort bonne !";
"お城にいる教育係殿は
若かりし時はライター志望で
ペン一本で色々な世界を
描くのが夢だったそうですぞ!
今でも日々 目にしたことを
書き記しているとか…
夢は叶えるよりも 追いかけるぐらいの方が
幸せなのかもしれませんな";"I have it on good authority that the
castle tutor once dreamed of
becoming a writer!
To paint stunning vistas of faraway
worlds with but a few strokes of the
pen - that was the dream!
The tutor saw many things, and is
to this day writing them all down...

Perhaps the key to happiness lies
not in achieving your dreams, but
in pursuing them.";"Vous avez déjà rencontré le tuteur
du château ? Il paraît que dans sa
jeunesse, il rêvait de devenir écrivain.
D'une plume et d'une seule, dépeindre
toutes sortes de mondes, telle était
son ambition.
Maintenant encore, il couche sur
papier tous ses souvenirs...

Finalement, plutôt que de réaliser ses
rêves, peut-être vaut-il mieux ne
jamais s'arrêter de les poursuivre...";
"     　　ビッグニュースですぞ!";"
                 Great news!";"
            Bonne nouvelle !";
"ついに我がドレース王国にも
話題の あのお店がオープンしましたぞ!!";"The shops that everyone talks about
are now open in our lovely Kingdom
of Hytopia, too!";"Ça y est, les enseignes dont tout le
monde parle ont ouvert boutique
dans le royaume d'Estoffe !";
"おや?
おやおやおやおや??";"Oh? My!
Oh my, oh my, oh my, oh my!";"Oufti !
Oufti, oufti, oufti !";
"トーテム勇者様は ドレース王国で
語り継がれている 伝説の勇者様達
王国に災いふりかかる時
3人の勇者様が この国を救う…と
この像は その勇者様達が
くんずほぐれつ協力している姿を表した
ある意味 愛のモニュメントなのですぞ!

しかもこの像にお祈りし
良きこと悪しきこと 全てをご報告することで
いざという時に 皆を守って下さる
という言い伝えもあるのですぞ!
それを我々は セーブとよび
日々 祈りをささげているのですぞ!";"The Totem Heroes are the subject of
a legend that has been passed down
through the ages in our land.
When danger looms over the
Kingdom of Hytopia, the three heroes
will appear, and save it... So it goes.
This statue here depicts them in the
midst of their struggle, showing them
working together to a common end.
It is very nearly a monument to love!


We traditionally stop by the statue
each day to tell it about our deeds,
good and ill...
...and give thanks to the heroes, in
the hope that they will remember and
protect us at all times.
We call it saving. Make sure to do it
as often as you can!";"Les héros totem sont l'objet d'une
légende qui se transmet de génération
en génération dans le pays.
Ils seraient apparus aux heures les
plus sombres de notre histoire,
apportant salut et lumière au royaume.
Cette statue les représente en pleine
lutte, unis dans l'adversité, concentrés
sur leur entreprise salvatrice.
Il s'agit, en quelque sorte, et de
toute évidence, cela va sans dire,
d'un monument d'amour !
Les gens d'ici s'arrêtent à son pied
pour rendre grâce et confier leurs
actions, bonnes ou mauvaises.
Tous espèrent que les héros seront là
pour veiller sur le royaume aux heures
obscures.
On appelle cela sauvegarder.
Pliez-vous à la coutume, vous verrez,
c'est réconfortant !";
"ハイカラな服でありますな
しかし… それがしはもっとこう…
半分な方がそそられますな…";"That's certainly a smart set of
clothes, my boy... This humble beard,
however, it prefers... How shall I say...
It finds half-measures and contrasts
positively irresistible.

Well, to each their own, eh?";"Oui, oui. Cette tenue dispense,
j'en conviens aisément, un
charme certain.
Toutefois, en ce qui me concerne,
c'est dans la demi-mesure que je
trouve la plus parfaite des plénitudes.
Mais chacun vogue comme
il l'entend !";
"おや?
おやおや やはりソコが気になりますかな
トーテム勇者様は ドレース王国で
語り継がれている 伝説の勇者様達
ドレース王国に災いふりかかる時
3人の勇者様が この国を救う…と
この像は その勇者様達が
くんずほぐれつ協力している姿を表した
ある意味 愛のモニュメントなのですぞっ!

ふむ… それにしても
見れば見るほど 勇者様に似ていますなぁ";"The Totem Heroes are the subject of
a legend that has been passed down
through the ages in our land.
When danger looms over the
Kingdom of Hytopia, the three heroes
will appear, and save it... So it goes.
This statue here depicts them in the
midst of their struggle, showing them
working together to a common end.
It is very nearly a monument to love!


Hm. The more I look at you, the more
I think you resemble them... ";"Les héros totem sont l'objet d'une
légende qui se transmet de génération
en génération dans le pays.
Ils seraient apparus aux heures les
plus sombres de notre histoire,
apportant salut et lumière au royaume.
Cette statue les représente en pleine
lutte, unis dans l'adversité, concentrés
sur leur entreprise salvatrice.
Il s'agit, en quelque sorte, et de
toute évidence, cela va sans dire,
d'un monument d'amour !
Hm... Décidément, plus je vous
regarde, plus je trouve que vous
leur ressemblez...";
"魔女はシャレ人を狙うといいますぞ!

アナタは… ふむぅ…
大丈夫のようですな
さすがのそれがしも 呪いが怖くて
オシャレ半分 というわけですぞ!";"They say the witch is going after
fashionable people! You... Hm...
I think you should be okay.
But obviously, I'm afraid! So I have
decided to cut my fashionableness
in half.";"On dit que la sorcière en a après ceux
qui se soucient de la mode ! Vous...
Hm... Vous n'avez pas à vous en faire.
Moi, forcément, je crains le pire ! J'ai
donc coupé mes soucis vestimentaires
en deux. On n'est jamais trop prudent.";
"して勇者風のアナタ
このビアードに 何かご用ですかな?";"So now. Does your heroish self have
business with this humble beard?";"Dites-moi tout, héroïque ami.
De quoi voulez-vous que cette
touffue barbe vous parle ?";
"トーテム勇者って?";"Totem Heroes?";"Des héros totem !";
"街のこと";"About this town";"De la ville !";
"マダムテーラーって?";"Madame Couture?";"De Madame !";
"用はない";"Never mind";"De rien...";
"我が国の姫君 フリル姫は
誰よりも 美しくオシャレな存在でありましたが
魔境に住む魔女の呪いにかかってしまい
あんなお姿に…
それ以来 街人も呪いを恐れ
オシャレをガマンする日々を送っているのです
それがしも オシャレ半分で
ガマンの日々なのですぞ!";"The princess of our kingdom, Styla,
used to be the fairest, most stylish
creature in all the land.
But the witch from the Drablands
cursed her, and now she's...
Oh, I cannot even think about it.
Ever since then, all the townspeople
live in fear of the curse, and try to
refrain from being too fashionable.
I am also exercising restraint!
That is why I am only half as stylish
as I could be otherwise!";"La princesse Mousseline, fille unique
de notre bon roi, était la plus élégante,
la plus charmante créature du pays.
Mais la sorcière des contrées maudites
l'a ensorcelée. Maintenant, elle est...
Oh, je préfère ne pas y penser...
Depuis lors, les habitants du royaume,
par crainte du sortilège, s'efforcent de
ne faire montre d'aucune élégance... 
Je fais moi-même preuve de retenue...
Habituellement, je suis beaucoup plus
chic. Deux fois plus, pour être exact.";
"おや? おやおやおやおや?
まだお若いのに マダム目当てですかな?
マダムのお店ならあちらですぞ!";"Oh? My oh my oh my!
You are so young! And yet you
seek Madame?
Well then. Her shop is over there!";"Oufti ! Oufti, oufti !
Si jeune, et déjà intéressé par le
génie vestimentaire de Madame ?
Ma foi. Sa boutique est juste là !";
"マダムテーラーは王室も御用達の一流店
実はそれがしの服も マダム製なのですぞ!";"Madame Couture's shop is second
to none! She is even outfitter to the
royal family!
And of course, my clothes are similarly
Madame-made.";"Madame la couturière, la fine fleur de
la crème du gratin des ateliers de
couture.
Toute la famille royale s'y habille !


Cela va sans dire... mes vêtements
aussi sont made in Madame. Enfin,
ce qu'il en reste, en tout cas.";
"呪いが怖くて　オシャレも半分
しかし ちっとも寒くないですぞ!";"I just feared the curse, so I had to
tone it down. But don't worry, I'm
not cold at all!";"Par crainte du sortilège, j'ai décidé de
n'être élégant qu'à moitié. Mais non,
je n'ai pas du tout froid !";
"伝説のとおり 勇者様がきっと
現れると信じているのですぞ!";"I trust in the legend! I just know that
the heroes will appear and save us!";"Comme dans la légende, des héros
vont apparaître et nous sauver.
J'en suis sûr !";
"毎日たからばこ屋は この国一番の
アミューズメントスポットなることでしょうぞ";"Daily Riches is the number one
entertainment spot in the kingdom!";"Le Magotidien est le principal lieu
de divertissement du royaume !";
"ミーバース写真館は 世界中の人々が集う
社交場になることでしょうぞ!";"... While the Miiverse Gallery is set
to become a gathering place for
people from all over the world!";"La galerie Miiverse est un lieu de
socialisation où des gens du monde
entier se retrouvent pour discuter !";
"おや!
おやおやおやおや!
トーテム勇者風の青年よ!
なんだか久しいですな!!
以前よりも勇者風味が
増されたのではないですかな?
いやいや それよりも";"Oh! Oh my!
Oh my, oh my, oh my!

You there, Totem Hero-lookalike boy!
Do you feel the weight of history
bearing down on you?
You seem more and more heroic
with each passing minute, wouldn't
you agree?
Oh, well, oh, but more importantly!";"Oufti !
Oufti, oufti, oufti !

Jeune ami aux allures de héros totem !
Cela faisait longtemps !

Vous m'avez l'air plus vaillant, plus
fier, ma foi... plus héroïque qu'avant.
Non ?
Mais trêve de bavardage !";
"これで日々の暮らしが豊かになりますな";"Between all that heroism, and these
two prime locations, I bet you'll be
getting real busy, what!";"Entre votre quête et toutes ces
boutiques à découvrir, vous allez être
un héros bien occupé, pas de doute !";
"先ほどのセレモニーは
とてもご立派でありましたぞ!
姫の笑顔も 街人の笑顔も
すっかり元通りですぞ!!
もう呪いを恐れる日々は終わったのですぞ!
グッバイ 呪い!";"That was a grand old ceremony,
was it not?

The princess was smiling,
the townspeople were smiling...
It was just like old times!
Our days of living in fear of the curse
are now over! Au revoir, curse!";"Oufti, quelle splendide, superbe,
merveilleuse cérémonie !

La princesse et les gens du royaume
rayonnaient ! Moi-même, j'ai fait mon
plus élégant sourire, comme autrefois !
Finie la peur du sortilège ! C'est du
passé tout ça ! Bye bye sortilège !";
"まだ半分だね";"Still half though?";"Et l'autre moitié ?";
"よかったね";"It was nice";"C'était chic !";
"おやおやおやおや!
良いところに 気がつかれましたな!
いやはや 最初は呪いが怖くて
オシャレを半分にしておりましたが
愛着がわいたといいますか…

人の視線が心地よいといいますか…

ともかく これはこれで
アリじゃないかと思いましてな
それがし このファッションで
人生を貫くことにいたしましたのですぞ!";"Oh, my, well, my, um...
Well spotted, my boy!

As I said, at first I was simply afraid of
falling under the curse, so I halved my
fashionableness, but...
I...actually grew to like this style.
It lets me stand out, you know?
I might make this my signature look.
I feel like this crisis really let me
look under the surface of life, and
see what is really important.";"Oufti !
Vous avez remarqué ! Vous avez l'œil,
décidément.
Comme je vous l'ai déjà expliqué, par
crainte du sortilège j'avais décidé de
n'être élégant qu'à moitié. Mais...
La demi-mesure est à ma taille, si
j'ose dire. Ces regards posés sur
moi... J'y ai pris goût.
Finalement... Il n'y a pas plus belle
pelisse que cette seyante peau lisse
que je ne cache plus !";
"あっ!!";"
                 ... Oh!";"
                  ... Oh !";
"           セレモニーと言えば!!";"
   Speaking of the ceremony!";"
   À propos de la cérémonie !";
"先ほどのセレモニーの一部始終は
写真館の主が映像におさめ
姫にプレゼントされたらしいですぞ!

セレモニーを ご覧になりたいのであれば
姫に相談されると よいかもしれませんな!";"I saw the Photo Bro filming the whole
affair. I think he was going to present
the tape to the princess!
If you would like to witness the
ceremony again, you would do well
to speak with the princess, my boy!";"J'ai vu que Vévé filmait les festivités
tout à l'heure. Il me semble bien qu'il
a offert le film à la princesse !
Si vous voulez revoir la cérémonie,
ma foi, adressez-vous à la princesse !";
"それにしても これ以上にないくらい
立派なお祈りでしたぞ!";"Oh, but what wonderful thanks
those were, my boy!";"Vous rendez grâce de la plus agréable
des façons, mon jeune ami !";
"おおっ これ以上ないくらい
ご立派なお祈りでしたぞ!";"O-ho! What splendid thanks!
I have never seen anyone
do better!";"Superbe ! Vous avez rendu grâce
avec... une telle grâce !
C'était merveilleux !";
"さぁ トーテム勇者像に
手を合わせるのですぞ!!
トーテム勇者様は
ドレース王国の守り神!
良きことも悪しきことも
全て受け止め 記憶してくれましょうぞ!";"Well now, put your hands together
for the Totem Hero statue, and
give thanks!
The Totem Heroes are our protectors!
You can entrust to them the memories
of all you do, be it good or ill!";"Bien, maintenant joignez vos mains
sous la statue des héros totem, et
rendez grâce !
Les héros totem protègent le royaume
et leur statue conserve la trace de nos
actions, bonnes ou mauvaises.";
"ねぇ ねぇ しってる?

ココにね 『ろてんしょう』が
くるんだよ!
サッちゃん
いちばんのりなんだー!";"Hey! Hey, didja know?


A stweet mewchant is gonna be comin'
to town! And he's gonna be settin' up
wight hewe!
Teeheehee! Mimi's knows what's up!";"Eh ! Eh ! Tu sais quoi ?


Y aura bientôt un vendeur de rue
en ville ! Il va s'installer juste ici !
Trop la classe, non ?
Hihihi, pour les dernières infos,
tu peux compter sur Mimi !";
"ねぇ ねぇ 『ろてんしょう』ってなに?
ねぇ なに? ねぇ なになに?";"Hey, what's a "stweet mewchant"?
Hey, tell me? Tell me, tell me!";"Eh ! Eh ! Dis, c'est quoi un
« vendeur de rue » ? C'est quoi ?
Dis-moi ! Steuplé ! Allez, dis-le, quoi !";
"あっ ゆうしゃサマ!

サッちゃんね とうとう みつけたんだ
あおいトリさん!
そしたらヒメさまの のろいも
とけたんだよ! スゴイでしょ!!";"A, Mista Hewo!


Mimi finawwy found one!
A bwue biwdie!

And then and then and then...
The princess's cuwse was gone!
Isn't Mimi amazing?";"Oh ! M'sieur héros !


J'en ai trouvé un ! Enfin !
Un oiseau bleu !

Et alors, et alors le... le sortoli...
sortalo... le sortilège de la princesse,
hop, envolé ! Je suis trop forte, hein !";
"ねぇ ねぇ 『のろい』ってなに?
ねぇ なに? ねぇ なになに?";"Hey! Hey, what's a "cuwse"?
Hey, tell me? Tell me, tell me!";"Eh ! Eh ! C'est quoi un sortali...
sortolè... un « sortilège » ?
C'est quoi ? Allez, dis-moi, steuplé !";
"ねぇ ねぇ 『サムシングブルー』ってなに?
ねぇ なに? ねぇ なになに?";"Hey! Hey, what's a "sumfing bwue"?
Hey, tell me? Tell me, tell me!";"Eh ! Eh ! Ça veut dire quoi « fleur
bleue » ? Tu peux me le dire,
steuplé ? Allez ! Dis-le moi, quoi !";
"サッちゃん もう あおいトリさんは
そつぎょう したの
つぎはね サムシングブルーを みにつけて
サッちゃん しあわせになるの";"Now that Mimi's found a bwue biwdie,
Mimi can move on wif hew wife!

Mimi's gonna go find hersewf a
sumfing bwue, and wive happiwy
ever after!";"C'est terminé, je cours plus après les
oiseaux bleus, fini tout ça !

Maintenant je vais trouver une
petite fleur bleue, une qui me rendra
heureuse jusqu'au bout de la vie !";
"ゆうしゃサマは サッちゃんの
サムシングブルーだね";"Mista Hewo! You'll be Mimi's
sumfing bwue, won'tchu?";"M'sieur héros, tu es ma
petite fleur bleue, hein ?";
"…ありがとう
ずっといっしょにいてね!";"... Thank you!
Wet's awways be togevver!";"... Je le savais ! Tu seras
toujours avec moi ! Yahou !";
"あおいトリさんの しゃしんを
みんなにみせると イイことあるんだって!";"Mimi heard that if you show a photo
of a bwue biwdie to evewyone,
good things gonna happen!";"Tu sais quoi ? Il se passera quelque
chose de génial si tu montres la photo
d'un oiseau bleu à tout le monde !";
"サッちゃんしってるよ!
ほーむぼたん をおすんだよ!
ほーむぼたんをおすと いまみているがめんを
ミーバースに とうこうできるんでしょ";"Mimi knows what's up! You gotta
pwess the HOME Button!

Den once you've pwessed it, you go
to Miiverse, and post what's on your
scween! Cwever, no?";"Je sais ! Je sais ce que tu dois faire !
Tu dois appuyer sur le bouton HOME !

Et après avoir appuyé, tu vas sur
Miiverse pour publier ce que tu vois
sur l'écran ! Puisque je te le dis !";
"ねぇ 『ほーむぼたん』ってなに?
ねぇ なに? ねぇ なになに?";"Hey, what's a "HOME Button"?
Hey, tell me? Tell me, tell me!";"Eh ! Eh ! C'est quoi un « bouton
HOME » ? Tu me le dis ?
Tu me le dis, steuplé ? Allez !";
"ねえねえ?
「まきょうめぐり」ってしってる?
おともだちから まわってきたんだ
6かんしかないんだけど ききたい?";"Hey! Hey, d'you know "Diawy fwom
the Dwabwands"? A fwiend lent it to
Mimi!
Mimi's only got numba six, but...
D'you wanna wisten anyways?";"Eh ! Eh ! Tu connais « Périple en
contrées maudites » ? Un copain
d'une copine me l'a prêté !
Je n'ai que le numéro 6, mais...
si tu veux je te le lis ! Dis, tu veux ?";
"読みたい";"Let's read together!";"Je veux !";
"興味ない";"Not interested";"Non, merci...";
"じゃあ サッちゃんが
よんであげるね
　　　　　『まきょうめぐり-6-』

－25どのさむぞらのした
キャンプをしたことがある
あのときも しぬかとおもったが
ここはさらにヤバい
すべてのモノが こおりつき
うごいているモノは マモノだけだ
しかしそんなセカイでボクは
かわいらしい めがみさまとであった
このいてついたセカイで ゆいいつ
こころあたたまった しゅんかんであった";"Okay den, Mimi wiww wead for you!


"Diawy fwom the Dwabwands, Vol. 6"


I had camped under the staws befowe,
in sub-zero tempewatuwes, while the
winds howled wuwwabies...
I had known cowd that made human
eyes fweeze, but this pwace was
mowe tewwible yet.
Every inch of the wandscape was iced
ovew, and evewy wiving cweature
was a monstew.
Oh, but it was in that fwigid
wastewand that I waid eyes on a
beautifuw goddess!
Oh, it was the onwy moment of
wawmth my souw, mind and body
would know for months to come...";"OK, je te le lis alors ! Écoute bien !


  « Péripleencon tréesmaudites »
	　　Tomeuh 6

J'aidé jàcam... pépar moins 25 degrés.
Lesouf flegla cé de la mor jeco... nais.
Seu le ment... icic'est bien... pire.
Tou... test pé... tri... fi... é... parle...
froid. Tout sau flescréa tures mal fai..
santes qui han... tent les lieux...
Mais dans cemon... dede glace et de
déso lationj'ai ren contréune dé... esse
dontla grâ... cem'a ré... chau félecœur.";
"ねえ 『ヤバい』 ってなに?
ねぇ なに? ねぇ なになに?";"Hey, what's a "wastewand"?
Hey, tell me? Tell me, tell me!";"Eh, c'est quoi un « pire » ? Hein ?
Tu peux me le dire ? Steuplé !";
"え～ いま すごくわだいのほんなのに
きょうみないの?
ねぇ なんで? なんで きょうみないの?
ねぇ なんで なんで?";"Aww, but evewyone is talking about it!
And you can't be bothered?

Hey, why is that? Why can't you
be bothered? Why? Hey, why? Why?";"Ah bon ? Mais tout le monde en
parle ! Et toi tu dis non merci,
comme ça... ?
Eh ! Eh ! Pourquoi ça t'intéresse pas ?
Eh, dis-moi, allez quoi ! Steuplé !";
"ねぇねぇ このおにんぎょうさんしってる?
まねビトっていうんだよ
あるじゅもんをとなえると
うごきだすんだって";"Hey! Hey, didja see this doll?
Round hewe we call 'em doppels!

If you knew the wight conjuwation,
you could make it move!";"Eh ! Eh ! T'as vu cette poupée ?
C'est un pantin, en fait ! Tu savais ?

Et même que si tu connais l'incanta...
l'intancation, tu peux le faire bouger.
C'est vrai ! Puisque je te le dis !";
"ねえ 『じゅもん』 ってなに?
ねぇ なに? ねぇ なになに?";"Hey, what's a "conjuwation"?
Hey, tell me? Tell me, tell me!";"Eh ! Eh ! C'est quoi une incanta...
« intancation » ? Tu sais pas ? Mais si
tu sais ! Allez, dis-le moi, steuplé !";
"あおいトリさん いないなぁ…
ねぇ なんで? なんでいないの?
あおいトリさんを みんなにみせて
サッちゃん しあわせになるの!";"I can't find a bwue biwdie anywhere...
Hey, why's that? Where did it go?

Mimi wants to show a bwue birdie
to evewyone and wive in bwiss
foweva!";"Je trouve pas d'oiseau bleu...
Y en a nulle part... Ils sont partis
où les oiseaux bleus ?
Moi je veux montrer un oiseau bleu
à tout le monde et être heureuse
jusqu'au bout de la vie !";
"ねえ 『しあわせ』 ってなに?
ねぇ なに? ねぇ なになに?";"Hey, what's a "bwiss"?
Hey, tell me? Tell me, tell me!";"Eh ! C'est quoi « heureuse » ?
Ça veut dire quoi ? Tu veux pas
me le dire ? Allez, steuplé !";
"ねぇねぇ? 
あおいトリさん みたことある?";"Hey! Hey, didja see a bwue biwdie
anywhere?";"Eh ! Eh ! T'as pas vu un oiseau bleu ?";
"あっ ちょうどこんな
おようふくのいろのコトリさん";"Mimi's wooking for a biwdie dat's
bwue, just wike dese cwoves!";"Eh ! Eh ! T'as pas vu un oiseau bleu ?


Un oiseau bleu, de la même couleur
que tes habits !";
"…あおいけどちがう
コトリさんじゃない…";"Weww...you're bwue, but...
you'we not a biwdie!
So you don't count!";"... Toi t'es bleu, mais... t'es pas un
oiseau ! Alors ça compte pas !";
"オイラは15枚も
トモダチの証をもってるっちょ!";"I've got 15 Friendly Tokens!";"Moi j'ai 15 preuves d'amitié !";
"トモダチの証も持っていないお前を
勇者とは認めないっちょ!";"You haven't got any Friendly Tokens?
Ahahaha! You're no hero, then!";"Toi t'es pas un héros, t'as même
pas de preuves d'amitié !";
"オイラのドコがいけないんだよー!
トモダチの証だって沢山持ってるんだっちょ!
人気者のオイラが入れないなんて
おかしいっちょ―!!";"Whyyyy? I don't understand!
I've got loads of Friendly Tokens!
I'm so popular, they have to let me in!";"Mais c'est pas juste ! J'ai tout un tas
de preuves d'amitié pourtant ! Vous
êtes obligé de me laisser entrer !";
"ちょっ!
なんでソイツは入れるっちょ!";"Wha-?
How come HE gets to go in?!";"Quoi ??? Pourquoi lui il a le droit
d'entrer ?";
"何で中にいれてくれないんだよー!
オイラも討伐隊に入りたいっちょ!";"Why won't you let me in!
I wanna be in the Witch-Hunting
Brigade too!";"Pourquoi vous ne me laissez pas
entrer ??? Moi aussi je veux rejoindre
le corps expéditionnaire anti-sorcière !";
"そこのニセ勇者!
ちょっと待つっちょ!";"Hey, you phoney!
Hey, hero-wannabe! Wait up!";"Hé, héros de pacotille !
Attends un peu !";
"オイラの持ってる
トモダチの証は15枚!
オイラのトモダチの証がなくなったら
お前の勝ちだっちょ!
もちろんこの勝負
受けてたつっちょ? ";"I have 15 Friendly Tokens!
You hear that?
If I lose all of them, you win.
You'll accept my challenge, won't ya?";"J'ai 15 preuves d'amitié ! OK ?
Si je les perds toutes, tu gagnes. OK ?
Alors, prêt à relever le défi ?";
"別にいいけど?";"Sure, whatever";"Pourquoi pas...";
"いや いいわ";"I'll pass";"Non, merci...";
"なんだっちょ!
その充実した顔は!
討伐隊にも入れて
一緒に旅立ってくれるトモダチもいるなんて…";"What's up with that smug look!


You got to join the Witch-Hunting
Brigade, and on top of that you have
friends to go on adventures with...";"C'est quoi cet air suffisant ?


T'as rejoint le corps expéditionnaire,
et en plus t'as des amis pour partir à
l'aventure... N'en rajoute pas !";
"な なんだっちょ!
その上から目線は!!
オイラだってもうすぐ討伐隊に入るんだ!
討伐隊にさえ入れば こっちのもんだっちょ!
トモダチと協力して お前なんかすぐに
追い抜いてやるんだっちょ!!
絶対お前になんか負けないっちょ!";"Don't look at me like that!
You think you're better than me?!

I'm gonna join the Witch-Hunting
Brigade and then I'll show you!
You just wait!
I'll play with my friends and overtake
you in no time!";"Ne me regarde pas de haut
comme ça !

Moi aussi, je vais bientôt rejoindre le
corps expéditionnaire, et alors tu feras
moins le malin ! Tu verras !
Avec mes amis, on te dépassera
en moins de deux !";
"なんだっちょ!
その余裕な感じは!!
オイラだってもうすぐ討伐隊に入るんだ!
討伐隊にさえ入れば こっちのもんだっちょ!
トモダチと協力して お前なんかすぐに
追い抜いてやるんだっちょ!!
その前に お前が勇者としてふさわしいか
オイラがみてやるっちょ!
ありがたく思うんだっちょ!";"What?
You're too good for me, are ya? 

I'm gonna join the Witch-Hunting
Brigade and then I'll show you!
You just wait!
I'll play with my friends and overtake
you in no time!

We'll see if you've actually got what it
takes to be called a hero! And I'll be
doing the seeing! You'll thank me yet!";"Quoi ???
C'est quoi ce petit regard satisfait ?

Je vais bientôt rejoindre le corps
expéditionnaire, et alors tu feras
moins le malin ! Tu verras !
Avec mes amis, on te dépassera
en moins de deux !

Je vais te le dire, moi, si tu mérites
vraiment qu'on t'appelle héros...
Et tu me remercieras !";
"トモダチのいない勇者なんて
オイラは認めないっちょ!";"A hero without any friends?
Bah, that's not a hero at all!";"Un héros sans amis ? C'est de la
rigolade. Du grand n'importe quoi !";
"コレはさっき[InsertMark]さんと
遊んだ分だっちょ";"This is for playing with [InsertMark].";"Ça, c'est parce que tout à l'heure
tu as joué avec [InsertMark].";
"これでお前にやったトモダチの証は
全部で[Number of Sheet]だぞ!";"I've given you [Number of Sheet]
so far!";"Jusqu'à présent, je t'ai donné
[Number of Sheet].";
"まあせいぜい頑張るだっちょ
とりあえず…";"Well, good luck, I guess.
Anyway...";"Bon, eh ben... Bonne chance quand
même. Pour commencer...";
"　　　　　　  ズルいっチョ!";"
                     No fair!";"
             C'est pas juste !";
"でも お前はまだトモダチの証は
持っていないみたいだな!
トモダチの証も持ってないヤツ
勇者としてオイラはみとめないっちょ!";"You haven't even got any Friendly
Tokens yet! If you haven't got any
Friendly Tokens, you're no hero!";"Tu n'as encore aucune preuve
d'amitié ! Si tu n'as pas de preuves
d'amitié, tu n'es pas un héros !";
"お前 オイラと勝負するっちょ!

お前が新しいトモダチとローカル通信や
ダウンロードプレイで遊ぶたびに
オイラのトモダチの証をやるっちょ!";"I challenge you to a contest!


Every time you play with a new friend
using Local Play or Download Play,
you'll get one of my Friendly Tokens!";"Je te lance un défi !


À chaque fois que tu joueras avec
un nouvel ami en multijoueur local
ou en mode téléchargement...
... je te donnerai une preuve d'amitié !";
"　　　　　　 そうだっちょ!!";"
                 That's right!";"
             Exactement !";
"その充実した顔!
またトモダチと遊んできたっちょね?";"I know that smug look!
You just played with friends again!";"Je connais ce petit regard suffisant...
Tu viens de t'amuser avec tes amis,
c'est ça ?";
"ぐぬぬ…
なんか お前 むかつくっちょ…
でも勝負は最後までわからないっちょ
とりあえず コレ…";"Don't like you. Don't like you at all!


Don't you get all cocky though!
Our little contest is far from over!
Anyway, here ya go...";"Tu m'énerves... Tu m'énerves !


Mais ne sois pas si sûr de toi ! On
peut pas savoir qui va gagner avant
la fin. Et puis, tiens, voilà.";
"お前にやったトモダチの証は
まだ[Number of Sheet]だっちょ!";"I've still only given you
[Number of Sheet].";"Eh, oh, je ne t'ai donné que...
[Number of Sheet] !";
"まだまだ オイラの方が
トモダチは多いみたいだっちょね";"Looks like I'm still way more popular
than you! Ha!";"J'ai encore beaucoup plus d'amis
que toi ! Hahaha !";
"お前にやったトモダチの証は
[Number of Sheet]だぞ!";"I've given you [Number of Sheet]
so far...";"Jusqu'à présent, je t'ai donné
[Number of Sheet].";
"勇者ならこのぐらいのトモダチの数は
あたりまえだっちょ!";"Hmph. That's the bare minimum I'd
expect from a hero, to be honest!";"Pour un soi-disant « héros », c'est
quand même le minimum !";
"お前にやったトモダチの証は
[Number of Sheet]だぞ!";"I've given you [Number of Sheet].";"Je t'ai donné
[Number of Sheet].";
"…い 意外と集めたっちょね
でもオイラは超えられないっちょ!";"That's...all right, I guess?
Still no match for me though!";"Pas si mal... mais t'es encore loin
derrière moi !";
"ってか超えられるわけないっちょー! ";"There's no way you'll catch up!";"Tu ne me rattraperas jamais !";
"お前にやったトモダチの証は
[Number of Sheet]だっちょ!";"I've given you [Number of Sheet].";"Je t'ai donné
[Number of Sheet].";
"ま…まあまあ集めたっちょね…
でも所詮 お前は まあまあ止まりだっちょ!";"That's...so-so.
And you'll always be "so-so" at best!";"C'est... plutôt pas mal. Mais, héhé...
ça m'étonnerait que tu puisses faire
mieux que ça !";
"ううっ オイラのトモダチの証が
1つ残らずなくなったっちょ…";"Urgh...
I have no more Friendly Tokens left...";"Arghhh... Il ne me reste plus aucune
preuve d'amitié...";
"でも…
オイラ気が付いたっちょ
証なんかがなくても
トモダチはずっとトモダチだって…
勝負はオイラの完敗だったけど
オイラ…ちょっと大人になれた気がするっちょ!
お前のおかげだっちょ!!

いや…もうお前じゃないっちょね
今日からは…";"But you know what, it's fine!
It's a bit shallow to prove your
friendships with tokens, to be honest.
I'm over that. I'm more mature now.
Thanks...I guess.
Maybe you aren't too bad after all.
From today, let me call you...";"Mais tu sais quoi ? Je m'en
contrefiche ! De toute façon, cette
histoire de « preuve », franchement... 
Un ami, c'est un ami. OK, j'ai perdu...
Mais je suis bien au-dessus de ça
maintenant !
Et c'est un peu grâce à toi alors...
Merci ! Allez, héros de pacotille,
à partir d'aujourd'hui, tu es...";
"   アニキとよばせてくれっちょ!!!";"
                       Mate!";"
               ... mon pote !";
"トモダチの証が無くても
アニキとオイラは マブダチですっちょ!";"Even without a Friendly Token,
you and I are m... M-m-m...
M-m-mates! There, I said it!";"Yep, même sans preuve d'amitié,
toi et moi, on est potes !";
"　　　　　　   　　あっ!";"
                       Wow!";"
                    Ouah !";
"　　 ちょっ! アニキ!! その服!!!";"
     Hey, matey! That outfit!";"
   Eh, poteau ! Cette tenue !";
"8bit Boy!!
オイラ初めて見たっちょ!
そのカクカクした所…";"Isn't that the Timeless Tunic?
It's my first time seeing it!
That geometric look...";"La rétro-tunique ?
C'est la première fois que je la vois !
C'est ça qu'on appelle le cubisme ?";
"　　 男を感じるちょっ! アニキ!!";"
              So retro, mate!";"
         La classe, mon pote !";
"そ その服は…
リアルで充実している人しか着れないという…";"That outfit...
It's the dog's knees, mate!";"Cette tenue... Il faut avoir des amis
pour la porter en vrai...";
"　     　 　おそろいルック!!!!";"
                The Tri Suit!";"
           Le brelan d'amitié !";
"うわ～ すげーっちょ!
それ本物だっちょ?!";"Wow, is that really the real thing?
Hey, hey, can I touch it, mate?
Whoa! It's amazing!";"Ouaaah, c'est trop stylé...";
"オイラもそれを着て いつかアニキと
おそろいで魔境にいきたいっちょ!";"I hope one day I get to put one on
too, and go on a Drablands adventure
with you, mate!";"Un jour, j'aimerais porter cette tenue
et aller dans les contrées maudites
avec toi, mon pote.";
"アニキ!!!
今日も決まってますっちょ!!";"Hey, mate!
Looking sharp as always!";"Trop la classe, mon pote !
Comme toujours !";
"アニキ!!
今日も耳のトンガリがナイスですっちょ!!!";"Hey, mate!
Ears looking nice and pointy today!";"Eh, mon pote ! Ces oreilles, toujours
à la pointe de la mode, hein ! Haha !";
"アニキ!! 今日もモミアゲが
風になびいてカッコいいっちょ!";"Hey, mate!
Sideburns looking wicked, as always!";"Eh, mon pote ! Les rouflaquettes au
vent... Ça c'est la vraie classe !";
"アニキ!! 今日も寸分の狂いもない
カンペキな九一分けですっちょ!";"Hey, mate!
Perfectly parted hair, as always!";"Eh, mon pote ! Superbe raie sur
le côté, comme toujours !";
"お前にやったトモダチの証は
[Number of Sheet]…";"I've given you [Number of Sheet]...";"Je t'ai donné
[Number of Sheet].";
"オ オイラが必死で集めたトモダチの証が
こんなにも簡単に 半分もなくなるなんて…";"I can't believe I've already lost half
my Friendly Tokens to you...";"J'arrive pas à croire que tu as déjà
la moitié de mes preuves d'amitié...";
"お前にやったトモダチの証は
[Number of Sheet]…";"I've given you...[Number of Sheet]?";"Je t'ai donné
[Number of Sheet].";
"まさか…そんなはずないっちょ…
オイラのトモダチの証がこんなに減るなんて…";"No... It can't be... How could I have
lost so many Friendly Tokens...?";"Attends une minute... C'est pas
possible... ? Comment j'ai pu en
perdre autant ?";
"討伐隊にも入れて トモダチも多いリア充なんて
オイラは…オイラは許さないッちょー!";"There you are, part of the Witch-
Hunting Brigade and all, with so many
friends... You won't get away with it!!!";"Et toi, en plus d'être membre du corps
expéditionnaire... tu te pavanes avec
tes amis... Je peux pas accepter ça !";
"それは8bit Boy!
なんでお前がっ!!
オイラが買おうと思ってた服だっちょ!

ぐぬぬ…";"That's the Timeless Tunic!
How are YOU wearing it??
I was planning to get it!
Grrr...";"Eh, mais c'est la rétro-tunique !
Comment tu as mis la main dessus ?
C'est à moi qu'elle est destinée !
Grrrrr...";
"それはおそろいルック!
ずっと前から オイラが狙ってたっちょ!
それを着てトモダチと3人おそろいで
魔境に行くのが オイラの夢だったのに…";"That's the Tri Suit!
I was eyeing that from way back!

I always wanted to wear that together
with two other friends and go out to
the Drablands...";"Eh, mais c'est le brelan d'amitié !
Je le veux depuis toujours !

Je rêve de porter cette tenue, avec
deux amis, et de partir à l'aventure
dans les contrées maudites...";
"グスッ…";"*Sniffle*...";"Snif...";
"別に気にしないっちょ…";"No big deal...";"Pfff, je m'en contrefiche...";
"勝負はトモダチの証の数っちょ…";" I still have more Friendly Tokens...";"J'ai plus de preuves d'amitié que toi...";
"お前が新しいトモダチとローカル通信や
ダウンロードプレイで遊ぶたびに
オイラの持ってるトモダチの証をやるっちょ

トモダチの証があれば
マダムテーラーで服も作ってもらえるっちょ!!";"Every time you play with a new friend
using Local Play or Download Play,
I'll give you a Friendly Token!
With enough Friendly Tokens,
you can get special outfits made
at Madame Couture's!";"À chaque fois que tu joueras avec un
nouvel ami en multijoueur local ou en
mode téléchargement...
... je te donnerai une preuve d'amitié.
Elles te permettent de commander
des tenues chez Madame !";
"トモダチの証ってのはお前の
トモダチとの絆をあらわすものだぞ
新しいトモダチとローカル通信や
ダウンロードプレイで遊んで絆をむすぶっちょ";"Friendly Tokens symbolise
your bonds with your friends.

Play with new friends using Local
Play or Download Play to form bonds
with them!";"Les preuves d'amitié symbolisent les
liens que tu as tissés avec tes amis.

Joue avec de nouveaux amis en
multijoueur local ou en mode
téléchargement pour tisser des liens !";
"　　　　　　 　　しかも!";"
                        Plus!";"
                  En plus !";
"コレでしか作れない服もあるっちょ!!";"There are outfits that can only be
made with these!";"Certaines tenues ne peuvent pas être
fabriquées sans !";
"…まぁ　いいっちょ
勇者になる男は こんなことでめげないんだぞ…
とりあえず…約束のモノは
渡しておくっちょ";"Pfft...
If you think that kind of thing bothers
me, you're mistaken.
Anyway, here's what I promised.";"Pfff... Ces broutilles ont peu
d'importance pour quelqu'un
comme moi.
Tiens, comme promis.";
"…ぜ 全然気にしてないっちょ
勇者になる男は こんなこと気にしないっちょ…";"It doesn't bother me at all. A true
hero doesn't get bothered by things
like that...";"Je m'en fiche, tu sais. Je me
préoccupe de choses beaucoup
plus importantes.
Je suis... au-dessus de la mêlée. Voilà.";
"なんでお前はよくて
オイラは中に入れないんだよー!
お前なんてトモダチの証を1枚も
持ってないくせに!
トモダチのいない勇者なんて
オイラは認めないっちょ―!";"How can you get in and not me...
You don't have a single Friendly
Token! I refuse to accept!
A hero without friends is no real hero!";"Pourquoi toi tu peux entrer et pas
moi... ? Tu n'as pas une seule preuve
d'amitié ! Je peux pas accepter ça !
Un héros sans ami n'est pas un vrai
héros !";
"トモダチの証?";"Friendly Tokens?";"Preuve d'amitié ?";
"なんでもない";"Never mind";"Lâche-moi...";
"なんでお前はよくて
オイラは中に入れないんだよー!";"How can you get in and not me!";"Pourquoi toi tu peux entrer et
pas moi ?!";
"トモダチの証";"Friendly Tokens";"Preuves d'amitié";
"なんでもない";"Never mind";"Lâche-moi...";
"飛び交う弓矢をかいくぐり
荒ぶるトゲゴマ達を倒し
森の神殿の守護者 メダマーゴを
鎮まらせたと聞いておる
見事なものだ
この調子でたのんだぞ";"We are told you slipped past arrows
unscathed and slew many a rampaging
spiny spinner.
We also hear you placated the
Forest Temple's guardian, Margoma.

We are pleased. Carry on in this vein.";"On nous rapporte que faisant fi des
volées de flèches vous avez écrasé
les toupies aux funestes pics.
On nous apprend également que vous
avez terrassé le gardien du temple de
la forêt, Ophtalmagoh.
Nous sommes fiers de vous.
Continuez sur cette lancée.";
"ソナタが [PlayerName]か

余は カールキング
このドレース王国の王である
そして これが余の娘 フリル姫じゃ";"So you are [PlayerName]?


We are King Tuft.
King of this fair Kingdom of Hytopia.
Obviously.
And may we introduce our daughter,
Princess Styla?";"Vous êtes [PlayerName] ?


Nous sommes le roi Frisette,
souverain du fier royaume d'Estoffe.

Et voici notre fille, la
princesse Mousseline.";
"        　             Oｈ!!";"
                       Oh!!!";"
      　              Oh !!!";
"さあ フリル";"Well, Styla?";"Eh bien, Mousseline ?";
"姫を救ってくれた者には
唯一無二の褒美を授ける
ソナタに その褒美を渡す日が
そう遠くないことを願っておるぞ";"We have promised a unique boon
to them that saves the princess.

We hope it is close at hand,
the day we grant you that boon!";"Ceux qui parviendront à sauver
notre princesse recevront une
récompense à nulle autre pareille.
Nous ne pouvons qu'espérer que
vienne rapidement le jour où nous
vous remettrons cette récompense !";
"守護者を倒したエリアで
とくべつ任務が受けられるようになりました";"You are now able to take on bonus
challenges in the areas whose
guardians you have defeated.";"Vous pouvez désormais relever des
défis spéciaux dans les régions dont
vous avez vaincu le gardien.";
"HAHAHAHA";"AHAHAHA!";"HAHAHAHA !";
"ソナタのおかげで姫もこの通り
毎日笑顔で過ごしておる";"It is thanks to you that the princess
can greet each day with a smile.
We thank you.";"Grâce à vous, le sourire de notre
fille illumine à nouveau chacun de
nos jours.";
"とくべつ任務";"Bonus challenges?";"Des défis spéciaux ?";
"用はない";"Never mind";"Non, rien...";
"呪いの服が届いたあの日から
あの子は 部屋に閉じこもったきりだ…
子どもの時から ジッとしておられん性格でな
目を離すといつも街に出かけて
まわりのものを困らせておったぐらいの
活発な子だったのに…
たのむ [PlayerName]!
一日も早く姫を呪いから解き放してくれ!";"Our child has confined herself
to her chamber ever since that
accursed garment arrived...
She was such a lively child before,
sneaking out into the city any chance
she got! 
We will be frank, she did sometimes
cause trouble with her antics...
Regardless...
We beg, [PlayerName]!
Save the princess from the curse,
and do it fast!";"Notre fille ne quitte plus sa chambre
depuis le funeste jour où lui est
parvenue cette tenue ensorcelée...
Elle qui était si enjouée ! Toujours
sortie, quelque part en ville, dès
qu'elle en avait l'occasion.
Pour être honnête, son énergie
débordante nous a même parfois
causé du souci. Mais... Las !
[PlayerName] ! Nous vous
en conjurons ! Sauvez notre princesse
de ce maudit sortilège !";
"それにしても 呼びかけても
時々返事をしない時があるのだ…
まさか街に…
HAHAHA 考えすぎか";"Come to think of it, though...
She doesn't always answer when we
call her from behind those doors...
She wouldn't be sneaking off again,
would she?

... AHAHAHA!
We think too much.";"À vrai dire... Même aujourd'hui,
elle ne répond pas toujours
quand on l'appelle...
Serait-elle sortie en douce pour
aller faire la java en ville ?
... HAHAHA, nous réfléchissons trop.";
"トーテム勇者伝説には
続きがあってな
『トーテム勇者が 更なる試練を乗り越えし時
永遠の平和とオシャレが訪れる』と…
試練はそのエリアの守護者を倒すことで
初めて受ける資格が与えられる
余はソナタこそが
この国を導く トーテム勇者だと思っている
ぜひとも魔境での試練に挑戦し
この国にとっての真の英雄となってほしい";"There is a little-known coda to
the Legend of the Totem Heroes.

"When the Totem Heroes conquer
further ordeals, peace and fashion will
rule eternal, for reals!" So it goes.
We think that toppling each area's
guardian is but the beginning of those
trials.
Furthermore, we believe YOU to be
the promised Totem Hero who will
lead our kingdom to peace and style.
We would encourage you to challenge
the trials of the Drablands and become
the hero this kingdom needs!";"Peu la connaissent, mais il y a une
suite à la légende des héros totem.

« D'autres épreuves franchiront,
Avec aisance, Éternelle paix porteront,
Et élégance. » Gloire aux héros totem !
Nous pensons que vaincre chaque
gardien sur ses terres ne constitue
que la première épreuve.
Nous croyons par ailleurs que vous
êtes l'élu, le héros totem seul à même
de guider notre royaume.
Surmontez les épreuves qui vous
attendent dans les contrées maudites
et devenez le héros d'Estoffe !";
"それよりも ソナタのウワサは
余の耳にも届いておるぞ";"Speaking of gossip, talk of your deeds
has reached even our royal ears.";"Les rumeurs de vos exploits sont
arrivées jusqu'à nos royales oreilles.";
"姫のタイツを脱がすのは
ソナタだけと信じておるぞ!";"We believe it's by your hand that
the tights' curse shall be lifted!";"Vous êtes celui qui brisera le
sortilège du collant.
Nous en avons la certitude.";
"やはり姫のタイツを脱がしたのは
ソナタであったな!";"We knew you would be the one
to lift the tights' curse!";"Nous savions que vous étiez celui qui
briserait le sortilège du collant !
Nous en avions la certitude !";
"あの試練を乗り越えるとは…
いつも驚かされてばかりだな
姫の事だけでなく 国のことまでも
ソナタに頼ってしまって申し訳ない
だが ソナタしかいないのだ!
皆の笑顔とオシャレをともに守ろうぞ!";"So you have overcome that trial, too?
Oho... You are full of surprises!

We are sorry to burden you with
responsibility for the whole kingdom
as well as the princess...
But you are the only one we can trust!
You must do your part in keeping
everyone happy and fashionable.";"Ainsi, vous avez également triomphé
de cette épreuve ? Vous êtes un être
surprenant, cela ne fait pas de doute.
Nous sommes désolé de faire peser sur
vos épaules la responsabilité de la
princesse et du royaume tout entier...
Mais nous ne pouvons compter que
sur vous ! Vous seul pouvez rapporter
joie, paix et douce vogue au royaume.";
"ソナタのおかげで姫も笑顔を取り戻し
この国にも永遠の平和とオシャレが約束された
このカールキング
王としてこれ以上の喜びはないぞ
感謝しているぞ
[PlayerName] よ!";"Thanks to you, the princess is smiling
again, and the kingdom can once more
enjoy peace and good style!
As a king and a father, we know
no greater joy! We thank you,
[PlayerName]!";"Grâce à vous, la princesse est à
nouveau souriante et le royaume
a retrouvé paix, joie et élégance !
Il n'est de plus grand bonheur pour le
père et le roi que nous sommes !
Merci, [PlayerName] !";
"　　　　　　　Oh Oh Oh!!";"
               Oh! Oh! Oh!!!";"
　　　　Oh ! Oh ! Oh !!!";
"どうにかして脱がせぬものかと
色々手を尽くしたが…ダメであった…
フリルがこのような姿になり
王国全体が暗いムードに包まれておる
民はオシャレを恐れ
街も活気を失ってしまった…";"The outfit seemed simply stuck so we
tried all possible means to get it off...
but to no avail.
Worst of all, ever since Styla got
this way, the kingdom and its people
all fell into a foul, dark mood.
Now everyone is afraid of fashion!
We have never seen the town looking
so drab...";"Nous avons essayé de retirer ce
collant par tous les moyens...
Mais en vain.
Pire encore, depuis que Mousseline
est dans cet état, tout le royaume
n'est que grisaille et idées noires.
Le peuple craint la mode !
Jamais la ville n'a eu l'air si
maussade...";
"守護者を倒したエリアのとくべつ任務を
受けられるようになりました";"You are now able to take on bonus
challenges in the areas whose
guardians you have defeated.";"Vous pouvez désormais relever des
défis spéciaux dans les régions dont
vous avez vaincu le gardien.";
"　　　 Oh! かわいそうな姫よ!!";"
           Oh, my poor girl!!!";"
Oh, notre pauvre enfant !";
"なぜ 魔女はこんなヒドイことを…

[PlayerName]よ
一刻も早く魔女を倒してくれ";"Why would the witch do something
like that...

Please, [PlayerName]!
Lift the curse for us, and do it fast!";"Pourquoi la sorcière
est-elle aussi cruelle... ?

[PlayerName] ! Nous vous
en conjurons, réglez son sort à ce
sortilège ! Le plus tôt sera le mieux !";
" 　　  これこそ この国の危機!!";"
     Our kingdom is in peril!!!";"
  Le royaume est en danger !";
"余は 伝説のトーテム勇者が再び現れて
この国をきっと救ってくれると 信じておる";"We believe! We believe that the
legendary Totem Heroes will surely
appear again to save our kingdom!";"Nous avons foi ! Les héros totem de la
légende vont faire leur apparition et
sauver notre royaume !";
"ソナタの活躍で
魔女が大人しくなったと聞いておる
魔境の奥地は
死者達の世界…
しかも魔女の隠れ家は
風が荒れ狂う 天空にあったそうだな
…Oh
考えただけでも足が震えてきたわ";"We hear that by your activities,
the witch has gone quiet.

The farthest reaches of the
Drablands are a land of the dead...

But the place where the witch lurks,
the wind-swept land in the sky...

... Oh, just thinking about it sets
our royal legs to shaking!";"On nous a rapporté que vous êtes
parvenu à calmer la sorcière.

Les plus lointaines extrémités des
contrées maudites sont des terres
mortifères...
Et la sorcière a son antre en des lieux
balayés par d'indomptables vents,
quelque part dans de sinistres cieux...
... Oh, voyez. Il nous suffit d'y penser
pour que nos souveraines guiboles
s'essaient à la carmagnole !";
"灼熱の地を越え 激流を渡り
極寒の地に耐え 要塞にたどり着き
魔女と一戦交えた
と聞いておる
あの鉄壁の要塞を突破するとは
さすがである
姫の呪いが解ける時も
そう遠くないかもしれんな";"You braved the flames and the rapids,
the blizzards and the stockades... And
we hear you fought the witch too.
Penetrating those ironclad defences
was a deed worthy of a hero!

We think you may lift the curse before
long. We cannot wait.";"Vous avez bravé les flammes et les
torrents, le blizzard et les murailles...
Et même la sorcière, paraît-il.
Parvenir à pénétrer dans cette
forteresse d'acier est un exploit
pour le moins héroïque !
L'heure approche, ce nous semble, où
vous réussirez à briser le sortilège.
Qu'elle sonne vite !";
"娘も国も守らねばならぬ
王という立場も楽ではないのだ…";"Protecting the princess and the
kingdom both... It's not easy being
King!";"Protéger à la fois la princesse et le
royaume... Nom d'une couronne,
être roi n'est pas de tout repos !";
"フリル姫は?";"How's the princess?";"La princesse ?";
"とくべつ任務";"Bonus challenges";"Les défis spéciaux ?";
"自分のウワサ";"Any good gossip?";"Les derniers potins ?";
"なんでもない";"I have to go...";"Je dois y aller...";
"それがレディワンピか…

事情はマダムからきいておる
よくぞ その服を作ってくれた
ソナタがいなかったら
私は魔女の命を奪うところであった…
色々と話を聞きたいところだが
まずは 姫の呪いを解いてからだ";"So this is the Lady's Ensemble...


We heard about it from the Madame.
You have done well to get it made!

If it weren't for you, we would have
ordered the witch's life extinguished,
for certain.
We have much to discuss, but
first things first. Lift the curse
from the princess!";"Alors voilà la tenue de Lady...


Nous avons eu vent des événements
de la bouche de Madame. Merci
d'avoir fabriqué cette tenue !
Si vous n'aviez pas été là, nous
aurions sans doute ordonné qu'on
mette la sorcière hors d'état de nuire.
Vous avez, ce nous semble, beaucoup
à nous conter. Mais délivrez d'abord
la princesse de ce sortilège !";
"　　　　　 　　　Oh Oh!!";"
                  Oh! Oh!!!";"
	    Oh ! Oh !!!";
"さぁ　フリル
おびえる日々はもう終わりだよ";"You needn't be afraid anymore, Styla.";"Eh bien, Mousseline ?
Tu n'as plus rien à craindre.";
"[PlayerName]よ
姫を…姫を早く元の姿に…";"[PlayerName]!
Restore the princess... But swiftly!";"[PlayerName] !
Rendez à la princesse son apparence
normale ! Pressez, je vous prie !";
"　　　　 　　　Oh! 姫よ!!";"
              Oh, my child!";"
　      Oh, chère enfant !";
"　　　　　　 　フリルっ!!";"
                     Styla!!!";"
　　　　　Mousseline !!!";
"Oh Oh フリルよ
もっとそのかわいい姿を見せておくれ";"Styla! Oh my dearest Styla!
Let us gaze once more at your pretty
face! Oh, we could watch it all day!";"Tendre Mousseline ! Laisse-nous
contempler ce doux minois !";
"Oh…そうだな
では祝いのセレモニーを開こうぞ!";"Oh... You are probably right.
In that case...
Let the celebration begin!";"Oh... Oui, c'est vrai. Eh bien, nous
déclarons les festivités ouvertes !";
"[PlayerName]よ
もちろんソナタにも出席してもらうぞ";"Of course, we expect you to
attend too, [PlayerName]!";"Nous comptons bien entendu sur votre
présence, [PlayerName] !";
"皆の者 長い間 フリル姫のことで
心配をかけてすまなかった";"Loyal subjects! For too long have we
kept you worried sick about
Princess Styla! Sorry about that.";"Chers sujets ! L'état de la princesse
Mousseline vous a causé à tous bien
du souci... Nous nous en excusons !";
"ここにいる勇者
[PlayerName]により
魔女の呪いは消え去った";"We are happy to announce that the
curse has been fully lifted, by this
here [PlayerName]'s hand!";"Le fier héros ici présent,
[PlayerName], a brisé le
sortilège !";
"さぁ 皆でこの勇敢な青年を
讃えようではないか!
国の危機を救ってくれた
トーテム勇者として!!";"Let us all praise this brave youth!
For he has saved this fair country
from peril...
...and earned the title of Totem Hero!";"Rendons grâce ensemble à ce brave
jeune homme, car de ses mains, il a
sauvé notre beau royaume du péril...
et gagné ses galons de héros totem !";
"　　　　 私も加勢しますぞ! ";"
                I shall assist! ";"
     Laissez-moi vous aider !";
"もう呪いにおびえる日々は終わったのだ!!";"No longer must we fear the curse!!!";"Les jours passés dans la crainte
du sortilège sont derrière nous !";
"どうだ[PlayerName]
余のトーテムもなかなかであろう";"Well, [PlayerName]?
How'd you like this totem? Gahaha!";"Alors, [PlayerName] ?
Pas mal ce totem, hein ? Hohoho !";
"Oh Oh そうだなフリルよ
しかし父はタイツ姿も嫌いではなかったぞ";"You know, dearest Styla? Speaking
as your father... That "tights" look
wasn't all that bad, if you ask us!";"Hoho ! Ma foi, notre œil paternel t'a
toujours trouvé exquise, Mousseline,
même avec ce fameux collant !";
"姫を救ってくれた その腕を見込んで
実はもう1つ ソナタに頼みたいことがある
トーテム勇者伝説には 続きがあるのだ

『トーテム勇者が 更なる試練を乗り越えし時
永遠の平和とオシャレが訪れる』と…
余は姫を救った ソナタこそが
この国を導く トーテム勇者だと思っている
ぜひとも魔境での試練に挑戦し
この国にとっての真の英雄となってほしい";"You have saved the princess! For that
we are in your debt. But, well, we also
have one further request...
For you see, there is one more line to
the Legend of the Totem Heroes.

"When the Totem Heroes conquer
further ordeals, peace and fashion will
rule eternal, for reals!" So it goes.
Ever since you lifted the curse, we
have believed YOU to be the promised
Totem Hero who will lead our kingdom.
We would encourage you to challenge
the trials of the Drablands and become
the hero this kingdom needs!";"Vous avez sauvé la princesse et notre
reconnaissance est éternelle ! Mais
nous avons encore besoin de vous...
Car, voyez-vous, ainsi se termine la
légende des héros totem :

« D'autres épreuves franchiront,
Avec aisance, Éternelle paix porteront,
Et élégance. » Gloire aux héros totem !
Vous avez brisé le sortilège, vous êtes 
le héros totem seul à même de guider
le royaume. Telle est notre conviction.
Surmontez les épreuves qui vous
attendent dans les contrées maudites
et devenez le héros d'Estoffe !";
"まかせてください";"I'm on it!";"Comptez sur moi !";
"ご褒美ある?";"Is there a reward?";"Quel intérêt ?";
"ではこれからこの件を
とくべつ任務と呼ぶことにする";"Let us explain. We are referring to
bonus challenges.";"Laissez-nous vous expliquer.
Nous parlons là des défis spéciaux.";
"さらなる試練は各エリアの守護者を倒すことで
初めて 受ける資格が与えられるのだ";"You will be able to engage in further
trials after first defeating each area's
guardian.";"Vous pouvez affronter d'autres
épreuves dans les régions dont
vous avez vaincu le gardien.";
"…とまぁ
前置きが長くなってしまったが
ソナタをここに呼んだのには理由がある

トーテム勇者伝説には
続きがあってな
『トーテム勇者が 更なる試練を乗り越えし時
永遠の平和とオシャレが訪れる』とな…
余はソナタこそ この国を導く
トーテム勇者と見込んでいる
ぜひとも魔境での試練に挑戦し
この国にとっての真の英雄となってほしい";"And, well... It took a while to explain,
but there is a reason why we called
you here.
You see, there is one more line to the
Legend of the Totem Heroes.

"When the Totem Heroes conquer
further ordeals, peace and fashion will
rule eternal, for reals!" So it goes.
We believe YOU to be the promised
Totem Hero who will lead our kingdom
to peace and ultimate stylishness.
We would encourage you to challenge
the trials of the Drablands and become
the hero this kingdom needs!";"Bien... Nous avons beaucoup parlé,
entrons à présent dans le vif du sujet.
Il y a une raison à votre présence ici.
Voyez-vous, ainsi se termine la
légende des héros totem :

« D'autres épreuves franchiront,
Avec aisance, Éternelle paix porteront,
Et élégance. » Gloire aux héros totem !
Nous en sommes convaincus,
vous êtes le héros totem seul
à même de guider le royaume.
Surmontez les épreuves qui vous
attendent dans les contrées maudites
et devenez le héros d'Estoffe !";
"まかせてください";"I'm on it!";"Comptez sur moi !";
"ご褒美ある?";"Is there a reward?";"Quel intérêt ?";
"実はそのトーテム勇者のことなのだが…
あの伝説には続きがあるのだ
『トーテム勇者が 更なる試練を乗り越えし時
永遠の平和とオシャレが訪れる』とな…
余はソナタこそ この国を導く
トーテム勇者と見込んでおる
ぜひとも魔境での試練に挑戦し
この国にとっての真の英雄となってほしい";"And, speaking of Totem Heroes...
You see, there is one more line to the
legend.
"When the Totem Heroes conquer
further ordeals, peace and fashion will
rule eternal, for reals!" So it goes.
We believe YOU to be the promised
Totem Hero who will lead our kingdom
to peace and ultimate stylishness.
We would encourage you to challenge
the trials of the Drablands and become
the hero this kingdom needs!";"À propos de héros totem...
Ainsi se termine la légende :

« D'autres épreuves franchiront,
Avec aisance, Éternelle paix porteront,
Et élégance. » Gloire aux héros totem !
Nous en sommes convaincus,
vous êtes le héros totem seul
à même de guider le royaume.
Surmontez les épreuves qui vous
attendent dans les contrées maudites
et devenez le héros d'Estoffe !";
"まかせてください";"I'm on it!";"Comptez sur moi !";
"ご褒美ある?";"Is there a reward?";"Quel intérêt ?";
"なんとも頼もしい 
その快い返事 すでに英雄の風格が漂っておるわ";"Oh, oh, your eagerness to help brings
a royal tear to our royal eye! We were
right to ask you, oh yes!";"Oh, oh ! Votre juvénile enthousiasme
mouille nos yeux royaux de larmes
souveraines... Quel héros vous faites !";
"その正直な心根
すでに勇者の風格が漂っておるわ";"That! That earnestness! That already
marks you as great hero material!";"Ma foi, cet enthousiasme est la
marque d'un héros de qualité !";
"もちろんそれ相応の褒美は
用意しておるので安心せよ";"Well, of course there will be a reward!
A fitting one! ... We'll get right on it.
Don't worry. We'll figure it out.";"Récompense il y aura, assurément !
Une récompense absolument unique.
Nous y veillerons. Soyez rassuré !";
"そうだ
他の隊にいたソナタは知らないだろうが
魔境には 魔女にゆかりのある
特別な材料があるそうだな
姫の呪いを解く為に
必要なモノかもしれん
必ず 手に入れてきてほしい!";"Oh, that's right.
You came from a different brigade, so
it is possible you have not heard.
In the Drablands one can sometimes
find materials connected to the witch.

They may hold the key to removing
the curse our princess is afflicted with.

So we want you to get them all.
Simple as that.";"Oh, c'est vrai...
Vous venez d'une brigade différente,
vous n'êtes peut-être pas au courant.
L'on trouve parfois dans les contrées
maudites des matériaux spéciaux liés
à la sorcière.
Ma foi, ils constituent peut-être la clé
qui permettra de briser le sortilège
dont souffre notre pauvre princesse.
C'est très simple, il nous les faut tous.
Nous comptons sur vous !";
"喜んで!";"Happy to!";"Avec plaisir !";
"えっ? また行くの?";"If I have to...";"S'il le faut...";
"　　 　Oh! 聞いたかフリル!";"
     Oh! Hear that, my child?";"
 Tu as entendu, Mousseline ?";
"さすがは [PlayerName]!
理解が早い
だが 一度足を踏み入れた地だといっても
油断は禁物だぞ";"I expected no less from you!
You got it straight away,
[PlayerName].
But just because you came back once
doesn't mean you can let your guard
down!";"Je n'en attendais pas moins de vous !
Vous comprenez vite,
[PlayerName].
Mais ce n'est pas parce que vous êtes
revenu entier la première fois qu'il faut
baisser la garde ! ";
"フリルよ!
良いアイデアじゃ!
一粒で何度も楽しめるとは まさにこの事だな
オシャレとは奥が深いものよ";"That's a splendid idea, my child!


That is the great thing about fashion,
once you dip a toe in, it will never
let you go! Ahahaha!";"Mousseline chérie,
quelle idée merveilleuse !

Tel est l'art délicieux de la mode. Une
porte ouverte sur tous les possibles.
Tous les possibles, ça laisse le choix !";
"では 頼んだぞ!
[PlayerName]!!";"We are counting on you,
[PlayerName]!";"Nous comptons sur vous,
[PlayerName] !!";
"森の神殿に
特別な材料が眠っているようです";"It appears a special material
lies in wait in the Forest Temple.";"Il semblerait que le temple de la forêt
recèle un matériau spécial.";
"天空の神殿に
特別な材料が眠っているようです";"It appears a special material
lies in wait in the Sky Temple.";"Il semblerait que le temple du ciel
recèle un matériau spécial.";
"レディの要塞に
特別な材料が眠っているようです";"It appears a special material
lies in wait in the Lady's lair.";"Il semblerait que la forteresse de
Lady recèle un matériau spécial.";
"大変な任務であったであろう
成し遂げてくれたこと深く感謝している
少ないが余の気持ちだ
受け取ってほしい";"Your task was an arduous one, but
you have prevailed! You have earned
our deepest gratitude.
This is not much, but it comes from
our heart. Please take it!";"La tâche était ardue, mais vous vous
en êtes acquitté avec brio ! Vous avez
gagné notre plus profonde gratitude.
Acceptez ce petit quelque chose...
Cela vient de notre royal cœur !";
"なんと!
これで全てのとくべつ任務が終了ではないか!
まさか…本当に…
こんなことが…";"What is this we hear?
About all the special challenges
having been completed?
That is... It's just...
We mean...";"On nous rapporte que vous avez
accompli tous les défis spéciaux ?
Cela est... proprement...";
"ドレース王国に永遠のオシャレをもたらした
英雄[PlayerName]よ!
ソナタの名は
ドレース王国の歴史に永遠に刻まれるであろう";"Hero [PlayerName]! You,
who brought eternal good style to the
Kingdom of Hytopia!
You shall go down in history as our
saviour! May your name never be
forgotten!";"Fier [PlayerName] ! Vous
qui avez apporté la classe éternelle
dans notre royaume d'Estoffe !
L'histoire retiendra que vous avez été
notre sauveur ! Vous voici gravé dans
nos cœurs et dans nos légendes !";
"　　　　　　　　　　Oh!";"
                         Oh!";"
　　　　　　　　　Oh !";
"そういえばソナタ
とくべつ任務を成功させたと聞いているが…
黙っているとは奥ゆかしいな
これが勇者というものか…";"That's right! We have heard you
completed some bonus challenges...

Why didn't you say anything?
So modest! So refined! How heroic!";"Sémillant héros ! Vous avez
remporté des défis spéciaux,
avons-nous ouï-dire...
Pourquoi ne pas nous en entretenir ?
Vous êtes si modeste ! Si raffiné !
Si héroïque !";
"森林エリアのとくべつ任務達成の褒美だ
受け取るがよい";"Here is your reward for completing all
bonus challenges in the Woodlands.
Take it, with our royal thanks!";"Votre récompense pour avoir remporté
tous les défis spéciaux de la forêt.
Acceptez-la avec nos remerciements !";
"水源エリアのとくべつ任務達成の褒美だ
受け取るがよい";"Here is your reward for completing all
bonus challenges in Riverside.
Take it, with our royal thanks!";"Votre récompense pour avoir remporté
tous les défis spéciaux de la rivière.
Acceptez-la avec nos remerciements !";
"火山エリアのとくべつ任務達成の褒美だ
受け取るがよい";"Here is your reward for completing all
bonus challenges in the Volcano.
Take it, with our royal thanks!";"Votre récompense pour avoir remporté
tous les défis spéciaux du volcan.
Acceptez-la avec nos remerciements !";
"氷雪エリアのとくべつ任務達成の褒美だ
受け取るがよい";"Here is your reward for completing all
bonus challenges in the Ice Cavern.
Take it, with our royal thanks!";"Votre récompense pour avoir remporté
tous les défis spéciaux du glacier.
Acceptez-la avec nos remerciements !";
"要塞エリアのとくべつ任務達成の褒美だ
受け取るがよい";"Here is your reward for completing all
bonus challenges in the Fortress.
Take it, with our royal thanks!";"Votre récompense pour avoir remporté
les défis spéciaux de la forteresse.
Acceptez-la avec nos remerciements !";
"砂漠エリアのとくべつ任務達成の褒美だ
受け取るがよい";"Here is your reward for completing all
bonus challenges in The Dunes.
Take it, with our royal thanks!";"Votre récompense pour avoir remporté
tous les défis spéciaux du désert.
Acceptez-la avec nos remerciements !";
"廃墟エリアのとくべつ任務達成の褒美だ
受け取るがよい";"Here is your reward for completing all
bonus challenges in The Ruins.
Take it, with our royal thanks!";"Votre récompense pour avoir remporté
tous les défis spéciaux des ruines.
Acceptez-la avec nos remerciements !";
"天空エリアのとくべつ任務達成の褒美だ
受け取るがよい";"Here is your reward for completing all
bonus challenges in the Sky Realm.
Take it, with our royal thanks!";"Votre récompense pour avoir remporté
tous les défis spéciaux du ciel.
Acceptez-la avec nos remerciements !";
"勇者 [PlayerName]よ!
待っておったぞ!";"Hero [PlayerName]!
We have been waiting!";"Fier [PlayerName] !
Nous vous attendions !";
"姫を元の姿にもどしてくれたこと
心から感謝しているぞ";"You have restored our princess to her
fashionable old self! We thank you,
from the bottom of our royal heart.";"Vous avez rendu à la princesse son
apparence normale ! Du fond de notre
royal cœur, nous vous en remercions.";
"Oh  そうだったな";"Oh, that's right!";"Ah, c'est vrai !";
"では [PlayerName]よ
受け取るがいい!
約束の唯一無二の褒美じゃ!!";"[PlayerName], please accept this.
It is the unique boon which we
have promised to you!";"[PlayerName], veuillez
accepter cette récompense...
Absolument unique, comme promis !";
"Oh Oh
そう よろこぶでない
この世で1つしかない
唯一無二の褒美であろう";"Oh? Oh?
Are you not overjoyed?
... Well...you shouldn't be!
But it is unique!
There is nothing in this world
quite like it!";"Oh ? Oh ?
Vous n'êtes pas transporté de joie ?
Ma foi, rien ne vous y oblige.
Mais c'est absolument unique !
Vous ne trouverez cela nulle part
ailleurs !";
"Oh ただし 浮かれてばかりはおられぬぞ
ソナタにはまだ やる事があるであろう
引き続き わが国のために
その力を使ってほしい
頼んだぞ
[PlayerName]!";"Oh, but we shouldn't gloat.
There is much work that remains to
be done! By you, we mean. Of course.
You must continue to use your
strength for the good of the kingdom!
Please and thank you.
Well? Don't just stand there,
[PlayerName]!";"Oh, mais trêve de rigolade...
Beaucoup de travail nous attend.
Enfin... Vous attend.
Votre force est au service du royaume.
N'est-ce pas ? Nous sommes
reconnaissant, soyez-en assuré.
Eh bien ? Ne restez pas là,
[PlayerName] !";
"オウサム! すばらしい働きである!!";"
     SMASHING GOOD WORK!";"
            MIRACULEUX !";
"Oh! フリルよ!! かわいいフリルよ!!
これでこのドレースは安泰だな";"Oh, Styla! My beautiful Styla!
Style and tranquillity can return
to Hytopia, at last!";"Oh, Mousseline !
Ma tendre et chère Mousseline !

Notre bon royaume d'Estoffe va enfin
pouvoir se prélasser à nouveau dans
sa paisible élégance !";
"ちょっと ご存じ?
呪いのウワサ";"My my, have you heard the rumours
about the curse?";"Dites-donc, vous avez entendu les
rumeurs à propos du sortilège ?";
"だから今は見えないところに
オシャレしちゃったりして?";"Perhaps we could be stylish where
other people can't see? Just to be
on the safe side!";"Si c'est le cas, il faut peut-être
se contenter d'être élégant là
où ça ne se voit pas... ?";
"おほほ おほほほ";"Ohoho hohohoho!";"Ohohoho ! Oohohoho !";
"ちょっとちょっとちょっと　ご存じ??
マダムテーラーのマダムのウワサ
魔女の事を時々
「あのオンナ」っておっしゃるのよぉ";"Goodness, have you heard?
Madame Couture refers to the witch
as "that woman" sometimes.";"Ha ! Vous connaissez la dernière ?
Parfois, Madame la couturière traite
la sorcière de « petite pimbêche » !";
"ですわよねぇ～";"You're sooo right!";"Han, c'est tellement vrai !";
"ちょっとちょっと　ご存じ??
黒い幽霊のウワサ
最近黒い幽霊がこの街にでるんですってぇ";"Goodness, have you heard?
Apparently, a black ghost has been
appearing in town lately.";"Alors ça ! Vous avez entendu parler
de ce fantôme noir qui hanterait la
ville depuis quelque temps ?";
"それがその幽霊は
昼間にしか出ないらしいのよぉ";"I hear it only appears during the day,
though!";"Ne vous inquiétez pas, il paraît que
ce fantôme n'apparaît que pendant
la journée !";
"あら奥さま
スリルをお求め?";"Ohhh, you're a brave one, aren't you?";"Hohoho, vous cherchez
le grand frisson ?";
"ウチのダンナの枕の下から
でてきたのよぉ
ちょっと読んでみるわね　

　　 　 　    　『魔境巡り-6-』

－25度の寒空の下 キャンプをしたことがある
あの時も死ぬかと思ったが ここは更にヤバい
全てのモノが凍りつき
動いている物は魔物だけだ
しかしそんな世界で僕は
かわいらしい女神様と出会った
この凍てついた世界で
唯一 心が温まった瞬間であった";"I found a volume under my husband's
pillow. I'll read it out, shall I?

"Diary from the Drablands, Vol. 6"


I had camped under the stars before,
in sub-zero temperatures, while the
winds howled lullabies...
I had known cold that made human
eyes freeze, but this place was more
terrible yet.
Every inch of the landscape was iced
over, and every living creature was
a monster.
Oh, but it was in that frigid wasteland
that I laid eyes on a beautiful
goddess!
Oh, it was the only moment of warmth
my soul, mind and body would know
for months to come...";"J'ai trouvé ce tome sous l'oreiller de
mon mari. Je vous fais la lecture,
d'accord ?
　 « Périple en contrées maudites »
　　 　　 　    Tome 6

J'ai déjà campé par - 25 degrés. Le
souffle glacé de la mort, je connais.
Seulement, ici, c'est bien pire.
Tout est pétrifié par le froid.
Tout... sauf les créatures malfaisantes
qui hantent les lieux.
Mais dans ce monde de glace et de
désolation, j'ai rencontré une déesse
dont la grâce m'a réchauffé le cœur.";
"ちょっと ちょっとちょっと ご存じ?
今流行りの本のこと!";"Have you heard about the book?
The book everybody's talking about
right now!";"Dites-moi, vous connaissez ce livre ?
Celui dont tout le monde parle,
voyons !";
"気になって他も探したんだけど
違う本しかでてこなかったわぁ～";"I tried looking for them, but
no luck...";"J'ai bien cherché, mais... impossible
de mettre la main dessus.";
"あら 何かご用? 今は門番さんといい感じで
お話中なの 邪魔しないでくれる?";"Did you need something?
I'm chatting to this lovely guard,
could you leave us alone?";"Vous avez besoin de quelque chose ?
Je parle avec cet adorable garde. Vous
pouvez nous laisser s'il vous plaît ?";
"ねぇ 門番さん

最近この辺りで
黒い幽霊がでるってウワサ ご存じ?";"Say, Mr Guard...


Have you heard about a black ghost
wandering around the town lately?";"Dites-moi, Monsieur le garde...


Vous avez entendu cette rumeur,
dernièrement, à propos d'un fantôme
noir qui hanterait les parages ?";
"あら よくご存じなのね～

よかったら 一緒に
ちょっと大人の幽霊探ししませんこと?";"Oh, I knew you were the
right one to talk to!

I was going to suggest... How about
we go on a trip, hunting the ghost
together?";"Oh là là, rien ne vous échappe !


Et si nous organisions une petite
partie de chasse au fantôme rien
que vous et moi ?";
"　　　　　　　　　　チッ";"
                        Fine...";"
                        Tsss...";
"ねぇ アナタは お友達の歯に
青のりがついてたら教えてあげるタイプ?";"Mr Hero, I've got a question.
If your friend had something stuck in
their teeth, would you tell them?";"Dites-moi, si un de vos amis avait un
bout de persil coincé entre les dents,
vous le lui diriez ?";
"もちろん";"Of course!";"Bien sûr !";
"言えない…";"I couldn't...";"Non...";
"ずっとお城の前にいるあの子…
お友達は多いみたいだけど…
耳が丸いってこと
誰にも指摘されてないみたいなのよね…
あの子見てたら
ちょっと思いだしちゃってね…
あらっ やだ あの子が
こっちみてるわ 聞こえちゃったかしら…";"That noisy child over there,
by the castle gates...

He seems to have a lot of friends,
but his ears are so round.
Hasn't anybody told him?
Seeing him made me remember...


Oh no! He's looking this way!
You don't think he heard me, do you?";"Ce garçon qui n'arrête pas
de s'agiter là-bas...

On dirait qu'il a un paquet d'amis,
mais personne ne lui a fait remarquer
qu'il avait les oreilles trop rondes.
En le regardant, je me suis
souvenu que...

Aïe ! Il regarde par ici ! Vous croyez
qu'il m'a entendue ?";
"そうよねぇ…
わかってるんだけどね…";"I understand. It's difficult, isn't it?";"Oui...
Je sais bien...";
"あら さすが勇者のボクだこと～";"Oh, what a bold little hero you are!";"Ohoho ! Voilà une audace digne
d'un gentil héros comme vous !";
"私…彼女についてた青のり…
言えなかったの…
これって本当の友情じゃないのかしらぁ…";"I...wasn't able to tell her.
About the spinach in her teeth.
Did I fail her as a friend...?";"Je... Je n'ai pas réussi à lui dire.
Elle avait du persil entre les dents...

Je crois que je n'ai pas été à la
hauteur de notre amitié...";
"あら～
姫を救った英雄のご登場よ～";"Ohhh, here comes the hero who
saved the princess!";"Ça alors !
Mais c'est le gentil héros qui a
sauvé notre princesse !";
"これからは 思いっきり
オシャレできるわねぇ～";"Now we can be as stylish as we want!";"Maintenant, on peut être
élégants partout, partout !";
"え";"A classy heart!";"où";
"い";"Dazzling courage!";"ne";
"こ";"Spinach-free teeth...";"voit";
"のオシャレの時代ですわ～";"Fashion is about beautifying all of
yourself!";"Mais aussi partout ailleurs :
notre époque est à la mode
de l'élégance totale !";
"あら コレって…";"Goodness gracious me!
Is that...";"Ça alors...
Mais c'est...";
"              黒い幽霊っ!!!!";"
      THE BLACK GHOST!!!";"
      LE FANTÔME NOIR !!!";
"ちょ ちょっとお待ちになって!
こ これかしら…";"H-h-hold on! I'm trying!
Is it this one?";"Une... Une seconde !
Est-ce que c'est... ça... ?";
"まずは対戦相手を探さねばな
どんな方法で 仲間を募るのだ?";"First, we must find you opponents.
Where do you want to search?";"Pour commencer, nous devons vous
chercher des adversaires. Comment
voulez-vous procéder ?";
"ローカル通信";"Local Play";"Multijoueur local";
"インターネット通信";"Online Play";"En ligne";
"やめる";"Never mind";"Annuler";
"戦いをのぞむなら
また 来るがよい";"Come back if you want to seek battle.";"N'hésitez pas à revenir quand
vous aurez soif de bataille.";
"インターネット通信で対戦相手を募るぞい
どんなお相手がお好みかのう?";"Let us search for opponents online.
What manner of opponents shall we
seek?";"Cherchons en ligne des adversaires à
votre mesure ! Dans quelle catégorie
voulez-vous chercher ?";
"見知らぬ勇者";"Unknown heroes!";"Héros inconnus";
"フレンド";"Friends!";"Amis";
"やめる";"Never mind";"Aucune, finalement...";
"なんじゃ?
戦いに行くのをやめるのか?";"Beg your pardon?
You want to give up on battling?";"Parbleu !
Vous ne voulez plus vous battre ?";
"やめない";"I'll battle!";"Bien sûr que si !";
"やめる";"I give up";"Non, j'abandonne...";
"通信エラーが起こったようじゃぞい
すまんが もう一度やり直してくれんかのぅ?";"It seems a connection error has
occurred. I beg your pardon, but
could you try again?";"On dirait qu'une erreur de
communication est survenue.
Voulez-vous bien réessayer ?";
"戦いをのぞむなら
また 来るがよい";"Come back if you want to seek battle.";"N'hésitez pas à revenir quand
vous aurez soif de bataille.";
"　　　 インターネットに接続中です…";"
       Connecting to the internet...";"
          Connexion à Internet...";
"インターネットに接続したぞい
対戦相手が合流するまで しばし待つのじゃ";"There you go, all connected.
Now wait for your opponents to join.";"Vous voilà connecté et fin prêt !
Il ne vous reste plus qu'à attendre
que vos adversaires vous rejoignent.";
"インターネットに接続したぞい
フレンドが合流するまで しばし待つのじゃ";"There you go, all connected.
Now wait for your friends to join.";"Vous voilà connecté et fin prêt !
Il ne vous reste plus qu'à attendre
que vos amis vous rejoignent.";
"ほほう…
フレンドとチームを作るんじゃな
だが もし・・・
フレンドの人数がそろわなかったら
自分とフレンドと見知らぬ勇者の3人でも
チームを作ることができるぞい";"Ohoho...
You want to form a team with friends?

I should advise you: if you cannot find
two friends to compete with...

...you and your friend can choose to
search for an unknown hero to join the
fray.";"Ohohoho...
Vous voulez former une équipe entre
amis ! C'est charmant.
Sachez que, si d'aventure vous
n'étiez pas suffisamment nombreux...

... vous et votre ami pouvez recruter
un héros inconnu afin de former une
équipe de trois.
Mais naturellement, vous pouvez aussi
simplement choisir de vous battre en
duel avec votre ami.";
"では…まずチームを作る
リーダーを決めるんじゃ";"Now then... Let us create the team.
First, please choose who will lead.";"Bien. Maintenant, au travail.
Pour commencer, choisissez
un meneur.";
"自分";"Me!";"Moi !";
"フレンド";"A friend!";"Un ami !";
"説明を聞く";"Can you explain?";"Un meneur ?";
"やめる";"Never mind";"J'abandonne...";
"ふうむ…まだ誰も
チームを作っていないようじゃぞい";"Hrm... It seems nobody has
created a team yet.";"Hmm... On dirait que personne
n'a encore créé d'équipe.";
"戦いをのぞむなら
また 来るがよい";"Come back if you want to seek battle.";"N'hésitez pas à revenir quand
vous aurez soif de bataille.";
"なんじゃ フレンドだけで
闘技場に行くのはあきらめるのか? ";"Beg your pardon? You want to give up
on going into the coliseum with just
friends?";"Parbleu ! Vous ne voulez plus vous
rendre dans l'arène en compagnie
de vos seuls amis ?";
"出発をあきらめる";"Give up on going";"Non, j'abandonne...";
"見知らぬ勇者を募集";"Find unknown hero!";"Recruter un inconnu.";
"用はない";"Never mind";"Oubliez ça...";
"では 見知らぬ勇者を募集するぞい";"Then let us search for
an unknown hero.";"Qu'il en soit ainsi, cherchons
un héros inconnu !";
"戦いをのぞむなら
また 来るがよい";"Come back if you want to seek battle.";"N'hésitez pas à revenir quand
vous aurez soif de bataille.";
"今 オヌシと旅立つ見知らぬ勇者を探しておる
しばし 待つのじゃ";"I am searching for unknown heroes
that could join you. Please be patient.";"Je suis en train de chercher des héros
inconnus prêts à partir à l'aventure
avec vous. Attendez un moment. ";
"どうした?
対戦をやめるのか? ";"What's the matter?
Do you want to give up on battling?";"Qu'y a-t-il ?
Vous ne voulez plus vous battre ?";
"やめない";"Never give up!";"Bien sûr que si !";
"やめる";"Yeah, I give up.";"Non, j'abandonne...";
"　　　　　通信を切断しています…";"
      You are being disconnected...";"
   Interruption de la communication...";
"オヌシの好きにするがよい";"Do as you wish, hero.";"Comme vous voudrez, héros.";
"ではインターネットに接続するぞい";"Then let us connect to the internet.";"Bien, connectons-nous à Internet.";
"それではインターネットに接続するぞい

フレンドのチームが見つかったら
そのチームに参加するんじゃ";"Then let us connect to the internet.


If we find a friend's team,
you will join that team.";"Bien, connectons-nous à Internet.


Si nous trouvons une équipe
formée par un ami, vous
rejoindrez cette équipe.";
"まあ…よくあることじゃな
フレンドの人数がそろわなかったら
自分とフレンドと見知らぬ勇者の3人でも
チームを作ることができるぞい
その時には チームのリーダーが
ワシに声をかけるのじゃぞい";"Hmm... It is not uncommon. If the
number of friends does not match...

...you and your friend can choose to
search for an unknown hero to join the
fray.
To do so, the team's leader should
come and talk to me...or you can
have a simple duel. Do as you wish.";"Hm... Ce sont des choses qui arrivent.
Si vous n'êtes pas assez nombreux...

... vous et votre ami pouvez recruter
un héros inconnu afin de former une
équipe de trois.
Si le cas se présente, il faut que
le meneur vienne me parler.

Mais naturellement, vous pouvez aussi
simplement choisir de vous battre en
duel avec votre ami.";
"フレンドとチームを作りたいなら
まずはフレンド登録が必要だぞい
HOMEメニューのフレンドリストから
登録することができるんじゃ
あとは誰か1人がリーダーとなりチームを作り
他の者はそのチームに入る…という具合じゃ";"If you want to form a team with
a friend, you will first have to
register some friends.
You can register friends through
the friend list, found on the
HOME Menu.
After that, one of you must become
a leader and create the team. The
others can then join that team. Got it?";"Pour former une équipe avec des amis,
commencez par les enregistrer dans
votre liste d'amis.
Pour cela, accédez à votre liste d'amis
dans le menu HOME et touchez
Ajouter un ami.
L'un d'entre vous, le meneur, crée
ensuite une équipe, et les autres n'ont
plus qu'à la rejoindre. Compris ?";
"人数が足りない時";"We're short a hero!";"Si on est que deux ?";
"わかった";"Got it!";"Compris !";
"そんなに焦らずとも
仲間はすぐに来るじゃろうて";"Do as you wish, hero.";"Comme il vous plaira, héros.";
"通信エラーが起こったようじゃぞい
すまんが もう一度やり直してくれんかのぅ?";"It seems a connection error has
occurred. I beg your pardon, but
could you try again?";"On dirait qu'une erreur de
communication est survenue.
Voulez-vous bien réessayer ?";
"インターネット通信で
対戦相手を募るのをとりやめたぞい
闘技場に行きたくなったら
また 来るがよい";"You have given up on searching for
opponents online.

Come back later if you want
to enter the coliseum.";"Qu'il en soit ainsi. Vous avez
décidé de ne pas recruter
d'adversaires en ligne.
N'hésitez pas à revenir plus tard si
vous voulez vous rendre dans l'arène.";
"         今すぐニンテンドーeショップで
    このソフトの更新データを受信しますか?";"Do you want to download the
latest update data for this software
from Nintendo eShop now?";"Accéder maintenant au Nintendo
eShop pour télécharger les données
de mise à jour de ce logiciel ?";
"はい";"Download";"Oui";
"いいえ";"Never mind";"Non";
"                 ゲームを終了します
                  セーブしますか?";"           The game will be closed.
             Do you want to save?";"           Vous allez quitter le jeu.
         Voulez-vous sauvegarder ?";
"はい";"Save";"Oui";
"いいえ";"Don't save";"Non";
"                   セーブ中です…
             電源を切らないでください";"                      Saving...
         Do not turn the power off.";"                   Sauvegarde...
         N'éteignez pas la console.";
"　　　　　　セーブが終了しました";"
              Saved successfully.";"
	 Partie sauvegardée.";
"       インターネット通信で遊ぶ場合は
    バージョンの更新を行う必要があります";"To play online, you will need to
download the latest update for this
software.";"    Pour jouer en ligne, vous devez
        mettre à jour le logiciel.";
"残念じゃが このチームは
すでに3人集まっとるようじゃぞい
チームを作るか別のチームに参加するか…
オヌシの好きにするがよい";"I am sorry, but that three-person team
is already full.

You will have to create a new team or
join another one. The choice is yours.";"Désolé, mais cette équipe
est déjà au complet.

Rejoignez une autre équipe
ou créez-en une nouvelle...
À vous de voir !";
"ローカル通信で対戦するんじゃな…よかろう
それでオヌシはどうするぞい?";"So, you want to fight in
Local Play... Very well.
What will you do?";"Alors, vous voulez vous battre en
mode multijoueur local ? C'est vous
le patron ! Et que voulez-vous faire ?";
"チームを作る";"Create a team";"Créer une équipe";
"チームに入る";"Join a team";"Rejoindre une équipe";
"説明を聞く";"Can you explain?";"Expliquez-moi...";
"やめる";"Never mind";"Rien !";
"ローカル通信で
対戦相手を募るのをやめたいと?";"Do you want to give up on competing
with opponents in Local Play?";"Vous ne voulez plus recruter
d'adversaires en mode
multijoueur local ?";
"やめる";"I give up";"Non, j'abandonne...";
"やめない";"Never give up!";"Si, je veux !";
"ふうむ…まだ誰も
チームを作っていないようじゃぞい";"Hrm... It seems nobody has
created a team yet.";"Hmm... On dirait que personne
n'a encore créé d'équipe.";
"　　　　　　　　接続中です…";"
                   Connecting...";"
　　　　　　　Connexion...";
"チームを作ったぞい
仲間が合流するまで しばし待つのじゃ";"The team has been created.
Please wait for opponents to join.";"Votre équipe a été créée.
Vous n'avez plus qu'à attendre que
vos adversaires vous rejoignent.";
"通信エラーが起こったようじゃぞい
すまんが 再びチームを作り直してくれんかの?";"It seems a connection error has
occurred. I beg your pardon, but
could you try again?";"On dirait qu'une erreur de
communication est survenue.
Voulez-vous bien réessayer ?";
"ローカル通信で対戦するには 「チームを作る」か
「チームに入る」かを まず選ばねばならぬぞい
あとは誰か1人がリーダーとなりチームを作り
他の者はそのチームに入る…という具合じゃ";"To fight in Local Play, you must
first choose to either create a team
or join one.
One of you must become the leader
and create the team. The others must
join that team. That's the system.";"Pour vous battre en mode multijoueur
local, il faut soit « créer une équipe »,
soit « rejoindre une équipe ».
Celui qui crée une équipe est le
meneur. Les autres n'ont plus
qu'à rejoindre son équipe.";
"そんなに焦らずとも
仲間はすぐに来るじゃろうて";"Do as you wish, hero.";"Comme il vous plaira, héros.";
"戦いをのぞむなら
また 来るがよい";"Come back if you want to seek battle.";"N'hésitez pas à revenir quand
vous aurez soif de bataille.";
"通信エラーが起こったようじゃぞい
すまんが もう一度やり直してくれんかの";"It seems a connection error has
occurred. I beg your pardon, but
could you try again?";"On dirait qu'une erreur de
communication est survenue.
Voulez-vous bien réessayer ?";
"　　　　　通信を切断しています…";"
       You are being disconnected...";"
　Interruption de la communication...";
"ローカル通信で
対戦仲間を募るのをとりやめたぞい
戦いたくなったら
また 来るがよい";"You have given up on searching for
opponents in Local Play.

Come back if you want to seek battle.";"Qu'il en soit ainsi. Vous avez décidé
de ne pas chercher d'adversaires en
mode multijoueur local.
N'hésitez pas à revenir quand
vous aurez soif de bataille.";
"無線通信がオフになっとるようじゃぞい

無線通信をオンにして
もう一度やり直すんじゃな";"You appear to have wireless
communication disabled.

Please enable wireless communication
and try again.";"On dirait bien que la communication
sans fil est désactivée...

Activez la communication sans fil,
puis réessayez.";
"残念じゃが このチームは
すでに3人集まっとるようじゃぞい
チームを作るか別のチームに参加するか…
オヌシの好きにするがよい";"I am sorry, but that three-person team
is already full.

You will have to create a new team or
join another one. The choice is yours.";"Désolé, mais cette équipe
est déjà au complet.

Rejoignez une autre équipe
ou créez-en une nouvelle...
À vous de voir !";
"ダウンロードプレイじゃな
それでオヌシはどうするぞい?";"Download Play, is it?
Well, what will you do?";"En mode téléchargement, c'est ça ?
Bien, et que voulez-vous faire ?";
"チームを作る";"Create a team";"Créer une équipe";
"チームに入る";"Join a team";"Rejoindre une équipe";
"説明をきく";"Can you explain?";"Expliquez-moi !";
"しない";"Do nothing";"Rien !";
"ダウンロードプレイで
魔境に行くのをやめたいと?";"Do you want to give up on going
to the Drablands through
Download Play?";"Parbleu ! Vous ne voulez plus vous
rendre dans les contrées maudites
en mode téléchargement ?";
"やめる";"I give up";"Non, j'abandonne...";
"やめない";"Never give up!";"Bien sûr que si !";
"ふうむ…まだ誰も
チームを作っていないようじゃぞい";"Hrm... It looks as though nobody has
created a team yet.";"Hmm... On dirait bien que personne
n'a encore créé d'équipe.";
"魔境に行きたくなったら
また 来るがよい";"Come back if you want to visit the
Drablands.";"Revenez quand vous voudrez vous
rendre dans les contrées maudites.";
"　　　　　　　　接続中です…";"
                   Connecting...";"
　　　　　　　Connexion...";
"通信エラーが起こったようじゃぞい
すまんが もう一度やり直してくれんかのぅ?";"It seems a connection error has
occurred. I beg your pardon, but
could you try again?";"On dirait qu'une erreur de
communication est survenue.
Voulez-vous bien réessayer ?";
"ダウンロードプレイだと このソフトを
持たぬ者とでも 魔境に行くことができるんじゃ
ただし チームを作れるリーダーとなれるのは
ソフトを持つ者だけじゃぞい
ソフトを持たぬ者は HOMEメニューにある
「ダウンロードプレイ」を選ぶんじゃ
ソフトを持つ者が二人いる場合は

どちらか一方が「チームを作る」を
もう一方が「チームに入る」を選ぶんじゃぞい";"With Download Play, even those who
don't own a copy of this game can
go to the Drablands.
However, you have to own the game
to be able to create a team and be its
leader.
Players who do not own the game
should select Download Play from
the HOME Menu.
If two players own a copy, one should
create a team, and the other one
should join that team.";"Avec le mode téléchargement, même
ceux qui n'ont pas le jeu peuvent se
rendre dans les contrées maudites !
En revanche, pour pouvoir devenir
meneur et créer des équipes, il faut
disposer d'un exemplaire du jeu.
Si vous ne disposez pas du jeu,
sélectionnez mode téléchargement
dans le menu HOME.
Si deux joueurs disposent chacun
d'une copie, l'un doit créer une équipe
et l'autre rejoindre cette équipe.";
"　　　　 子機の接続をまっています…";"
      Waiting for clients to connect...";"　　 En attente de participants...";
"　　　　 　 データを配信中です…";"
               Distributing data...";"
　　　　Distribution des données...";
"　　　　   　子機と接続中です…";"
            Connecting to clients...";"
　Connexion avec les participants...";
"　　　　  　親機を探しています…";"
              Searching for host...";"
　　　  　Recherche de l'hôte...";
"ダウンロードプレイをやめたいのであれば
親機に切断してもらうんじゃ";"If you want to quit Download Play,
you must ask the host to disconnect.";"Pour quitter le mode téléchargement,
demandez à l'hôte de se déconnecter.";
"通信エラーが起こったようじゃぞい
すまんが もう一度やり直してくれんかのぅ?";"It seems a connection error has
occurred. I beg your pardon, but
could you try again?";"On dirait qu'une erreur de
communication est survenue.
Voulez-vous bien réessayer ?";
"オヌシの好きにするがよい";"Do as you wish, hero.";"Comme il vous plaira, héros.";
"魔境に行きたくなったら
また 来るがよい";"Come back if you want to visit the
Drablands.";"Revenez quand vous voudrez vous
rendre dans les contrées maudites.";
"　　　　　通信を切断しています…";"
       You are being disconnected...";"
　Interruption de la communication...";
"ダウンロードプレイを切断したぞい

魔境に行きたくなったら
また 来るがよい";"Download Play has ended.


Come back if you want to visit the
Drablands.";"Vous avez quitté le mode
téléchargement.

Revenez quand vous voudrez vous
rendre dans les contrées maudites.";
"残念じゃが このチームは
すでに3人集まっとるようじゃぞい
チームを作るか別のチームに参加するか…
オヌシの好きにするがよい";"I am sorry, but that three-person team
is already full.

You will have to create a new team or
join another one. The choice is yours.";"Désolé, mais cette équipe
est déjà au complet.

Rejoignez une autre équipe
ou créez-en une nouvelle...
À vous de voir !";
" 　  通信相手の本体バージョンが古い場合は
  ダウンロードプレイで遊ぶことができません";"You cannot use Download Play unless
all players have the latest system
update.";"Pour utiliser le mode téléchargement,
tous les joueurs doivent disposer de la
dernière version du logiciel système.";
"無線通信がオフになっとるようじゃぞい

無線通信をオンにして
もう一度やり直すんじゃな";"You appear to have wireless
communication disabled.

Please enable wireless communication
and try again.";"On dirait bien que la communication
sans fil est désactivée...

Activez la communication sans fil,
puis réessayez.";
"インターネット通信で仲間を募るぞい
どんな仲間がお好みかのう?";"Let us search for allies online.
What manner of allies shall we seek?";"Recrutons en ligne des compagnons à
votre mesure ! Dans quelle catégorie
voulez-vous chercher ?";
"見知らぬ勇者";"Unknown heroes!";"Héros inconnus";
"フレンド";"Friends!";"Amis";
"やめる";"Never mind";"Aucune, finalement...";
"なんじゃ?
魔境へ行くのをあきらめるのかのぅ?";"Beg your pardon?
You want to give up on going into
the Drablands?";"Parbleu !
Vous ne voulez plus vous rendre
dans les contrées maudites ?";
"いえ 出発します";"No, let's go!";"Bien sûr que si !";
"出発をやめる";"I give up";"Non, j'abandonne...";
"通信エラーが起こったようじゃぞい
すまんが もう一度やり直してくれんかのぅ?";"It seems a connection error has
occurred. I beg your pardon, but
could you try again?";"On dirait qu'une erreur de
communication est survenue.
Voulez-vous bien réessayer ?";
"魔境に行きたくなったら
また 来るがよい";"Come back if you want to visit the
Drablands.";"Revenez quand vous voudrez vous
rendre dans les contrées maudites.";
"　　　 インターネットに接続中です…";"
        Connecting to the internet...";"
	Connexion à Internet...";
"インターネットに接続したぞい
フレンドが合流するまで しばし待つのじゃ";"You have connected successfully.
Please wait for your friends to join.";"Vous voilà connecté et fin prêt !
Vous n'avez plus qu'à attendre que
vos amis vous rejoignent.";
"インターネットに接続したぞい
他の仲間が合流するまで しばし待つのじゃ";"You have connected successfully.
Please wait for other allies to join.";"Vous voilà connecté et fin prêt !
Vous n'avez plus qu'à attendre que
vos compagnons vous rejoignent.";
"ほほう…
フレンドとチームを作るんじゃな
だが もし・・・
フレンドの人数がそろわなかったら
自分とフレンドと見知らぬ勇者の3人でも
チームを作ることができるぞい";"Ohoho...
You want to form a team with friends?

I should warn you, though: if you
cannot find enough friends...

... you and your friend may be joined
by an unknown hero to form a
three-person team.";"Ohohoho...
Vous voulez former une équipe entre
amis ! C'est charmant.
Sachez que, si d'aventure vous
n'étiez pas suffisamment nombreux...

... vous et votre ami pouvez recruter
un héros inconnu afin de former une
équipe de trois.";
"では…まずチームを作る
リーダーを決めるんじゃ";"Now then... Let us create the team.
First, please choose who will lead.";"Bien. Maintenant, au travail.
Pour commencer, choisissez
un meneur.";
"自分";"Me!";"Moi !";
"フレンド";"A friend!";"Un ami !";
"説明を聞く";"Can you explain?";"Un meneur ?";
"やめる";"Never mind";"J'abandonne...";
"魔境に行きたくなったら
また 来るがよい";"Come back if you want to visit the
Drablands.";"Revenez quand vous voudrez vous
rendre dans les contrées maudites.";
"ふうむ…まだ誰も
チームを作っていないようじゃぞい";"Hrm... It seems nobody has created
a team yet.";"Hmm... On dirait que personne
n'a encore créé d'équipe.";
"フレンドとチームを作りたいなら
まずはフレンド登録が必要だぞい
HOMEメニューのフレンドリストから
登録することができるんじゃ
あとは誰か1人がリーダーとなりチームを作り
他の2人はそのチームに入る…という具合じゃ
3人そろえば 魔境に旅立てるぞい";"If you want to form a team with
a friend, you will first have to
register some friends.
You can register friends through
the friend list, found on the
HOME Menu.
After that, one of you must become
the leader and create a team. The
others can then join that team.
Once three heroes have gathered,
you can set off for the Drablands.
Got it?";"Pour former une équipe avec des amis,
commencez par les enregistrer dans
votre liste d'amis.
Pour cela, accédez à votre liste d'amis
dans le menu HOME et touchez
Ajouter un ami.
L'un d'entre vous, le meneur, crée
ensuite une équipe, et les autres
n'ont plus qu'à la rejoindre.
Une fois qu'une équipe compte trois
héros, elle peut partir à l'aventure
dans les contrées maudites. Entendu ?";
"人数が足りない時";"We're short a person";"Si on est que deux ?";
"わかった";"Got it!";"Compris !";
"まあ…よくあることじゃな
フレンドの人数がそろわなかったら
自分とフレンドと見知らぬ勇者の3人でも
チームを作ることができるぞい
その時には チームのリーダーが
ワシに声をかけるのじゃぞい";"Hmm... It is not uncommon. If the
number of friends does not match...

You and your friend may be joined
by an unknown hero to form a
three-person team.
In that case, the team's leader
should come and talk to me.";"Hm... Ce sont des choses qui arrivent.
Si vous n'êtes pas assez nombreux...

... vous et votre ami pouvez recruter
un héros inconnu afin de former une
équipe de trois.
Si le cas se présente, il faut que
le meneur vienne me parler.";
"なんじゃ フレンドだけで
魔境に行くのはあきらめるのか? ";"Beg your pardon? You want to give up
on going into the Drablands with
just friends?";"Parbleu ! Vous ne voulez plus vous
rendre dans les contrées maudites
en compagnie de vos seuls amis ?";
"出発をあきらめる";"Give up on going...";"Non, j'abandonne...";
"見知らぬ勇者を募集";"Find unknown hero!";"Recruter un inconnu.";
"用はない";"Never mind";"Oubliez ça !";
"では 見知らぬ勇者を募集するぞい
まずは出発したいエリアを決めるんじゃ";"Then let us search for an unknown
hero. First, select the area you want
to go to.";"Qu'il en soit ainsi, cherchons un
héros inconnu ! Dans quelle région
voulez-vous vous rendre ?";
"見知らぬ勇者と旅立つ場合は
先にエリアを選択しなければならんのじゃ
でも まあ焦ることはあるまいて";"If you want to set off with an
unknown hero, you must first select
an area to go to.
But don't rush. There is plenty of time.";"Pour partir à l'aventure avec un héros
inconnu, vous devez d'abord choisir
une région de destination.
Mais ne vous pressez pas, prenez
votre temps pour choisir !";
"通信エラーが起こったようじゃぞい
すまんが 再びチームを作り直してくれんかの?";"It seems a connection error has
occurred. I beg your pardon, but
could you try again?";"On dirait qu'une erreur de
communication est survenue.
Voulez-vous bien réessayer ?";
"今 オヌシと旅立つ見知らぬ勇者を探しておる
しばし待つのじゃ";"I am searching for unknown heroes
that could join you. Please be patient.";"Je suis en train de chercher des héros
inconnus prêts à partir à l'aventure
avec vous. Attendez un moment. ";
"なんじゃ?";"What is it?";"De quoi s'agit-il ?";
"出発をやめたい";"Give up on going";"Je veux plus y aller...";
"条件を変更して募集";"Change conditions";"Changer les critères.";
"用はない";"Nothing really";"Non, rien...";
"ではインターネットに接続するぞい";"Then let us connect to the internet.";"Bien, connectons-nous à Internet.";
"それではインターネットに接続するぞい

フレンドのチームが見つかったら
そのチームに参加するんじゃ";"Then let us connect to the internet.


If we find a friend's team,
you will join that team.";"Bien, connectons-nous à Internet.


Si nous trouvons une équipe
formée par un ami, vous
rejoindrez cette équipe.";
"　　　　　通信を切断しています…";"
       You are being disconnected...";"
   Interruption de la communication...";
"インターネット通信で
仲間を募るのをとりやめたぞい
魔境に行きたくなったら
また 来るがよい";"You have given up on searching for
allies online.

Come back if you want to visit the
Drablands.";"Qu'il en soit ainsi. Vous avez
décidé de ne pas recruter
de compagnons en ligne.
Revenez quand vous voudrez vous
rendre dans les contrées maudites.";
"では 新しいエリアで
募集を始めるぞい
見知らぬ勇者が来るまで
しばし 待つのじゃ";"Well then, let us begin searching
in the area you selected.

Please wait until unknown heroes
arrive...";"Ainsi soit-il ! Cherchons donc des
candidats pour cette destination.

Veuillez attendre jusqu'à ce que
les héros inconnus se manifestent.";
"なんじゃ変更せぬのか?
では 先ほどと同じエリアで募集するぞい
見知らぬ勇者が来るまで
しばし 待つのじゃ";"Oh, so you do not want to change it?
Then let us proceed with the area you
selected previously.
Please wait until unknown heroes
arrive...";"On garde ces critères de recherche ?
Bien. Cherchons des candidats pour
la destination que vous avez choisie.";
"オヌシの好きにするがよい";"Do as you wish, hero.";"Comme vous voudrez.
C'est vous, le héros.";
"　　　 フレンドのチームに接続中です…";"
       Connecting to friend's team...";"
　 Connexion à l'équipe d'un ami...";
"         今すぐニンテンドーeショップで
    このソフトの更新データを受信しますか?";"Do you want to download the
latest update data for this software
from Nintendo eShop now?";"Accéder maintenant au Nintendo
eShop pour télécharger les données
de mise à jour de ce logiciel ?";
"はい";"Download";"Oui";
"いいえ";"Never mind";"Non";
"                 ゲームを終了します
                  セーブしますか?";"           The game will be closed.
             Do you want to save?";"           Vous allez quitter le jeu.
                 Sauvegarder ?";
"はい";"Save";"Oui";
"いいえ";"Don't save";"Non";
"                   セーブ中です…
             電源を切らないでください";"                      Saving...
         Do not turn the power off.";"	     Sauvegarde...
        N'éteignez pas la console.";
"　　　　　　セーブが終了しました";"
              Saved successfully.";"
	 Partie sauvegardée.";
"インターネット通信で遊ぶ場合は
バージョンの更新を行う必要があります";"To play online, you will need to
download the latest update for this
software.";"Pour jouer en ligne, vous devez
mettre à jour le logiciel.";
"残念じゃが このチームは
すでに3人集まっとるようじゃぞい
チームを作るか別のチームに参加するか…
オヌシの好きにするがよい";"I am sorry, but that three-person team
is already full.

You will have to create a new team or
join another one. The choice is yours.";"Désolé, mais cette équipe
est déjà au complet.

Rejoignez une autre équipe
ou créez-en une nouvelle...
À vous de voir !";
"ローカル通信じゃな…よかろう
それでオヌシはどうするぞい?";"Local Play, eh...? Very good.
What will you do?";"Donc, vous voulez jouer en mode
multijoueur local, hein ? C'est vous
le patron ! Et que voulez-vous faire ?";
"チームを作る";"Create a team";"Créer une équipe";
"チームに入る";"Join a team";"Rejoindre une équipe";
"説明を聞く";"Can you explain?";"Expliquez-moi...";
"やめる";"Never mind";"Rien !";
"ローカル通信で
仲間を募るのをやめたいと?";"Do you want to give up on setting out
with allies in Local Play?";"Vous ne voulez plus recruter
de compagnons en mode
multijoueur local ?";
"やめる";"I give up";"Non, j'abandonne...";
"やめない";"Never give up!";"Si, si, je veux !";
"ふうむ…まだ誰も
チームを作っていないようじゃぞい";"Hrm... It seems nobody has
created a team yet.";"Hmm... On dirait que personne
n'a encore créé d'équipe.";
"　　　　　　　　接続中です…";"
                   Connecting...";"
                  Connexion...";
"チームを作ったぞい
仲間が合流するまで しばし待つのじゃ";"The team has been created.
Please wait for your allies to join.";"Votre équipe a été créée.
Vous n'avez plus qu'à attendre que
vos compagnons vous rejoignent.";
"通信エラーが起こったようじゃぞい
すまんが 再びチームを作り直してくれんかの?";"It seems a connection error has
occurred. I beg your pardon, but
could you try again?";"On dirait qu'une erreur de
communication est survenue.
Voulez-vous bien réessayer ?";
"ローカル通信では まず「チームを作る」か
「チームに入る」かを選ばねばならぬぞい
誰か1人がリーダーとなりチームを作り
他の仲間はそのチームに入る…という具合じゃ
3人そろえば 魔境に旅立てるぞい";"To adventure in Local Play, you must
first choose to either create a team
or join one.
One of you must become the leader
and create a team. The others can
then join that team. That's the system.
Once three heroes have gathered,
you can set off for the Drablands.";"Pour vous battre en mode multijoueur
local, il faut soit « créer une équipe »,
soit « rejoindre une équipe ».
Celui qui crée une équipe est le
meneur. Les autres n'ont plus qu'à
rejoindre son équipe. Voilà le principe.
Une fois qu'une équipe compte trois
héros, elle peut partir à l'aventure
dans les contrées maudites.";
"オヌシの好きにするがよい";"The choice is yours.";"C'est à vous de voir.";
"魔境に行きたくなったら
また 来るがよい";"Come back if you want to visit the
Drablands.";"Revenez quand vous voudrez vous
rendre dans les contrées maudites.";
"魔境に行きたくなったら
また 来るがよい";"Come back if you want to visit the
Drablands.";"Revenez quand vous voudrez vous
rendre dans les contrées maudites.";
"　　　　　通信を切断しています…";"
       You are being disconnected...";"
   Interruption de la communication...";
"無線通信がオフになっとるようじゃぞい

無線通信をオンにして
もう一度やり直すんじゃな";"You appear to have wireless
communication disabled.

Please enable wireless communication
and try again.";"On dirait bien que la communication
sans fil est désactivée...

Activez la communication sans fil,
puis réessayez.";
"残念じゃが このチームは
すでに3人集まっとるようじゃぞい
チームを作るか別のチームに参加するか…
オヌシの好きにするがよい";"I am sorry, but that three-person team
is already full.

You will have to create a new team or
join another one. The choice is yours.";"Désolé, mais cette équipe
est déjà au complet.

Rejoignez une autre équipe
ou créez-en une nouvelle...
À vous de voir !";
"魔境へは 3人一組で向かわねばならぬぞい
どんな方法で 仲間を募るのだ?";"You can only set off for the Drablands
in teams of three heroes.
How will you look for allies?";"Pour aller dans les contrées maudites,
il faut une équipe de trois héros.
Comment recruter vos compagnons ?";
"ローカル通信";"Local Play";"Multijoueur local";
"インターネット通信";"Online Play";"En ligne";
"ダウンロードプレイ";"Download Play";"Mode téléch.";
"やめる";"Never mind";"Oubliez ça !";
"そうか 魔境へ旅立ちたくなったら
また 来るがよい";"Is that so? Come back if you want to
visit the Drablands.";"Vous êtes sûr ? Soit.
Revenez quand vous voudrez vous
rendre dans les contrées maudites.";
"　　　　　 　　　　ほぅ…
　　　　　　　 新人さんかのぅ?";"                        Hrm...
                A new face, is it?";"
         Hm... Vous êtes nouveau ?";
"ここは 仲間を募り
魔境へ旅立つ通信の間
ワシはオヌシら勇者達を
魔境へ送り出す案内人じゃぞい";"This room is for those who would meet
allies via wireless communication
and set out into the Drablands.
I act as the guide here,
sending heroes on their way.";"Ce lieu de communication sans fil vous
permet de recruter des compagnons
pour partir dans les contrées maudites.
Je suis le guide chargé d'envoyer
les héros à l'aventure.";
"これはトライフォース
魔境に通ずる唯一の入口じゃぞい
3人の勇者が集いし時
トライフォースの力が解放され
オヌシら勇者達を
魔境へと導くのじゃぞい";"That is the Triforce symbol.
The only path into the Drablands.

When three heroes gather, the
power of the Triforce is triggered,
sending you on your journey.";"Ce que vous voyez ici est le symbole
de la Triforce, la seule et unique
voie vers les contrées maudites.
Que trois héros se réunissent ici et la
puissance de la Triforce les conduira
jusqu'à leur périlleuse destination.";
"1人の力では道は開かん
まずは通信で仲間を集めることじゃ
魔境に旅立つ心が決まったなら
ワシに声をかけるがよいぞ";"The way will not open for a solitary
hero. You must first gather allies via
wireless communication.
When you think you're ready to
set out for the Drablands, just
talk to me and we can begin.";"La force d'un seul héros ne suffit pas à
ouvrir la voie. La communication sans
fil permet de trouver des compagnons.
Lorsque vous vous sentirez prêt à
partir pour les contrées maudites,
venez me parler. Je vous guiderai.";
"まねビトを連れて出発するか?";"Do you want to set off in the
doppels' company?";"Voulez-vous partir à l'aventure
avec des pantins ?";
"出発する";"Set off!";"En avant !";
"説明をきく";"Can you explain?";"Des pantins ?";
"考えなおす";"Let me think about it";"Je vais réfléchir...";
"どうした?
何か用かな?";"What is the matter?
Did you need anything?";"Qu'est-ce que c'est ?
Je peux vous aider ?";
"出発する";"Set off!";"En avant !";
"解散する";"Disband!";"Dispersion !";
"説明をきく";"Can you explain?";"Et maintenant ?";
"考えなおす";"Never mind";"Je vais réfléchir...";
"まじないを唱えることで まねビトは目覚め
オヌシと心を通わせることができる
しかし まねビトはあくまで器にすぎん
魂は1つだけじゃ 自由に操れるのは一体のみ
しかし まねビトを持ち上げ
トーテム状態の時のみすべては一体となる
また 聖なる力を受けたまねビトは
魔境の魔の力を受けない
さてさて オヌシに
扱いきれるかのう…";"By uttering the conjuration, I can
wake the doppels and bind them to
your will.
But a doppel is nothing but a vessel,
and you have but one soul, so only
one may be controlled at a time.
Only when you lift a doppel and form
a totem will all of them move as one.

Finally, a doppel touched by
holy power will not be affected by
the evil of the Drablands.
Well then... Do you have
what it takes? I wonder...";"En récitant les incantations, je peux
réveiller les pantins et les soumettre
à votre volonté.
Les pantins sont des réceptacles.
Comme vous n'avez qu'une âme, vous
ne pouvez en contrôler qu'un à la fois.
Toutefois, si vous formez avec eux
un totem, vous serez unis en une
seule entité.
Les pantins touchés par la sainte force
sont insensibles aux puissances
hostiles des contrées maudites.
Eh bien... Vous savez ce qu'il faut
savoir... Espérons que vous ayez
aussi ce qu'il faut avoir...";
"今まさにまねビトとオヌシは1つとなった

下にあるまねビトパネルが
オヌシとまねビトをつなぐ入口となろう
しかしまねビトはあくまで器にすぎん
魂は1つだけじゃ 自由に操れるのは一体だけ
しかし まねビトを持ち上げ
トーテム状態の時のみすべては一体となる
また 聖なる力を受けたまねビトは
魔境の魔の力を受けない
さてさて オヌシに
扱いきれるかのう…";"The doppels and you are now as one.


The doppel panels on the lower screen
form a portal between you and them.

But a doppel is nothing but a vessel,
and you have but one soul, so only
one may be controlled at a time.
Only when you lift a doppel and form
a totem will all of them move as one.

Finally, a doppel touched by
holy power will not be affected by
the evil of the Drablands.
Well then... Do you have
what it takes? I wonder...";"Vous et les pantins êtes
maintenant unis.

Les panneaux de pantins, affichés
sur l'écran tactile, sont comme des
portes entre vous et eux. 
Les pantins sont des réceptacles.
Comme vous n'avez qu'une âme, vous
ne pouvez en contrôler qu'un à la fois.
Toutefois, si vous formez avec eux
un totem, vous serez unis en une
seule entité.
Les pantins touchés par la sainte force
sont insensibles aux puissances
hostiles des contrées maudites.
Eh bien... Vous savez ce qu'il faut
savoir... Espérons que vous ayez
aussi ce qu'il faut avoir...";
"まねビトの道は いばらの道じゃ
覚悟ができたら またくるがいい";"The way of the doppel
is not an easy path to walk...
Come again when you are ready.";"La voie du pantin n'est pas une
voie facile... Revenez quand vous
serez prêt.";
"ここからはオヌシの手で進まねばならぬ

まねビトとともに
トライフォースから魔境へ出発するがよい";"You must make your own way
from here on in.

Step onto the Triforce symbol
alongside your doppels to depart
for the Drablands.";"À partir d'ici, c'est à vous
de tracer votre voie.

Avancez jusqu'au symbole de la
Triforce avec vos pantins afin de
partir pour les contrées maudites.";
"　　　　　イーナン アゴマ サリトヒオ…";"
           Pu gnimoc remotsuc eno...";"
           Trapéd el rus tneilc nu...";
"　　　　　イーナン アゴマ サリトヒオ…";"
          Pu gnimoc remotsuc eno...!";"
           Trapéd el rus tneilc nu...";
"　　　　　　 キィエーイッ!";"
                    Hiyaaah!";"
                    Hiyaaah !";
"　　　　　　 キィエーイッ!";"
            　    Hiyaaaah!!!";"
                 Hiyaaaah !!!";
"ここは まねビトの間…

浮世のしがらみから離れ
1人 技を極める修業の場所
ほほぅ…
オヌシ…
1人が似合う
良い面構えじゃ";"This is the doppels' chamber.


It is a space devoted to solitary
learning by those who have slipped
the bonds of the physical realm...
Ohoho...
Young master...

Solitude suits you.
Your expression says it all.";"Vous êtes ici dans la
chambre des pantins.

C'est un lieu où, après s'être affranchi
des contraintes de ce monde, l'on
peut se consacrer, seul, à l'étude...
Ohoho...
Jeune maître...

La solitude vous sied bien.
Je le lis sur votre visage.";
"そこにたたずむ デク人形
それがまねビトじゃ
しかし ただのデク人形ではないぞ
オヌシの魂を分け与えることで
まねビトはヌシとなり
ヌシもまた まねビトとなる";"The wooden dolls standing there,
those are the doppels.

They are no ordinary dolls, oh no!
They can become vessels for
your soul, young master.
The doppel can become you,
while you become the doppel!";"Les poupées de bois que vous
voyez là sont des pantins.

Ne vous méprenez pas, ce ne sont
pas de simples poupées. Ils peuvent
devenir les réceptacles de votre âme.
C'est simple, jeune maître...
Le pantin devient vous,
et vous devenez le pantin !";
"ワシはまねビトじいさん

まねビトと共に魔境に旅立つ覚悟ができた時
ワシに話しかけてくれ
さすれば オヌシとまねビトをつなぐ
架け橋となろうぞ";"They call me the Doppel Master.


When you are ready to depart for the
Drablands in the company of doppels,
just talk to me.
I will form the link between you
and the doppels.";"On m'appelle le maître des pantins.


Lorsque vous vous sentirez prêt à
partir pour les contrées maudites
avec des pantins, venez me parler.
Je serai le pont entre votre âme
et eux.";
"では まねビトを目覚めさせようぞ";"In that case,
allow me to awake the doppels.";"Bien. L'heure est venue de
réveiller les pantins.";
"魂が乗り移っているまねビトは
この部屋からは出られんのじゃ
オヌシの本体は確か…
緑じゃったな
いくら自由に動けると言っても
赤と青のオヌシはたんなる人形じゃ
外に出たいのであれば
まねビトから出て 緑の本体に戻り
下の出口から出るがよい";"A doppel can never leave this chamber
while under control by another soul.

Young master, your own body was...
The green one, was it not?

However similar they might seem,
however familiar they might feel,
the red and the blue are but dolls.
If you want to go outside, you will
have to leave the doppel behind and
move back into your own body.
You can leave by the bottom doorway.
That's a good lad.";"Un pantin agissant sous le contrôle
d'une âme dont il est le réceptacle
ne peut pas quitter cette pièce.
Jeune maître, votre véritable corps
est... le vert ?

Aussi ressemblants qu'ils peuvent vous
apparaître, vos doubles rouge et bleu
ne sont que de simples poupées.
Pour sortir d'ici, vous devez extirper
votre âme du pantin qui la porte et
réintégrer votre propre corps. Le vert.
La sortie se fait par le bas.";
"魂が乗り移っているまねビトは
この部屋からは出られないんじゃが…
ふむ
どうやらオヌシは本体のようじゃな
外に出たいのであれば
そのまま 下の出口から出るがよい";"A doppel can never leave this chamber
while under control by another soul.

Hrm. It would appear you are in your
own body now.

If you want to go outside, just leave
through the bottom doorway.";"Un pantin agissant sous le contrôle
d'une âme dont il est le réceptacle
ne peut pas quitter cette pièce.
Hm. On dirait que vous êtes bel
et bien dans votre propre corps.

Franchissez la sortie du bas pour
quitter ce hall.";
"さあ これで
オヌシとまねビトは1つになった";"And with that,
you are one with the doppels.";"Désormais, vous ne faites qu'un avec
les pantins.";
"これは魔境に通ずる唯一の入口
トライフォース
あとは まねビトとともに
この トライフォースに乗るだけじゃ…";"That is the Triforce symbol.
The only path into the Drablands.

All that is left is for you and the
doppels to step onto it.";"Ce que vous voyez ici est le symbole
de la Triforce, la seule et unique
voie vers les contrées maudites.
Il ne vous reste qu'à monter vers
ce symbole avec les pantins.";
"おお そうじゃ あと1つ
伝えておかねばならぬことがあったわい";"Oho! I almost forgot! There is one last
thing I should mention.";"Oho ! J'allais oublier !
Il me reste une chose à vous dire.";
"　　　 　　下を見るのじゃ";"                   Look down!";"
	 Regardez en bas ! ";
"この光っておるところは
まねビトパネルといってな
このパネルに触れることで
まねビトに乗り移ることができるんじゃ";"That lit-up area shows the
doppel panels.

Touch one, and your soul will jump
to control that doppel.";"Ces panneaux que vous voyez briller
sont des panneaux de pantins.

Touchez-en un et votre âme prendra
le contrôle du pantin correspondant.";
"旅立つ前に
試してみるがよい";"You'd better try it out
before setting off.";"Vous feriez mieux d'essayer
avant de partir à l'aventure.";
"知識は最大の防御
知識なきもの 勇者ならざる";"Knowledge is the greatest defence.
One cannot become a hero without
knowledge.";"Le savoir est la meilleure des
protections. Un ignare ne peut
devenir un véritable héros.";
"勇者としての務めを
しっかりと果たされましたね
私も教育係として鼻が高いです

しかし まだとくべつ任務が残っていると
聞いています
頑張ってまいりましょう!
では 改めまして…";"You have efficiently completed your
duty as a hero. As your tutor, I am
immensely proud.
However, I hear you have some
bonus challenges left to complete.
Keep at it, young one.
Now...";"Tu as accompli la mission qui
t'incombait, valeureux héros.
Je suis on ne peut plus fier de toi.
Mais il te reste encore quelques défis
spéciaux à relever, semble-t-il.
Bon courage !";
"アナタは勇者として
全ての務めを終えましたね
教育係として これ以上の栄誉はありません

アナタの姿を見て
私も自分の夢を思いだしました
いつかまた様々な場所を巡り 自分の見た世界を
このペンで描いていければと思います
ふふっ
なんだか私の方が 色々教えられた感じですね
…しかし

アナタがいらっしゃる間は
私はまだまだアナタの教育係です";"You have efficiently completed all your
duties as a hero. As your tutor, I am
bursting with pride.
Watching you grow has reminded me
of my long-lost dreams.

I hope to travel the land again one
day, and capture the world as I see it.

It's funny.
You've taught me as much as I have
taught you.
But as long as you are here, I will
always be your tutor, young one.";"Tu as parfaitement accompli tous
tes devoirs de héros. Je suis honoré
d'avoir été choisi pour être ton tuteur.
Te voir ainsi me rappelle mes rêves
d'autrefois.

J'aimerais un jour reprendre mon
voyage autour du monde afin de le
retranscrire et de le faire connaître.
Héhé... J'ai l'impression que tu m'as
beaucoup enseigné de ton côté aussi.

Mais tant que tu vis dans cette ville,
je reste ton tuteur.";
"私が勇者の心得を
お話ししてさしあげましょう";"Let me tutor you on the basics
of being a hero.";"Laisse-moi te prodiguer les
enseignements qui feront de
toi un véritable héros.";
"がんばりゲージ";"Energy gauge";"Jauge d'endurance";
"勇者パネル";"Hero panels";"Panneaux de héros";
"ブラックリスト";"Blacklist";"Bloquer quelqu'un";
"用はない";"Never mind";"Pas besoin, merci !";
"魔境に行くと上画面に
紫のゲージが表示されることでしょう
それはがんばりゲージといい
アナタの心のパワーを表しています
魔境で手に入れたアイテムは
扱う者の心のパワーを必要とします
がんばりゲージが減り パワーが無くなると
アイテムは使えなくなるでしょう
勇者たる者 力も心も
常にマネジメントが必要なのです";"When you are in the Drablands, a
purple meter will be displayed on
the top screen.
This is the energy gauge, and it
represents the power of your soul.

This power is needed to use items
that you might find in the Drablands.

When your energy gauge decreases
and you run out of power, you will no
longer be able to use items.
A hero must be able to manage their
energy wisely.";"Quand tu te trouves dans les contrées
maudites, une jauge violette apparaît
sur l'écran supérieur.
C'est ce qu'on appelle la jauge
d'endurance. Elle représente la
force de ton âme.
Tu en auras besoin pour te servir
des objets que tu trouveras dans
les contrées maudites.
Évidemment, quand la jauge est vide,
tu ne peux pas utiliser ces objets.

Un véritable héros doit savoir se servir
adroitement de sa force et de son
esprit pour s'emparer de la victoire.";
"下にある顔や名前が書かれたパネルは
勇者パネルと呼ばれています
勇者パネルをタッチすると
その勇者の様子を見ることができるのです
勇者たる者 常に仲間のことを
気にかけておかねばなりませんよ";"The panels with faces and names on
the lower screen are hero panels.

By touching a hero panel, you will be
able to see how that hero is doing.

A hero must always look out for their
comrades.";"Il s'agit des panneaux sur l'écran
tactile qui affichent le nom et le
visage d'un héros.
Si tu en touches un, tu peux voir
le statut du héros sélectionné.

Un véritable héros se doit de se
soucier de ses compagnons.";
"勇者たる者 いつも他人を思いやる心を
忘れてはなりませんよ";"Always have compassion for others,
young one. A true hero must have
a tender heart.";"N'oublie pas, un véritable héros
combat pour les autres, jamais
pour lui-même.";
"インターネット通信では 時折
勇者のふりをした偽勇者が出没します
偽勇者は勇者の心得を持たず
魔境で勇者らしからぬ行いを繰り返します
そんな偽勇者に出会ったら
ブラックリストへの登録をおススメします
インターネット通信中に 偽勇者の
勇者パネルを押し かを押すのです
そうすればその偽勇者は
ブラックリストに登録されるでしょう
ブラックリストに登録すると
登録した者とは もう会えなくなります
勇者たる者
見極めを間違えてはなりませんよ";"In the online world, sometimes you
may encounter fake heroes.

These pretenders, not having the
heart of a true hero, will behave
heinously in the Drablands.
I recommend you register such fake
heroes on the blacklist.

To do so, touch and hold their hero
panel, then press  or  while online.
You will never see them again.
A hero must be able to assess a
situation carefully and make the
correct decision.";"Quand tu combats en ligne, il se peut
que certaines âmes mal intentionnées
se fassent passer pour des héros.
Ces faux héros s'évertuent à faire le
mal, ignorant la mission qui incombe
aux véritables héros.
Si par malheur tu en rencontrais un
dans les contrées maudites, n'hésite
pas à le bloquer.
Appuie sur  ou  tout en touchant
son panneau quand vous êtes en ligne.
Tu ne le reverras plus.
Mais n'oublie pas, un véritable héros
doit bien réfléchir à la situation avant
de prendre une telle décision.";
"インターネット通信では 時折
勇者のふりをした偽勇者が出没します
偽勇者は勇者の心得を持たず
勇者らしからぬ戦いを繰り返します
そんな偽勇者に出会ったら
ブラックリストへの登録をおススメします
インターネット通信中に 偽勇者の
勇者パネルを押し かを押すのです
そうすればその偽勇者は
ブラックリストに登録されるでしょう
ブラックリストに登録すると
登録した者とは もう会えなくなります
勇者たる者
見極めを間違えてはなりませんよ";"In the online world, sometimes you
may encounter fake heroes.

These pretenders, not having the
heart of a true hero, will behave
heinously on the field of battle.
I recommend you register such fake
heroes on the blacklist.

To do so, touch and hold their hero
panel, then press  or  while online.
You will never see them again.
A hero must be able to assess a
situation carefully and make the
correct decision.";"Quand tu combats en ligne, il se peut
que certaines âmes mal intentionnées
se fassent passer pour des héros.
Ces faux héros s'évertuent à faire le
mal, ignorant la mission qui incombe
aux véritables héros.
Si par malheur tu en rencontrais un
dans l'arène, n'hésite pas à le bloquer.

Appuie sur  ou  tout en touchant
son panneau quand vous êtes en ligne.
Tu ne le reverras plus.
Mais n'oublie pas, un véritable héros
doit bien réfléchir à la situation avant
de prendre une telle décision.";
"案内人に出発の意思を告げると
まねビトに力を与えてくれるでしょう
すると まねビトパネルが
使えるようになります";"Once you have told the master that
you wish to depart, he will awaken the
doppels.
Then, you should be able to use the
doppel panels.";"Une fois que tu auras fait savoir au
maître que tu souhaites partir, ce
dernier réveillera les pantins.
Tu pourras alors les contrôler grâce
aux panneaux de pantins.";
"これはアナタとまねビトをつなぐ
心の入り口です
まねビトパネルを押すことで
まねビトに乗り移ることができます
勇者たる者 他人の立場に立って
物事を考えられる存在にならねばなりませんよ";"The panels act as gateways between
your heart and the doppels.

By tapping a doppel panel, you can
switch your soul over to that doppel.

A hero must have the ability to
consider matters from another's
perspective.";"Ce sont des portes qui permettent
à ton âme de se déplacer librement
entre les pantins.
Pour contrôler un pantin, il te suffit
de toucher son panneau.

Un véritable héros doit savoir changer
de perspective s'il veut progresser.";
"まねビトパネルは
下画面の この光っているパネルのことです";"The shining panels on the lower
screen are the doppel panels.";"Vois-tu les panneaux briller sur l'écran
tactile ? Ce sont les panneaux de
pantins.";
"いくら勇者と言えども
まねビトとの冒険は大変過酷です
どうしても先に進めなくなった時は
スキップボタンを押してください
まねビトの力が一時的に高まり
アナタを次のステージに導いてくれるでしょう
しかし それは妖精1匹分の力を
使ってしまいます
またスキップボタンを使う度
そのコースにある材料も1つ失われます…
勇者たる者 冒険を無にしないためにも
スキップボタンを押す判断を間違えぬよう";"Venturing out with doppels can be
tough, even for the bravest of heroes.

If you get stuck and cannot find the
way forward, use the skip button on
the lower screen.
The doppels' power will increase
temporarily and they will take you
to the next stage.
Doing this will cost you one fairy,
however. In addition, one of the
materials in the level will disappear.
A hero must be able to determine
when it is truly the time to seek help
and use the skip button.";"Il peut être très éprouvant pour un
héros, aussi brave soit-il, de manipuler
des pantins.
Si tu n'arrives plus à progresser,
touche le panneau « Passer ».

Les pantins gagneront provisoirement
en puissance et te guideront vers
la sortie.
Toutefois, cela te coûtera une fée,
et un des matériaux du niveau
disparaîtra.
Un véritable héros ne craint pas les
dangers qui l'attendent et n'utilise
un tel panneau qu'avec parcimonie.";
"まねビトとアナタがつながれば一心同体
ハートもがんばりゲージも共有されます
また トーテムをすることで まねビトは
アナタの行動を完全に真似するでしょう
勇者たる者 まねビトだけでなく 周りから
真似をされる存在でなくてはなりませんよ";"When you and the doppels are
connected, you are one, sharing
hearts and the energy gauge.
When you totem up with doppels, they
will mimic your movements.

Inspire all others to mimic you, young
hero. Not just the doppels.";"Quand toi et les pantins êtes liés par
ton âme, vous partagez vos cœurs
ainsi que votre jauge d'endurance.
De plus, quand vous formez un totem,
les pantins se déplacent de concert
avec toi, alors pense à eux.
Un héros doit être un modèle.
Pour tous ceux qui l'entourent,
pas uniquement pour les pantins.";
"私がまねビトのことを
お話しして差し上げましょう";"Let me teach you about doppels.";"Laisse-moi t'enseigner l'art de
la manipulation des pantins.";
"まねビトパネル";"Doppel panels";"Panneaux de pantins";
"スキップボタン";"Skip button";"Panneau « Passer »";
"一心同体";"Working together";"Lien d'âme";
"用はない";"Never mind";"Pas besoin, merci !";
"勇者たるもの正しくまねビトを
扱えるようにならなければなりません";"A hero must be able to control their
doppels.";"Un véritable héros doit savoir maîtriser
les pantins qui l'accompagnent.";
"私が闘技場での戦いのお作法を
お話しして差し上げましょう…
といいたいところなのですが…
私 知識はともかく力を競う場所は苦手でして…
闘技場に関する詳しいことは
外にいる兵士長に聞くのがよいでしょう
ただ ここにも時折 偽勇者が
出没するようですので お気を付けて…";"You'd like to hear some battle tips?
I wish I could enlighten you, but alas,
combat is not my area of expertise...
For information about the coliseum,
you should speak to the soldier
outside.
Most importantly, keep your wits
about you, as fake heroes are known
to appear in the coliseum, too...";"J'aimerais t'enseigner l'art du combat
en arène, mais ce n'est pas tellement
mon fort.
Je te conseille de t'adresser à
l'officier de l'arène qui se trouve
dans l'autre pièce.
Prends garde, car en ce lieu aussi tu
pourrais rencontrer de faux héros.";
"偽勇者?";"Fake heroes?";"De faux héros ?";
"用はない";"Never mind";"J'm'en fiche !";
"オシャレしてたら
魔女に呪われるんですってよぉ～";"Oh yes! They say, if you're too
fashionable, the witch'll curse you!";"Oui, il paraît que la sorcière maudirait
tous les gens qui sont trop élégants !";
"あらヤダ　奥サマったら～";"Oh, you're so silly!";"Ohohoho ! Vous, alors !";
"もしかして
お知り合いなのかしら?";"Oh, are they acquainted, maybe?";"Vraiment ? Vous pensez qu'elles se
connaissent ?";
"でも　マダムと言ったら
ドレース王国のトップオブオシャレよぉ
魔女と知り合いなわけないわよね～";"Don't be silly! Madame, she's like
the best of the best when it comes
to fashion in Hytopia!
No way would she ever be friends
with a witch, that's absurd!";"Cela dit, Madame est la femme la plus
tendance du royaume, ça m'étonnerait
qu'elle soit amie avec cette sorcière.";
"ですわよ～";"Aren't I just!";"Tellement vrai !";
"あらヤダ　怖いわね～
もう夜歩けないじゃない";"Oh, that's just too scary! I can
never go out at night again, oh no!";"Mais c'est tout bonnement effrayant !
Il n'est plus question que je sorte
la nuit !";
"あらヤダ
じゃあ あまり怖くないわね～";"Oh! Really?
Well, that's not too bad, then...";"Vraiment ? Je suis soulagée !
Un fantôme qui sort le jour,
ça ne fait pas tellement peur !";
"おほほ　おほほほ";"Ohoho hohohoho!";"Ohohoho ! Oohohoho !";
"ああ あの 魔境ナントカって本?";"Oh, that Diary from the Crablands
or something, right? Sounds exotic,
but I don't really like shellfish...";"Oh, bien sûr ! C'est celui qui fait le
récit d'un voyage dans les contrées
maudites, n'est-ce pas ?";
"なんだか穏やかじゃないわね～

でもそういうワイルドなのって
女子はくいついちゃうのよね～
他の巻はお持ちじゃないの?";"That doesn't sound nice, does it!


Oh, but girls these days, they're
all over that kind of wild stuff,
aren't they?
You...wouldn't happen to have the
other volumes as well, eh?";"Eh bien, ça ne m'a pas l'air très
joyeux, tout ça !

Mais quand on lit ce genre d'aventures
un peu sauvages... difficile de s'arrêter
avant la fin !
Il y a une suite, n'est-ce pas ?
Vous avez les autres tomes ?";
"あら その本もちょっと興味あるかも…";"Ohoho! I think I feel my interest
growing!";"Vraiment ? Dommage, ça commençait
à m'intéresser...";
"あら お若い勇者さん

ここの露天商が 一緒にいつの間に通信
しないか? ってしつこいのよ～";"Oh, little hero!
You know this street merchant?
He keeps bothering me!
Asking if I want to start using
SpotPass all the time. As if!";"Jeune héros !


Ce vendeur de rue n'arrête pas de me
demander d'activer SpotPass. Comme
si j'avais le temps pour ces âneries !";
"あら アンタはもうONしてるのね

そんなに流行ってるなら
おばちゃんもONしてみようかしら…";"Hm? Oh, yours is already enabled?


Oh, well, if it's that popular...
maybe I'll turn mine on, too...";"Oh, vous... Vous l'avez activé ?


C'est si tendance que ça ? Hmm...
Tout bien réfléchi, je pense que je
vais l'activer, finalement !";
"あら お若い勇者さん
あなたもお買いもの?
ここのお店の品ぞろえ
どう思う?";"Oh, little hero!
You're out shopping too?

What do you think about
the selection here?";"Vous êtes venu faire vos courses,
vous aussi ?

Que pensez-vous des produits que l'on
trouve chez ce marchand ?";
"十分";"Good enough I guess";"Ça peut aller...";
"少ない!";"Need more stuff!";"Y en a pas assez !";
"あら お若いのに欲がないこと

でもいつの間に通信ってのをONにすると
ラインナップが増えるってウワサよ～
タイトル画面の設定ってとこで
いつでもONにできるらしいわよ～
おばちゃんにはよくわからないけど

アナタは まだこんなにお若いんだから
もっともっと 欲だしてもいいんじゃない?";"Aw, aren't you a little young
to be so jaded?

Anyway, I hear that the line-up gets
better if you enable this thing called
SpotPass. A little bird told me!
From the title screen, you go to
Settings, and that's where you can
enable it! That's what it said.
I didn't really get it though...


But you, you're still so young!
How about you try to get excited
about things a bit more, hm?";"Vraiment ? Ça ne vous intéresse pas
plus que ça ? Étonnant pour un jeune
garçon comme vous.
Vous savez, j'ai entendu dire qu'avec
SpotPass, ce marchand pourrait
proposer plus de produits !
Si ça vous intéresse, activez-le via
les paramètres à l'écran titre !
Enfin, c'est ce qu'on m'a dit...
Allez, mon garçon, la jeunesse,
c'est la vie ! Intéressez-vous plus
à ce qui vous entoure !";
"あらあら その身体からみなぎる欲の強さ
おばちゃん 好きだわ～
でもその欲求は おばちゃんでは
どうにもしてあげられないの
なんでも いつの間に通信ってのをONにすると
ラインナップが増えるってウワサよ～
タイトル画面の設定ってとこで
いつでもONにできるらしいわよ～
おばちゃんにはよくわからないけど…
欲しいなら求める努力しないとね";"You've got a real zest for life!
Auntie likes that a lot! Especially now
that I'm over all that...
Anyway, I hear that the line-up gets
better if you enable this thing called
SpotPass. A little bird told me!
From the title screen, you go to
Settings, and that's where you can
enable it! That's what it said.
I didn't really get it, but... Well, you
should at least try to make the effort.";"Vraiment ? Quelle énergie, mon
garçon ! Ça fait plaisir à voir !
Moi, je n'ai plus l'âge pour ça !
J'ai entendu dire que si SpotPass était
activé, ce marchand pourrait proposer
plus de produits !
Si ça vous intéresse, activez-le
via les paramètres à l'écran titre !
Enfin, c'est ce qu'on m'a dit...
Moi, je n'ai pas tout compris,
mais si vous êtes curieux, vous
devriez aller jeter un coup d'œil !";
"あら お若い勇者さん

黒い幽霊のウワサ知ってる?
おばちゃん 見ちゃったのよ!
…でも誰も信じてくれないから
で撮影しようと思ったんだけど…
ほらっ 1人は怖いじゃない?

だから 門番さんに
ガードをお願いしていたところなのよ～";"Oh, if it isn't the young hero!


Have you heard the rumours about
a black ghost? Well, I saw it! Honest!
Nobody believes me, though...
Well, I thought to myself, I'd better
press  and go on Miiverse, show it
to everyone, but I was too scared!
It's scary when you're all alone, I tell
you! So then I asked this nice guard
to keep me company. Ohohoho...";"Jeune héros ! Avez-vous entendu
parler du fantôme noir qui hante
nos rues ?
Moi, je l'ai vu !
Mais personne ne me croit...

La prochaine fois que je le croise,
j'appuie sur  et je vais sur Miiverse
pour le montrer à tout le monde !
Cela dit, j'ai trop peur de me
lancer à sa recherche toute seule...

J'allais justement demander à
ce charmant garde s'il pouvait
assurer ma protection !";
"そんなこと言って さっきから私の事
見つめちゃって
意外とまんざらでも
ないんじゃないのかしら?";"Well... What's your excuse, then?
For staring at me all day, I mean!

Are you... Do you want to say
something to me?!";"Ah oui ? Alors pourquoi me
regardez-vous depuis tout
ce temps ?
Vous avez quelque chose à me dire ?";
"?

なに?
そんなにジッとみちゃって
もしかして私のこと…";"... What?


Stop looking at me like that!


Or is it that you... I mean, you
think I... Oh, stop it!";"Hmm ? Quoi ? Ne me regardez pas
comme ça !

Ou... Ou alors... vous avez quelque
chose... à me dire ?";
"本当にみたのよぉ～
黒い幽霊!!
黒くて シュッとしてて
近づいたら ピューッと行っちゃったのよぉ～";"I really did see it!
The black ghost, I saw it!

It was black, and slender!
And when I got near, it just
vanished!";"Mais j'ai vu le fantôme noir, je vous
dis ! Comme je vous vois !

Noir, fantomatique... J'ai voulu m'en
approcher, mais il a aussitôt disparu.
Comme évaporé !";
"あら～
なんだか たくましくなっちゃって～";"Oh, little hero!
You've gotten so strong!";"Jeune héros, vous avez bien grandi !
Vraiment !";
"でも私達 気付いちゃったのよね
オシャレは見た目だけじゃないって
これからは

み";"We've grown too, you know! We've
learned that there is more to fashion
than just appearances!
Such as, erm... Like... Ah.


Well, a beautiful soul!";"Tu sais, nous avons appris une chose
très importante.

L'apparence ne compte pas. Pour être
tendance, il faut être élégant là...";
"な";"A well-tailored mind!";"ça";
"と";"Beliefs that fit!";"se";
"ろ";"Bespoke friendships!";"pas !";
"ねぇ もしかして…";"Hey, isn't that...?";"Hé... Mais ce ne serait pas...";
"お 奥サマ
は 早くを!";"H-h-hey!
Press , now!";"Pompadure ! Vite, prenez une photo
avec  !";
"お 奥サマ!
それは STARTボタン ですわよ!
お 落ち着いて!!";"H-hey, that's the START button!
Come on, get a grip!";"Mais enfin ! Vous avez appuyé sur
START ! Gardez votre sang-froid !";
"ミーバースには俺みたいな
魔境オタクがいっぱいいるんだよ
魔女は怖いけど
いつか魔境に行きたいもんだよ";"You'll find lots of Drablands geeks like
me on Miiverse.

I'd love to visit the Drablands,
someday. If only the witch wasn't
so scary...";"Tu trouveras plein de passionnés
comme moi sur Miiverse. On est
fascinés par les contrées maudites.
Mais moi, j'ai bien trop peur de la
sorcière pour m'y rendre. Et pourtant,
j'aimerais vraiment y aller...";
"オシャレしてたら
魔女に呪いをかけられるそうだよ
くわばらくわばら

…でも この金のネックレスだけは
どうしても手放せないんだよなぁ";"So nowadays, dressing fashionably
will get you cursed...
What has the world come to...
I could never take this gold necklace
off, though. So curse me!

... No, please don't.";"Il paraît qu'on se fait maudire si on
est élégant... Mais dans quel monde
vivons-nous ?
J'ai peur, très peur, mais je tiens trop
à mon collier en or... Je ne veux pas
être maudit ! Non, non !";
"写真は 一枚しかとれないからこそ
最高の一枚になるんだよ…
あっ 今イイこといったかも!
これは早速ミーバースに投稿だな!!";"The point is that you can only save
one picture. That's why it's precious.

Deep words, huh?
That's going straight on Miiverse.";"Garder ou ne pas garder ? Telle est la
question... qui se pose quand on ne
peut garder qu'une seule photo. 
Ce... C'est profond, pas vrai ?
Il... Il faut vite que j'aille publier ça
sur Miiverse !";
"この前 ミーバースでカメみたいな服の
ハンコをみたんだよ
服のハンコは その服を作ったら
使えるようになるらしいんだけど…
カメみたいな服って…

ハイセンスすぎておじさんには
理解できない世界だよ";"I was on Miiverse the other day, and
I saw this stamp of a turtle-like outfit.

When you make an outfit, you can get
a matching stamp, but...
A turtle outfit?
Fashion's getting pretty weird lately.
I can barely keep up.";"L'autre jour, j'ai vu quelqu'un utiliser
un tampon de tortue sur Miiverse.
Ou plutôt, d'une tenue de tortue.
Il paraît que quand on commande
une tenue, on reçoit le tampon de
cette tenue en cadeau.
Donc... c'était une sorte de
déguisement de tortue...

Je... Je ne comprends pas très bien
la mode... En fait, je crois que je suis
même complètement largué...";
"　　　　　　　あっ!";"
                        Hey!";"
　　　　　　　Ah !";
"　　　　　　　カメっ!";"
                    Turtle!";"
　　　　　Une tortue !";
"いや…
ごめんよ
まさかその服を着ている人が実在するなんて…
つい声が大きくなっちゃったよ
ミーバースで その服のハンコを見て
気になってたんだ
それにしても…
いや～本当にいたんだな…
とりあえず今日の出会いを
早速ミーバースでみんなに報告だ!";"Sorry, didn't mean to startle you.
I never thought I'd ever see the
actual thing...
I've been curious about that outfit
ever since I saw it on Miiverse.
Well, well...
Let me post about this on Miiverse.";"Oh, euh... Désolé. Je me suis un peu
emporté... Je ne pensais pas voir un
jour quelqu'un porter cette tenue...
C'est vrai qu'elle m'intriguait depuis
que j'en avais vu le tampon sur
Miiverse...
Mais... j'ai encore du mal à croire
qu'elle existe vraiment...

Vite ! Il faut que j'aille en parler
sur Miiverse !";
"何でも遠慮なくききたまえ!";"Ask me anything, my friend!";"Demande-moi tout ce que tu veux,
mon garçon !";
"説明をきく";"About the coliseum";"L'arène";
"戦いのコツ";"Battle tips";"Quelques conseils";
"成績を見る";"What's my record?";"Mes résultats";
"用はない";"Never mind";"Pas besoin, merci !";
"闘技場は 勇者たちが
技を競い合うところである!
2人からでも勝負は可能である!
さあ　君も腕試ししてみたまえ!";"The coliseum is where heroes face
off in tests of martial prowess!

You can even have one-on-one
battles! Give it a try, my friend!";"Ici, les héros peuvent s'affronter
et comparer leurs techniques de
combat !
Il est aussi possible de faire des duels.
Allez, jette-toi dans la mêlée !";
"通算成績は……[Number of Win] であるな!

君なら イイところまでいきそうであるな
今後も がんばってくれたまえ!";"Your overall record is... [Number of Win]!


You have potential, my friend,
I can feel it. Keep at it!";"Tu as remporté... [Number of Win] !


Bien ! C'est pas mal, mon garçon !
Continue comme ça !";
"対戦相手をのぞむなら
ロビーに入り準備を進めてくれ!";"If you're looking to battle, head to the
lobby and get yourself ready!";"Si tu cherches des adversaires,
rends-toi dans le hall et prépare-toi
au combat !";
"新人勇者であるか?

ここは 熱き男達の集う
闘技場である!!
勇者たちは ここで日々
技を磨いているのである!";"Are you a new hero?


This is the coliseum! 
A place where fighters clash!
Heroes sharpen their skills here daily!";"Es-tu un nouveau héros ?


Tu te trouves dans l'arène !
Là où les guerriers viennent
chercher de l'action !
C'est ici que les héros comme
toi viennent peaufiner leurs
techniques de combat !";
"1対1の真剣勝負を挑むもよし
三つ巴の対戦を行うもよし
対戦相手は通信で集めることとなる
覚悟ができたら奥の部屋に進みたまえ!
闘技場に関して何か分からないことがあれば
いつでも私に聞いてくれたまえ!";"You can have a one-on-one match
or a free-for-all with three people.

You'll use wireless communication to
find opponents. Once you're ready,
head to the room in the back!
And if there's anything you want to
know about the coliseum, come to me
any time.";"Tu peux affronter quelqu'un en duel
ou te battre contre deux adversaires.
À trois, c'est chacun pour soi.
Les affrontements se font par le biais
de la communication sans fil.

Quand tu te sentiras prêt, franchis
l'arche au fond de la salle.

Si tu as des questions concernant
l'arène, n'hésite pas à venir me voir.";
"……まだ1勝もしていないようであるな!

まずは 何度も挑戦して
戦いのコツをつかむのである!";"...Seems like you're yet to bag your
first win, my friend!

Keep trying, and you'll find it will
start to come naturally!";"Tu n'as encore jamais participé
à un seul combat !

Mais tu verras ! Il suffit de se lancer
et ça viendra tout seul !";
"積極的なのは良いことである
自分から教えられるコツはこの3つである!";"Good. I like your eagerness.
Here are three tips I will share
with you!";"Bien ! Ton énergie fait plaisir à voir !
Sur quel sujet veux-tu que je te
conseille ?";
"服";"Outfits";"Les tenues";
"アイテム";"Items";"Les objets";
"回転斬り";"Spin attack";"L'attaque circulaire";
"やめる";"Never mind";"Aucun, merci !";
"戦いで まず最初にやることは 服選びである
コースに合った服を選ぶことが大事なのだ
戦いが有利になる服もあれば
思ったより役に立たない服もある
まずは 自分に合った服を
いろいろ試してみたまえ";"The key to doing well in battle,
first and foremost, is choosing the
right outfit.
Choosing the right outfit for the
field of battle is the way to go!
Some will enhance your abilities...
...while others won't be of much use.
Try out some outfits, my friend, and
see which ones suit you best.";"La première chose à faire, avant
de commencer le combat, c'est
de choisir une tenue appropriée.
Certaines te donneront un avantage
certain, alors que d'autres te
sembleront parfaitement inutiles.
Je te conseille d'en essayer plusieurs
afin de connaître leurs qualités et
leurs défauts, mon garçon.";
"コースに入って一番にやることは
アイテムをさがすことである
誰よりも早く 自分に有利なアイテムを
とることが勝敗を決めるカギとなる
ただし アイテムの位置は毎回変わるため
知ったコースだといっても油断は禁物である!";"When you enter the arena, the first
thing you should do is find an item.

Grabbing the item you want before
anyone else can snatch it is the key
to victory, my friend!
The items are placed in different
places each time, so stay on your
toes!";"La première chose à faire dès que
le combat commence, c'est d'aller
récupérer un objet.
Tes chances de victoire augmentent
si tu arrives à t'emparer du plus utile
avant les autres.
Bien sûr, l'emplacement des objets
change à chaque fois. Alors reste
toujours sur tes gardes !";
"を押し続けて離すと
回転斬りを繰り出せるのである!
回転斬りは攻撃力が
通常攻撃の2倍!
トーテムされた時も 技が決まれば
下の相手に攻撃を与えることもできるのである!
…ただ そう簡単には
決まらないと評判であるが…";"Hold then release  to unleash a
spin attack! The spin attack does
twice the damage of a normal strike.
If an opponent picks you up, a good
spin attack should hit the enemy at
the bottom.
... I hear it's tricky to pull off, but...
Well, practice makes perfect!";"Maintiens  enfoncé puis relâche le
bouton pour effectuer une attaque
circulaire.
Cette technique inflige deux fois plus
de dégâts qu'une attaque standard !

Tu peux même t'en servir pour blesser
un adversaire qui s'est emparé de toi
pour former un totem.
Bien sûr, c'est plus facile à dire
qu'à faire...";
"以前はここまで王の泣き声が響いていたが
今では城中に笑い声が満ちているのである
なんと喜ばしいことか…
しかしここは闘技場
真の勇者となったからこそ
皆 君との戦いを 待ち望んでいるのである
胸をかしてやってくれたまえ!

して何かご用かな?";"Until quite recently, these halls were
filled with the echoing cries of the
king. Now we can hear his laughter.
How wonderful.


But this is still the coliseum!
Players are eager to battle with a true
hero such as yourself.
Go and get'em!


Was there anything you needed,
my friend?";"Depuis quelque temps, seuls les
sanglots de notre roi bien-aimé
résonnaient dans le château.
Mais maintenant... je n'entends plus
que des rires ! Quelle joie !

Mais l'arène reste l'arène. Et tu es un
véritable héros, désormais. Tous vont
vouloir t'affronter ! Ne les déçois pas !
Bien ! Tu avais besoin de quelque
chose ?";
"名前を変えたいのか?";"You want to change your name?";"Tu veux changer de nom ?";
"はい";"Change";"Oui !";
"いいえ";"Don't change";"Euh... non...";
"[PlayerName]か…
よりシャレた名になったな!";"[PlayerName], is it...?
That's way more stylish!";"[PlayerName] ?
Ça c'est un nom qui respire la
classe ou je m'y connais pas !";
"うむ 名を大切にするその姿勢
勇者らしい立派な行為である!";"Yes, I think that's proper, heroic
attitude. You must care for your
good name!";"Bien ! Un héros est fier de son nom !
Un héros chérit son nom ! Continue
comme ça, jeune homme !";
"何でも聞いてくれ
[PlayerName]よ!";"Ask me anything,
[PlayerName]!";"De quoi veux-tu que je te parle,
jeune [PlayerName] ?";
"ロビーについて";"About the lobbies";"Les halls";
"名前の変更";"Change my name!";"Changer de nom";
"この国のこと";"About Hytopia";"Le royaume d'Estoffe";
"用はない";"Never mind";"Rien, merci !";
"トライ（Tri）は3
フォース（Force）は力という意味だ!
そして…
トライはTry（挑戦）という意味にもなる
トライフォースという言葉は
挑戦する心を忘れない お前のような言葉だな!!";""Tri" means three!
"Force" means strength!
And finally...
"Try" can mean to endeavour!
That's why you have to strive for glory
when you step on the Triforce symbol!";"La Triforce est composée de trois
triangles qui en forment un plus
grand... Elle est le symbole de l'unité.
On est plus forts à trois, retiens
bien ça !";
"　　　　セーブデータを確認しました";"
             Save data confirmed.";"       Les données de sauvegarde
              ont été trouvées.";
"お前はどこの美容院だ?
今度 ワタシにも紹介してくれ!";"Say, where do you get your
hair done? It's so smooth!";"Dis-moi, tu vas chez quel coiffeur ?
Si tu pouvais me le présenter,
ce serait classe de ta part !";
"魔境の入口は
トライフォースと呼ばれている
トライ（Tri）は3
フォース（Force）は力
最高にシャレた名前だと思わないか?";"The Triforce symbol is the only way
into the Drablands.

"Tri" means three, and "force" means
strength! There's no name more
stylish than that! Don't you think?";"Le seul moyen d'accéder aux contrées
maudites est de fouler du pied les
trois triangles de la Triforce.
Je trouve ce nom super classe, quand
même.";
"それよりも
レディグッズは全てそろっているんだろ?
早くマダムテーラーへ行って
マダムを安心させてあげなさい";"But more importantly! You've got all of
the Lady's materials, haven't you?

Stop lollygagging, and head over to
Madame's on the double! I'm sure
she's worried sick...";"Mais plus important : tu disposes
de tout le matériel de Lady,
n'est-ce pas ?
Alors il n'y a pas une minute à perdre.
Apporte-le à Madame, et au trot !
Elle doit se faire un sang d'encre.";
"何か用ですかな?
ご婦人よ…";"Can I help you?
Miss?";"Vous avez besoin d'aide, très chère ?";
"えっ?";"Erm?";"Oui ?";
"いや…";"Uhh...";"Euh...";
"まさか…";"Can't be...";"Ne me dites pas que...";
"もしかして…
[PlayerName] …か?
それがマダムが言っていた 例の服か?

ご婦人の服まで着こなすとは
さすがは  [PlayerName]だ!
それにしても まさか
マダムと魔女が姉妹であったとは…
知らなかったこととはいえ
マダムのお気持ちを考えると胸が痛いな…
しかし 今は姫様のことが最優先!";"Or...is it...?
[PlayerName], is that you?
Is that the outfit Madame spoke of?
You're really pulling it off,
[PlayerName]! Kudos!

... Yet, to think that Madame and the
witch were sisters... It's kind of hard
to swallow.
Well, I mean, it's surprising, that's one
thing, but just think of how Madame
had to feel! It's almost too tragic...
In any case, we must deal with the
princess first!";"Euh... C'est... C'est toi,
[PlayerName]... ? C'est ça,
la tenue dont parlait Madame ?
C'est fou ce que ça te va bien !
Quelle classe !

N'empêche, qui aurait cru que Madame
et la sorcière étaient sœurs ? Pas moi,
en tout cas !
Ça n'a pas dû être facile tous les jours
pour Madame, moi j'te le dis...

Mais oublions ça ! Il faut aider
Son Altesse !";
"お前の活躍で
姫様の顔にまた笑顔が戻られた!
感謝しているぞ!
[PlayerName]!!
しかし まだとくべつ任務が残っている!
準備を怠らんようにな!";"Thanks to your daring deeds,
a smile once more resides on the
princess's face.
I'm so happy,
[PlayerName]! Thank you,
thank you, thank you!
Ahem... But you still have some
bonus challenges to do, don't you?
I sure hope you're not slacking off!";"Grâce à toi, Son Altesse Royale a
retrouvé le sourire ! Merci !

Pas si vite, [PlayerName] !
Il te reste encore des défis spéciaux !
Alors on ne lambine pas, au boulot !";
"名前の変更";"Change my name!";"Changer de nom";
"用はない";"Never mind";"J'ai besoin de rien !";
"お前のおかげで この国には
永遠の平和とオシャレがもたらされるだろう!
呪いの騒動のせいで
髪が すっかり伸びきってしまった!
男のオシャレはやはりオールバック!
さっそく美容院を予約せねばな!";"Thanks to you, eternal peace and
good style have settled over the land!

Ugh. Owing to all this curse malarkey,
I haven't had time to tend to my hair...
Just look at it! It's all wrong!
Everyone knows a swept-back look is
the only sensible choice for a man of
my stature.
I must make appointments with my
barber, post-haste!";"Le royaume a retrouvé la paix et son
élégance d'origine ! Et c'est grâce à
toi !
Regarde ça ! À cause des derniers
événements, mes cheveux ont trop
poussé !
Un homme, un vrai, doit avoir les
cheveux rejetés en arrière !

Faut que je prenne rendez-vous
chez mon coiffeur, maintenant.";
"名前の変更";"Change my name!";"Changer de nom";
"用はない";"Never mind";"J'ai besoin de rien !";
"すぐにでも王の部屋に
向かってもらいたいところだが
一言だけ言わせてほしい!";"You must head to the throne room,
and quick! ... But first, allow me to
say just one thing!";"Vite, direction la salle du trône !
Mais avant, j'aimerais te dire quelque
chose !";
"ここまで本当に
よく頑張ったな!
我が隊から姫を救う勇者が出るとは…
司令官としてこんなにも誇らしいことはない!!
心から礼を言わせてほしい…

ありがとう
[PlayerName]よ!";"You've truly outdone yourself to
come this far!

To think that the princess's saviour
came from my brigade... It is a great
honour, for a commanding officer!
I must give thanks from the bottom
of my heart.

Thank you, [PlayerName]!";"Je voudrais te féliciter pour tous tes
efforts !

C'est un honneur que le héros sur
le point de sauver la princesse fasse
partie de mon corps expéditionnaire.
J'aimerais te témoigner toute ma
reconnaissance...

Merci, [PlayerName] !";
"むむっ その姿!!
青年よ! ちょっと こっちにくるのだ!!";"That face... Y-you there! Boy!
Come here for a moment!";"Hmm... Ce visage ! Hé, jeune homme !
Viens par ici !";
"　　　 　　　　耳のとんがり…

　　　 　　　　　　ヨシ!

　　　　　 　　　モミアゲ…

　　　　　 　　　　ヨシ!!

　　　　　 　　　…からの

　　　　　　　　 九一分け…";"                  Pointy ears...?

                       Check!
                   Sideburns...?

                       Check!
                And then, erm...

             ... Side-parting...?
                           ...";"
　　　　Les oreilles pointues...


  　　　　　　 C'est bon !


　 　　　　Les rouflaquettes...


　 　　　　　　　Aussi !


　　    　　　　　　Et...


   　 　　... la raie sur le côté...";
"　　　　よぉおし!!! キタッ!!!!";"
        Check! We got one!!!";"
    　　　　　PARFAIT !!!";
"して青年よ! 名はなんという!!";"My boy! What do you call yourself?!";"Jeune homme ! Quel est ton nom ?!";
"　　 ユーザー名は通信相手に公開されます";"            Your name will be seen
                by other players.";"　　　Votre nom sera visible par
　　　　　les autres joueurs.";
" [PlayerName]か!
勇者に恥じぬ シャレた名だ!!
まずは メンバーの証として
お前に兵士の服を支給する!
この材料をマダムのところに
持って行き 服を作ってくるのだ!!";"[PlayerName], is it?
It sounds like a fitting name for a hero!
Stylish, too.
All right. First of all, since you're an
enlisted man, we must provision you
with your Hero's Tunic!
Take this material to Madame,
have her make you the outfit,
then hoof it back here!";"[PlayerName] ?
C'est un nom qui respire la classe !
Tu n'as pas à en rougir !
Bien, il te faut une tunique de héros
si tu veux prouver que tu fais partie
de mes troupes !
Prends ce matériau et rends-toi chez
Madame. Elle t'en confectionnera une.";
"　　　　    うむっ! 見事なゲットだ!!";"            A glorious acquisition!";"
　　   Un héros mérite bien ça !";
"お前のことは マダムに連絡しておく!
失礼のないようにな!!";"I'll send word to let Madame know
you're coming, so hop to it.
And mind your manners!";"Je préviendrai Madame de ta visite.
Montre-toi poli avec elle, c'est bien
compris ?!";
" [PlayerName]か!
勇者に恥じぬ シャレた名だ!!";"[PlayerName], is it?
It sounds like a fitting name for a hero!
Stylish, too.";"[PlayerName] ?
C'est un nom qui respire la classe !
Tu n'as pas à en rougir !";
"　　　　　　　  　むむっ!!";"
          Hey, wait a minute!";"
　　　　　　　TOI, LÀ !!!";
"既に魔境での戦いは
他の隊で 経験済みのようだな
お前の武勇伝を聞きたいところだが

まずは 兵士の服を支給する!
兵士の服は 我が隊のメンバーの証!
この材料をマダムに渡し
服を作ってくるのだ!!";"By the way you carry yourself, I
gather you've already fought in the
Drablands under another brigade!
I'd like to hear stories of your exploits
one day. But first, business!

You'll have to be provisioned with the
Hero's Tunic. The outfit is proof
of enlistment in my brigade!
Give this material to Madame,
then hoof it back here with the
Hero's Tunic!";"T'es déjà allé dans les contrées
maudites, toi, j'me trompe ? T'as l'air
d'avoir pas mal d'expérience !
J'aimerais bien qu'on en discute, mais
il y a plus important !

Il te faut une tunique de héros ! C'est
un uniforme obligatoire qui prouve que
tu fais partie de mes troupes !
Donne ce matériau à Madame.
Elle te confectionnera ton uniforme.";
"まて [PlayerName]よ!
魔境は危険な場所だ!
そんな服では
大変な思いをするだけだぞ!!
せめて兵士の服に
着替えてから 行ったらどうだ?
まあ 無理強いはしないが…";"Hang on, [PlayerName]!
The Drablands aren't some adventure
playground, my boy!
If you head out in those clothes,
as your commanding officer, I'll be
worried sick about you!
How about you at least change into
your Hero's Tunic before going?

Eh, it's not like I can force you,
though...";"Attends, [PlayerName] !
Les contrées maudites sont trop
dangereuses !
Tu risques d'avoir de gros problèmes
si tu y vas dans cette tenue !

Tu ferais mieux de porter ta tunique
de héros ! Enfin, tu fais comme tu
veux, hein...";
"おい [PlayerName]!
そんな格好のまま 魔境に行くのか?
魔境は お前が考えているより
危険な場所だ! 
せめて 兵士の服ぐらいは
着ていった方が良いと思うがな…";"Oi, [PlayerName]!
You really mean to head off into the
Drablands dressed like that?
The Drablands isn't some theme
park, you know! It's much more
dangerous than that!
I strongly recommend at least putting
on your Hero's Tunic before you go...";"Hé, [PlayerName] !
Tu comptes aller dans les contrées
maudites dans cette tenue ?
Cet endroit est bien plus dangereux
que tu le penses !

Tu ferais mieux de porter ta tunique
de héros, crois-moi !";
"[PlayerName]!
地下の闘技場は猛者たちが戦う場所
勝利の為に 多くの者が
マダムの服の力を借りている
せめて兵士の服に
着替えてからいったらどうだ?
腕に自信があるというのであれば
これ以上 止めはしないが…";"[PlayerName]!
The coliseum is a place where warriors
test their mettle against one another.
Many there rely on Madame's finest
to eke out a victory... And you think
you can manage in THOSE digs?
Oh, please. Ha! At the very least try
changing into your Hero's Tunic!
I'd hate to see you get hurt...
Unless... Unless you actually think
you'll be fine? Well, I won't stop you.
Best of luck, boy!";"[PlayerName] ! L'arène,
c'est pas de la gnognotte !
Seuls les plus braves y vont.
Et encore, ils misent beaucoup sur
les capacités spéciales des tenues
de Madame !
Tu crois vraiment que t'as une chance
dans cet accoutrement ?

Je vais pas te mentir, si t'enfiles pas
au moins ta tunique de héros, je
donne pas cher de ta peau !
Mais si tu penses que tu peux y
arriver, je vais pas te retenir !";
"まて! [PlayerName]!!
その先は 王の間!!
王は今 姫様にかけられた呪いの事で
気を病まれている
今は そっとして差し上げるのだ!";"Stop right there,
[PlayerName]! That way is
the king's chamber!
The king is quietly mad with grief
over the curse that the princess has
fallen under...
We must give him his space, for now.";"Attends, [PlayerName] !
C'est la salle du trône, par là !

Sa Majesté le roi est bien trop blessé
par ce qui est arrivé à sa chère fille.
Je ne te permettrai pas d'entrer !";
"まずは 我々にできることをするのだ!";"In the meantime, let's you and I do
what we can!";"Concentrons-nous plutôt sur ce qu'on
peut faire pour le royaume !";
"待ちなさい そこのご婦人よ!
その先は 王の間で…";"You there! Miss, please wait!
That way is the king's...chamber...";"Attendez, madame !
C'est la salle du trône, par là...";
"ここまでよく頑張ったな

我が隊から姫を救う勇者が出るとは…
司令官としてこんなにも誇らしいことはない
心から礼を言わせてほしい…

ありがとう!
勇者 [PlayerName]よ!!";"You've done one heck of a good job
thus far, boy.

To think that the princess's saviour
came from my brigade... It is a great
honour, for a commanding officer!
I must give thanks from the bottom
of my heart.

Ahem... Thank you,
Hero [PlayerName]!";"Tu as fait preuve d'un très grand
courage, mon garçon.

C'est un honneur que le héros sur
le point de sauver la princesse fasse
partie de mon corps expéditionnaire.
J'aimerais te témoigner toute ma
reconnaissance...

Merci, Héros [PlayerName].";
"待っていたぞ!
[PlayerName]!";"A-ha! There you are,
[PlayerName]!";"Enfin te voilà,
[PlayerName] !";
"おお! よく似合っているぞ!!
まるで お前のために作られたような服だな!";"What-ho! You look quite suave, if I do
say so myself. There's no substitute
for tailor-made clothes, it's a fact.";"Oh ! Ça te va comme un gant !
C'est comme si cette tenue avait
été faite pour toi !";
"まずは
我が隊の 重要なルールを伝えておく!";"Well then, first, let me impart to you
the important rules of my brigade!";"Écoute-moi bien ! Il y a quelques
règles fondamentales à respecter !";
"魔女がいる魔境はおそろしいところだ
従って1人での調査は禁じられている!
他の勇者たちとチームを作り
必ず3人で行動するように!
そのために 最初にチームを作る必要があるが
チームの仲間は通信で募ることとなる!!";"The Drablands, which the witch calls
home, are seriously dangerous!
They're a real scary place. No joke!
For that reason, nobody's allowed
to pursue the investigation alone.

Recruits are required to form teams
of three before setting off!

So making a team is step one, and in
order to find comrades, you'll be using
wireless communication.";"Les contrées maudites où se terre la
sorcière sont très dangereuses.

Il est donc formellement interdit
de s'y aventurer seul !

Il faut absolument créer une équipe
de trois avant de partir !

Tu pourras trouver tes futurs
compagnons grâce à la
communication sans fil.";
"ローカル通信や インターネット通信
ダウンロードプレイはこの部屋で!
だが もし通信を使わず
1人修行を積みたい というのであれば…";"Local Play, Online Play and
Download Play are all accessed
within that room over there.
But if you're really determined to
go it alone, without using wireless
communication, there is a way...";"Les modes multijoueur local, en ligne
et téléchargement sont accessibles
depuis ce hall !
Si toutefois tu ne voulais pas partir
à l'aventure avec d'autres héros,
il y aurait un moyen...";
"この小さな入口に進むのだ!
ただし 魔境は危険な場所だ!!";"That way is behind that tiny doorway!
Mind you, you mustn't underestimate
the perils of the Drablands!";"Il te suffit de passer par la petite
entrée, là-bas !

Mais n'oublie pas, les contrées
maudites sont très dangereuses !";
"本来なら仲間と3人で1チームとなって
出発してほしいところだが
この先にいる案内人に従い 出発するのであれば
1人での出発を 特別に許可している!!";"For safety reasons, as a rule, I require
teams of three comrades to set out
together, but, well...
Just go through and speak to the
lobby Master. If you do as he says,
you'll be able to go alone!
... Though it is dangerous...";"Normalement, je préfère que les
équipes soient composées de trois
héros.
Mais si tu vas parler au guide qui se
trouve au-delà de cette porte et que
tu fais ce qu'il te dit...
... je te donnerai la permission de
partir seul !";
"わかったか?";"Got it, boy?";"T'as bien compris ?";
"わかった";"Got it!";"Oui, général !";
"もう一度";"Say again?";"Pas tout...";
"魔境は危険な場所だ
わかるまで 何度でも説明してやるぞ!!";"The Drablands are no picnic!
I'll keep explaining until you get it,
but you better pay attention!";"Les contrées maudites, c'est pas une
partie de plaisir !

Je répéterai mes explications jusqu'à
ce que ça rentre dans ta p'tite tête !";
"魔女討伐隊の名に恥じぬよう
引き続き 頑張るのだぞ!";"You'd better not bring shame on the
Witch-Hunting Brigade's name!
Do me proud, boy!";"Bien ! Ne fais pas honte au corps
expéditionnaire anti-sorcière auquel
tu appartiens désormais !
Allez, bon courage !";
"では [PlayerName]!
健闘を祈っているぞ!!";"Well then, [PlayerName],
I'll be praying for your safety!";"Que la victoire soit tienne,
[PlayerName] !";
"まだそんな恰好をしているのか!

マダムテーラーは街の中央広場にある
紫色の建物だ!
お前の事は連絡しておくから
早くマダムの店で身なりを整えてくるのだ!!";"Why are you still wearing that?!


I told you, talk to Madame Couture!
Purple building! Middle of town!

I've sent word, so she knows to
expect you. Go there now and have
Madame make you presentable!";"Qu'est-ce que tu fais encore dans
cette tenue ?

Va chez Madame la couturière !
C'est le bâtiment violet qui se
trouve près de la place !
Je l'ai prévenue que tu passerais la
voir, alors dépêche-toi ! Je veux que
tu reviennes avec ton uniforme !";
"[PlayerName]!
お前が無事で何よりだ!!";"O-ho, [PlayerName]!
I'm glad to see you safe and sound!";"Tu es sain et sauf, à ce que je vois,
[PlayerName] !
C'est tout ce qui compte !";
"しかし 魔境は まだまだ奥が深い!
これからも気を引き締めて行くんだぞ!!
準備を忘れずにな!!";"But you've still got a long way to go,
boy! The Drablands hold more
mysteries than you can imagine!
Well, keep up the good work, anyway.
And remember, constant vigilance!";"Tu es loin d'avoir exploré les moindres
recoins des contrées maudites !
Ne relâche jamais ta garde !";
"そういえば お前はすでに
他の隊で 魔境に出撃していたんだったな!";"Ah, yes, I remember. You've already
been to the Drablands as part of
a different unit, right?";"Ah, c'est vrai, tu es déjà parti dans
les contrées maudites avec une autre
équipe, pas vrai ?";
"まだワタシに何か用か?!";"Got something to discuss, boy?";"Qu'est-ce que tu veux ?";
"名前の変更";"Change my name!";"Changer de nom !";
"用はない";"Never mind";"Rien...";
"　　　　　　　 　　失礼

ワタシは魔女討伐隊の司令官である
オールバック卿だ!
ここに来てくれたということは
この国のことはもう知っているな!!";"I beg your pardon. I may have gotten
a little carried away there... Allow me
to introduce myself.
I am Sir Combsly, leader of the
Witch-Hunting Brigade of the
Kingdom of Hytopia!
Since you're here, I assume you've
heard about the tragedy that befell
our fair land?";"
　　　　          　Hum !

Je suis le général Gomina, je dirige
le corps expéditionnaire anti-sorcière !

J'imagine que tu sais quelle tragédie
a touché notre royaume, puisque tu es
ici, n'est-ce pas ?";
"何かあったの?";"Something wrong?";"Quelle tragédie ?";
"もちろん";"Sure did!";"Bien sûr !";
"それは頼もしい限りだ!
…しかし 今まで数多くの勇者をみてきたが
お前ほど 理想的な特徴を持つ者はいなかった…
我々は 喜んでお前を迎えるぞ!!";"That speaks well of you, my boy!
... But I have to tell you, though many
would-be heroes have signed up...
... I haven't seen anyone with
heroic features quite as pronounced
as yours.
I welcome you with open arms!";"Je m'en doutais ! J'en ai vu, des héros
venir en ces lieux, mais pas un seul ne
m'a semblé aussi valeureux que toi.
Je suis heureux que tu veuilles nous
rejoindre !";
"このドレース王国はカールキング王が治める
オシャレで平和な国だったのだ
その中でも フリル姫は ひときわオシャレで
民に愛される ファッションシンボルであった
しかし そんな輝く姿が 魔境に住む
魔女にとっては 気に入らなかったのだろう…
あろうことか姫様に呪いをかけてしまったのだ
恐ろしく残酷な服の呪いを…
さらには「オシャレをすると呪われる」と
噂が広がり この街は活気を失ってしまった…
そして 王はトーテム勇者伝説になぞらえて
この魔女討伐隊を結成されたのだ!";"The Kingdom of Hytopia was peaceful
and stylish under the wise rule of His
Curly Majesty, King Tuft.
And his daughter, Princess Styla, was
the most stylish of all. We all looked
up to her style and loved her!
But a witch hailing from the Drablands
didn't take much of a shine to her,
it would seem...
Or so we guess, since she cast a
curse on the princess! A terrible one,
a permanent wardrobe malfunction!
What's worse, everyone came to think
that they'd also be cursed if they
stayed fashionable! All joy was lost...
And so the king founded this
Witch-Hunting Brigade, styled after
the Legend of the Totem Heroes.";"Nous nous trouvons dans le royaume
d'Estoffe, un havre d'élégance et de
paix. Son souverain est le roi Frisette.
Sa fille, la princesse Mousseline, est
une jeune femme élégante adorée de
ses sujets.
Mais la sorcière qui vit dans les
contrées maudites a l'air de l'avoir
dans le collimateur.
Et elle lui a jeté un sortilège terrible...
la condamnant à porter une tenue
ridicule jusqu'à la fin de ses jours.
Depuis, le royaume entier s'est mis
à penser que les personnes élégantes
seraient punies du même châtiment.
Je te laisse imaginer l'ambiance dans
les rues de la ville...

C'est pourquoi le roi a créé le corps
expéditionnaire anti-sorcière, inspiré
de la légende des héros totem !";
"トーテム勇者伝説?";"Legend of the who?";"Une légende ?";
"なるほど";"Right-o";"Je vois...";
"…しかし
今まで 数多くの勇者をみてきたが
お前ほど 理想的な特徴を持つ者はいなかった…
我々は 喜んでお前を迎えるぞ!!";"... However.
I have to tell you, though many
would-be heroes have signed up...
... I haven't seen anyone with heroic
features quite as pronounced as yours.

I welcome you with open arms!";"J'en ai vu, des héros venir en ces
lieux, mais pas un seul ne m'a semblé
aussi valeureux que toi.
Je suis heureux que tu veuilles nous
rejoindre !";
"この国には 古から語り継がれる
トーテム勇者の伝説がある
王国に 災いふりかかりし時
3人の青年が現れ この国を救う…と
王は その伝説を信じ
この魔女討伐隊を結成されたのだ!
3人の青年には
共通の特徴があった
それが「トンガリ耳」「モミアゲ」
「九一分けの髪型」なのだ
天をあおぎし耳で
友の声をあまさず拾い
強靭なもみあげは
友を助ける命綱となり
寸分の狂いもない九一の分け目は
たしかな友情の証と言われている!
我々はその特徴を持つ青年を集め
3人一組で魔境に派遣し
魔女を倒し 姫様を救ってくれる
勇者をさがしているのだ!!";"There's a legend that's been passed
down in the kingdom for ages, one
about the Totem Heroes.
When a terrible disaster looms over
the kingdom, three young boys will
appear to save it. So people say.
But the king really believes in it,
and that's why he formed this
Witch-Hunting Brigade!
The three boys are meant to have
some features in common...

To wit! Pointy ears, sideburns, and
side-parted hair.

The ears, to help them hear their
comrades' voices.

The strong sideburns, to help their
comrades in times of trouble.

And the perfect side parting, to, err...
To be a sign of sure and unshakeable
friendship!
We've been rounding up youths who
have those features and sending them
out to the Drablands in threes.
We're hoping the heroes will appear,
defeat the witch, and save our
beloved princess!";"La légende des héros totem se
transmet dans notre royaume
depuis des temps anciens...
« Quand une catastrophe s'abattra
sur nos contrées, trois jeunes gens
apparaîtront et nous sauveront. »
Sa Majesté a pris la légende au pied
de la lettre et a donc créé le corps
expéditionnaire anti-sorcière !
Les trois garçons ont trois points
communs : des oreilles pointues,
des rouflaquettes et une raie de côté.
De leurs oreilles pointées vers le
ciel, ils entendent les cris de leurs
compagnons.
Avec leurs épaisses rouflaquettes,
ils soutiennent leurs compagnons.

Et avec leur raie de côté parfaitement
droite, ils prouvent leur amitié !

Nous rassemblons tous ceux qui ont
ces particularités et les envoyons dans
les contrées maudites par trois.
En gros, on cherche les héros qui
pourront vaincre la sorcière et délivrer
la princesse de cette malédiction !";
"…さっそく 痛い目を見てきたようだな
だから危ないと言ったんだ…
兵士の服は特別な力こそないが
今の服よりは ずいぶんマシなはずだ!
はやく マダムのところに行って
身だしなみを整えないとな!";"... Back with your tail between your
legs, boy? Didn't take very long at all!
What did I tell you? It's dangerous!
The Hero's Tunic doesn't have any
special powers, but it's still better by
miles than that thing you're wearing!
Make haste to Madame and get your
gear in order, sheesh...";"Et voilà ! J't'avais prévenu, pourtant !


La tunique de héros n'a peut-être pas
de capacité spéciale, mais elle est plus
efficace que les fripes que tu portes !
Alors tu vas te dépêcher d'aller
chez Madame la couturière et de
récupérer ton uniforme !
Et je veux pas revoir ta caboche
avant !";
"その時の戦歴を引き継ぐか?";"Do you want to carry over your
service record from your old unit?";"Tu veux récupérer ton historique de
bataille ?";
"引き継ぐ";"Carry over";"Oui";
"引き継がない";"Don't carry over";"Non";
"本当に戦歴を引き継ぐのだな?";"Are you sure you want to carry over
the record?";"Tu es vraiment sûr de vouloir le
récupérer ?";
"引き継がない";"Don't carry over";"Non...";
"引き継ぐ";"Carry over";"Oui !";
"ほぅ 志が高いことは良いことだが…
戦歴を引き継がないということは
最初から魔境での任務を
やり直すことになるが それでもいいんだな?";"Ha-ha! I understand wanting to be
judged on your own merits, but...

If you don't carry over your records,
you'll have to start your duty in the
Drablands from scratch. You sure?";"C'est noble de ta part ! Mais n'oublie
pas une chose...

Si tu ne récupères pas ton historique,
tu vas devoir recommencer toutes les
missions dans les contrées maudites.
Tu es sûr de ton choix ?";
"いいえ";"I'll reconsider";"Pas vraiment...";
"はい";"I'm sure";"Évidemment !";
"過去を引きずらず
一からスタートするその心 立派である!!
では 改めて…";"Starting again from nothing,
without relying on your past...
That's an admirable attitude!
Well, without further ado...";"Alors tu préfères prendre un nouveau
départ et oublier tes faits passés !
Admirable ! Bien...";
"ほほう…なかなかの戦歴だな!!
では 改めて…";"Ho-ho, that's quite some record!
Well, without further ado...";"Punaise, quel historique !
Bien...";
"　 　　　入隊おめでとう!";"
     Welcome to the brigade!";"
　 　　　Félicitations !";
"これからは我が隊
魔女討伐隊の一員として 頑張ってほしい!! ";"I'm hoping you'll do me proud
as an enlisted member of the
Witch-Hunting Brigade!";"Tu fais maintenant partie du corps
expéditionnaire anti-sorcière !";
"待つんだ [PlayerName]!";"Stop right there, [PlayerName]!";"On ne bouge plus,
[PlayerName] !";
"魔境は危険な場所
そんな格好では心配だ!
まずは マダムのところで
兵士の服を作ってくるのだ!";"The Drablands is scary dangerous!
You can't go there dressed like that!

Go to Madame Couture's shop
and have her make you your
Hero's Tunic!";"Les contrées maudites ne sont pas à
prendre à la légère ! Tu risques gros
à y aller dans cette tenue !
Va d'abord voir Madame et
demande-lui de te confectionner
une tunique de héros !";
"王への謁見は
兵士の服を作ってからだ!
王を待たせることなど許されんぞ!
すぐに マダムテーラーで服を作ってくるのだ!!";"You can't see the king without getting
your Hero's Tunic first!

And the king doesn't like to be
kept waiting, so you'd better hop
to Madame's shop on the double!";"Je ne te laisserai voir le roi qu'une
fois que tu auras fait confectionner
ta tunique de héros !
Ne fais pas attendre Sa Majesté !
Direction Madame la couturière !";
"何をしている [PlayerName]!
王を待たせることなど許されんぞ!
すぐに マダムテーラーで
兵士の服を作ってくるのだ!!";"What're you doing, [PlayerName]!
You can't keep the king waiting!

Run to Madame Couture's, and get her
to make you your Hero's Tunic!";"Mais qu'est-ce que tu fabriques,
[PlayerName] ?!
Ne fais pas attendre Sa Majesté !
Direction Madame la couturière et
fais-toi confectionner cette tunique
de héros une bonne fois pour toutes !";
"王がお待ちかねだ!
失礼のないようにな!!";"Mustn't keep the king waiting!
Mind your manners, boy!";"Le roi attendait ta venue !
Ne lui manque pas de respect,
ou gare à toi...";
"だが お前がクリアしたエリアは
まだ 魔境のほんの一部にすぎん!
大事なのは準備!!
これからも 準備を怠らないようにな!!";"Mind you, the area whose guardian
you have bested is but a small corner
of the Drablands!
Fashion is paramount! Don't slack off
in your pursuit of style, boy!";"La région que tu viens d'explorer n'est
qu'une infime partie des contrées
maudites.
N'oublie pas de bien te préparer avant
de partir à l'aventure. C'est vital !";
"魔女との戦いはまだ終わってないぞ!
まだまだ 何が起こるかわからない!
いざという時の為に
準備だけは怠るんじゃないぞ!";"Your fight against the witch is far
from over! No one can predict what
will happen!
To make sure you're prepared for
every eventuality, you have no choice
but to trust in fashion!";"Tu es loin d'en avoir terminé avec la
sorcière ! Et d'ici là, qui sait ce qui
peut arriver ?
C'est pour ça qu'il faut que tu sois
toujours prêt !";
"魔女との戦いはまだ終わってないぞ!
これからは より危険な任務となるだろう!!
準備を忘れず
気を引き締めてのぞんでくれ!!";"Your fight against the witch is not
over yet! Your duty is about to
get even more dangerous, boy.
Don't forget your fashion essentials,
and hope that your stitching holds!";"Ton combat contre la sorcière est loin
d'être fini !

Les missions risquent d'être encore
plus dangereuses qu'avant. Alors sois
toujours sur le qui-vive !";
"魔女とここまで
渡り合えるようになるとは…
[PlayerName]よ!
ご苦労であった!!!";"You've gotten quite far in your
pursuit of the witch.

Well done, [PlayerName]!
I salute you!";"Tu as su tenir tête à la sorcière !
[PlayerName] ! Je suis
fier de toi !";
"すべてのエリアを制覇するとは
魔女討伐隊結成以来 初の快挙である!";"You've conquered every last area!
The Witch-Hunting Brigade hasn't
seen such a deed since its inception!";"Tu as accompli toutes les missions !
Mon corps expéditionnaire n'a jamais
vu de héros aussi valeureux que toi !";
"ン?

もしやお前が手にしている
そのひときわ異彩を放つ3つの材料
それがレディグッズというものなのか?";"Hrm?


What's that you've got there, boy?
Those three conspicuously distinctive
materials there, what are they?
Wait a minute... Are those...
the Lady's materials?";"Hm ?


Qu'est-ce que tu transportes là,
mon garçon ? Ces trois matériaux...
Il ne peut s'agir que...
... du matériel de Lady !";
"マダムから話は聞いたぞ
まさかマダムと魔女が姉妹であったとはな…
さあ 早くマダムのところに行き
そのレディグッズとやらを渡してくるのだ!";"Madame's told me everything.
Her and the witch, sisters! Who'd
have thought, eh, boy?
... But this isn't the time for chit-chat!
Hop over to Madame's and give her
the Lady's materials!";"Madame m'a tout raconté.
La sorcière est donc... sa sœur !
Quelle histoire, mon garçon !
Enfin, ne perdons pas de temps.
Rends-toi chez Madame la couturière
et donne-lui le matériel de Lady !";
"しかし 姫の呪いは未だ解けていない…
我々は何か間違っていたのかもしれないな…";"But the curse is not yet lifted from the
princess... Could it be that we're doing
something wrong...?";"Mais la princesse n'est toujours pas
libérée du sortilège... On aurait oublié
quelque chose ? ";
"そういえば 最近マダムのご様子が
おかしかった気がするな…
もしかしたら何かご存じなのかもしれん…

[PlayerName]よ!
至急 マダムに事情をきいてくるのだ!!";"Hmm, thinking of it now... Madame's
been acting slightly weird lately...

Is it possible that she knows
something we don't?

[PlayerName]!
You must investigate!";"Au fait, Madame a l'air bizarre, en
ce moment... Peut-être qu'elle sait
quelque chose...
Hé, [PlayerName] !
Va la voir, compris ?";
"とくべつ任務の方も
よろしくたのんだぞ!!";"Plus! I'm counting on you with those
bonus challenges too, you know!";"Et tu n'en as pas fini avec les défis
spéciaux, alors tu t'en occupes, vu ?";
"[PlayerName]
期待しているぞ!";"I'm counting on you,
[PlayerName]!";"Je compte sur toi,
[PlayerName] !";
"またすぐにでも
魔境に向かってほしいところだが
カールキング王がお前をお呼びだ!
王から直々にお声がかかるとは
さすがだな [PlayerName]!
失礼のないようにな!!";"I'd like nothing better than for you to
head right back into the Drablands,
but...
King Tuft's asked to see you.
Getting a direct summons from
the king...
Good one, [PlayerName]!
Just mind your manners!";"J'aimerais que tu retournes aussi vite
que possible dans les contrées
maudites...
... mais le roi Frisette veut te voir
immédiatement !

C'est un grand honneur, alors surveille
tes paroles, [PlayerName] !";
"さっそく魔境に
出発してもらいたいところだが…
お前の今までの活躍を聞いた王が
どうしてもお前に会いたいとおっしゃっておる!
まずは王の間へ赴き
王のお言葉をたまわるのだ!";"I'd like nothing better than to
have you head right back into the
Drablands, but...
King Tuft's heard about your doings
and is eager to meet you!

You'll ascend to the king's chamber
and hear what he has to say!
And that's an order!";"J'voudrais t'envoyer dans les contrées
maudites tout de suite, mais le roi a
entendu parler de tes exploits...
Il exige que tu te rendes dans la salle
du trône sans plus attendre. Allez, et
me fais pas honte !";
"しかし お前はまだ兵士の服を
作っていないそうだな!
お前はすでに 王の隊のメンバーである
まずは 兵士の服を作ってくるのだ!
王への謁見は その後だ!
さあ 早くマダムのところに行ってくるのだ!!";"... Oh. I see you still haven't had your
Hero's Tunic made?!

You're part of the royal army now!
You can't go see the king without
your uniform!
Your audience is delayed. Run,
don't walk, to Madame Couture's, and
get your Hero's Tunic! Now!";"Attends, tu te fiches de moi ? T'as
toujours pas fait confectionner ta
tunique de héros ?!
Tu fais partie de mes troupes,
maintenant, un peu de sérieux !

Je te laisserai pas voir le roi tant
que t'auras pas ta tunique, alors
va voir Madame ! Au trot !";
"[PlayerName]!";"[PlayerName]!";"[PlayerName] !";
"とくべつ任務のことは 王からきいている!
実績から見ても お前にならきっとできる!
もし出発前に聞きたいことがあったら
声をかけてくれ!";"The king has told me about your
bonus challenges! Judging by your
achievements, you can handle it!
If there's anything you need to know
before setting out, just ask!";"Sa Majesté m'a parlé des défis
spéciaux ! J'ai confiance en toi,
je sais que tu peux le faire !
Si t'as besoin de conseils avant de
partir à l'aventure, hésite pas à venir
me parler !";
"とくべつ任務のこと 王から聞いている!
お前ならきっと乗り越えられるだろう!
これからは更に危険な戦いとなる!
準備を忘れずにな!";"The king has told me about your
bonus challenges! You'll be fine,
I'm sure of it!
But it's going to get even more
dangerous from here on in, so be sure
to prepare well!";"Sa Majesté m'a parlé des défis
spéciaux ! C'est rien, pour toi,
je suis sûr que tu y arriveras !
Cela dit, les combats risquent d'être
plus difficiles, alors ne néglige pas
les préparatifs avant de partir !";
"とくべつ任務のことは聞いている!
姫を助けたお前になら きっとできるだろう!!";"I heard about the bonus challenges!
You've already saved the princess, so
I guess you'll make short work of it!";"On m'a parlé des défis spéciaux !
Tu as sauvé la princesse, rien ni
personne ne pourra t'arrêter !";
"         いや できないわけがない!";"
          I'm sure of it, even!";"
　　　　　Même pas moi !";
"来たな [PlayerName]!";"You're here, [PlayerName]!
Finally!";"Te voilà, [PlayerName] !";
"どうだった?
ワタシのトーテムは?";"Well? How did you like my totem?";"Alors, tu penses quoi de mon totem ?";
"おお!!
想い出話をしている場合ではなかった!
王がお待ちだ!
お前に会うのを 楽しみにされていたぞ!!";"Ack!
But this is no time for reminiscing!

The king is waiting!
He's been wanting to see you for
a while now!";"Mais ! C'est pas le moment de parler
de ça ! Le roi t'attend et il avait l'air
excité à l'idée de te voir !";
"そういえばお前は
別の隊だったから 知らないだろうが
天空エリアの奥深くにある宝箱に
特別な材料が眠っているらしい
マダムがいうには その材料は
魔女を倒す重要なカギになるということだ
ぜひとも もう一度 神殿に行って
その材料を手に入れてきてほしい!";"Oh, hey, you've come from another
brigade so maybe you haven't heard,
but...
In the farthest, deepest reaches of
the Sky Realm, a very special
material lies in a chest.
Madame says that it holds the key to
defeating the witch!

You'll want to go to the temple again
and make sure you get it!";"Au fait, tu n'étais peut-être pas au
courant vu que tu viens d'une autre
troupe, mais...
... un matériau très particulier repose
dans le ciel.

Madame dit que ce matériau est
indispensable pour vaincre la sorcière.

Tu ferais mieux de retourner dans
le temple et de le récupérer !";
"そういえばお前は
別の隊だったから 知らないだろうが
要塞エリア 天空エリアの
奥深くにある宝箱には 特別な材料があるらしい
マダムがいうには その材料は
魔女を倒す重要なカギになるということだ
ぜひとも もう一度 神殿に行って
その材料を手に入れてきてほしい!";"Oh, hey, you've come from another
brigade so maybe you haven't heard,
but...
Deep in the Fortress and the
Sky Realm, chests containing
special materials lie in wait.
Madame says that they hold the key to
defeating the witch!

You'll want to go to the temples again
and make sure you get them!";"Au fait, tu n'étais peut-être pas au
courant vu que tu viens d'une autre
troupe, mais...
... des matériaux très particuliers
reposent au plus profond de la
forteresse et dans le ciel.
Madame dit que ces matériaux
sont indispensables pour vaincre
la sorcière.
Tu ferais mieux de retourner dans
leurs temples respectifs et de les
récupérer !";
"そういえばお前は
別の隊だったから 知らないだろうが
要塞エリア の奥深くにある宝箱には
特別な材料が眠っているらしい
マダムがいうには その材料は
魔女を倒す重要なカギになるということだ
ぜひとも もう一度 要塞に行って
その材料を手に入れてきてほしい!";"Oh, hey, you've come from another
brigade so maybe you haven't heard,
but...
In the farthest, deepest reaches of
the Fortress, a very special
material lies in a chest.
Madame says that it holds the key to
defeating the witch!

You'll want to go to the Lady's lair
again and make sure you get it!";"Au fait, tu n'étais peut-être pas au
courant vu que tu viens d'une autre
troupe, mais...
... un matériau très particulier repose
au plus profond de la forteresse.

Madame dit que ce matériau est
indispensable pour vaincre la sorcière.

Tu ferais mieux de retourner dans le
repaire de Lady et de le récupérer !";
"魔女の呪いについて
マダムは何かご存じなのかもしれん…
マダムテーラーに向かい
事情をきいてくるのだ!!";"Madame might know something more
about the witch's curse...

Go visit Madame Couture's shop
and find out what's what!";"Peut-être que Madame en saura plus
sur le sortilège qu'a lancé la sorcière...

Rends-toi chez Madame la couturière
et mène ton enquête !";
"[PlayerName]! 
なぜ まだそんな格好をしているのだ? ";"[PlayerName]!
Why in the name of all that's stylish
are you still dressed like that?!";"Hé, [PlayerName] !
Pourquoi tu te balades encore
dans cette tenue ?";
"もう例の服は作ったと聞いているぞ!

…忌まわしき呪いがとけるまであと一歩

姫を救えるのは
お前しかおらんのだ…
レディワンピとやらに
急ぎ 着替えてきてはくれないか?";"I know you've already got them made!
You know, the clothes that we were
talking about!
The time to lift that abominable curse
is close at hand...

Only you can save our princess...
*Sniffle* *sniffle*

Won't you please hurry up and put on
that Lady's Ensemble or whatever
it's called?";"Paraît que t'as enfin fait confectionner
la fameuse tenue ! Le sortilège sera
bientôt plus qu'un mauvais souvenir !
Tu es le seul qui puisse libérer la
princesse, alors va vite enfiler la
tenue de Lady, compris ?";
"さぁ 早く 姫様の下へ向かうのだ!
姫を救えるのは お前だけなのだからな!!";"Well then... Get a move on!
To the princess's side!
Only you can save her, no-one else!";"Allez, fonce ! Va vite rejoindre Son
Altesse ! Tu es le seul à pouvoir la
sauver !";
"姫を救えるのは
お前しかおらんのだ…
レディワンピとやらに
急ぎ 着替えてきてはくれないか?";"Only you can save our princess...
*Sniffle* *sniffle*

Won't you please hurry up and change
into that Lady's Ensemble or whatever
it's called?";"Tu es le seul à pouvoir libérer notre
princesse bien-aimée... Alors va vite
enfiler la tenue de Lady, compris ?!";
"待たれよ ご婦人!
その先は…";"Wait up, miss!
That's where the... Umm...";"Attendez, madame !
N'allez pas plus loin !";
"わ わたくし…アナタ様のことが心配で…";"I...I was just worried about you...";"Je... J'étais inquiète à votre sujet...";
"お お申し訳ありません…";"I'm ever so sorry...";"Je suis vraiment désolée...";
"　ご健闘を…お陰ながら…応援しております";"I wanted to cheer you on from the side...";"J'essayais de vous apporter mon soutien
dans l'ombre...";
"け けっして怪しい者では…";"I...I'm not dangerous or anything...";"Je... Vous n'avez rien à craindre de moi...";
"お[PlayerName]サマとは…";"[PlayerName]...";"Messire [PlayerName]...";
"もっと おシャレして お会いしたかったですわ";"I wish I was more presentable...";"Oh, si seulement j'étais plus présentable...";
"また おフリフリのおドレスが着たいのですわ…";"I miss my frilly dresses...";"Ma robe et ses froufrous me manquent...";
"おタイツ姿がこのようにお恥ずかしいモノとは…";"I had no idea tights would be so awful...";"Je n'imaginais pas qu'un collant puisse
être si détestable...";
"意外とお馴染んできましたわね…";"Actually, I'm getting kind of used to it...";"En fait, je crois que je finirai par m'y
habituer, à la longue...";
"と思いだしている自分が お怖いですの…";"No, no, no! What am I saying...";"Non... ! Non, non ! Mais qu'est-ce que je
raconte... ?";
"お申し訳ありません…これ以上はもう…";"Sorry, I cannot...anymore...";"Je vous demande pardon, je... Je ne peux
plus supporter les regards posés sur moi...";
"ご健闘を…お陰ながら…応援しております";"I wish you all the luck, from the sidelines...";"Je vais à présent me retirer dans l'ombre...
Mais je vous souhaite bonne chance !
Du fond du cœur...";
"ウウッ このような姿で…お失礼いたします";"I'm sorry you have to see me like this...";"Je suis navrée que vous me voyiez dans
cet accoutrement...";
"…私が おうっかりお箱をお開けてしまったせいで";"I only have my carelessness to blame...";"Je ne peux m'en prendre qu'à moi-même.
J'ai été trop insouciante...";
"多くの方々をおキケンなお目にあわせてしまって…";"I've put people through so much trouble...";"Tant de gens souffrent à cause de moi...";
"…でも また おいっぱい おシャレしたいのです";"...but I want to dress up again, like before.";"... Je désire tant retrouver mon ancienne
tenue, et que tout redevienne comme
avant.";
"…こんな姿…もうおイヤですの…";"So I beg for your help...";"Alors je vous en supplie... Aidez-moi...";
"一点のお曇りのないお言葉 お頼もしいことです";"Such purity... I feel like I can rely on you...";"Votre cœur est pur, je sais que je peux
vous faire confiance.";
"お召し物を…";"Outfits are the key...";"Les tenues sont la clé...";
"お召し物を…色々お着替えされて…";"I suggest wearing something more trendy.";"Je vous conseille de rester élégant en
toute occasion et de vous changer
régulièrement...";
"おシャレしてお出かけになるのはどうでしょう?";"You want to look your best out there.";"Vous aurez besoin de vêtements adéquats
face aux dangers qui vous guettent.";
"お…およろしく お願いいたします…";"Th-thank you ever so much...";"Merci. Merci pour tout...";
"もどった…?";"I...changed back?";"J'ai... retrouvé mes vêtements ?";
"も…";" I...";"Je...";
"　　　　　   　　お父様っ!";"
                      Father!";"
                      Père !";
"お お[PlayerName]さま…
フリルは…フリルは元の姿に戻ったのですね!";"Sir [PlayerName]!
I'm back to my old self!";"Messire [PlayerName] !
Mon héros ! Grâce à vous, je suis
de nouveau moi-même !";
"おごきげんよう
お[PlayerName]様
私のおタイツ…
お役にたっていますでしょうか?";"Thank you, [PlayerName],
For all you have done.

Those tights...
I hope they serve you well.";"Merci pour tout ce que vous avez fait,
messire [PlayerName].

Ce collant...
J'espère qu'il vous sera utile.";
"お[PlayerName]様…

お[PlayerName]様のおかげで
またオシャレできるようになりました!
街のお皆も もうおウワサにおびえず
お堂々とオシャレをお楽しめるようになったと
お大変喜んでおりました

お皆を代表して 改めて
お礼を言わせてください
お[PlayerName]様…
本当に おありがとうございました";"Sir [PlayerName]...


Thanks to you, I can dress up again!
The people can now stop fearing the
rumours and be as stylish as they like!
We're all over the moon,
[PlayerName]. Please accept
my thanks, on behalf of all of us.";"Messire [PlayerName]...


Grâce à vous, je peux de nouveau
revêtir mes plus belles toilettes !

Notre bon peuple peut désormais
cesser de craindre les rumeurs et
s'habiller comme bon lui semble !
Au nom de tout le royaume, je vous
remercie du fond du cœur.";
"お父様 ほらアレを…";"Father, if you would be so kind?";"Père, pourriez-vous m'apporter ceci ?";
"時々 あの締め付け感が
お恋しくなることがあります
今思えば おレディ様は本当に私の体に合わせて
作って下さっていたのがわかりますわ
手放すとなると…
なんだか おさみしい気もしますが
お[PlayerName]様なら
きっと大切にしてくれると信じていますわ";"Sometimes I miss the way they
squeezed me tight...

It feels somewhat bittersweet,
now that I'm parting ways with them.

But I'm sure you'll use them well,
[PlayerName].";"Parfois, j'avoue que je regrette son
effet gainant...

Mes sentiments sont mitigés, à l'heure
de m'en séparer.

Une chose est certaine, c'est que
Lady l'a confectionné avec soin.
Il m'allait à la perfection.
Enfin... Je suis sûre qu'il vous sera
utile et que vous en prendrez soin.";
"でもお父様
早くこのことを皆に…";"That sounds nice, Father, but...
Maybe we could tell everyone the
good news first...?";"Père, il est temps d'annoncer
la bonne nouvelle, n'est-ce pas ?";
"先ほどの おセレモニーの映像を
いただいたのですが 一緒にいかがですか?";"I received a video of the ceremony
earlier. Would you like to watch it
with me?";"J'ai reçu une vidéo de la cérémonie.
Voudriez-vous la regarder avec moi ?";
"見たい";"Show me!";"Avec plaisir !";
"見たくない";"No, thanks";"Plus tard, peut-être.";
"あら残念ですわ…";"Oh, that's a pity...";"Oh, quel dommage...";
"ステキですわよ お父様!
お[PlayerName]様!";"You look magnificent, father!
As do you, [PlayerName]!";"Vous avez fière allure, père !
Et vous aussi, messire
[PlayerName] !";
"おタイツから解放された あのお瞬間…
忘れられませんわ…";"I'll never forget that feeling, when
I finally took those tights off!";"Je n'oublierai jamais ce sentiment de
liberté lorsque j'ai enfin pu retirer ce
collant...";
"お父様ったら いやですわ
フフフフ…";"Oh, Father... Cut it out!
Teehee!";"Oh, père... Voulez-vous bien arrêter
cela... ? Hihihi !";
"お[PlayerName]様!
おファイトですわ!!";"[PlayerName]!
You have so much fight in you!";"Messire [PlayerName] !
Le feu de la persévérance brûle
en vous !";
"お父様!
ついに永遠のオシャレが訪れるのですわね!!";"This is a sign! It will not be long
before fashion rules eternal, Father!";"C'est un signe, père ! Notre royaume
retrouvera bientôt son élégance
légendaire !";
"私をお救いくださった
お[PlayerName]様なら
必ず お成し遂げられると
お信じておりますわ";"You have already saved me once,
[PlayerName], so I know
there is nothing you cannot do!";"Vous m'avez déjà sauvée une fois,
[PlayerName], alors je suis
sûre que rien ne vous est impossible.";
"おサラサラですわね";"Teehee! So silky smooth!";"Oh ! Quelle finesse !";
"おまぶしゅうございます";"How dazzling!";"Oh ! Quel éclat !";
"おフサフサですわね";"It's so...thick and bushy!";"Oh ! Quel foisonnement !";
"それおヒゲですの?";"Are those...whiskers?
Sir Combsly would love them!";"Oh ! Quelles... moustaches ?";
"お尖ってますわね";"All those thorns... Fascinating!";"Oh ! Que d'épines !";
"お厚いこと";"Incredibly supple, isn't it?";"Oh ! Qu'elle est charnue !";
"お[PlayerName]様!
おさすがでございます!!";"Sir [PlayerName]!
I knew you'd do it!
An extraordinary feat!";"Messire [PlayerName] !
Quelle étoffe ! Quel chic ! Quel héros !";
"お手紙かかなくっちゃ!";"Such nice paper calls for writing
a nice letter!";"Oh ! Quel drôle de papier à lettre !";
"おフリフリですわね!";"Its wings, they're so elegant!";"Oh ! Quelle fabuleuse créature !";
"服を作るなら オーダー
一覧を見るなら カタログ を選ぶだわサ";"If you want me to make something,
select "Order". If you just want to see
what's available, select "Catalogue".";"Tu peux passer commande, si tu veux.
Si tu souhaites consulter les articles
disponibles, regarde notre catalogue.";
"オーダー";"Order";"Passer commande !";
"カタログ";"Catalogue";"Catalogue";
"用はない";"Never mind";"Je ne veux rien...";
"何してんだい!
そこはフィッティングルームだわサ!
アタシの服を買ってくださった
お客様だけが着替えられる
スペシャルプレイスなんだわサ!

貴重なお客様に
変なことするんじゃないだわサ!";"What in fashion's name are you doing?
That's the fitting room, reserved for
those who have bought MY clothes!
Don't you go disturbing my precious
customer!";"Pour l'amour de la mode, mais
qu'est-ce que tu fais ?

La cabine d'essayage est réservée à
ceux qui font leurs achats dans ma
boutique, voyons !
Allez, oust ! Tu vas faire fuir ma
précieuse clientèle.";
"服を作りたいなら
オーダーを選ぶだわサ";"You want to make clothes?
Select "Order", then!";"Tu veux que je te confectionne une
tenue ? Il suffit de me demander. Ce
n'est pas compliqué, quand même !";
"オーダー";"Order";"Passer commande !";
"カタログ";"Catalogue";"Catalogue";
"用はない";"Never mind";"Je ne veux rien...";
"オシャレ　フォーエバー";"Remember, silks are a hero's best
friend!";"Souviens-toi : un héros sans soie
n'est pas un héros en soi !";
"こんなにも早く材料が揃うなんて…
さあ遠慮なくアレをオーダーするだわサ";"You seem to have got your hands on
those materials quickly.
Well go on then, order it!";"Tu as réuni les matériaux nécessaires
à la vitesse de l'éclair, dis-moi.

Eh bien alors, qu'attends-tu, mon
enfant ? Passe donc commande
à présent !";
"オーダー";"Order";"Passer commande !";
"カタログ";"Catalogue";"Catalogue";
"用はない";"Never mind";"Je ne veux rien...";
"今着ているのは[InsertMark]だね
どの服を作るだわサ?";"You're wearing the...
[InsertMark], is it?
What do you want to make?";"« [InsertMark] »... C'est le
nom de ce que tu portes en ce
moment. Que veux-tu commander ?";
"アンタの場合 まずは兵士の服だね
下から選ぶだわサ";"For a beginner like you, the
Hero's Tunic seems fitting.
Choose it from below!";"Pour un débutant comme toi,
la tunique de héros me semble
parfaitement adaptée.
Sélectionne-la donc ci-dessous !";
"コレでいいんだね?";"This is what you want, yes?";"C'est bien ce que tu souhaites,
mon enfant ?";
"はい";"Yes!";"Oui !";
"いいえ";"Actually...";"En fait...";
"材料がないことには
お話にならないだわサ";"If you don't have the correct
materials, we have nothing to discuss!";"Tatata ! Si tu n'as pas les matériaux
qu'il faut, nous n'avons rien à nous
dire !";
"…このアタシの服を値切ろうなんて
いい度胸だわサ! ビタ一文負けやしないよ!!";"Are you trying to haggle for MY
clothes? How dare you! I will not be
lowering my prices one single bit!";"Tu n'espères tout de même pas que je
vais te faire un prix ? Nous ne sommes
pas au marché aux puces ici, voyons !";
"いつまでそんな アレな恰好してるつもりだい?
何事もまずはオシャレからだわサ
ウチの服は アタシメイドの特別製
すぐにウチの服がほしくなるだわサ";"How much longer are you planning to
wear that hideous outfit for? Do me a
favour and sort your style out!
This is a place where people come to
buy MY outfits, made specially by ME.
Try one on, and you'll want them all!";"Allons, mon enfant, quand vas-tu
enfin te débarrasser de ces affreuses
guenilles ? C'est d'un mauvais goût !
Pourquoi n'essaierais-tu pas une de
mes tenues ? Les essayer, c'est les
adopter. Il ne peut en être autrement.";
"ちょっと待ってな
とっておきのを作ってやるだわサ";"Wait there. I'll make you one you'll
never forget!";"Donne-moi un instant. Je vais te
confectionner une tenue qui restera
dans les annales.";
"アンタのおかげで
この街にもオシャレの風が戻ってきただわサ
それで…";"The winds of fashion are once again
blowing through this town! How ironic
that we have YOU to thank for this...";"Ah, le vent de l'élégance souffle à
nouveau dans notre ville ! Dire que
c'est à toi que nous le devons...
Tu es un héros de la mode. Ironique,
quand on pense que tu étais loin
d'être un héraut du style à ton arrivée.";
"オシャレに悩むのも また青春だわサ";"Take your time!
As a girl I used to spend so much time
picking out what to wear.";"Prends ton temps ! Personnellement,
je me lève chaque jour aux aurores
pour pouvoir choisir ma tenue.
Comme ça, en me dépêchant, j'arrive
à la boutique en milieu d'après-midi.";
"このイモくさいのが勇者だって?";"This oaf's a hero, you say?";"Ce freluquet qui ne saurait même pas
choisir une culotte... Un héros ?";
"うん?";"Hm?";"Hmm ?";
"耳にオシャレもクソもないだわサ
どうせそいつもニセモノだわサ?";"Don't be ridiculous, ears are ears.
There's no fashion to EARS.
Just another fake, if you ask me.";"Ridicule ! Les oreilles ne sont pas des
accessoires de mode, voyons. À moins
qu'elles ne soient fausses...
Mais dans ce cas, quel mauvais goût,
mes aïeux, quel mauvais goût !";
"おかげでまったく服が売れないのだわサ
今もフィッティングに1人お客様がいるだけ…";"Thanks to this nonsense, no one's
buying my clothes. Just the one
customer in the fitting room. ONE!";"À cause de toutes ces sornettes, les
clients désertent ma boutique.

Il n'y a qu'une acheteuse en ce
moment. D'habitude, on se bouscule
devant la cabine d'essayage. ";
"とにかく!
姫様の呪いを何とかしないといけないんだわサ 
魔女を倒してくれる本物の勇者なら
アタシも協力はおしまないんだわサ";"Anyway! To put an end to this
debacle, something's got to be done
about the princess's curse!
If you're really a hero and you're
going to defeat that witch for me,
I don't mind helping out.";"C'en est trop ! Il faut stopper cette
farce, et mettre un terme à ce
sortilège qui frappe la princesse !
Toi, le héros ! Si ton but est vraiment
de vaincre cette maudite sorcière,
je suis prête à t'aider.";
"アタシは まだアンタが
本物の勇者だと信じちゃいないよ
まずはオールバック卿に
アイサツしてくるだわサ
あの男 司令官だけあって目は確かだからね
ニセモノだったらすぐに追い返されるだわサ";"I'm not convinced you're a real hero
yet. I say, why don't you go and talk
to Sir Combsly?
He'll be able to tell if you're a fraud
or not!";"J'avoue que j'ai encore du mal à croire
que tu es un héros... Il faudrait que tu
ailles voir le général Gomina.
Lui saura nous dire si tu es un héros
ou un imposteur !";
"アンタのおかげで完売だよ
サンキュー ベリー マッチ! だわサ";"Everything's sold out!
Thanks to you, boy!";"J'ai tout vendu ! Et c'est grâce à toi,
mon enfant !";
"アンタみたいな
アレなセンスの男がねぇ…
ン?

アレ?

そのアレな服…

ああ 弟子が言ってた勇者ってのは
アンタのことだったのかい?
弟子はもう
お城にいっちゃっただわサ
それにしても
どうだいこのありさま";"I'm more than a little dubious.
I mean... With THAT fashion sense?

Wait... Those clothes...


Don't tell me...YOU're the hero my
apprentice was yapping about?

If you came looking for him, he's gone
to the castle now. But good heavens!
What is this world coming to?";"Enfin, ne le prends pas mal, mais j'ai
rarement vu un héros aussi dénué
de style...
C'est donc toi le sauveur dont mon
écervelé d'assistant n'arrête pas de
me rebattre les oreilles ?
En parlant de ce simple d'esprit,
si c'est lui que tu cherches, tu le
trouveras au château.
Quel manque de goût, je n'en reviens
toujours pas. Mais où va le monde, on
se le demande !";
"アンタみたいな
アレなセンスの男がねぇ…";"Someone with such clothes... Hmph!
It can't be right...";"Ces vêtements... Non, non, il y a
quelque chose qui cloche...";
"こんなところで
何をグズグズしてるんだわサ
さっさと姫様んとこに向かうだわサ
後はその服が アンタを導いてくれるはずだわサ";"What are you doing, still hanging
around?

Go see the princess, chop-chop!
The outfit will lead the way!";"Mais que fais-tu encore ici ?


Allez, oust ! Va voir la princesse !
Ta tenue te mènera à elle !";
"こんなところで
何をグズグズしてるんだわサ
さっさとレディワンピに着替えて
姫様んとこに向かうだわサ
後はレディワンピが
アンタを導いてくれるはずだわサ";"What are you doing, still hanging
around?

Change into the Lady's Ensemble and
go see the princess!

The Lady's Ensemble will lead
the way.";"Mais que fais-tu encore ici ?


Enfile la tenue de Lady et fonce voir
la princesse. Tes vêtements te
mèneront à elle.";
"なんだい とうとうアレを作る日が来たと思って
こっちもドキドキしてるんだわサ
どんな事情があるか知らないけど
準備ができたなら
さっさとレディワンピを
オーダーするだわサ";"For crying out loud, are you trying
to waste my time? I know you've got
the materials to make it!
So just hurry up and order the
Lady's Ensemble, won't you?";"Miséricorde, tu cherches à me rendre
chèvre, ou quoi ? Je sais que tu as
tout ce qu'il faut !
Alors maintenant, commande la tenue
de Lady, et plus vite que ça...";
"「姫様が呪われたのは オシャレしてるからだ!」
なんてデマまで流れて
アタシの服がまるで売れないのだわサ
今もフィッティングに1人お客様がいるだけ…
こうなったのもみんな
アイツのせいだよ…";""Oh, the princess was cursed because
she's so stylish!"
UTTER DRIVEL.
This foolishness is affecting my
business! Just one customer in the
fitting rooms! ONE!
This is all because of that...";"« Ouin, la princesse a été maudite
parce qu'elle était trop stylée ! »


                BALIVERNES !

Toutes ces sottises vont ruiner mon
commerce. Une seule cliente devant
la cabine... Une seule !
Et tout ça à cause de cette...";
"　　 　 　あのくされ魔女め!";"
               Rotten witch!";"
     ... sorcière de pacotille !";
"　　　　　　　　　　…

アタシとしたことが 興奮してしまっただわサ
魔女とはちょっと縁があってね…
だから 魔女を倒してくれるってゆーなら
アタシも協力はおしまないのだわサ
ウチの服は アタシメイドの特別製
そんじょそこらの服とは違うだわサ
材料とお金さえあれば
とっておきの服を作ってやるだわサ";"...


Sorry, I lost my temper there.
You see, me and the witch go back...

So I'm willing to help anyone who'll
defeat her for me. My outfits are
special, they're unlike any other.
Bring me Rupees and materials, and
I'll show you what a master tailor
can do!";"...


Pardon, J'ai perdu mon calme. Mais
vois-tu, cette sorcière et moi, c'est
une vieille histoire...
Bref, je suis prête à aider quiconque
se dressera contre elle. Mes tenues
sont uniques dans leur genre.
Apporte-moi l'argent et les matériaux,
et je te montrerai ce dont la reine
des ciseaux est capable !";
"ちゃんと着替えられたようだね
まぁまぁ 似合ってるじゃないか";"See? You know how to wear clothes
when you want to. Not bad, not bad
at all.";"Tu vois ? Toi aussi, tu peux avoir l'air
élégant quand tu veux. Pas mal, pas
mal du tout.";
"   　　　　   さすがアタシ!!";"
                I'm a genius!";"
          Ah, je suis géniale !";
"これからも着替える時は
そのフィッティングルームを使うだわサ";"From now, if you want to get changed,
use the fitting room. Understood?";"À partir de maintenant, si tu veux
te changer, va dans la cabine
d'essayage. D'accord ?";
"お客さん
そんなウワサはデマだわサ!
遠慮なく 沢山買っとくれ!";"Don't listen to such nonsense!
None of it's true!
Less yapping, more shopping!";"Quand une langue fourchue rencontre
des oreilles pointues... Allons, ne
prête pas attention à ces divagations !
Concentre-toi plutôt sur tes achats...";
"　　　　　なんだいアンタは!";"
              Who are you?!";"
               Qui es-tu ?!";
"ここは世界のシャレ人が集まる場所
マダムテーラーなんだわサ!";"This is Madame Couture's,
where only the most stylish of
the stylish gather!";"On m'appelle Madame, et tu es ici
chez Madame la couturière, ma
boutique.
Seules les personnes les plus stylées
sont communément admises en ce
lieu !";
"ファンタスティック　オシャレ!";"Stay fresh, boy!";"Du style, mon enfant. Du style !";
"ネバーエンディング　オシャレ!";"Maybe something with wool next time?";"Souviens-toi : pour des aventures de
longue haleine, pense à la laine.";
"トップ　オブ　オシャレ!";"Don't get comp-lace-nt, boy!
Hehe.";"Souviens-toi : il n'y a pas d'issue sans
un bon tissu !";
"ン?
アンタが新しい勇者だって?";"Hm?
YOU'RE the latest hero?";"Hmm ? Alors c'est ÇA, le dernier héros
arrivé en ville ?";
"それで結果はどうだったんだい?";"So? How did it go?";"Alors ? Quelles sont les nouvelles ?";
"…アンタみたいなアレなのが
勇者とはねぇ
でもあの男が認めたってなら
間違いはないだわサ";"So you're a hero after all? HA!
Imagine that!

I guess the commander knows
his business... Well, good for him.";"Toi ? Un héros ? HA !
On aura tout vu !

Enfin, si le général le dit, ça doit être
vrai...";
"ああ さっきの連絡は
アンタのことだったんだね
それにしても…";"You must be the one the commander
sent word about. I have to say...";"Tu dois être celui dont le général
m'a parlé. Je dois dire que...";
"実は魔女は…レディは
アタシの姉さんなんだわサ
アタシ達の一族は 生まれた時から
不思議なオシャレ力があってね
アタシの作る服に特別な力が宿るのも
そのせいなんだわサ
でも レディはその力におぼれてしまっただわサ
だから呪いなんてバカなことを…
みんなの手前アタシも協力してるけど
あんなのでもレディはやっぱりアタシの姉
レディを倒そうとしてる討伐隊に手を貸すのは
本当は気のりしてないだわサ…
きっとレディがあんなことしたのにも
何か理由があるんだわサ";"So here's the truth...


The witch...the Lady... She's actually
my older sister. Fashion magic runs in
our family, you understand.
That's why the outfits I make contain
mystical powers. The Lady's quite the
stylist too, though her ideas are...
...a tad...particular, shall we say.


But at some point, she got all
power-hungry and went a little
off the rails...
What was she thinking, placing that
wretched curse?! 

Anyway, I feel a bit bad about helping
to hunt the Lady down... She's still my
sister... But what else can I do?
Maybe there's a reason behind all of
this. I don't believe Lady would do this
just to be spiteful...";"Très bien, voici le fin mot de
l'histoire...

En fait, la sorcière... Enfin, Lady
Satyne... C'est ma grande sœur.
Elle est styliste, comme moi.
Nous descendons toutes deux d'une
famille dotée de pouvoirs magiques...

... et nous sommes capables
d'enchanter les vêtements.

Mais voilà : ma sœur s'est laissé
griser par son don et elle a choisi
de l'utiliser à des fins malveillantes...
Ce qui explique ce maudit sortilège...


Bien sûr, venir en aide au corps
expéditionnaire anti-sorcière me pose
des problèmes de conscience...
Mais je n'ai pas le choix. Je suis
certaine qu'il y a une raison derrière
les agissements de ma sœur...
J'ai du mal à imaginer qu'elle puisse
être aussi méchante...";
"わかった";"I see";"Je vois...";
"もいっかい";"One more time";"Pardon, vous disiez ?";
"だからアタシは レディを救ってくれる
勇者をずっと探してたんだわサ
レディグッズを手に入れたアンタになら
アレを教えても良さそうだわサね
その名も…";"I've been looking for a hero to save
the Lady for a good long time now...

Now that you have a Lady's material,
maybe it's high time I told you about
that thing.
I mean...";"Ça fait longtemps que j'attends ce
moment où un héros se présentera
pour sauver Lady.
Maintenant que tu es en possession
d'une partie de son matériel, il faut
que je te parle de ceci...
Il s'agit de...";
"　　　　 　　レディワンピ!";"
        The Lady's Ensemble!";"
       ... la tenue de Lady !";
"この服を身につけ姫のもとへ行けば
呪いがとけるはず…
そうすれば
レディをたおす必要はなくなるだわサ";"If you put it on and go to the princess,
you should be able to lift the curse.

Maybe then, the Lady will be able
to finally find some peace...";"Si tu l'enfiles et que tu vas voir la
princesse, ça devrait dissiper le
sortilège.
Et peut-être qu'alors, Lady Satyne
reviendra à la raison et arrêtera
ses sottises.";
"レディワンピの材料は
希少すぎてあきらめてたんだわサ
でもアンタなら…";"The materials for the Lady's Ensemble
are so rare, I'd given up finding them.

But you... Perhaps you will be able to
find them.";"La tenue de Lady nécessite des
matériaux si rares que j'ai abandonné
l'idée de les trouver un jour.
Mais toi... Peut-être que toi, tu seras
capable de les dégoter.";
"なんだい…けっこう真剣に話してたのに
聞いてなかったのかい?";"I told you something I've never told
anyone before, and you WEREN'T
LISTENING?";"Je t'ouvre mon cœur en te confiant un
secret de famille bouleversant, et toi
tu ne m'écoutes même pas ?!";
"けっこう…
ああ了解ってことだね
あいまいな返事するんじゃないだわサ

レディワンピの材料は
希少すぎてあきらめてたんだわサ
でもアンタなら…";""No"? You mean yes, right?
You need to stop mumbling, boy.

The materials for the Lady's Ensemble
are so rare, I'd given up finding them.

But you... You might have more luck.";"Non ? Ça veut dire oui, non ? Arrête
de parler dans tes rouflaquettes,
mon enfant.
La tenue de Lady nécessite des
matériaux si rares que j'ai abandonné
l'idée de les trouver un jour.
Mais toi... Peut-être que toi, tu seras
capable de les dégoter.";
"そのためならアタシも
できる限りのサポートはするだわサ
レディのこと
頼まれてくれるかい?";"So I'll do my best to help you out
in any way I can. You'll help the Lady
for me, won't you?";"Alors je vais faire de mon mieux pour
t'aider. Tu vas sauver Lady pour moi,
n'est-ce pas ?";
"わかった";"Of course!";"Évidemment !";
"けっこうです";"No...?";"Non...";
"まあ 魔女は…レディって名でね
実はアタシの姉さんなんだわサ
みんなの手前 討伐隊に協力してるけど
どうにかしてレディを救ってあげたいんだわサ";"Well, the witch... She's called
the Lady, and she's actually my
older sister. 
I'm helping out with the witch hunt
to keep up appearances, but I don't
want the Lady to suffer...";"En fait, la sorcière... Enfin, Lady
Satyne... C'est ma grande sœur.

Je viens en aide au corps
expéditionnaire anti-sorcière
pour sauver les apparences...
... mais au fond de moi, j'espère de
tout cœur pouvoir la sauver d'elle-
même.";
"　　　　　　　　　…で";"It's...";"Et voilà le...";
"　　　　  　できただわサ!!!";"
                 COMPLETE!";"
             ... TRAVAIL !";
"これで姫の呪いも解けるはずだわサ
さあ 早くこの服を着てみるだわサ!";"Now this will break that wretched
curse! Hurry up and put it on!";"Voilà, ça devrait permettre de briser
ce maudit sortilège ! Allez, enfile-moi
cette tenue, mon enfant !";
"エクセレント　マダム!
カンペキな仕上がりだわサ!!
…なにボーっとしてんだい
さっさとフィッティングで着替えてくるだわサ";"Madame Couture, you've done it
again! It's perfect, down to the last
detail!
Well? What are you waiting for?
Get changed!";"Ah là là, je me suis encore surpassée
cette fois ! Regarde-moi ce souci du
détail, ce niveau de finition...
Eh bien ? Qu'est-ce que tu attends ?
Va vite te changer !";
"さあ 作りたい服をえらぶだわサ";"Choose the outfit you want to make.";"Choisis une tenue.";
"ン?
それよりもアンタの持ってるソレ!
ソレだよ ソレ!!!";"Hm? What's that you've got there?
THAT thing!
Let me look at it!";"Hmm ? Qu'est-ce que tu as là ?
OH ! Où as-tu trouvé ça ?! Laisse-moi
regarder ! S'agirait-il...";
"ってことはアンタ…
あの デカいのを倒したのかい?
実は魔女は…
ああ 長くなるけどアタシの話聞きたいかい?";"Good heavens, does this mean you
defeated that enormous thing?

I need to tell you something about
the witch... This might be a little long,
but will you listen?";"Juste ciel... Mais alors, tu as réussi à
terrasser cette énorme bestiole ?

Bon, il faut que je te dise quelque
chose au sujet de la sorcière...
C'est une longue histoire...
Tu veux l'entendre ?";
"聞きたい";"Go on then";"Bien sûr !";
"やめとく";"Cut to the chase";"La version courte ?";
"いらっしゃ…

あぁ… アンタかい

オールバック卿から聞いてるだわサ
イイ感じなんだって?";"Welco-


Oh, it's just you.


I heard from Sir Combsly.
Things are going well, I take it?";"Bienvenue !
Entrez, entrez, cher cli...

Oh, ce n'est que toi.


Le général Gomina m'a dit que tout se
passait pour le mieux... C'est vrai ?";
"そうかい…
レディにお灸をすえてくれたんだね
アンタには感謝してるだわサ
悪気があろうがなかろうが
今回に関しては全部レディのせいだからね
さあ最後の大仕事が残ってるだわサ
アレをオーダーするだわサ!!!";"Taught the Lady a lesson, did you?
I'm grateful for your help.

Whatever her intentions were, this
mess is all her doing.
Now, one last job to do!
Hurry up and order it!";"Tu as donné une bonne leçon à Lady,
n'est-ce pas, mon enfant ?
Je te remercie pour ton aide.
Quelles que soient ses intentions,
c'est à elle que nous devons cette
situation chaotique.
Bien ! Il ne te reste plus qu'à
commander la tenue !";
"　　　　 　　　まさかっ!!!";"
                Could it be?!";"
               Incroyable !";
"ん?

んん?";"Hm?
...

Hmmm?";"Hmm... ?


Hmmmm... ?";
"　　　　　　　んんんっ!!!";"
                  HMMMMM?";"
                HMMMMM ?";
"　　  全部集めてきたのかいっ!!!";"
        You got EVERYTHING?";"
Tu as TOUT CE QU'IL FAUT ?!";
"そうそう カタログに服を追加しといただわサ
どんな時もオシャレ心を忘れるんじゃないよ";"I've added some new outfits to the
catalogue. Remember, always keep
up with the latest trends.";"J'ai ajouté quelques tenues au
catalogue.

Et souviens-toi : l'élégance, toujours.
Où que tu sois et quoi qu'il en coûte !";
"ン?
それ…";"Hm?
Is that...";"Hmm ?
S'agirait-il...";
" 　     レディグッズじゃないか!";"
 One of the Lady's materials!";"
     ... du matériel de Lady ?";
"ちゃんと着替えられたようだわサね";"Good. It seems to fit fine.";"Bien. Les mesures semblent correctes.";
"でも まさか本当に このワンピに
袖を通す勇者が現れるとは…
しかも その着こなし…";"I never thought I'd see the day
when a hero would actually wear
this outfit...
And my goodness...";"Je ne pensais pas avoir un jour la
chance de voir un héros porter cette
tenue...
Juste ciel...";
" パーフェクトエレガント! だわサ!!";"
            It looks fabulous!";"
           C'est splendide !";
"あのアレだったアンタがねぇ…

さぁ 準備は整っただわサ
その服を着て すぐに姫様んとこに向かうだわサ
あとはそのワンピが
すべて導いてくれるだわサ";"And to think, you used to be so...erm.


Anyway. Now that you're all set,
wear that outfit and head straight to
the princess.
That outfit will surely lead the way!";"Ça fait une sacrée différence... Enfin,
je veux dire... Tu étais si...

Bref. À présent, rends-toi chez la
princesse dans cette tenue. Ces habits
te mèneront sûrement à bon port.";
"　　　　　　グッドラック!!!";"
                Good Luck!!!";"
             Bonne chance !";
"今は売れる服はないんだわサ
新しい服を考えとくからまたくるだわサ";"I don't have anything to sell you right
now. I'm bound to think of something
new soon, though, so come back later.";"Je n'ai rien à te vendre pour le
moment. Mais l'inspiration va finir par
me revenir, alors repasse plus tard.";
"レディワンピが作れる日も
そう遠くないかもしれないねぇ
残りのレディグッズも
よろしくたのむだわサ";"At this rate, I'll be able to make the
Lady's Ensemble pretty soon.

We'll need all the Lady's materials
for that, though. I trust I can count
on you in that regard, boy?";"À ce rythme-là, je vais bientôt pouvoir
te confectionner la tenue de Lady.

Mais pour ça, il nous faut rassembler
tout son matériel. Je peux compter
sur toi, mon garçon ?";
"こんにちは～
私 トリップさん
この国で～
いつの間に通信をONにしていると～
なにかイイことあるって聞いたので～
トリップしに来たのです～";"Oh, uh, hello, little dude!
The name's The Great Tripini.
Peeps call me, um...Trip, though.
I heard that in this kingdom, ah...
If you enable SpotPass, yeah?
Some cool stuff can, er, happen...
So I came to, um, check it out, 
you feel me?";"Hé, pzzzt, le héros. Ohé !
Zalut, moi ze zuis Tripini le Grand.

Mais bon, les zens m'appellent Trip,
ze zais pas pourquoi.

Z'ai entendu dire que zi tu activais
SpotPass, y pourrait ze pazzer un truc
zympa !";
"いつの間に通信って?";"What's a SpotPass?";"SpotPass ?";
"へぇ～";"I feel you";"C'est noté !";
"いつの間に通信は～
タイトル画面の設定から～";"SpotPass? It's, um, ah... You go to
the title screen, then, um, Settings,
and then you can turn it, uh...";"SpotPass ? Ben, euh... Z'est un truc,
tu vas zur l'écran titre, puis dans les
paramètres, et tu l'actives, quoi.";
"                         ON!!";"
                         ON!";"
                     ZOUF !";
"できるんです～
ご存じでした～?";"... You get it, yeah...?";"... Comme za. Vu ?";
"いつか一緒にトリップしたいですね～";"Let's, uh, visit the Drablands together
sometime, yeah?";"Bon, faudra qu'on... ben, qu'on vizite
les contrées maudites enzemble une
fois, d'accord ?";
"魔境へのトリップ
エンジョイされていますか～?
それよりも～ 新しい魔境のエリアが～
発見されたみたいですね～
トリップしてみたいですよね～?";"Been, er...enjoyin' your time
in the Drablands?

Ooh, hey, uh... Have you heard?
They found a new area there... I bet
you're, um, itching to explore it, right?";"Alors, za te plaît d'explorer les
contrées maudites ?

Oh, hé, au fait... T'as entendu ?
Y z'ont trouvé une nouvelle rézion à
explorer là-bas !
Z'parie que za te démanze d'aller y
faire un tour, z'ai pas raizon ?";
"トリップする";"I wanna go!";"Oh, oui !";
"あとで";"Maybe later";"Plus tard, peut-être.";
"あら～
ご興味ない～?
でも 発見された新しいエリアって～
どんな感じなんでしょ～ね～
あんなことや～
こんなことも～ あるってききましたよ～
ワクワクですね～
ドキドキですね～
トリップしたくなったら
また声かけてくださいね～";"Oh, you're not too, uh, fussed
about it, are you?

Me, I'm, uh, curious... What kinda area
is it, you know? Has it got this, or
is it more like, um...that?
I'm kinda excited...
It's pretty, um...thrilling?

Well, if you wanna take a trip, just...
er... Just talk to ol' Trip, yeah?";"Oh, ze vois... Za te botte pas pluz que
za, alors ?

Moi, ze zuis du zenre curieux, tu vois.
Ze veux zavoir ze que z'est, ze nouvel
endroit.
Z'est comme zi, ou z'est comme za ?
Z'est za la queztion.
Ouais, ze zuis tout exzité.
Bon, ben... Zi tu veux y faire un tour,
tu viens m'voir. Za marsse ?";
"あ～ ゆうしゃ様だ～

魔境へのトリップ
エンジョイされていますか～
エンジョイされてますよね～?

なんでも新しい魔境のエリアが
発見されたみたいですよ～ ご存じでした～?";"Hey, hero dude... Howdy!


Been, er...enjoyin' your adventures
in the Drablands?

It looks like they've, ah...discovered
a new, um...area there somewhere...
Have you heard?";"Hé, zalut, héros... Za va ?


Alors, za te plaît d'explorer les
contrées maudites ?

Z'ai entendu dire qu'y z'avaient
découvert une nouvelle rézion.
Za alors ! Tu le zavais ?";
"知らない";"No clue";"Tu me l'apprends...";
"知ってる";"Yeah, I know";"Oui, je savais !";
"ゆうしゃ様でも～
ご存じないことあるんですね～
それにしても 発見された新しいエリアって～
どんな感じなんでしょ～ね～
あんなことや～
こんなことも～ あるってききましたよ～
ワクワクですね～
ドキドキですね～";"Uh-huh, so not even the little, ah,
hero dude knows, eh?

I'm, uh, really curious... What kinda
area is it, you know? Is it like this,
or is it more like, um...that?
I'm kinda excited...
It's pretty, um...thrilling.";"Oooh... Ze croyais que les zhéros
zavaient tout zur tout.

Moi, ze zuis du zenre curieux, tu vois.
Ze veux zavoir ze que z'est, ze nouvel
endroit.
Z'est comme zi, ou z'est comme za ?
Z'est za, la queztion.
Ouais, ze zuis tout exzité.";
"さすが ゆうしゃ様～

発見された新しいエリアって～
どんな感じなんでしょ～ね～
あんなことや～
こんなことも～ あるってききましたよ～
ワクワクですね～
ドキドキですね～";"I knew you'd know, bud!
I was just, um, testing you...

I'm kinda curious, myself... I heard
it's got, uhh... I hear it's got a bit of
this, and a little of, ah...that...
I'm kinda excited...
It's pretty, um...thrilling.";"Bien zûr, tu zais !


Moi ze zuis curieux, quand même...
Paraît qu'on y trouve un peu de zezi,
un peu de zela. Et tout et tout...
Ze zuis zurexzité...";
"新しい魔境に行くのには
お金かかっちゃうんですけど
更新データは無料みたいなんで～
ダウンロードしちゃいますか～?";"You'll have to pay to, ah...access the
new areas...

On the other hand, the latest update
is free, so... You, uh, you wanna
download that update, buddy?";"Pour avoir aczès aux nouvelles
rézions, faudra mettre la main au
porte-monnaie.
Par contre, la mize à zour, z'est
gratuit, alors... on la téléssarze
zette dernière mize à zour ?";
"お願い";"Yes please!";"Volontiers !";
"あとで";"Maybe later";"Plus tard.";
"追加コンテンツを購入するためには
更新データをダウンロードする必要があります";"You must download the latest update
before purchasing add-on content.";"Vous devez télécharger la dernière
mise à jour pour pouvoir acheter
du contenu additionnel.";
"あれ～ ゆうしゃ様～

まだ新しい魔境にトリップするための
更新データがないみたいですよ～";"Oh, hey, hero-buddy...


Looks like you haven't, uh...got the
latest update yet... You'll need it to
go to the new areas in the Drablands.";"Hé, dis, le héros...


On dirait que t'as pas encore fait la
dernière mize à zour...

Pour explorer les nouvelles rézions
dans les contrées maudites, z'est
zuste ezzenziel.";
"りょ～か～い

ゲームを終了して
ニンテンドーeショップにトリップしますね～
その前にセーブしますけど いいですか～?";"Gooootcha, bud...


Then I'll, um, close your game and
take you to Nintendo eShop.

I'll save your game before we go,
buddy. Is that, ah, okay with you?";"Rezu zinq zur zinq (ouh, z'est dur à
dire, za) !

Alors, ze vais devoir te faire quitter
la partie pour aczéder au Nintendo
eShop.
Mais razzure-toi, ze vais zauvegarder
avant. Alors, za te va ?";
"はい";"Proceed";"Ça marche !";
"いいえ";"Cancel";"Pas question !";
"じゃあニンテンドーeショップに
トリ～ップ!!!";"Okay then... Lemme take you to
Nintendo eShop... Let's roll!";"Za roule... En avant pour le Nintendo
eShop... Et zouf !";
"りょ～か～い
気が向いたら声かけてくださいね～";"Right on, little hero buddy.
I'll just, ah, hang around here then,
shall I? Such nice weather here...";"Za alors... Bon, ze rezte izi comme
za tu zais où me trouver zi zamais
tu sanzes d'avis, d'accord ?";
"なんだ～
もう新しい魔境の情報お持ちなんですね～
いつか私も行きたいですね～

時々は～ ミーバースもみてますので～
時々は～ 魔境の画像あげてくださいよ～
エンジョイトリップ!
エンジョイ 魔境!";"Oh, what...? Looks like you, um...
You've already got the newest
Drablands data, bud...
I wish I could go, too...


In the meantime, I, uh... I'll hang out
on Miiverse, so, ah... Post me some
Drablands snaps, will ya, buddy...?
Enjoy life!
Enjoy the Drablands!";"Oh, z'y crois pas... On dirait que...
ben, que tu as dézà les dernières
données sur les contrées maudites...
Moi, z'aimerais tellement y aller...


Mais en attendant, ben, ze, euh...
ze traîne zur Miiverse, alors voilà...

Zi tu pouvais publier quelques photos
des contrées maudites pour moi, ze
zerait zympa.
Et comme ze dit touzours: la vie z'est
zuper ! Les contrées maudites, z'est
zénial !";
"最初に発見された魔境エリアの情報は
お持ちなんですね～
でも今度発見されたエリアも
なかなかのトリップ具合らしいですよ～
私が～トリップのお手伝いするので～
新しいエリアも買っちゃいますか～?";"Okay, let's get real now. A new area of
the Drablands is now available for
purchase from Nintendo eShop.
Would you like to go to Nintendo
eShop to get more information?";"Bon, za va être dur, mais ze vais
ezzayer de parler correctement. Z'ai
un truc important à te dire... Ahem...
Une nouvelle région des contrées
maudites est disponible à l'achat
dans le Nintendo eShop.
Veux-tu accéder au Nintendo eShop
pour en savoir plus ?";
"はい";"Go to eShop";"Accéder à l'eShop";
"いいえ";"No thanks";"Non, merci...";
"新しく発見された魔境エリアの情報は
お持ちなんですね～
でも以前発見されたエリアも
なかなかのトリップ具合らしいですよ～
私が～トリップのお手伝いするので～
新しいエリアも買っちゃいますか～?";"Okay, let's get real now. There's one
more area of the Drablands available
for purchase from Nintendo eShop.
Would you like to go to Nintendo
eShop to get more information?";"Bon, za va être dur, mais ze vais
ezzayer de parler correctement. Z'ai
un truc important à te dire... Ahem...
Une nouvelle région des contrées
maudites est disponible à l'achat
dans le Nintendo eShop.
Veux-tu accéder au Nintendo eShop
pour en savoir plus ?";
"はい";"Go to eShop";"Accéder à l'eShop";
"いいえ";"No thanks";"Non, merci...";
"新しく発見された魔境エリア
なかなかのトリップ具合らしいですよ～
私が～トリップのお手伝いするので～
新しいエリア 買っちゃいますか～?";"Okay, let's get real now. New areas of
the Drablands are now available for
purchase from Nintendo eShop.
Would you like to go to Nintendo
eShop to get more information?";"Bon, za va être dur, mais ze vais
ezzayer de parler correctement. Z'ai
un truc important à te dire... Ahem...
De nouvelles régions des contrées
maudites sont disponibles à l'achat
dans le Nintendo eShop.
Veux-tu accéder au Nintendo eShop
pour en savoir plus ?";
"はい";"Go to eShop";"Accéder à l'eShop";
"いいえ";"No thanks";"Non, merci...";
"追加コンテンツを遊ぶためには
更新データが必要です
ソフトを終了し ニンテンドーeショップで
更新データをダウンロードしますか?";"To play the add-on content, a
software update is required. Close
the software and download the latest
update from Nintendo eShop?";"Pour utiliser le contenu additionnel,
vous devez mettre à jour le logiciel.
Quitter le logiciel et télécharger la
dernière mise à jour dans le
Nintendo eShop ?";
"いいえ";"Don't download";"Non";
"はい";"Download";"Oui";
"セーブしないと～
eショップにはトリップできないんですよ～
気が向いたら～
また声かけてくださいね～";"You can't go to Nintendo eShop
if you don't, ah, save first, buddy.

Well, let ol' Trip know when you
change your mind, all right?";"Mais non, za va pas du tout. Pour
aczéder au Nintendo eShop, il faut
d'abord zauvegarder.
Bon, z'ai pas toute la zournée,
alors dis-moi quand tu zeras prêt,
d'accord ?";
"ニイチャン…
いいブツ持ってるって顔だな";"I know that cheeky look.
You've got something good, ain't ya?";"Aah, je connais ce regard. Laisse-moi
deviner... Tu as quelque chose à me
vendre, n'est-ce pas ?";
"買い取って";"Take a look!";"Oui, regarde !";
"なんでもない";"Forget it";"Non, j'ai rien...";
"売りたいブツを選びな";"Which one do you want to sell?";"Alors, qu'as-tu à me proposer ?";
"ソイツは[InsertMark]だ
[Number of Number]持っているみたいだが
いくらあっても損はないぜ…へへっ
大特価 [Number of Rupee]だ!";"Ah, [InsertMark]?
Looks like you've got [Number], but you
can never have enough of these.
At [Number of Rupee], it's a bargain!";"Ça, c'est [InsertMark].
J'en ai à la maison, et c'est simple,
je ne peux plus m'en passer.
On dirait que tu en as déjà [Number],
mais on ne s'en lasse pas, pas vrai ?
Et pour [Number of Rupee], c'est donné !";
"買います!";"I'll buy it!";"J'achète !";
"ことわる";"No thanks";"Non, merci...";
"ウチのはまごうことなき 本物の魔境のブツだ!
値切ろうたってそうはいかねぇよ!";"I only sell genuine, top-quality stuff
from the Drablands. I can't go giving
people discounts.";"Je ne vends que des objets
authentiques et de première qualité
en provenance des contrées maudites.
Alors tu comprends, je ne peux pas
me permettre de faire des ristournes.";
"へへ また頼むぜ";"Thanks! Drop by again sometime.";"Merci ! J'espère te revoir bientôt !";
"ソイツは[InsertMark]だな
ソレなら[Number of Rupee]で買い取るぜ どうだい?";"Hmm...[InsertMark]?
I can give you [Number of Rupee].
Whaddya say?";"Ça, c'est [InsertMark],
ou je ne m'y connais pas...
Je t'en donne [Number of Rupee]. Ça te va ?";
"ソイツはもう売り切れだよ 
明日また来るんだな 上等なの仕入とくからよ";"That's already sold out.
Come back tomorrow. We'll be getting
a grade A stock of new ones.";"Je n'en ai plus en stock, hélas. Mais
reviens demain. On devrait m'en livrer,
et de la meilleure qualité qui soit !";
"機嫌がいいから 今日はいつもの2倍の値段で
買い取るぜ 売りたいブツはなんだい?";"I'm in a good mood today, so I'll buy
your stuff at twice the price.
What do you wanna sell?";"Je suis de bonne humeur aujourd'hui,
alors je t'achète tout au double du
prix habituel. Que veux-tu vendre ?";
"おいちゃん 今朝
青い鳥ってやつを見たんだ!";"Guess what? I saw one of them blue
birds this morning!";"Tu sais quoi ? J'ai vu un de ces
jolis oiseaux bleus, ce matin !";
"おいちゃん さっきウワサの黒い幽霊ってのを
見かけた気がするんだ";"I swear I just saw that black ghost
that they're all talkin' about...";"Tu sais, le fantôme noir dont tout le
monde parle... Eh bien, je viens juste
je l'apercevoir... Je t'assure !";
"おぅ いらっしゃい
その姿 ニイチャン勇者サマだろ?
ん…?
でもどこかで見たことあるような…";"Hey there.
You must be a hero, amirite?
I feel like I've seen you before...";"Salutations, l'ami. Tu es un héros,
n'est-ce pas ? J'ai l'impression de
t'avoir déjà vu quelque part...";
"まぁいいや おいちゃんは
さすらいの露天商
材料で困ったことがあれば 立ち寄ってくれや
いいモンそろえてるからさ　";"Anyway, I'm a wandering street
merchant. Stop by if you ever need
materials. I have a great collection.";"Mais passons... Je suis un vendeur
de rue. Arrête-toi à mon étal si tu as
besoin de quelque chose.
J'ai une large sélection d'articles de
tout premier choix.";
"おっ 近くで見ると
またオツな感じだな
その服で世の野郎どもを
しっかり応援してやってくれや
で いいブツは手に入ったのかい?";"You like cheerin' people on? That's
awesome. We could all use some nice
cheer.
Good stuff.
Speaking of good stuff, you got any?";"Mais comme tu es mignon dans cette
tenue ! Tu cherches à encourager tes
compagnons ? Héhé.
C'est bien vu, c'est bien vu ! Mais
parlons affaires... Tu as quelque chose
à me proposer ?";
"へへっ
そのうち 欲しくなるだろうよ";"All right then.
You'll want it soon enough.";"Aucun problème. Tu finiras bien par
en avoir besoin.";
"ここだけの話なんだが
ブツの入手もけっこう大変なんだ
ニイチャンも いいブツが入ったら
おいちゃんにまわしてくれないか?
もちろんタダとはいわねぇよ
ニイチャンにとっても 悪い話じゃないだろ?
へへっ　いいブツが入ったら
またこうやって話しかけてくれよ";"I'm gonna be honest with ya. Getting
ahold of goods is pretty tough.

So if you get your hands on something
good, do me a favour and bring it to
me, won't ya?
I'll give you good Rupees, it'll be a fair
deal. Let me know, all right?";"Pour te dire la vérité, c'est dur de se
constituer un stock de marchandises
potable par les temps qui courent.
Alors, si jamais tu trouves un truc dont
tu voudrais te débarrasser, passe me
voir, d'accord ?
Je t'en proposerai un excellent prix,
tu ne le regretteras pas. Promets-moi
d'y penser !";
"ソイツは[InsertMark] だ
おっ もう[Number of Number]持ってるみたいだな
さほど珍しいもんじゃないし 
 [Number of Rupee]でいいぜ! どうだい?";"That's [InsertMark].
Looks like you've got [Number] already.
It's a good one, but not that rare...
How does [Number of Rupee] sound?";"C'est [InsertMark].
On dirait que tu en as déjà [Number]... ?

C'est un bon article, mais pas si rare
que ça... Disons [Number of Rupee] ?";
"買います!";"I'll buy it!";"Je prends !";
"ことわる";"No thanks";"Je passe !";
"ソイツは[InsertMark] 珍しいブツだろ?
[Number of Number]持っているみたいだが まだ買うかい?
通常1万ルピーのところ 今なら[Number of Rupee]!
へへっ 格安だろ? 買ってくれるよな?";"That would be [InsertMark].
Pretty rare, right? You've got [Number],
but how about another?
Normally it's ten grand, but for you,
I'll take it down to [Number of Rupee].
It's a great chance, you gonna take it?";"Hmm, [InsertMark] ?
Excellent choix, excellent !

C'est plutôt rare, tu sais ? Bon, tu en
possèdes déjà [Number], mais on n'en a
jamais assez, héhé.
Normalement, ça coûte facile
10 000 rubis, mais je te fais un
prix d'ami... Disons [Number] ?";
"買います!";"I'll buy it!";"Ça me va !";
"ことわる";"No thanks";"Non, merci !";
"ソイツは[InsertMark]
入手困難の超レアもんだぜ!
なのにもう [Number of Number]持ってるとは 驚きだな!
大変だっただろう? でもあの苦労が
たった[Number of Rupee]で手に入るぜ! どうだい?";"Oooh, [InsertMark]!
It's extremely rare, you won't find it
easily!
And you've got [Number]! Impressive stuff.
Must've been tough, huh?

Of course, you could save yourself
the effort and pay [Number of Rupee],
instead! Whaddya say?";"Ce que tu vois là, mon bonhomme,
c'est [InsertMark]...

Très rare. On n'en trouve pas à
chaque coin de rue, crois-moi !

Oh, mais tu en as déjà [Number] !
Impressionnant ! Tu as dû te
démener pour dégoter ça !
Que dirais-tu d'étoffer ta collection
pour seulement [Number of Rupee] ?";
"買います!";"I'll buy it!";"Ça m'intéresse !";
"ことわる";"No thanks";"Non, merci...";
"おっ またソイツが目にとまったみたいだな?
それは[InsertMark]
知ってのとおり
ウチでしか手に入らない貴重なブツだぜ!
[Number of Number]持っているみたいだが
も1つどうだい? 値段はたったの[Number of Rupee]!";"I see [InsertMark]'s caught
your eye again, hasn't it? .
You know you can only get it here.
Looks like you already have [Number],
but how about another? 
Only [Number of Rupee]!";"Alors ça, mon ami, c'est
[InsertMark]...

Tu ne trouveras cette merveille qu'ici,
figure-toi ! Hmm, je vois que tu en as
déjà [Number]...
Mais que dirais-tu d'en acheter
encore ? D'autant que ça ne coûte
que [Number of Rupee] !";
"買います!";"I'll buy it!";"J'achète !";
"ことわる";"No thanks";"Sans façon...";
"まあいいさ そのうち売りたくなるだろうよ
おいちゃんはいつでも待ってるからよ ";"Fair enough. Let me know if you
change your mind. I'll be here waiting.";"Bon, très bien. Si tu changes d'avis,
je ne bouge pas d'ici.";
"[InsertMark]だったら いつでも買い取るぜ
手に入ったら また声かけてくれや";"I'd buy [InsertMark] off you
any day. Let me know when you get
some you wanna sell.";"Ah oui, [InsertMark],
ça m'intéresse ! Si tu en trouves,
je t'achète ça les yeux fermés !";
"へへっ
また　ごひいきに～";"Pleasure doing business with ya!";"C'est un plaisir de faire affaire avec
toi !";
"[InsertMark]かぁ…魔女のブツは
ブッソウすぎてウチでは扱ってねぇんだ";"Hmm...[InsertMark]?
Witch materials are bad news, it's my
policy not to buy or sell them.";"Oh, [InsertMark] ?!
C'est un truc de sorcière, ça !
Moi, j'y touche pas !";
"いらっしゃい! ねーちゃんベッピンさんだから
おいちゃん お安くしちゃおうっかな!";"Hey, welcome! I gotta say, that outfit
is making me feel extra cheerful.
Tell you what - have a discount!";"Mais quelle jolie petite fille que voilà !
Ça mérite bien un rabais !";
"なんだよ よく見たら
勇者のニイチャン じゃねーか…
ウワサにはきいてたが
それがチアリーダーな服かい?
へぇ～ けっこうイイじゃねぇか

そんな格好で応援された日には
野郎どもも 頑張らずにはいられねーだろうな";"Hang on, what am I saying, that's bad
business practice. But hey, is that the
Cheer Outfit I've been hearing about?
Sweet! People must be busting their
backsides for a chance to be cheered
on by those outfits.";"Ah non, attends... C'est la fameuse
tenue pom-pom, pas vrai ? J'en ai
entendu parler.
Plutôt sympa. Qui ne rêverait pas de
porter cette tenue pour se donner
du cœur à l'ouvrage ?";
"ソイツは[InsertMark]だ
今は 持っていないみたいだな
まぁ よくあるブツだし[Number of Rupee]でいいぜ
格安だよ? どうだい?";"Ah, [InsertMark].
You don't have any right now.

It's a pretty common material... I'll
let you have it for [Number of Rupee].
Sound good?";"Oui, oui, je vois... On serait intéressé
par [InsertMark] ?
Comme je te comprends !
Surtout que tu n'en possèdes pas
encore. Bon, c'est plutôt commun...
Je cède ça pour [Number of Rupee]. Ça te va ?";
"買います!";"I'll buy it!";"Vendu !";
"ことわる";"No thanks";"Non, merci...";
"ソイツは[InsertMark]
持っていないようだし 1つどうだい?
珍しいもんじゃないし
[Number of Rupee]でいいぜ";"That's [InsertMark].
Doesn't look like you've got any,
but I imagine you want one?
It's not all that rare or anything, so
I'll give it to you for [Number of Rupee].";"C'est [InsertMark]
d'une qualité à nulle autre pareille !
Tu n'en as pas encore, je me trompe ?
C'est un objet assez courant, donc
je t'en demanderai seulement
[Number of Rupee]. Qu'en dis-tu ?";
"買います!";"I'll buy it!";"Tope là !";
"ことわる";"No thanks";"Non, merci...";
"ソイツは[InsertMark]だ
まだ持ってないようだが そりゃそうだ
けっこうレアなシロモノだからな
格安の[Number of Rupee]でどうだ? へへっ";"That would be [InsertMark].
It doesn't look like you've got one,
and quite rightly so - it's pretty rare.
I'll sell it to you for the low, low price
of [Number of Rupee]. Whaddya say?";"Tout bon aventurier se doit d'avoir
[InsertMark] dans son
inventaire. C'est vital.
Oh, mais on dirait que tu n'en
possèdes pas... Pas étonnant,
vu la rareté de l'objet.
Cela dit, puisque c'est toi, je te fais
un tout petit prix... [Number of Rupee], héhé.
Intéressé ?";
"買います!";"I'll buy it!";"Carrément !";
"ことわる";"No thanks";"Pas vraiment, non...";
"ソイツは[InsertMark]だ
入手困難な超レアもんだぜ!
さすがにニイチャンでも持ってねぇみたいだな
さあ どうする? 今だけ特別[Number of Rupee]!";"Oooh, [InsertMark]!
It's extremely rare, you won't find it
easily!
Even you don't seem to have any.
So how about it? At the special price
of [Number of Rupee] - now only!";"Tu peux me croire, s'il te faut
[InsertMark],
tu devrais pas hésiter !
Une qualité pareille, ça ne se trouve
pas tous les jours. Et c'est pas cher,
en plus : [Number of Rupee] ! Alors ?";
"買います!";"I'll buy it!";"Je prends !";
"ことわる";"No thanks";"Sans moi...";
"おっ ソイツに目がとまるとは さすがだねぇ
それは[InsertMark]
ウチでしか扱ってない貴重なブツなんだぜ
しかもコレでしか作れない服もあるんだ
まだ持っていないみたいだし
買うなら今だよ! 今!
超お値打ち [Number of Rupee]だ
値は張るが それだけの価値はあるぜ";"Fancy [InsertMark]?
You've got a good eye. That's a rare
material that can only be found here.
Some outfits can't be made without it.
Now's the time to buy it, I'd say!

And with a massive discount, it's
just [Number of Rupee]! I promise you
it's worth every Rupee. ";"La première fois que j'ai vu
[InsertMark], je me rappelle
que j'avais le même regard que toi !
Ce matériau est indispensable à la
confection de certaines tenues. Et
tu n'as pas l'air d'en avoir...
C'est rare. Très rare. Rarissime ! Alors,
saute sur l'occasion ! [Number of Rupee], et ça
les vaut, crois-moi !";
"買います!";"I'll buy it!";"J'achète !";
"ことわる";"No thanks";"Non, merci...";
"おっと そいつは
いつの間に通信の常連客専用の棚なんだ
いつの間に通信をONにしてもらえたら
ニイチャンにも材料 ながしてやってもいいぜ";"Oh, that shelf's only for our regular
SpotPass customers.

If you switch SpotPass on, I'll let you
take a look too.";"Ah, cette offre est réservée à mes
clients SpotPass.

Si tu actives SpotPass, tu pourras en
profiter aussi.";
"いつの間に通信?";"SpotPass?";"SpotPass ?";
"へぇ～";"I see!";"Je vois !";
"いつの間に通信ってのはな

このゲームに関するお得情報を
いつの間にか送ってくれる通信のことだ
タイトル画面の設定でONできるんだ

よかったら ちょいっとONにしてもらえたら
おいちゃんも 嬉しいんだけどなぁ";"Okay, let me tell you about SpotPass.


SpotPass is a service that you can
enable to receive news updates with
special information about this game.
You can switch it on from the Settings,
which you can access from the title
screen. Take a look. Make me happy.";"Oui, oui. SpotPass.


Grâce à cette fonction, tu peux
recevoir des mises à jour contenant
des informations spéciales sur ce jeu.
Tu peux l'activer dans les paramètres
accessibles depuis l'écran titre si tu
veux. C'est toi qui vois !";
"ニイチャンにも 常連さんになってもらえたら
おいちゃん 嬉しいんだけどなぁ";"It would make my day if you became
a regular customer too!";"N'hésite pas ! Je serais ravi d'avoir un
nouveau client régulier !";
"おっ ニイチャン
[InsertMark]がほしいのかい?";"Hey there.
You want [InsertMark]?";"Bonjour ! Oui, mon petit monsieur,
c'est [InsertMark]...
et de premier choix ! Alors, intéressé ?";
"ソイツがあれば[InsertMark]が
作れるようになるみたいだな";"Looks like you'll be able to make
the [InsertMark] if you get that.";"Avec ça tu pourrais créer l'ensemble
qu'on appelle « [InsertMark] ».";
"…で
今日のお目当ては何だい?";"So...
What are ya looking for today?";"Alors... Qu'est-ce qui te ferait plaisir
aujourd'hui ?";
"でも ソイツは明日には無くなっちまうぜ
さあニイチャン! [Number of Rupee]でどうだい?";"You won't find that here tomorrow!
Just [Number of Rupee], and it's yours!
Well?";"Saisis ta chance, demain il n'y en aura
plus ! Je te vends ça pour [Number of Rupee].
Ça t'intéresse ?";
"買います!";"I'll buy it!";"Marché conclu !";
"ことわる";"No thanks";"Non, merci...";
"上等なブツじゃないか
ヘヘッ ありがとよ
それで他にも何か
売ってくれるのかい?";"That's a fine item - nice one.
Anything else you wanna sell me?";"Très bel article, en effet, héhé. Tu
souhaites me vendre autre chose ?";
"ソイツさえあれば 服が作れるってのに…
ニイチャンも頑張るねぇ";"Even though you'd be able to make
that outfit? You like doing things the
hard way, I guess.";"Alors que c'est tout ce qui te manque
pour confectionner une tenue... C'est
bien dommage.";
"へへっ まいど
ニイチャン 今日はラッキーだったな";"Thanks!
Today was your lucky day.";"Merci ! C'est ton jour de chance
aujourd'hui, aucun doute. Et le
mien aussi, héhéhé...";
"おいおい こんなチャンスはもうないぜ
早いとこルピー集めてくるんだな";"You aren't gonna get a chance like this
again! Go get some Rupees, quick!";"Tu ne trouveras peut-être plus jamais
une occasion pareille ! Va chercher
des rubis, puis reviens me voir ! Vite !";
"おいおい ソイツは大事なブツじゃないのか?
そんなのおいちゃん買い取れねぇよ…";"Hey, isn't that an important material?
Can't buy it, won't buy it. Sorry. We'd
both get in trouble if I did.";"Hé, c'est un matériau important ! Non,
je ne peux pas t'acheter ça. Ça nous
attirerait des ennuis à tous les deux.";
"ソイツは[InsertMark]だが…
ニイチャンもう手持ちがいっぱいみたいだな
そんなにソイツはいらねーだろ
勇者様ってのも 意外と欲張りなんだな";"The [InsertMark]? Um.
You can't possibly need that many,
can ya? You're overloaded as it is...";"Comment ? Tu veux acheter
[InsertMark] ?

Mais tu en as déjà des tonnes !
C'est un peu excessif, non ?";
"正体不明のブツは
さすがにお断りだぜ";"If you don't know what that is, then
I'm definitely not gonna buy it.";"Comment veux-tu que je revende
un truc si je ne sais même pas ce
que c'est ?";
"って その姿…
魔女討伐隊の制服でしょ?";"I know that outfit. You're one of them
witch-hunting guys, aren't ya?";"Je connais cette tenue. T'es un
de ces p'tits gars qui chassent
la sorcière, pas vrai ?";
"じゃあ もう魔境にも?";"So you been to the Drablands, too?";"Alors t'as déjà été dans les contrées
maudites, j'parie ?";
"　　　  　スーパー シビレるね!";"
                       NICE!";"
                   DINGUE !";
"オレっちのミーバース写真館へようこそ
今日もファニーにいこうぜ?";"Welcome to my Miiverse Gallery.
Pretty swaggy, dontcha think?";"Bienvenue dans la galerie Miiverse.
Plutôt classieux, hein ?";
"アルバム編集";"Edit album";"Modifier l'album";
"投稿";"Post";"Publier un message";
"コミュニティ";"Community";"Voir la communauté";
"用はない";"Never mind";"J'ai besoin de rien !";
"ただ ちょっとファニーでオールドだから
1コース1枚しか保存できないんだけど
写真の整理やミーバースへアクセスしたい時は
オレっちが ちょちょいとアレンジするからさ";"It's a tad old-fashioned, so you can
only save one photo per level.

If you want to organise your pictures
or go to Miiverse, just gimme a shout.";"L'appareil est pas tout neuf, alors on
peut sauvegarder qu'une photo par
niveau.
Si tu veux mettre de l'ordre dans tes
photos ou accéder à Miiverse, tu
m'fais signe, ça roule ?";
"勇者クンにも消したい過去があるんだな…
どの写真を消しちゃう?";"Ah, a memory you want to erase?
I feel ya, pal.
Which photo do you wanna get rid of?";"Ah, un mauvais souvenir à effacer,
peut-être ? De quelle photo veux-tu
te débarrasser, dis-moi ?";
"ホントにこの写真 消しちゃう?";"You absolutely sure about this?";"T'as bien réfléchi, au moins ?";
"いいえ";"Maybe not";"On garde !";
"はい";"Delete";"On efface !";
"勇者クンにも消したい過去があるんだな…
どの写真を消しちゃう?";"Ah, a memory you want to erase?
I feel ya, pal.
Which photo do you wanna get rid of?";"Ah, un mauvais souvenir à effacer,
peut-être ? Je sais c'que c'est. Alors,
de quelle photo on se débarrasse ?";
"削除中です";"
                     Deleting...";"
                   Effacement...";
"まだやっちゃう?";"Anything else?";"Quoi d'autre ?";
"アルバム編集";"Edit album";"Modifier l'album";
"投稿";"Post";"Publier un message";
"コミュニティ";"Community";"Voir la communauté";
"用はない";"Never mind";"J'ai besoin de rien !";
"シーユー ファニー";"Swaggadelic, man! Yeah!";"Reviens m'voir quand tu veux,
mon gars !";
"ゲームを一時的に中断しちゃうことに
なるけどいいかな?";"This will temporarily stop your game.
You OK with that?";"Ta partie va être interrompue un p'tit
instant. Ça te va ?";
"はい";"Yup";"D'accord !";
"いいえ";"No!";"Non !";
"手描き投稿だったら
ファニーなハンコも使えちゃうよ!";"You can use stamps for hand-drawn
posts. They're pretty rad.";"Tu peux utiliser les tampons dans les
messages que tu écris avec tes p'tites
mimines. Ça déchire, non ?";
"せっかくだから
勇者クンの写真も投稿しちゃう?";"Since you're here, wanna post one of
your pics?";"Puisque t'es là, tu veux pas aussi
publier une photo ?";
"写真つき";"Include a photo";"Si, bonne idée !";
"写真なし";"Don't include photo";"Non, pas de photo...";
"やめる";"Cancel";"Annuler";
"どの写真にしとく?";"Which photo will it be?";"Ça marche. Laquelle on prend ?";
"ホントにこの写真を投稿しちゃう?";"You sure about this?";"Cette photo, sûr ?";
"いいえ";"Actually...";"Pas vraiment...";
"はい";"Yes!";"Ouaip !";
"投稿する写真を選んでね";"Choose a photo to post!";"Choisis la photo à publier !";
"ハンコもじゃんじゃん使っちゃってよ
服のハンコは服を作ると使えるようになるよ!";"Go crazy with the stamps!
You'll get more stamps when you
get more outfits made.";"Les tampons, c'est le dernier truc à
la mode ! T'en reçois quand tu te fais
faire de nouvelles tenues !";
"まずは想い出づくりからだね

魔境で
想い出は自分で作るもんなのさ
服を作ったら その服のハンコも
使えるようになるからさ またヨロシクね!";"You gotta start by making some
memories.

Press  in the Drablands.
Capture precious moments with your
own hands, pal.
Oh, and remember, when you make
outfits, you'll get the corresponding
stamps too!";"Faut commencer par prendre des
photos. C'est la base.

Appuie sur  dans les contrées
maudites pour immortaliser tes
exploits.
Oh, et quand tu te fais faire
une nouvelle tenue, tu reçois le
tampon correspondant. Penses-y !";
"オレっちのファニーでクールな
ミーバース写真館へようこそ";"Welcome to my super cool
Miiverse Gallery.";"Bienvenue dans ma galerie Miiverse
top super classe.";
"その姿…";"You look...";"T'as l'air carrément...";
"　　　　　 　　シビレルね!";"
                TOP-NOTCH!";"
　　　　　　... AU POIL !";
"ウワサは聞いてるよ
魔境で活躍してるんだって?";"I'm hearing stories about you.
Stories about you kicking all kinds of
tail over in the Drablands.";"Les gens parlent de toi, tu sais ?
On dit que t'es un bon p'tit héros qui
parcourt les contrées maudites...";
"魔境ってファニーなんでしょ?

魔境の写真 ミーバースにアップしてくれたら
みんな超くいついちゃうよ";"Are the Drablands really as drab as
they say they are?

Post some pics to Miiverse, pal.
The people will go wild!";"Dis, entre nous, les contrées maudites
sont vraiment aussi maudites qu'on le
prétend ?
Publie des photos sur Miiverse, mon
gars. Les gens raffolent de ce genre
de témoignages !";
"えっ? カメラ持ってない?
イイよイイよ じゃあオレっちの使ってよ";"What's that? You don't have a
camera? That's fine, you can use
mine!";"Hein ? T'as pas d'appareil photo ?
Pas de souci, va, utilise le mien !";
"では 改めてっと…";"So, let's try that again shall we?";"Bien, trêve de blabla...";
"何だか 超ご活躍なんだって?";"You're the man of the hour, pal!";"On parle que d'toi en ville en
c'moment, mon gars !";
"　　　超スーパーシビレルね!";"
                GOOD STUFF!";"
        TROP DE LA BALLE !";
"ウワサの勇者クンが
ミーバースに遊びに来てくれたら
みんな超盛り上がっちゃうよ!
…それでは 改めてっと";"Ooh, the folks at Miiverse would go
mental if the hero of the hour paid
a visit!
Anyway, let's get started.";"Ouah, tes fans sur Miiverse vont être
tout fous quand ils apprendront que
leur héros favori y a fait un tour.
Mais bon, pour ça, faut d'abord se
mettre au boulot.";
"　　　 インターネットに接続中です…";"
        Connecting to the Internet...";"
　　　　Connexion à Internet...";
"　  ミーバースの使用が 保護者の方により
              制限されているようです";"       The use of Miiverse has been
      restricted by Parental Controls.";" L'utilisation de Miiverse est restreinte
　　　　par le contrôle parental.";
"    ミーバースへの投稿が　保護者の方により
              制限されているようです";"       Posting to Miiverse has been
     restricted by Parental Controls.";"　　La publication de messages sur
 　　Miiverse est restreinte par le
　　　　　contrôle parental.";
"じゃあ コミュニティに飛ぶよ～
エンジョイ ミーバース!";"Right, time to jump to Community
then! Have fun on Miiverse!";"Bien, direction la communauté !
Amuse-toi bien sur Miiverse !";
"…フム
問題ないで ありマス!
中に入り オールバック卿の
指示に従うで ありマス!";"Everything is in order!
Please proceed inside and see
the commander for orders!";"Bon, tout me semble en ordre !
Adresse-toi au général Gomina à
l'intérieur et suis ses instructions !";
"ここは おひとりさま専用ロビー
まねビトと共に魔境へ出発できるで ありマス!";"This lobby is for solitary players.
You can depart for the Drablands
accompanied by doppels!";"Ce hall est réservé aux héros solitaires.


De là, tu peux partir pour les contrées
maudites accompagné par des pantins.";
"勇者候補殿で ありマスね? ";"You're hoping to be a hero, I assume?";"Un nouveau candidat en quête de
gloire, je présume ?";
"ここは通信専用ロビー
他の勇者殿と共に魔境に出発できるで ありマス";"This lobby is for wireless play.
You can depart for the Drablands
accompanied by other heroes!";"Ce hall est dédié aux expéditions via
la communication sans fil.

De là, tu peux partir pour les contrées
maudites en compagnie d'autres
héros.";
"この先はカールキング王の部屋で ありマス!";"King Tuft's chambers lie
beyond this point!";"Ces escaliers mènent à la salle
du trône !";
"この先は 地下闘技場で ありマス!
勇者殿達が技を競い合う場で ありマス!";"The underground coliseum lies beyond
this point! There, prospective heroes
can battle one another!";"Par là, on accède à l'arène !
C'est un lieu où les héros peuvent
s'affronter !";
"ここは闘技場専用ロビーで ありマス!
通信で対戦相手を探せるで ありマス!";"This lobby is for the coliseum!
You can search for opponents through
wireless communication!";"Tu te trouves dans le hall de l'arène !


Tu pourras y chercher des
adversaires par le biais de
la communication sans fil !";
"オッと! 
どこに行かれるで ありマスか?";"Ten-hut!
And where might you be going?";"Halte-là ! Où penses-tu aller comme
ça ?";
"自分は今 大事なお役目中で ありマス
街の入口を守ることが自分のお役目でありマス!";"I am on an assignment of the
utmost importance! That assignment is
to guard the town gates!";"J'ai été affecté à un poste d'une
importance capitale ! C'est moi
qui garde les portes de la ville !";
"この街から出たいで ありマスか?";"Do you want to leave the town?";"Tu veux quitter la ville, peut-être ?";
"はい";"I do want to leave";"Oui !";
"いいえ";"It's okay, I'll stay";"Pas pour le moment.";
"街を守ることが 自分のお役目で ありマス!
不審者はアリ一匹通さないで ありマス!
… …
… …
アリは不審者ではなかったで ありマス!";"My assignment is to guard the town
gates from suspicious elements!
Not even an ant can slip through!
...
...
...
Okay, this particular ant can come in.
I have identified it as non-suspicious!";"Ma mission est de veiller à ce
qu'aucun individu suspect ne
franchisse les portes de la ville !
Même une fourmi ne pourrait
échapper à ma vigilance !

...


Tiens, tu vois cette fourmi, là ?
Elle m'a l'air inoffensive...
Elle peut passer !";
"ゲームをやめることになるで ありマスが
本当に良いで ありマスか?";"Doing so will quit the game!
Are you sure you want to leave?";"Si tu franchis ces portes, tu quitteras
la partie ! Alors, tu es sûr de toi ?";
"いいえ";"I'll stay";"Non, je reste ici.";
"はい";"I'd like to leave";"Oui, je m'en vais.";
"おお勇者殿!!
良いところにで ありマス!!";"Oh, Mr Hero, Sir!
It is good to see you!";"Oh, sieur héros ! C'est un plaisir !";
"おお勇者殿 このご婦人が幽霊が出たと
騒ぐので来てみたで ありマスが…";"Mr Hero, this good woman has been
making a ruckus about a ghost she saw
so I came to investigate, but...";"Tu sais, il y a une dame, fort
sympathique au demeurant...

... qui nous fait tout un foin au sujet
d'un fantôme qu'elle aurait aperçu.
Je suis venu enquêter, mais voilà...";
"幽霊よりも…

ご婦人の歯についている
青ノリが自分はすごく気になるで ありマス!";"Well... I don't know about ghosts...


...but the good woman has some
spinach stuck between her teeth, and
it's really setting me on edge!";"Enfin... Les fantômes, moi, j'en ai
jamais vu...

Et entre nous, ce qui m'a surtout
embêté dans cette histoire...

... c'est le bout de persil que la dame
avait coincé entre les dents.";
"待つで ありマス!";"Please wait!";"Halte-là !";
"討伐隊に入るには
トーテム勇者である条件
「髪型」「モミアゲ」「耳の形」を
満たしている者だけで ありマス!";"The Witch-Hunting Brigade is not open
to just anyone! You have to meet the
requirements!
You can only sign up if you match the
hairstyle, sideburn and ear-pointiness
criteria for being a Totem Hero!";"Il faut respecter certains critères pour
ne serait-ce qu'espérer y être admis !

Seules les personnes arborant une
coupe de cheveux adéquate, des
rouflaquettes aux normes...
... et des oreilles pointues
réglementaires peuvent aspirer
à devenir des héros totem !";
"自分は今 大事なお役目中 でありマス
城門を守ることが自分のお役目で ありマス!
トーテム勇者の特徴を持つ者は
通してよいと命をうけているで ありマス!";"I am on an assignment of the
utmost importance! That assignment is
to guard the castle gates!
My orders are to only let through
those who fulfil the criteria for being
a Totem Hero.";"J'ai été affecté à un poste d'une
importance capitale ! C'est moi
qui garde les portes du château !
J'ai pour ordre de ne laisser passer
que ceux qui répondent aux critères
des héros totem.";
"キミは気にせず
入ってヨシで ありマス!";"You may pass!";"Fais pas attention à lui.
Allez, tu peux entrer !";
"じ 自分は今 大事なお役目中で ありマして…
お話とは何で ありマしょうか?";"I-I-I am on an assignment of the
utmost importance... Um. Did you
want to talk to me about something?";"J'ai... J'ai été affecté à un poste d'une
importance capitale, vous savez !
Alors, hem... Il vaut mieux...
Enfin, que vouliez-vous me dire ?";
"じ 自分のお役目は
城門を守ること でありマして…
こ 個人的な依頼は
こ 困るで ありマス!!";"M-my assignment is to guard the
castle gates...

I c-cannot comply with personal
requests!";"J'ai... J'ai pour ordre de garder les
portes de la ville...

Je... Je ne peux pas me permettre
d'accepter des requêtes personnelles.";
"…
…";"... I don't know what you're talking about...";"...";
"ウワサには聞いているで ありマス!";"Yes ma'am, I have heard rumours!";"Oui, ma... madame ! J'ai entendu
parler de cette histoire !";
"じ 実は…お役目が終わったら
彼女と幽霊探しデートの予定で ありマして!
幽霊がでたら一緒にを押そうねと
いうことになっているで ありマス!!";"Uh, well... I was already planning to
go on a ghost-hunting date with my
girlfriend after I finish work, ma'am!
The plan is to press  together if
the ghost comes out! That way we can
take a photo, and show everyone!";"Bien, en... en fait... justement...
j'ai rendez-vous avec ma copine
après le travail...
On a prévu d'aller chasser le fantôme.
Dès qu'on le voit, on est censés
appuyer ensemble sur  !
Enfin, c'est ça, le plan...";
"す 素晴らしいトーテムで ありマシた!

じ 自分は今 モーレツに感動し
涙がとまらないで ありマス!
し しかし今は大切なお役目中
涙はこのオシャレ帽で隠すで ありマス!!";"T-t-that totem was awesome!


I... I was violently moved!
I cannot stop the tears!

B-but since I'm on duty right now...
I will hide the tears under my stylish
guardsman's hat!!!";"Ce... Ce totem était magnifique !
Quel choc ça a été pour moi !
J'en suis encore tout retourné...
Mais... je suis en service, alors je vais
tenter de dissimuler mes larmes sous
mon casque top... top tendance !";
"                    セーブ中です…
              電源を切らないでください";"                      Saving...
         Do not turn the power off.";"                Sauvegarde...
        N'éteignez pas la console.";
"               セーブが終了しました";"
              Saved successfully.";"
               Partie sauvegardée.";
"オシャレ界の頂点
シスター レディとは私のこと
今は私のプライベートタイム
アポなしでの取材はお断りだわヨ";"I am Lady Maud! I stand at the top of
the fashion world, looking down at you
hideously dressed imbeciles.
You shouldn't have bothered coming
to see me without an appointment.";"Agenouillez-vous devant Lady Satyne,
la reine de l'élégance !

Vous espérez obtenir une audience
sans avoir pris rendez-vous ?
Pathétique.";
"女性の部屋に ノックもなしとは…";"KNOCK before entering a lady's room,
will you?";"On FRAPPE avant d'entrer dans la
chambre d'une lady, bande de
malappris !";
"  　 　　　  しつこいだわヨ!!";"
             Shut up already!";"
     Misérables insectes !";
" アンタ達…";"Will you pests...";"Vous, là...";
"おや あのお姫様のお友達かい?
わざわざお礼を言いに来るなんて
よほど私のプレゼントが
気に入ったようだわネ";"Are you friends of the princess?


Have you come all this way to
personally thank me for the gift?";"Est-ce la princesse qui vous envoie ?


Êtes-vous venus me transmettre ses
remerciements pour le cadeau que
je lui ai fait ?";
"　　    脱がせろ…ですって?!";"
                 Take it off?!";"
          Retirer la tenue ?!";
"　　　　　　　　　 ぬっ…";"
                      Hmph!";"
                     Grrrr...";
"さっきから 呪い 呪いって…";"What is this curse nonsense you're
blathering on about?";"Un sortilège, un sortilège...
Vous m'agacez avec cette histoire !";
"　  　いいかげんにするだわヨ!!";"
        Enough is enough!!";"
               Il suffit !!!";
"あの服のハイなおセンスが
わからない輩に 用はないだわヨ";"If you're incapable of appreciating
how sophisticated that outfit is,
I have no business with you.";"Si vous êtes incapables d'apprécier
la sophistication d'une telle tenue,
vous n'êtes pas dignes de me parler.";
"いくらハイなおセンスの服を着てても
アナタ達…やっぱり何もわかってないみたいね";"You people, some of you are wearing
rather stylish clothes, I say, but really
you're just clueless nincompoops.";"Une tenue chic portée par de vulgaires
laquais n'est guère plus seyante que
la couche d'un nourrisson.";
"オシャレのこともわからない小童どもが
私のオシャレにケチをつけるなんて…";"Before coming to me and criticising
my sense of style...";"C'est une plaisanterie ? Avant d'oser
vous présenter devant moi pour
critiquer mon sens de l'élégance...";
"　        100億万年早いだわヨ!";"
     Take a look in the mirror!";"  ... commencez par vous
 regarder dans un miroir !";
"おや あのお姫様のお友達だったのかい?

そのハイセンスな服
てっきり業界人かと思っただわヨ
わざわざお礼を言いに来るなんて
よほど私のプレゼントが 気に入ったようだわネ";"Friends of the princess, are you?


You look quite stunning, I assumed
you were someone from the industry.

Have you come all this way to
personally thank me for the gift?";"Des amis de la princesse, dites-vous ?


En voyant vos vêtements, j'ai cru un
instant que vous étiez dans la mode.

Êtes-vous venus me transmettre ses
remerciements pour le cadeau que
je lui ai fait ?";
"…呪い? 
私の服が呪いですって?";"Cursed...?
My outfit?";"Ensorcelée... ?
Ma tenue ?";
"…アナタ達にはまずはシツケが必要だわネ
まだ文句があるなら奥へいらっしゃい";"You all need to be educated, it seems.
If you still have something you want
to say, come inside.";"Vous auriez bien besoin d'une leçon
d'étiquette... Si vous tenez à me dire
quelque chose, entrez donc.";
"私のオシャレ3銃士が
お相手してさしあげるだわヨ";"My three musketeers are dressed
to kill!";"Préparez-vous à affronter mes trois
chevaliers servants !";
"ファッションを語る前に
やはり…アナタ達にはシツケが必要だわネ…";"You lot want to talk fashion with me?
Bah! You wouldn't know fashion even
if it bit you on the calf!";"Avant de discourir de l'élégance avec
moi, vous feriez mieux d'apprendre les
bases de la bienséance.";
"まだ文句があるなら奥へいらっしゃい";"If you still have something to say,
come inside.";"Si vous avez encore quelque chose à
me dire, venez à l'intérieur.";
" 私のオシャレ3銃士が
お相手するだわヨ";"My three musketeers are ready to roll!";"Préparez-vous à affronter mes trois
chevaliers servants !";
"キーッ! 
私のカワイイ3銃士達がやられるなんて!
こんなセンスのない奴らとかかわってたら
私のハイなおセンスまで 汚されそうだわヨ!!
もう二度と
私の前に現れるんじゃないだわヨ!!!";"AAAIIIIEEEE!
How dare you bully my pretty
musketeers!
You little brutes! *Cough* *cough*
And you got your horrid, classless
stench all over my parlour!
Don't you ever come near me again!";"ASSEZ ! Comment osez-vous maltraiter
ainsi mes petits chevaliers servants ?

Misérables avortons dépareillés !
Votre odeur détestable agresse
mes narines délicates !
POUAH ! Du balai ! Ne vous
approchez plus jamais de moi !";
"　　　 　　　　…しつこい";"
                    Again...?";"
           Encore vous... ?";
"…まったく

何度も何度も
いいかげんにするだわヨ!
私はあのダサい姫をオシャレに変身させたんだ
文句を言われる筋合いはないだわヨ!";"For fashion's sake!!
Would you stop yammering on
about the curse?
I did that dull princess a favour.
How dare you criticise me?!";"Par mes froufrous ! Allez-vous bientôt
cesser de m'importuner avec vos
jérémiades ?
J'offre à la princesse un superbe
cadeau et vous trouvez matière
à vous plaindre.";
"これでヨシっと…

まあ中にはハイなおセンスの服を着てるのも
いるようだけど アクセ使いがこれじゃあね…
まだまだアンタ達には
お勉強が足りないようだわネ
じゃあ始めるだわヨ…";"There we go...


Some of you seem to be wearing some
decent clothes at least, but don't go
ruining it with ghastly accessories...
You still need a lot of educating.
Now. Let's get started, shall we?";"Voyez-vous ça...


Une si belle tenue gâchée par un
fatras insensé d'accessoires tous
plus hideux les uns que les autres...
Vous avez encore beaucoup à
apprendre. Maintenant, si nous
en venions à ce qui vous amène ?";
"せっかくあのダサかったお姫様を
オシャレに生まれ変わらせてあげたのに…";"I save that princess's awful sense of
style, and this is what I get in return?";"Voici donc comment on me remercie
pour avoir sauvé la princesse d'un
naufrage vestimentaire... ?";
"         あー もうっ! ウルサイね!";"
        Will you just shut up!";"
     J'en ai assez entendu !";
"そもそもここは アンタ達みたいなダサイのが
足を踏み入れていい場所じゃないだわヨ
…中にはハイなおセンスの服を着てるのも
いるみたいだけど
せっかくのハイなおセンスな服も
モデルがアナタ達じゃねぇ…";"How dare you even set your foul feet
into a glamorous place like this!

Well, some of you seem to be wearing
some pretty nice outfits, I'll admit...

What a waste of such good clothes,
to be worn by such numbskulls...
I can hear the fabric weeping...";"Comment osez-vous souiller ce lieu de
grâce et de pureté avec vos bottes
crasseuses ?!
Bon, je dois cependant admettre
que tout n'est pas à jeter dans
vos accoutrements...
Mais de si beaux habits portés par
des empotés pareils, quelle faute
de goût... J'en pleurerais presque.";
"お礼ならともかく
文句を言われる筋合いなんてないんだわヨ!";"I'd accept your gratitude, but
I won't let you insult me!";"J'aurais accepté vos remerciements
avec bonne grâce... mais je ne saurai
en aucun cas tolérer vos insultes !";
"そもそもここはアンタ達みたいなダサイのが
足を踏み入れていい場所じゃないの";"How dare you even set your foul feet
into a glamorous place like this!";"Comment osez-vous souiller ce lieu de
grâce et de pureté avec vos bottes
crasseuses ?!";
"しかも なにソレ?
そのセンスのカケラもないアクセサリーは…";"And what even are these ridiculous-
looking accessories?";"Et quels sont donc ces accessoires
ridicules ?";
"　　　   　ソレ…いらない";"
  We won't be needing them.";"
 Vous n'en aurez pas besoin.";
"それにしても…性懲りもなくまた
そのダサいアクセサリーつけてきたようだね…
言っただろ?
ここにはドレスコードってのがあるんだわヨ";"Swinging those wretched accessories
about again?

How many times do I have to tell you?
We have a strict dress code here!";"Encore ces satanés accessoires ?


Combien de fois faudra-t-il vous le
répéter ? On ne s'habille pas n'importe
comment ici !";
"コレも ソレも アレも いらないっと";"Don't need that, that, and that either.";"Ça, ça et ça... Confisqué !";
"…そうね
これでちょっとはマシになっただわネ";"There, that's a little better at least...";"Bien, voilà qui est mieux...";
"これでヨシっと…

まだまだアンタ達には
お勉強が足りないようだわネ
じゃあ始めましょうか…";"There, that's better...


But you still need a lot of educating.
Shall we jump straight in?";"Bien, voilà qui est mieux...


Mais votre éducation est encore à
faire. Et si nous commencions ?";
"ほんと 口を開けば文句ばかり
まだまだ お勉強が足りないようだわネ
じゃあ始めましょうか…";"Always complaining, those rotten
mouths of yours. Looks like I still need
to teach you a lesson or three.
Shall we get started?";"Quelle ingratitude... Mais où sont
donc vos bonnes manières ?

Il est temps que je vous apprenne à
vous tenir face à une dame. Prêts
pour votre leçon ?";
"口を開けば文句ばかり…
まあ アナタ達レベルでは
私のハイなおセンスがわからないのも
理解できなくはないだわヨ";"Maybe if you complained less you'd
have more time to develop an
appreciation for haute couture!
It's no surprise my refined fashion
sense goes right over your heads!";"Et ça pinaille, et ça se plaint...


Comment des êtres aussi superficiels
que vous pourraient-ils appréhender
mon génie créatif ?";
"口を開けば文句ばかり…
やはりアナタ達には 教育が必要なようね
…いいでしょ
アナタ達には特別に私がレッスンしてあげるわ";"All you do is criticise and complain.
It seems you still need to be taught
a lesson or three.
That won't be a problem. As luck
would have it, I've got one prepared
that's perfect for the occasion!";"Cessez donc de gémir et de vous
apitoyer sur votre sort. Il vous reste
encore beaucoup à apprendre.
Ça tombe bien... Passons à la première
leçon !";
"  特別にエレガントなレッスンをね!";"
       A very classy lesson!";" La classe selon Lady Satyne,
　　　chapitre premier !";
"ふふっ…奥で待ってるだわヨ";"Hehehe... I'll be waiting for you inside.";"Héhéhé... Je vous attends à l'intérieur.";
"     　　　 　だからといって";"
                But even so!";"
       Mais peu importe !";
"私のおセンスを否定するなんて
ほんとっ ナンセンスだわヨ!
…いいでしょ
アナタ達には私がレッスンしてあげるわ";"How dare you criticise my style?!
Don't you know who you're talking to?

But that's okay.
I'll teach you all a lesson...";"Oser critiquer mes goûts en matière
d'élégance, quel toupet !

Vous méritez une bonne leçon...";
"ほんと 口を開けば文句ばかり
中にはマシなのもいるようだけど
まだまだ お勉強が足りないようだわネ
じゃあ始めましょうか…";"Honestly, is there anything you can do
apart from complaining?

Some of you seem to be wearing
decent clothes, but you still have a
long way to go.
Now, let's dive straight in!";"« Ouin, ouin »... C'est tout ce que
vous savez dire ?

Vos jolis habits vous ont monté à la
tête, petits naïfs.

Laissez-moi vous expliquer comment
on se comporte devant une dame !";
"  特別にエレガントなレッスンをね!";"
 Into this very classy lesson!";" La classe selon Lady Satyne,
　　　chapitre premier !";
"な…なんてこと…
こんなセンスのない奴らに…
このアタシが…";"How... How could I lose to such
classless dopes...";"Comment... Comment ai-je pu perdre
face à ces petits pouilleux... ?";
"お姫さんもアンタ達も
ダサい奴ら同士 仲良くしてたらいいだわヨ…";"You and the princess deserve each
other. You're all unfashionable,
ungrateful cretins...";"Vous et la princesse êtes bien de la
même trempe : de vulgaires ploucs
qui n'entendent rien à l'élégance...";
"もうアンタ達に関わるのは
こりごりだわヨ…";"Now, I'm sick of the sight of you lot!
Just leave me alone and go live
unfashionably ever after, will you?!";"Hors de ma vue ! Vous me rendez
malade !";
"                  毎日たからばこ屋
                一生懸命準備中";"                   Daily Riches
         Still setting things up!";"                   Magotidien

         Préparatifs en cours ! ";
"                  ミーバース写真館
                 Coming Soon ";"                 Miiverse Gallery
                Opening Soon";"                 Galerie Miiverse

          Ouverture très bientôt ";
"          朽ちかけた人形が転がっている";"
      A decrepit doll lies abandoned.";"      Un vieux pantin tout usé a été
                 abandonné là.";
"          なんだか少し自分に似ている…";"
       It kinda-sorta looks like you...
";"
          Il vous ressemble un peu...";
"             そっと埃を払っておいた…";"
           You softly wipe it clean.";"
      Vous le nettoyez délicatement.";
"　　　　　　まねビトのご利用は
　　　　　　まねビトじいさんまで";"              To use the doppels,
            see the Doppel Master.";" Pour utiliser ce pantin, adressez-vous
　　　　au maître des pantins.";
"裏からでは読めない……";"You can't read it from this side.";"Vous ne pouvez pas lire d'ici...";
"求ム!! トーテム勇者!!


耳がとんがり モミアゲが太く 九一分けの
トーテム勇者の証をもつ者達よ!

憎き魔女を倒し
フリル姫の呪いを解いてくれた者には
唯一無二の褒美を与えよう
ドレース王国
カールキング王より";"WANTED: TOTEM HEROES!!

REQUIREMENTS:
- Pointy ears;
- Thick sideburns;
- Side parting.
O ye who bear the attributes of the
legendary Totem Heroes!

Whosoever rids the land of the
deplorable witch, and lifts the curse
from Princess Styla...
...shall be granted a unique boon by
		        Our Majesty,
		        King Tuft";"ON RECHERCHE DES HÉROS TOTEM !


CONDITIONS REQUISES :


- oreilles pointues ;
- rouflaquettes touffues ;
- raie de côté.
Que tous ceux qui correspondent au
profil du héros totem lisent ceci...

Le roi offre une récompense à
quiconque osera arpenter les
contrées de la maudite sorcière...
... et saura dissiper le sortilège qui
pèse sur la princesse Mousseline...

Au nom de Sa Majesté le roi Frisette";
"　　アタシのオシャレはアナタのオシャレ
　　　　　　マダムテーラー";"  All for fashion, and fashion for all
          Madame Couture's";"           Il n'y a pas de chance,
         seulement de l'élégance !
          Madame la couturière ";
"　　　　　　
  最初に着ていた私服
　　　　　　
受けるダメージが2倍!
更にハートの器－1
私服がこれだけ弱いと
なんだか悲しい…";"Your first outfit!
                
It makes you take
double damage and
reduces maximum
hearts by one.
Impressively bad.";"La tenue de base !
Double les dégâts
reçus et réduit d'un
cœur votre nombre
total de cœurs.
Pas terrible...";
"　　　　　　
 剣の力が2倍になる服
　　　　　　
剣士の魂が宿った
剣使いのための一着
剣の力が2倍に!
剣からビームも!";"Extra sword power!
                
On the cutting edge
of fashion! Makes
swords stronger,
better, beamier!
Wait, beamier...?";"Cette noble tenue
abrite l'âme d'un
épéiste. Les dégâts
infligés par l'épée
sont doublés, et elle
lance des rayons !";
"　　　　　　
　　　弓の名手
　　　　　　
森の民 コキリ族の
魂が宿った一着
一度に3本の矢を
放つことができる ";"No. 1 for archers!
                
Imbued with spirits
of the woodsy Kokiri
folk, this outfit lets
you fire off three
arrows at once!";"Imprégnée de l'aura
du peuple de la
forêt, les Kokiris,
cette tenue permet
de tirer trois flèches
à la fois.";
"　　　　　　
　　心優しき者の服
　　　　　　
ハートの出現率がUP!
自分の為 みんなの為
ぜひ持っておきたい
そんな一着";"Kind-hearted dress!
                
Make more hearts
appear. Helps you
help yourself, and
others. A kinder,
gentler outfit.";"Inspirant bonté et
dévouement, cette
tenue favorisera
l'apparition de
cœurs. Pensez à
vos amis !";
"　　　　　　
注目を浴びるならコレ!
　　　　　　
ただし 目立つだけに
敵に狙われやすくなる
それでもいい…
そんな強者に贈る一着";"All eyes on you!
                
By which I mean,
monster eyes,
mostly. This is your
time to shine!
... If you dare.";"Attirez tous les
regards avec cette
tenue m'as-tu-vu...
et surtout ceux des
monstres ! N'ayez
pas peur d'être au
cœur de l'action !";
"　　　　　　
    溶岩に強くなる服
　　　　　　
火の民 ゴロン族秘伝の
レシピで織られた一着
これさえあれば
もうヤケドの心配ナシ!";"For the lava lovers!
                
Inspired by red-hot
Goron fashion.
Guaranteed 100%
burn-proof, or your
Rupees back!";"Cette tenue conçue
suivant les secrets
de fabrication
goronesque permet
de se baigner dans
la lave sans se
brûler !";
"　　　　　　
  泳ぎが上手くなる服
　　　　　　
水の民 ゾーラ族の
魂が宿った一着
水流の影響を受けず
での泳ぎも強力に!";"Get that wet look!
                
Feel like a Zora:
fear no currents,
power up your
swim with , look
stylish doing it.";"Imprégnée de l'aura
du peuple de l'eau,
les Zoras, cette
tenue permet de
nager plus vite
avec , même à
contre-courant !";
"　　　　　　
     ハートの器+3!
　　　　　　
この服を着ることは
自分に自信がない証
ただ そんな自分を認め
袖を通すのも強さなり";"Max hearts +3!
                
Feeling a tad timid?
Take heart! It's THE
outfit to inspire
confidence. There,
feels better already.";"Assumez vos peurs
en portant cette
tenue qui vous
donne trois cœurs
supplémentaires !";
"　　　　　　
バクダンの威力がUP!
　　　　　　
普通のバクダンが
大バクダンに変化!
ただし その分
取扱い注意度もUP!";"Mind-blowing!
                
Small explosions are
boring. Make bombs
bigger! Better! Yes!
Not for the careless,
that's for sure...";"Augmentez la taille
et la puissance de
vos bombes avec
cette tenue
explosive ! À manier
avec précaution.";
"　　　　　　
 アイテムを使い放題?
　　　　　　
がんばりゲージが
通常の1.5倍
がんばりゲージ
意外と大事";"Tire less!
                
50% more energy
equals 50% more
usage for your fave
item! A little energy
goes a long way.";"Augmentez votre
jauge d'endurance
de moitié avec
cette tenue qui
vous donnera plus
de liberté d'action !";
"　　　　　　
  氷で滑らなくなる服
　　　　　　
ツルツル滑る
氷の上でも安心の一着
寒いエリアでの
マストアイテム!";"Sure-footed luxury!
                
Slipping? Skidding?
Never again! Show
that ice who's boss!
Also good against
cold and weather.";"Un incontournable
des régions froides
qui vous permet de
marcher sur la glace
sans glisser !";
"　　　　　　
     回転斬りの極み
　　　　　　
日々 長押しの
鍛錬を欠かさず
回転斬りを極めた
武士の魂が宿った一着";"Spinning great!
                
Worn by discerning
swordsmen who
like to hold then
release  and want
to get results.";"Gagnez en classe
et en puissance
avec cette tenue
qui renforce votre
attaque circulaire.
Maintenez 
enfoncé, relâchez !";
"　　　　　　
 ダッシュの攻撃力×3
　　　　　　
/長押しで発動
使いこなすと心強いが
ゆっくり進むからこそ
見えるものもある";"Dash with a bang!
                
Dash-attacks using
/ now deal triple
damage! But do try
to take it slow every
now and again...";"Maintenez  ou 
pour charger et
infliger trois fois
plus de dégâts que
d'habitude ! Yahaa !
Mais il faut aussi
savoir ralentir...";
"　　　　　　
ルピーの出現率がUP!
　　　　　　
お金持ちが お金持ち
なのは お金の方から
お金持ちに寄ってくる
…からなのかも";"It's raining Rupees!
                
It takes Rupees to
make Rupees! This
suit is one shrewd
investment that's
bound to pay off.";"Accumulez les rubis
avec cette tenue
très chère, taillée
spécialement pour
les riches qui
veulent s'enrichir !";
"　　　　　　
 ブーメランの性能UP
　　　　　　
貫通攻撃したい!
皆一緒に引き寄せたい!
そんなアナタの
夢を可能にする一着";"Boomerangers,
assemble!
                
Makes boomerangs
pass through foes,
brings everyone
together. So sweet!";"Une tenue de rêve !
Votre boomerang
peut aussi bien
traverser l'ennemi
que ramener à vous
vos compagnons !";
"　　　　　　
  仲良し3人組みの証!
　　　　　　
3人そろった時
何かが起こるらしいが
それはマダムにも
わからないらしい…";"For a dynamic trio!
                
Get three of these
in one place, and
good things are
bound to happen!
... Or so I hear...";"Même Madame ne
sait pas ce qu'il se
passe quand trois
compagnons
portent cette
tenue en même
temps...";
"　　　　　　
  攻撃を回避できる服
　　　　　　
ただし 回避率は
そこそこな一着
回避できたらラッキー
ぐらいに思っておこう";"Not dodgy at all!
                
But it does help you
dodge incoming
attacks. Aren't you
feeling lucky? Well,
aren't you, dear?";"Cette tenue vous
permet parfois
d'esquiver les
attaques... Avec un
peu de chance,
vous aurez de la
chance !";
"　　　　　　
ウォーターロッドラブ!
　　　　　　
そんなアナタに
使ってほしい一着
ウォーターロッドの
効果範囲が約2倍!";"For Water Rod pros!
                
Like the Water Rod?
Try it with this robe
to double its area of
effect, and trust me,
you'll LOVE it!";"Doublez la portée
de la baguette
d'eau et faites
tomber un véritable
déluge sur vos
ennemis !";
"　　　　　　
  姫の呪いが解ける服
　　　　　　
魔境で身につけると
ハートフルドレスと
同じ効果があり
更にハートの器も＋1!";"Lifts curses from
princesses like that!
                
Same effects as the
Legendary Dress,
plus an extra heart!
Feeling special yet?";"Brise le sortilège
des princesses
ensorcelées. Donne
les effets de la robe
de légende dans les
contrées maudites,
plus un cœur !";
"　　　　　　
姫からもらったタイツ
　　　　　　
敵からのダメージが
2倍になる代わりに
ラッキーパジャマより
よりラッキーな効果が!";"Tights from the
princess!
                
You take double
damage, but are
extra lucky. Luckier
than a hero in PJs!";"Un cadeau de la
princesse. Double
les dégâts reçus,
mais vous rend plus
chanceux que ne
le fait le pyjama
chanceux !";
"　　　　　　
   あの頃に戻れる服
　　　　　　
見た目だけでなく
音楽もあの頃のように
古き良き時代を
彷彿とさせる一着 ";"Outfit that takes
you way back!
                
It's not just in the
looks! It also brings
back music from the
good old days...";"Vous prenez des
allures rétro avec
cette tenue, et
la musique aussi !
Idéal pour les
nostalgiques d'un
certain âge d'or.";
"　　　　　　
  暗やみのおともに…
　　　　　　
まわりを ほんのり
あたたかな光で
包み込む 優しい一着
しかし 闘技場では…";"A glimmer of hope
for dark times!
                
A dim glow warms
your surroundings.
So soothing! But in
the coliseum...";"Cette tenue éclaire
même les ténèbres
les plus profondes
d'une chaude et
douce lumière.
Dans l'arène,
par contre...";
"　　　　　　
  歩くスピードがUP!
　　　　　　
それだけ?
なんて言わないで
せっかちなアナタに
おススメの一着";"Run, don't walk!
                
What, that's it?
Hey, don't be like
that! Well, if you're
that hasty, this suit
will fit you to a tee.";"Cette tenue vous
fait marcher plus
vite.
C'est tout ?
Oui, c'est tout !
Vous êtes pressé ?
Essayez-la donc !";
"　　　　　　
     ハートの器＋1
　　　　　　
たかが1つ
されど1つ
この1つに
意外と助けられる";"Have a heart!
                
Just one? Really,
just the one? Yes,
well, You might be
surprised at the
difference it makes!";"Cette tenue vous
donne un cœur
supplémentaire.
Oui, un seul, mais
c'est celui-là même
qui vous sauvera !";
"　　　　　　
   魔女討伐隊の制服
　　　　　　
メンバーたる者
寝る時も 馬に乗る時も
仮面をつける時も
いつもこの服";"The witch-hunter's
trusty uniform.
                
Members of the
corps are expected
to live, eat, sleep
and ride in these!";"Les vaillants
membres du corps
expéditionnaire
mangent, dorment
et chevauchent
dans cette tenue !";
"　　　　　　
 空気ツボがパワーUP!
　　　　　　
風使いの力を借りた
さわやかな一着
発射までの時間が短縮!
更に効果も広範囲に!";"Gust Jar with gusto!
                
The very winds lend
their strength to the
wearer! Shoot gusts
faster and stronger.
How fresh is that?!";"Essayez ça avec
le souffle-vent !
Utilisez le pouvoir
du vent pour tirer
plus vite et plus
loin !";
"　　　　　　
  ハンマーの威力UP!
　　　　　　
あの重いハンマーを
楽々操れるようになる
しかも効果も範囲も
すべて2倍に!";"Blunt object power
for sharp dressers!
                
Swing that heavy
hammer like it's no
big deal! And with
twice the effect!";"Détruisez tout sur
votre passage grâce
à cette tenue qui
double la puissance
et la portée du
marteau !";
"　　　　　　
流砂で沈まなくなる服
　　　　　　
砂漠の王 スナーメンの
魂が語りかけてくる
「沈むと思うから
沈むのだ!」…と";"Sand baths? Never
again!
                
You think, therefore
you sink! So spoke
the sand king. And
he would know!";"« Avec un peu de
bonne volonté, on
ne se fait jamais
engloutir par les
sables ! » Ainsi
parlait Grâvhamon,
roi des dunes...";
"　　　　　　
色んなモノを掴み取れ!
　　　　　　
貫通攻撃したい!
もっと沢山掴みたい!
そんなアナタの希望を
この一着が叶えます";"The grabbiest!
                
"I want piercing
attacks!", "I want to
grab more!" If that's
you, this outfit will
do you nicely.";"Vous rêviez
d'attaques
perforantes
ou de pouvoir
saisir davantage
d'objets ? Voilà
votre vœu exaucé !";
"　　　　　　
      炎の勇者見参!
　　　　　　
ファイアグローブが
レベルアップ!
なんと3つの火の玉を
連続して出せるように!";"Let your passion
burn bright!
                
When your Fire
Gloves lob three
fireballs in a row,
the fun never ends!";"Lancez trois boules
de feu d'affilée avec
les gants de feu
grâce à cette tenue
enflammée !";
"　　　　　　
谷底に落ちても大丈夫!
　　　　　　
背中につけた風船が
アナタを守る!
ただし 風船の数に
要注意…";"Don't fear the fall!
                
The balloons on
your back are your
saving grace! Just,
keep an eye on the
numbers, okay?";"N'ayez plus peur
des ravins !
Les ballons vous
transporteront dans
les airs. Comptez-
les de temps en
temps, au cas où...";
"　　　　　　
    恐怖 石化の呪い!
　　　　　　
止まると石化する
呪われた一着
ただ…石化時は無敵
この呪い…悪くないぞ";"Petrifying curse!
                
Stop in place, and
you'll turn to stone!
But then...you'll be
invulnerable! Pretty
okay, for a curse...";"Une tenue maudite
qui vous pétrifie dès
que vous ne bougez
plus... vous rendant
invincible.
On a vu pire comme
malédiction.";
"　　　　　　
      剣使いの頂点!
　　　　　　
剣を極めた
剣聖の力を宿した一着
剣の攻撃力 
剣のサイズ共に倍増!";"Apex swordsman!
                
Contains the spirit
of a holy master of
the sword arts.
Extra sword power,
extra sword size!";"Une tenue habitée
par la puissance
d'une épée sacrée.
Renforce et 
agrandit l'arme des
épéistes. Avis aux
amateurs !";
"　　　　　　
繰り出せ高速回転斬り!
　　　　　　
華麗に素早く回転し 
幸運を引き寄せる騎士
を3連続で必殺技
高速回転斬りの発動だ";"Speedy spin attack!
                
Spin with grace and
aplomb! Press 
three times in a row
for a swift strike,
o fortunate knight!";"Célérité et élégance,
à s'en faire tourner
la tête ! Appuyez
trois fois sur  pour
tourner et frapper
encore plus vite !";
"　　　　　　
応援してほしい人急増!
　　　　　　
この姿を見るだけで
仲間の気力がUP!
皆のがんばりゲージが
1.5倍に!";"Cheer up, soldier!
                
Just seeing this li'l
outfit will make your
friends' spirits soar!
Meaning 1.5 times
the energy gauge.";"Encouragez vos
compagnons avec
cette tenue haute
en couleur ! Leurs
jauges d'endurance
augmenteront de
moitié.";
"　　　　　　
近づく敵には容赦なし
　　　　　　
危険が迫ればトゲ攻撃!
しかも 友には効かない
親切設計!
しかし闘技場では…";"Personal space
invaders, beware!
                
When danger looms
near, it gets spiked!
Safe for allies, but
in the coliseum...";"Sortez vos épines
dès que le danger
se fait sentir ! Vos
compagnons ne
risquent rien. Dans
l'arène, par contre...";
"剣士の服を着ると
剣の性能がUPするんだって";"The power of your sword will go up
if you wear the Sword Suit!";"Si tu veux renforcer tes attaques à
l'épée, c'est la tenue cape et épée
qu'il te faut !";
"コキリ族の衣装は
矢を3方向に放てるようになる服なんだって";"Wearing the Kokiri Clothes
will let you shoot arrows in three
directions!";"Si tu veux tirer 3 flèches à la fois,
c'est la tenue kokiri qu'il te faut !";
"ハートフルドレスは
回復のハートが出現しやすくなる服なんだって";"Hearts will appear more often if you
wear the Legendary Dress.";"Si tu veux trouver plus de cœurs,
c'est la robe de légende qu'il te faut !";
"派手なタキシードは
敵の注目を集めやすくなる服なんだって";"Wearing the Showstopper will
make it easier for enemies to spot you.
Only for the bold and brave!";"Si tu veux attirer l'attention des
monstres, c'est le smoking flamboyant
qu'il te faut !";
"ゴロンの着ぐるみは
溶岩の中を泳げるようになる服なんだって";"The Goron Garb will let you
swim through lava!";"Si tu veux nager dans la lave, c'est
le costume de Goron qu'il te faut !";
"ゾーラの着ぐるみは
速く泳げるようになる服なんだって";"If you wear the Zora Costume
you can swim really fast!";"Si tu veux nager plus vite dans l'eau,
c'est le costume de Zora qu'il te faut !";
"スリークイーンは
ハートの器が3つ増える服なんだって";"You'll get three additional heart
containers with the Queen of Hearts.";"Si tu veux avoir trois cœurs
supplémentaires, c'est la tenue
reine de cœur qu'il te faut !";
"大バクダンの服は
バクダンの性能がUPする服なんだって";"The Big Bomb Outfit increases
the power of your Bombs!";"Si tu veux renforcer les bombes,
c'est la bombinaison qu'il te faut !";
"ガンバリ隊の服を着ると
がんばりゲージが1.5倍になるんだって";"Wearing the Energy Gear will
make the energy gauge 50% longer
than normal!";"Si tu veux augmenter de moitié ta
jauge d'endurance, c'est la tenue
d'endurance qu'il te faut !";
"すべらない服を着ると
氷の上でも滑らなくなるんだって";"The Cosy Parka lets you walk on
ice without slipping.";"Si tu veux ne plus glisser sur la glace,
c'est la pelisse antiglisse qu'il te faut !";
"大回転斬りの甲冑は
大回転斬りができるようになる服なんだって";"You can perform Great Spin Attacks
with the Spin Attack Attire!";"Si tu veux pouvoir effectuer une
attaque tourbillon, c'est l'armure
tourbillon qu'il te faut !";
"疾風斬りの黒衣は
ダッシュでの攻撃が3倍になる服なんだって";"The Ninja Gi will triple dash
attack damage.";"Si tu veux infliger trois fois plus de
dégâts en chargeant, c'est la tenue
de ninja qu'il te faut !";
"お金持ちの服を着ると
ルピーが集めやすくなるんだって";"You'll find it easier to collect Rupees
wearing the Rupee Regalia!";"Si tu veux trouver plus de rubis, c'est
la tenue martingale qu'il te faut !";
"ブーメラン酋長は
ブーメランの性能がUPする服なんだって";"The Boomeranger increases the
power of the Boomerang!";"Si tu veux renforcer le boomerang,
c'est la tenue boomerang qu'il te
faut !";
"おそろいルックは
3人おそろで着るとイイ事がある服なんだって";"Good things will happen when three 
people wear the Tri Suit
at the same time!";"Si tu veux voir un truc vraiment classe,
il faut que toi et deux amis portiez la
tenue brelan d'amitié en même temps.";
"ラッキーパジャマは
時々攻撃を回避できるラッキーな服なんだって";"If you're lucky, you'll dodge enemy
attacks with the Lucky Loungewear!";"Si tu veux avoir une petite chance
d'esquiver les attaques, c'est le
pyjama chanceux qu'il te faut !";
"水使いのローブは
ウォーターロッドの性能がUPする服なんだって";"The Torrent Robe increases the
power of the Water Rod.";"Si tu veux renforcer la baguette d'eau,
c'est l'aquarobe qu'il te faut !";
"レディワンピは呪いがとける特別な服なんだ
だからコレだけはマダムに直接オーダーしてよ";"The Lady's Ensemble will lift the
curse! Order this special outfit
directly from Madame Couture.";"Si tu veux briser le sortilège, c'est la
tenue de Lady qu'il te faut ! Mais tu
dois contacter Madame directement.";
"8bit Boyを着ると
何だか懐かしい…そんな気分になれるんだって";"The Timeless Tunic will take you
way back to the good old days!";"Si tu te sens d'humeur nostalgique,
c'est la rétro-tunique qu'il te faut !";
"カンテラスーツは
まわりを明るく照らす服なんだって";"The Light Armour lights up your
surroundings so you'll see better!";"Si tu veux tout éclairer autour de toi,
c'est le tricot lanterne qu'il te faut !";
"チータースーツを着ると
いつもより早く歩けるようになるんだって";"You'll walk faster than usual while
wearing the Cheetah Costume.";"Si tu veux marcher plus vite que
d'habitude, c'est le costume
guépard qu'il te faut !";
"ワンハートナイトは
ハートの器が1つ増える服なんだって";"You'll get one additional Heart
Container with the Jack of Hearts.";"Si tu veux avoir un cœur
supplémentaire, c'est la tenue
valet de cœur qu'il te faut !";
"風使いの衣は
空気ツボの性能がUPする服なんだって";"The Gust Garb increases the
power of the Gust Jar.";"Si tu veux renforcer le souffle-vent,
c'est l'éolaine qu'il te faut !";
"ハンマーのコウラは
ハンマーの性能がUPする服なんだって";"The Hammerwear increases the
power of the Magic Hammer.";"Si tu veux renforcer le marteau, c'est
la tenue carapace Marto qu'il te faut !";
"スナーメンの衣を着ると
流砂でも沈まなくなるんだって";"With the Dunewalker Duds,
you won't sink into quicksand!";"Si tu ne veux pas te faire engloutir par
les sables mouvants, c'est la tenue de
pharaon qu'il te faut !";
"アームロイドの服は
アームショットの性能がUPする服なんだって";"The Robo Wear increases the
power of the Gripshot.";"Si tu veux renforcer le grappince, c'est
la tenue grappinçante qu'il te faut !";
"ファイア仮面は
ファイアグローブの性能がUPする服なんだって";"The Fire Blazer increases the
power of the Fire Gloves.";"Si tu veux renforcer les gants de feu,
c'est la tenue de flamelle qu'il te faut !";
"バルーンタイツを着ると
谷に落ちても3回までOKになるんだって";"If you're wearing the Tingle Tights,
you can fall into pits up to three times
without damage!";"Si tu tombes souvent dans les ravins,
c'est le collant baudruche qu'il te
faut ! Il prévient jusqu'à trois chutes.";
"カチコチのトーガは
動いていない間 無敵になれる服なんだって";"With the Serpent's Toga, you'll turn
into stone and become invincible
when you're not moving around!";"Si tu veux devenir invincible, c'est la
toge d'invincibilité qu'il te faut ! Ça ne
fonctionne que quand tu es immobile.";
"剣聖のよろいは
剣を扱う者の最上ランクの服なんだって";"The Sword Master Suit is reserved
for the best swordfighters!";"Si tu penses être un épéiste de talent,
c'est la tenue haute-coupure qu'il te
faut !";
"怪傑ロールナイトを着ると
すばやく回転斬りが出せるようになるんだって";"You can perform effortless spin attacks
wearing the Dapper Spinner Kit.";"Si tu veux effectuer des attaques
circulaires plus rapidement, c'est la
tenue Mousquetourne qu'il te faut !";
"チアリーダーな服を着ると
仲間のがんばりゲージが1.5倍になるんだって";"With the Cheer Outfit, the energy
gauges of your friends will become
50% longer than normal!";"Si tu veux que la jauge d'endurance
de tes amis soit augmentée de moitié,
c'est la tenue pom-pom qu'il te faut !";
"トゲトゲスーツを着ると
接触してきた敵をトゲで攻撃できるんだって";"You'll inflict damage on any enemy
you touch while wearing the
Cacto Clothes.";"Si tu veux infliger des dégâts aux
ennemis qui osent te toucher, c'est
le complet piquant qu'il te faut !";
"剣士の服を着ると
剣が強化され ビームも出せるようになるだわサ";"Wearing that Sword Suit
makes your sword shoot beams.
It's really quite a sight.";"La tenue cape et épée renforce les
attaques à l'épée et permet de lancer
des rayons.";
"コキリ族の衣装は
矢を3方向に放てるようになる服だわサ";"It's the Kokiri Clothes!
It lets you shoot three arrows at once.
I've really outdone myself this time!";"La tenue kokiri permet de décocher
trois flèches à la fois.";
"ハートフルドレスは
回復のハートが出現しやすくなる服だわサ";"The Legendary Dress! That one
makes more healing hearts appear.
You're welcome!";"La robe de légende favorise
l'apparition de cœurs.";
"派手なタキシードは
敵の注目を集めやすくなる服だわサ";"The Showstopper?
That draws the enemies' attention.
I can't take my eyes off it, myself...";"Les monstres ne résistent pas au
charme du smoking flamboyant. Leurs
regards seront braqués sur toi.";
"ゴロンの着ぐるみは
溶岩の中を泳げるようになる服だわサ";"Put the Goron Garb on,
and you'll be able to swim in lava.
I wonder how that feels...";"Le costume de Goron permet de nager
dans la lave.";
"ゾーラの着ぐるみは
速く泳げるようになる服だわサ";"A Zora Costume? Good choice.
It lets you swim a whole lot faster,
you know! So bracing!";"Le costume de Zora permet de nager
plus vite dans l'eau.";
"スリークイーンは
ハートの器が3つ増える服だわサ";"Do you like hearts? Well, wear this
Queen of Hearts, and your
maximum hearts go up by three!";"La tenue reine de cœur te donne
trois cœurs supplémentaires.
Oui, rien que ça !";
"大バクダンの服は
バクダンの性能がUPする服だわサ";"The Big Bomb Outfit will make
your Bombs bigger. I mean,
it's in the name, isn't it?";"La bombinaison rend les bombes
plus puissantes.";
"ガンバリ隊の服を着ると
がんばりゲージが1.5倍になるんだわサ";"That Energy Gear there is meant
to increase your energy gauge by half.
Doesn't sound half bad, if you ask me!";"La tenue d'endurance augmente
ta jauge d'endurance de moitié.";
"すべらない服を着ると
氷の上でも滑らなくなるんだわサ";"The Cosy Parka comes with these
thick boots that stop you slipping on
ice. Keeps you warm, too!";"La pelisse antiglisse est un petit
miracle d'élégance qui te permet
de marcher sans glisser sur la glace.";
"大回転斬りの甲冑は
大回転斬りができるようになる服だわサ";"The Spin Attack Attire is a fearsome
one. Lets you do a Great Spin Attack!
Those monsters better beware.";"L'armure tourbillon, comme son nom
l'indique, te permet d'effectuer de
superbes attaques tourbillon.";
"疾風斬りの黒衣は
ダッシュでの攻撃が3倍になる服だわサ";"The Ninja Gi? That's an import!
You'll deal triple damage with dash
attacks with that thing on.";"Tu aimes charger tes ennemis ?
Avec cette tenue de ninja, les charges
infligent trois fois plus de dégâts !";
"お金持ちの服を着ると
ルピーが集めやすくなるんだわサ";"Wearing the Rupee Regalia makes
it easier to get Rupees.
So you'll have more to spend here!";"La tenue martingale te permet de
trouver plus de rubis. Si tu en as
trop, tu sais où les dépenser !";
"ブーメラン酋長は
ブーメランの性能がUPする服だわサ";"That's the Boomeranger! It makes
your Boomerang a lot better. If you
like that sort of thing.";"La tenue boomerang renforce
le boomerang.";
"おそろいルックは
3人おそろいで着るとイイ事がある服だわサ";"The Tri Suit. Getting three people
to wear them at one time will make
good things happen!";"Lorsque trois héros portent
simultanément la tenue brelan
d'amitié, il se passe... quelque chose.";
"ラッキーパジャマは
時々攻撃を回避できるラッキーな服だわサ";"I suggest the Lucky Loungewear if you
get hit a lot. It improves your luck so
you evade attacks sometimes.";"Le pyjama chanceux te permet
d'esquiver des attaques...
de temps à autre.";
"水使いのローブは
ウォーターロッドの性能がUPする服だわサ";"Interested in the Torrent Robe?
I'm told it powers up your Water Rod!";"L'aquarobe renforce la baguette
d'eau.";
"レディワンピは
姫の呪いをとける唯一の服だわサ";"Oh, it's the Lady's Ensemble!
That's just the ticket for lifting the
princess's curse!";"Il te faut enfiler la tenue de Lady
pour briser le sortilège qui s'est
abattu sur la princesse.";
"8bit Boyを着ると
何だか懐かしい…そんな気分になれるだわサ";"The Timeless Tunic! Just looking
at it makes me feel nostalgic... Is that
the outfit's special power...?";"Hmm... Oui, si tu te sens d'humeur
nostalgique, la rétro-tunique est
faite pour toi.";
"カンテラスーツは
まわりを明るく照らす服だわサ";"Heading somewhere dark? Well,
this Light Armour will definitely
help you watch your step.";"Le tricot lanterne est un habit tout ce
qu'il y a de plus pratique. Il éclaire
tout autour de celui qui le porte.";
"チータースーツを着ると
いつもより速く歩けるようになるだわサ";"The Cheetah Costume lets you move
a lot faster than normal. It sure looks
fierce!";"Le costume guépard te permet
de marcher plus vite.";
"ワンハートナイトは
ハートの器が1つ増える服だわサ";"It's the Jack of Hearts! It gives you
an extra heart to play around with.
Just don't go breaking it!";"La tenue valet de cœur te donne
un cœur supplémentaire.
Oui, c'est tout !";
"討伐隊のメンバーなら まずはこの兵士の服を
作らないことには 何も始まらないだわサ";"So you want to be a witch-hunting
soldier? Then you'll definitely want
this Hero's Tunic first!";"Personne ne peut prétendre intégrer
le corps expéditionnaire sans
cette tunique de héros.";
"風使いの衣は
空気ツボの性能がUPする服だわサ";"The Gust Garb? I think
it boosts the Gust Jar. It's certainly
very breezy, if nothing else!";"L'éolaine renforce le souffle-vent.";
"ハンマーのコウラは
ハンマーの性能がUPする服だわサ";"It's the Hammerwear. For when you
can't get enough Magic Hammer in
your life. And who could blame you!";"La tenue carapace Marto renforce
le marteau.";
"スナーメンの衣を着ると
流砂でも沈まなくなるんだわサ";"Dunewalker Duds, a time-tested
design! They stop you from sinking in
quicksand. Step lightly!";"Avec la tenue de pharaon, ne crains
plus les sables mouvants.";
"アームロイドの服は
アームショットの性能がUPする服だわサ";"That's the Robo Wear. It gives
you a leg up when using the Gripshot.
Isn't the future exciting?";"La tenue grappinçante renforce
le grappince.";
"ファイア仮面は
ファイアグローブの性能がUPする服だわサ";"The Fire Blazer! It gives your
Fire Gloves that little bit of extra
oomph. It's my hottest piece!";"La tenue de flamelle renforce
les gants de feu.";
"バルーンタイツを着ると
谷に落ちても3回までOKになるんだわサ";"The Tingle Tights. You can fall into
a pit up to three times and still be fine
if you wear this!";"Si tu as tendance à tomber dans
les ravins, ce collant baudruche
prévient jusqu'à trois chutes.";
"カチコチのトーガは
動いていない間 無敵になれる服だわサ";"The Serpent's Toga. Stand perfectly
still, and you'll be invulnerable.
Like a statue to fashion!";"Tant que tu restes immobile,
la toge d'invincibilité te confère
l'invincibilité.";
"剣聖のよろいは
剣を扱う者の最上ランクの服なんだわサ";"The Sword Master Suit marks a truly
formidable swordsperson. It's a badge
of honour to wear one of these!";"Cette tenue haute-coupure est
destinée aux épéistes les plus
valeureux.";
"怪傑ロールナイトを着ると
すばやく回転斬りが出せるようになるんだわサ";"With the Dapper Spinner Kit,
spin attacks have never been easier!
Slash, slash, spin, for the win!";"Si tu veux effectuer des attaques
circulaires plus rapidement, enfile
cette tenue Mousquetourne.";
"チアリーダーな服を着ると
仲間のがんばりゲージが1.5倍に増量だわサ";"You like to cheer your friends on,
do you? With the Cheer Outfit,
their energy gauges will increase.";"Encourage tes alliés avec la tenue
pom-pom pour augmenter leur jauge
d'endurance de moitié.";
"トゲトゲスーツを着ると
接触してきた敵をトゲで攻撃できるだわサ";"The Cacto Clothes? Don't be put off
by the thorns! Touching enemies
will damage them, so it works out well.";"Revêts le complet piquant pour laisser
aux ennemis qui t'approchent un petit
souvenir piquant.";
"体力がマイナス1からのスタート
しかも受けるダメージも2倍";"Start with one heart fewer,
take double damage to boot.";"Double les dégâts reçus et
retire un cœur du nombre
total de cœurs.";
"剣の攻撃力が2倍になり
ビームも出るようになる
※ビームは体力満タン時のみ発動";"Deal double damage with
sword, shoots beams from
sword while at full health.";"Double les dégâts infligés à
l'épée et permet de lancer
des rayons quand tous les
cœurs sont pleins.";
"矢を3本同時に
放てるようになる服";"Shoot three arrows at once.";"L'arc tire trois flèches en
même temps.";
"草や敵から回復のハートが
出やすくなる服";"Makes hearts more likely to
appear from cut grass,
defeated foes, etc.";"Les ennemis vaincus et
l'herbe coupée donnent
plus de cœurs.";
"派手で目立つだけに
敵に狙われやすくなる服";"So flashy, it draws enemy
attention.";"Tellement voyant qu'il attire
l'attention des monstres.";
"溶岩のダメージを受けない服
これさえ着ればヤケドなし!";"Take no damage from lava.
Burns, begone!";"La lave n'inflige aucun
dégât.";
"水流を受けずに泳ぐことができる
スピンアタックで攻撃も可能に!";"Swimming is unaffected by
currents. Also lets you
attack in water!";"Permet d'ignorer les
courants et d'attaquer
dans l'eau.";
"ハートの器が3つ増える服
3人で着ればプラス9!!";"Increases hearts by 3.
Plus 9, if three are worn!";"Donne trois cœurs
supplémentaires, neuf
si les trois héros portent
cette tenue.";
"バクダンの威力とサイズがUP!
しかし自爆には要注意";"Bomb power and size go up.
Caution: handle with care.";"Renforce les bombes et les
rend plus grosses. Attention,
à utiliser avec précaution.";
"がんばりゲージが
1.5倍に増える服";"Increase energy gauge to
1.5 times normal.";"Augmente de moitié la jauge
d'endurance.";
"氷の上で滑らなくなる服
寒いエリアでの必需品?!";"Prevents skidding on ice
and is freeze-proof. A must
for colder areas!";"Empêche de geler et
de glisser sur la glace.
Un incontournable des
zones froides !";
"回転斬りの範囲と威力がUP!
※回転斬りは長押しで発動";"Increase spin attack range
and power! (Spin attack:
hold then release .)";"Augmente la portée et la
puissance de l'attaque
circulaire (maintenez 
enfoncé pour l'effectuer).";
"ダッシュ斬りの発動時間を短縮
更に攻撃力も大幅UP!
※ダッシュは/長押しで発動";"Shorten dash attack charge
time, increase power. (Dash
attack: hold /.)";"Permet de charger plus vite
tout en infligeant plus de
dégâts (maintenez  ou 
enfoncé pour charger).";
"敵や草から入手できる
ルピーの金額がUP!";"Increase amount of Rupees
received from enemies,
grass, etc.";"Les ennemis et l'herbe
donnent plus de rubis.";
"ブーメランの範囲と威力がUP!
更に敵を貫通可能!!";"Increase Boomerang range
and power. Also, attacks
pierce through enemies!";"Augmente la portée et la
puissance du boomerang
et passe au travers des
ennemis.";
"3人そろって着ると
ハートやルピーが出やすくなり
更にがんばりゲージも1.5倍に!";"If three are worn, increase
heart and Rupee drop rate
and energy gauge length.";"Augmente de moitié la jauge
d'endurance et donne plus
de cœurs et de rubis si les
trois héros le portent.";
"時々攻撃を回避できる服
回避できたらラッキー!";"Evade attacks sometimes.
Dodged one? Lucky you!";"Permet parfois d'esquiver
des attaques. Vous avez de
la chance si ça marche !";
"ウォーターロッドの範囲が2倍!
水源エリアの必需品?!";"Double Water Rod effect
radius. Crucial if you head
upriver!";"Un incontournable des
zones humides qui double la
portée de la baguette d'eau.";
"ハートの器が1つ増える服
更にハートも出やすくなる!";"Increase maximum hearts
by 1, and make more hearts
appear.";"Donne un cœur
supplémentaire et favorise
l'apparition de cœurs.";
"受けるダメージが2倍に…しかし
敵の攻撃を回避しやすくなる";"Take double damage...but
also avoid enemy attacks...?";"Double les dégâts reçus...
mais permet d'esquiver les
attaques ennemies... ?";
"懐かしの姿に変身
更にBGMもファミコン風に!";"Transform into a figure from
the past. The music also
becomes quite retro!";"Vous donne un air rétro...
et à la musique aussi !";
"まわりをほんのり照らす服
闘技場で使うと…!";"Acts as a faint light source.
Try using it in the coliseum!";"Éclaire tout autour de vous.
À essayer dans l'arène ?";
"歩くスピードが速くなる服
1人早送り状態!";"Increase walking speed.
Fast-forward your journey!";"Augmente la vitesse de
marche. En avant, toute !";
"ハートの器が1つ増える服
この1つが意外とありがたい";"Increase maximum hearts by
one. Not much, but it helps.";"Donne un cœur
supplémentaire.
C'est mieux que rien !";
"おなじみの服 特別な力はないが
その分コースを一番楽しめる
かも…";"Seems vaguely familiar...
No special powers, but still
fun to wear! ... A bit.";"Une tenue bien familière
sans pouvoir particulier,
mais confortable. Non ?";
"空気ツボの範囲と威力UP!
更に発動時間も短縮!!";"Increase Gust Jar range
and power, decrease time
required to charge.";"Augmente la portée et la
puissance du souffle-vent
ainsi que sa cadence de tir.";
"ハンマーの範囲と威力UP!
更に発動時間も短縮!!";"Increase Magic Hammer
attack area and power,
decrease time to strike.";"Augmente la portée et la
puissance du marteau,
mais aussi sa réactivité !
Frappez vite et fort !";
"流砂の上でも沈まなくなる服
砂漠エリアでの必需品?!";"Prevent sinking in
quicksand. Worth having in
the desert!";"Un incontournable des
zones désertiques. Permet
de ne pas se faire engloutir
par les sables mouvants.";
"アームショットがパワーUP!
更に敵を貫通可能!!";"Powers up the Gripshot.
Shots pierce through some
of the weaker foes!";"Renforce le grappince et
permet de tirer à travers
certains ennemis.";
"ファイアグローブの威力がUP!
炎の玉を3つ同時に繰り出せる";"Increase Fire Gloves power.
Throw three fireballs at the
same time!";"Renforce les gants de feu et
permet de tirer trois boules
de feu à la fois.";
"谷底に落ちても
3回まで風船で戻ってこられる";"Use balloons to return safely
after falling into a pit, up to
three times only.";"Permet de prévenir jusqu'à
trois chutes dans un trou ou
autre gouffre.";
"動いていない間は
石化して無敵状態になる服";"Turn to stone while not
moving, becoming
invulnerable.";"Pétrifie son porteur et
le rend invincible tant
qu'il reste immobile.";
"剣を扱う者にとって最上の服
剣の範囲と威力がUP!";"The best a swordsperson
can get. Increases sword
range and power!";"Une tenue taillée pour les
épéistes, qui augmente la
portée et la puissance
de l'épée.";
"回転斬りの発動時間を短縮
すばやく技が繰り出せる
※回転斬りは三連打で発動";"Makes spin attacks quicker
to perform. (Spin attack:
press  three times.)";"Permet d'effectuer une
attaque circulaire plus
rapidement en appuyant
trois fois sur .";
"仲間のがんばりゲージが1.5倍!
情けは人のためならず";"Increase allies' energy
gauges to 1.5 times normal.
Virtue is its own reward!";"Augmente de moitié la
jauge d'endurance des
compagnons. Il n'y a pas de
honte à aider son prochain.";
"接触してきた敵をトゲで攻撃!
闘技場で使うと…";"Spikes damage enemies that
get too close! Just wait till
you use it in the coliseum...";"Blesse les ennemis qui
s'approchent trop.
Portez-le dans l'arène,
pour voir...";
"アレな服";"Bear Minimum Digs";"Tenue basique";
"剣士の服";"Sword Suit";"Tenue cape et épée";
"コキリ族の衣装";"Kokiri Clothes";"Tenue kokiri";
"ハートフルドレス";"Legendary Dress";"Robe de légende";
"派手なタキシード";"Showstopper";"Smoking flamboyant";
"ゴロンの着ぐるみ";"Goron Garb";"Costume de Goron";
"ゾーラの着ぐるみ";"Zora Costume";"Costume de Zora";
"スリークイーン";"Queen of Hearts";"Reine de cœur";
"大バクダンの服";"Big Bomb Outfit";"Bombinaison";
"ガンバリ隊の服";"Energy Gear";"Tenue d'endurance";
"すべらない服";"Cosy Parka";"Pelisse antiglisse";
"大回転斬りの甲冑";"Spin Attack Attire";"Armure tourbillon";
"疾風斬りの黒衣";"Ninja Gi";"Tenue de ninja";
"お金持ちの服";"Rupee Regalia";"Tenue martingale";
"ブーメラン酋長";"Boomeranger";"Tenue boomerang";
"おそろいルック";"Tri Suit";"Brelan d'amitié";
"ラッキーパジャマ";"Lucky Loungewear";"Pyjama chanceux";
"水使いのローブ";"Torrent Robe";"Aquarobe";
"レディワンピ";"Lady's Ensemble";"Tenue de Lady";
"ダサいタイツ";"Semi-Cursed Tights";"Collant ringard";
"8bit Boy";"Timeless Tunic";"Rétro-tunique";
"カンテラスーツ";"Light Armour";"Tricot lanterne";
"チータースーツ";"Cheetah Costume";"Costume guépard";
"ワンハートナイト";"Jack of Hearts";"Valet de cœur";
"兵士の服";"Hero's Tunic";"Tunique de héros";
"風使いの衣";"Gust Garb";"Éolaine";
"ハンマーのコウラ";"Hammerwear";"Carapace Marto";
"スナーメンの衣";"Dunewalker Duds";"Tenue de pharaon";
"アームロイドの服";"Robo Wear";"Tenue grappinçante";
"ファイア仮面";"Fire Blazer";"Tenue de flamelle";
"バルーンタイツ";"Tingle Tights";"Collant baudruche";
"カチコチのトーガ";"Serpent's Toga";"Toge d'invincibilité";
"剣聖のよろい";"Sword Master Suit";"Haute-coupure";
"怪傑ロールナイト";"Dapper Spinner Kit";"Mousquetourne";
"チアリーダーな服";"Cheer Outfit";"Tenue pom-pom";
"トゲトゲスーツ";"Cacto Clothes";"Complet piquant";
"アレな服";"Minimum";"Basique";
"剣士の服";"Sword";"Cape et épée";
"コキリ族の衣装";"Kokiri";"Kokiri";
"ハートフルドレス";"Legend";"Légende";
"派手なタキシード";"Showstopper";"Smoking";
"ゴロンの着ぐるみ";"Goron";"Goron";
"ゾーラの着ぐるみ";"Zora";"Zora";
"スリークイーン";" Queen";"Reine ";
"大バクダンの服";"Bomb";"Bombinaison";
"ガンバリ隊の服";"Energy";"Endurance";
"すべらない服";"Parka";"Antiglisse";
"大回転斬りの甲冑";"Spin Attack";"Tourbillon";
"疾風斬りの黒衣";"Ninja";"Ninja";
"お金持ちの服";"Rupee";"Martingale";
"ブーメラン酋長";"Boomerang";"Boomerang";
"おそろいルック";"Tri Suit";"Brelan";
"ラッキーパジャマ";"Lucky";"Chanceux";
"水使いのローブ";"Torrent";"Aquarobe";
"レディワンピ";"Lady's";"Lady";
"ダサいタイツ";"Cursed";"Ringard";
"8bit Boy";"Timeless";"Rétro";
"カンテラスーツ";"Light";"Lanterne";
"チータースーツ";"Cheetah";"Guépard";
"ワンハートナイト";" Jack";"Valet ";
"兵士の服";"Hero";"Héros";
"風使いの衣";"Gust";"Éolaine";
"ハンマーのコウラ";"Hammer";"Marto";
"スナーメンの衣";"Dune";"Pharaon";
"アームロイドの服";"Robo";"Grappinçante";
"ファイア仮面";"Fire";"Flamelle";
"バルーンタイツ";"Tingle";"Baudruche";
"カチコチのトーガ";"Serpent";"Invincibilité";
"剣聖のよろい";"Masterful";"H.-coupure";
"怪傑ロールナイト";"Spinner";"Mousquet.";
"チアリーダーな服";"Cheer";"Pom-pom";
"トゲトゲスーツ";"Cacto";"Piquant";
"森林エリア";"Woodlands";"Forêt";
"水源エリア";"Riverside";"Rivière";
"火山エリア";"Volcano";"Volcan";
"氷雪エリア";"Ice Cavern";"Glacier";
"要塞エリア";"Fortress";"Forteresse";
"砂漠エリア";"The Dunes";"Désert";
"廃墟エリア";"The Ruins";"Ruines";
"天空エリア";"Sky Realm";"Ciel";
"ルピー";" Rupee";" rubis";
"ルピー";" Rupees";" rubis";
"秒";" second";" seconde";
"秒";" seconds";" secondes";
"分";" minute";" minute";
"分";" minutes";" minutes";
"人";" name";" personne";
"人";" names";" personnes";
"個";" ";" ";
"個";" ";" ";
"枚";" Friendly Token";" preuve d'amitié";
"枚";" Friendly Tokens";" preuves d'amitié";
"勝";" win";" victoire";
"勝";" wins";" victoires";
"着";" outfit";" tenue";
"着";" outfits";" tenues";
"Dummy";"Dummy";"Dummy";
"バクダンを手に入れた!
で投げられるぞ!!";"You got some Bombs!
Throw one with !
It'll be a blast!";"Vous avez obtenu des bombes !
Lancez-en une avec  !";
"弓矢を手に入れた!
で矢を撃てるぞ!!";"You got a Bow!
Shoot arrows with !
Simple, but effective!";"Vous avez obtenu un arc !
Tirez des flèches avec  !";
"ファイアグローブを手に入れた!
で火の玉を発射!!
長押しで火の盾にもなるぞ!!!";"You got Fire Gloves!
Press  to throw a fireball!
Hold it for a fire shield! Toasty!";"Vous avez obtenu des gants de
feu !  pour tirer une boule de
feu, maintenir pour se protéger.";
"ブーメランを手に入れた!
他のプレイヤーを
引き寄せることができるぞ!";"You got a Boomerang!
Use it to fetch other players!
Feel the power!";"Vous avez obtenu le boomerang !
Utilisez-le pour ramener vos
compagnons vers vous !";
"ウォーターロッドを手に入れた!
で水柱を作れるぞ!!";"You got a Water Rod!
Raise water pillars with !
A splashing good time!";"Vous avez obtenu la baguette
d'eau ! Créez des colonnes d'eau
avec  !";
"空気ツボを手に入れた!
で色々ぶっとばせ!!";"You got a Gust Jar!
Send things flying with !
It's a breath of fresh air!";"Vous avez obtenu le souffle-vent !
Balayez tout sur votre passage
avec  !";
"アームショットを手に入れた!
でアームが伸びるぞ!!
プレイヤーにむけて撃つと…";"You got a Gripshot!
Stretch out the arm with !
For friends and foes and objects!";"Vous avez obtenu le grappince !
Tirez la pince avec  ! Essayez
sur vos compagnons pour voir...";
"ハンマーを手に入れた!
でドスンと一発!!";"You got a Magic Hammer!
Smash things with !
Don't hold back!";"Vous avez obtenu le marteau !
Appuyez sur  pour frapper
le sol !";
"剣";"Sword";"Épée";
"バクダン";"Bombs";"Bombes";
"弓矢";"Bow";"Arc";
"ファイアグローブ";"Fire Gloves";"Gants de feu";
"ブーメラン";"Boomerang";"Boomerang";
"ウォーターロッド";"Water Rod";"Baguette d'eau";
"空気ツボ";"Gust Jar";"Souffle-vent";
"アームショット";"Gripshot";"Grappince";
"ハンマー";"Magic Hammer";"Marteau";
"ドレース王国";"Hytopia";"Royaume d'Estoffe";
"ドレース城";"Hytopia Castle";"Château d'Estoffe";
"闘技場";"Coliseum";"Arène";
"デクの森";"Deku Forest";"Forêt mojo";
"ビリビリ洞窟";"Buzz Blob Cave";"Caverne électrique";
"モリブリンの砦";"Moblin Base";"Fort moblin";
"森の神殿";"Forest Temple";"Temple de la Forêt";
"しゃくねつ登山道";"Blazing Trail";"Sentier ardent";
"ヒノックス坑道";"Hinox Mine";"Galeries hinox";
"ファイアーフロント";"Den of Flames";"Rive de feu";
"炎の神殿";"Fire Temple";"Temple du feu";
"湖のかくし砦";"Secret Fortress";"Fort secret du lac";
"かえらずの淵";"Abyss of Agony";"Gouffre du non-retour";
"うつろいの入り江";"Cove of Transition";"Crique capricieuse";
"水の神殿";"Water Temple";"Temple de l'eau";
"氷結の大地";"Frozen Plateau";"Plateau glacé";
"雪玉渓谷";"Snowball Ravine";"Ravin boules de neige";
"白銀のほこら";"Silver Shrine";"Sanctuaire d'argent";
"氷の神殿";"Ice Temple";"Temple de glace";
"鉄壁の関門";"Sealed Gateway";"Portes scellées";
"バクダン保管庫";"Bomb Storage";"Réserve de bombes";
"アモス訓練所";"Training Ground";"Centre d'entraînement";
"レディの要塞";"The Lady's Lair";"Forteresse de Lady";
"まやかし屋敷";"Illusory Mansion";"Maison des illusions";
"くらやみの館";"Palace Noir";"Demeure des ténèbres";
"なげきの迷宮";"Lone Labyrinth";"Dédale des sanglots";
"黄泉の神殿";"Grim Temple";"Temple de l'au-delà";
"底なし砂丘";"Dunes of Infinity";"Dunes sans fin";
"石の回廊";"Stone Corridors";"Cloître de pierre";
"ギブドの棺";"Gibdo Mausoleum";"Tombeau gibdo";
"砂漠の神殿";"Desert Temple";"Temple du désert";
"空中庭園";"Floating Gardens";"Jardins célestes";
"カラクリ浮遊城";"Deception Castle";"Fort aux fourberies";
"飛竜の砦";"Dragon Citadel";"Fort du dragon";
"天空の神殿";"Sky Temple";"Temple du ciel";
"森林";"The Forest";"La forêt";
"神殿";"The Temple";"Le temple";
"火山";"The Volcano";"Le volcan";
"要塞";"The Fortress";"La forteresse";
"洗練された女性しか
かけることが許されないメガネ
場所：森林エリア";"Only the most refined ladies
can don the fabled shades.
Found: Woodlands";"Cet accessoire est réservé
aux femmes les plus raffinées.
Lieu : Forêt";
"洗練された女性しか
身につけることが許されない襟巻
場所：要塞エリア";"Only the most refined ladies
can don the fabled scarf.
Found: Fortress";"Cet accessoire est réservé
aux femmes les plus raffinées.
Lieu : Forteresse";
"洗練された女性しか
持つことが許されない傘
場所：天空エリア";"Only the most refined ladies
can hold the fabled item.
Found: Sky Realm";"Cet accessoire est réservé
aux femmes les plus raffinées.
Lieu : Ciel";
"露天商限定の品
主のお手製という噂
場所：露天商";"Street merchant exclusive!
Some say he makes them...
Found: Street Merchant";"Le vendeur de rue les
confectionnerait lui-même...
Lieu : vendeur de rue";
"一度遊んだらトモダチ!
何度も遊んだらマブダチ! 
場所：城前の少年";"A friend in need is a friend
indeed! So get more friends!
Found: Boy by castle gates";"Des amis d'un jour peuvent
devenir des amis de toujours.
Lieu : devant le château";
"いつか役に立つ日がくると信じ
大切にとっておこう
場所：毎日たからばこ屋";"Trust that it will come useful
some day, and keep it close.
Found: Daily Riches store";"Ne le jetez pas, il vous
servira peut-être un jour.
Lieu : Magotidien";
"バズブロブの落し物
どの部分なのかは不明
場所：森林エリア";"Remains of a Blob. It's not
really clear which part it is...
Found: Woodlands";"Un bout de buzz-blob.
Mais... c'est quelle partie ?
Lieu : Forêt";
"アモスは死後 魂だけの姿となり
3日間 この世をさまよう
場所：森林エリア";"A fallen Armos's soul remains
in this world for 3 days after.
Found: Woodlands";"Une âme d'armos vaincu erre
en ce monde 3 jours durant.
Lieu : Forêt";
"お財布に入れておくと
幸せが訪れるといわれている
場所：森林エリア";"Put one in your wallet and
joy will find you! ... Maybe.
Found: Woodlands";"On dit qu'en garder une dans
sa bourse porterait chance.
Lieu : Forêt";
"甘い香りは安らぎのアロマテラピー
ただし食べると3日3晩もだえ苦しむ
場所：森林エリア";"Smells soothing, but eating it
spells 72 hours of agony.
Found: Woodlands";"Mangez-le et vous aurez mal
au ventre pendant 3 jours !
Lieu : Forêt";
"ブリン族の成人の証 しかし
成人になれるのは ほんの一握り…
場所：森林エリア";"The mark of an adult blinoid.
Not all of them make it...
Found: Woodlands";"Ce collier est remis aux rares
Blins devenus adultes.
Lieu : Forêt";
"まぶたは黄金 目玉はエメラルドで
作られた 実はかなりの高級品
場所：森林エリア";"With gold eyelids and an eye
of emerald, this is rich stuff!
Found: Woodlands";"L'émeraude qui compose cet
objet luxueux est peinte d'or.
Lieu : Forêt";
"神秘すぎて入手困難
大切にしてほしい
場所：森林エリア";"So baffling, nobody can get
any. Make it count if you do!
Found: Woodlands";"Rare et merveilleusement
étrange. Prenez-en soin !
Lieu : Forêt";
"葉っぱの部分は
コラーゲンでできていてプルプル
場所：森林エリア";"This leaf is full of collagen,
making it elastic and jiggly.
Found: Woodlands";"Le collagène qu'elle contient
lui donne son élasticité.
Lieu : Forêt";
"淡水で育つため
ミネラル成分は薄め
場所：水源エリア";"Grown far from the sea, this
kelp rather lacks minerals.
Found: Riverside";"Son milieu naturel lui a
prodigué peu de minéraux.
Lieu : Rivière";
"ゾーラの成長とともに育つウロコは
年代物ほど価値がある
場所：水源エリア";"Zora scales grow throughout
their life. This is a big one!
Found: Riverside";"Sa taille détermine sa valeur
marchande et l'âge du Zora.
Lieu : Rivière";
"特別なカイコから
生み出された生糸
場所：水源エリア";"Spun from the cocoons of
some very fancy worms.
Found: Riverside";"Seules certaines races de
vers à soie produisent ce fil.
Lieu : Rivière";
"やましい心の持ち主がかぶると
水となり消えてしまう聖なる冠
場所：水源エリア";"In impure hands, this holy
crown would turn to water.
Found: Riverside";"Portée par un être impur,
elle se liquéfierait.
Lieu : Rivière";
"煮ても焼いても生でもヨシ
魔境No.1の珍味
場所：水源エリア";"Tasty whether boiled, grilled
or raw. A local delicacy!
Found: Riverside";"Spécialité locale consommée
grillée, bouillie ou crue.
Lieu : Rivière";
"妖精がくしゃみをした時にだす粉
万能素材として知られている
場所：水源エリア";"Powder that fairies sneeze
out. It's got a million uses.
Found: Riverside";"Une poudre produite par les
fées quand elles éternuent.
Lieu : Rivière";
"その美しさゆえ
隣国からの密漁が絶えない
場所：水源エリア";"So beautiful, it attracts
poachers even from abroad.
Found: Riverside";"Sa beauté attire même les
braconniers des pays voisins.
Lieu : Rivière";
"イガイガの繊維質が
上等な服の生地となる
場所：水源エリア";"Its stiff burr can be used to
make truly exquisite cloth.
Found: Riverside";"On fabrique des habits solides
avec sa peau rugueuse.
Lieu : Rivière";
"火に強く 頑丈な鉱石
その硬さからゴロン族の名がついた
場所：火山エリア";"Named for its Goron-like
toughness and resilience.
Found: Volcano";"Sa solidité et sa résistance au
feu lui ont donné son nom.
Lieu : Volcan";
"鉄分多め
マダムの好物
場所：火山エリア";"Reasonably rich in iron.
Madame likes them a lot.
Found: Volcano";"Madame la couturière raffole
de ce mets riche en fer.
Lieu : Volcan";
"レプリカも多いが
これは本物のようだ
場所：火山エリア";"Cheap knock-offs abound,
but this one's the real deal.
Found: Volcano";"Il s'agit d'un authentique
fossile de monstre.
Lieu : Volcan";
"アクセサリーにしても
玄関に飾ってもカッコいい!
場所：火山エリア";"Would look cool in a piercing,
or hanging above a doorway.
Found: Volcano";"Donnez du cachet à votre
entrée ou votre coiffure.
Lieu : Volcan";
"コドンゴの尻尾は
成長期に生え変わる
場所：火山エリア";"Don't feel bad. Kodongos
regrow their tails with age.
Found: Volcano";"Les queues des tidongos
repoussent avec le temps.
Lieu : Volcan";
"煎じて飲むと精神力が高まる
紫色の染料として使われることも
場所：火山エリア";"Use it to brew an invigorating
tea, or grind for a purple dye.
Found: Volcano";"Une aile de chauve-souris à
la base de la teinture prune.
Lieu : Volcan";
"この世界には存在しない謎の鉱物
天からの贈物として珍重されている
場所：火山エリア";"Prized as a gift from the sky,
this rock is out of this world!
Found: Volcano";"Selon certains, ce minéral
serait un cadeau des cieux.
Lieu : Volcan";
"千年に一度生え変わる神獣のヒゲは
ひげマニアの間で高値で取引される
場所：火山エリア";"Hairs from the snouts of holy
beasts, grown over millennia. 
Found: Volcano";"Une créature divine les perd
une fois par millénaire.
Lieu : Volcan";
"ずっと頬ずりしていたくなる
フワフワな肌触り
場所：氷雪エリア";"Makes you want to rub your
face all over it. So fluffy!
Found: Ice Cavern";"Ils sont si doux qu'on a envie
de les frotter contre sa joue !
Lieu : Glacier";
"－25度の時にだけ
発生する雪の結晶
場所：氷雪エリア";"This particular crystal could
only form at - 25 degrees.
Found: Ice Cavern";"Ces cristaux ne se forment
que par - 25 degrés.
Lieu : Glacier";
"どんなものでも切り裂く
するどい牙
場所：氷雪エリア";"Razor-sharp fangs that will
pierce through anything.
Found: Ice Cavern";"Ces crocs de serpent peuvent
tout trancher.
Lieu : Glacier";
"投げるとほぼ確実に
相手に当たる不思議なコウラ
場所：氷雪エリア";"It's pretty hard to miss when
throwing one of these shells.
Found: Ice Cavern";"Une fois lancée, elle atteint
presque toujours sa cible.
Lieu : Glacier";
"フリザドが溶けてできた水
不純物ゼロ
場所：氷雪エリア";"A Freezard, melted down.
Pure as pure can be.
Found: Ice Cavern";"L'eau d'un freezard fondu est
d'une pureté sans pareille.
Lieu : Glacier";
"どんな時でも
いつもちょっとひんやりしている
場所：氷雪エリア";"Guaranteed to keep its cool
at all times. 
Found: Ice Cavern";"Elle reste froide, quelle que
soit la température ambiante.
Lieu : Glacier";
"極寒の地でしか花を咲かせない
希少なバラ
場所：氷雪エリア";"A rare flower that cannot
bloom unless it's freezing.
Found: Ice Cavern";"Elle ne pousse que par des
températures glaciales.
Lieu : Glacier";
"魔獣用の絆創膏 傷を治しつつ
傷も隠せて一石二鳥
場所：氷雪エリア";"Plaster, for beasts. Cover a
wound to help it heal faster!
Found: Ice Cavern";"Il guérit et cache les bobos
tout à la fois, pratique !
Lieu : Glacier";
"柔らかそうにみえるが
実はカチンコチン
場所：要塞エリア";"Looks all fluffy, but is
in fact rock-hard.
Found: Fortress";"Il a l'air duveteux, mais il est
aussi dur que de la pierre.
Lieu : Forteresse";
"銀色に輝くクモの巣を紡いだ糸
除菌消臭効果あり
場所：要塞エリア";"Spun from glinting gossamer.
Antibacterial, deodorizing.
Found: Fortress";"Excellent antibactérien, il
sert aussi de désodorisant.
Lieu : Forteresse";
"由緒正しそうな風格を持つリング
由緒正しき者しか手にできない
場所：要塞エリア";"A ring of noble lineage.
Only fits noble fingers.
Found: Fortress";"Un noble anneau destiné à
un cœur noble.
Lieu : Forteresse";
"今も昔も人々は
ゴールドが大好き
場所：要塞エリア";"Gold! Beloved throughout
history. Look how it shines!
Found: Fortress";"L'or, ce métal vénéré à
travers les âges !
Lieu : Forteresse";
"1人の匠が人生をかけて
織りあげた逸品
場所：要塞エリア";"A fine bolt of cloth that took
an artisan ten years to spin.
Found: Fortress";"Un maître artisan a consacré
sa vie à la perfectionner.
Lieu : Forteresse";
"繊細で上品だが
どこか古さを感じさせるレース
場所：要塞エリア";"The lacework looks intricate,
but also, somehow, old...?
Found: Fortress";"Un ouvrage de grande valeur
qui semble être assez ancien.
Lieu : Forteresse";
"色とりどりの光を放ち
見るもの全ての目を奪う
場所：要塞エリア";"Twinkles a myriad hues. Very
distracting to passers-by.
Found: Fortress";"Ses couleurs éclatantes
attirent tous les regards.
Lieu : Forteresse";
"ハイパピルスでかいた恋文は
必ず相手の心を射止めるらしい
場所：要塞エリア";"Love letters written on it are
said to be 100% effective.
Found: Fortress";"Du papyrus, rien de tel pour
avouer ses sentiments.
Lieu : Forteresse";
"水がなくても100年は
枯れないヤシからとれる実
場所：砂漠エリア";"Taken from trees that can go
for centuries without water.
Found: The Dunes";"Elle pousse sur des palmiers
survivant cent ans sans eau.
Lieu : Désert";
"焼くと香ばしいカオリがする
焼きすぎるとかたくなる
場所：砂漠エリア";"Smells great when fried, but
is quick to stiffen and char.
Found: The Dunes";"Il dégage une bonne odeur à
la cuisson, mais durcit vite.
Lieu : Désert";
"一子相伝!!!
秘伝の製法で織られた貴重な麻布
場所：砂漠エリア";"The secret of its making was
passed on from father to son.
Found: The Dunes";"Un secret de fabrication qui
remonte à des générations.
Lieu : Désert";
"実はギブドはきれい好き
毎日 包帯を巻きなおしている
場所：砂漠エリア";"Gibdos like feeling clean, and
change bandages every day.
Found: The Dunes";"Les gibdos en changent tous
les jours. Quelle hygiène !
Lieu : Désert";
"不純物が少ないスタルの骨は
白い染料としても使われる
場所：砂漠エリア";"Did you know? Stalbone
can be used as a white dye.
Found: The Dunes";"Les crânes de stalfos servent
à faire de la teinture blanche.
Lieu : Désert";
"一振りで砂嵐を引き起こす
魔法のリボン
場所：砂漠エリア";"A magic ribbon that can rouse
a sandstorm when shaken.
Found: The Dunes";"Secouez-le pour provoquer
une tempête de sable !
Lieu : Désert";
"オーパーツがこんなところにも!?
謎があるからこそひときわ輝く
場所：砂漠エリア";"It gleams conspicuously, as
if aware of its air of mystery.
Found: The Dunes";"Ce mystère qui l'entoure le
fait encore plus briller.
Lieu : Désert";
"本物の黄金よりも
高値で取引されることがある
場所：砂漠エリア";"Some of them sell for more
than if they were real gold.
Found: The Dunes";"Cet insecte vaut parfois plus
que son poids en or véritable.
Lieu : Désert";
"ハロウィンに憧れすぎて
かぼちゃそっくりになった人参
場所：廃墟エリア";"This carrot loved autumn so
much, it became a pumpkin.
Found: The Ruins";"Une carotte qui adore
l'automne, ça donne ça...
Lieu : Ruines";
"何のエキスかは
誰も知らない
場所：廃墟エリア";"Nobody knows what it's an
extract of.
Found: The Ruins";"Personne ne sait d'où a été
tiré cet extrait.
Lieu : Ruines";
"狙った獲物は逃さない
絶対に切れない頑丈な糸
場所：廃墟エリア";"Made of unbreakable thread
spiders use to capture prey.
Found: The Ruins";"Une toile résistante qui ne
laisse échapper aucune proie.
Lieu : Ruines";
"ポゥ本体に魂はない
みんなどこかに隠しているらしい
場所：廃墟エリア";"Poes keep souls not in their
body, but hidden elsewhere.
Found: The Ruins";"Un esprit ne garde jamais son
âme sur lui.
Lieu : Ruines";
"じつは夫婦円満の
お守りとして人気が高い
場所：廃墟エリア";"Highly prized as talismans
to ensure marital bliss.
Found: The Ruins";"Ce porte-bonheur apporterait
harmonie au sein du couple.
Lieu : Ruines";
"炎の精霊の涙と言われ
手にした者 精霊の加護を受けられる
場所：廃墟エリア";"Said to be a fire spirit's tear.
Having one grants protection.
Found: The Ruins";"Cette larme de l'esprit du feu
protégerait celui qui la porte.
Lieu : Ruines";
"魔物の巣窟にある魔よけのお面
さほど魔よけの効果はなさそうだ
場所：廃墟エリア";"Mask used to ward off evil.
Could not ward off a thing.
Found: The Ruins";"Un anti-monstre peu efficace
se trouvant dans des nids.
Lieu : Ruines";
"ちりも積もれば山となるが
山にするには忍耐が必要
場所：廃墟エリア";"Looks just like sand, but
just wait until it piles up!
Found: The Ruins";"Les petits tas d'or font les
grands pactoles !
Lieu : Ruines";
"コッコは 1年に一度羽が生え変わり
その間だけ 丸裸になってしまう
場所：天空エリア";"Cuccos grow new feathers
yearly. It looks quite funny.
Found: Sky Realm";"Les cocottes perdent toutes
leurs plumes une fois par an.
Lieu : Ciel";
"別名「太陽のほくろ」と呼ばれる
天空でしか取れない真っ赤な真珠
場所：天空エリア";"A deep-red jewel, sometimes
called a "sun's birthmark".
Found: Sky Realm";"Une perle d'un rouge aussi
vif que le soleil couchant.
Lieu : Ciel";
"適度なしなりと金属のごとき
硬度を持つ リザルナーグの尻尾
場所：天空エリア";"An Aeralfos tail, pliable and
strong, like forged of steel.
Found: Sky Realm";"Aussi dure que de la pierre,
et pourtant si souple.
Lieu : Ciel";
"女性を虜にする美しい羽
時には魔物をも魅了する
場所：天空エリア";"A feather of utter beauty, it
charms man and beast alike.
Found: Sky Realm";"Sa beauté fascine autant les
hommes que les monstres.
Lieu : Ciel";
"妖精が身の危険を感じた時に現れる
いわば身代わり人形 
場所：天空エリア";"A threatened fairy conjures
some of these, as a decoy.
Found: Sky Realm";"Un appât utilisé par les fées
en cas de danger.
Lieu : Ciel";
"オーロラのオーラが
多く含まれた大きな石
場所：天空エリア";"A large stone, shining like
the Northern Lights.
Found: Sky Realm";"Cette pierre est aussi belle
qu'une aurore boréale.
Lieu : Ciel";
"このハガネが1％含まれるだけで
武器の攻撃力が跳ね上がる
場所：天空エリア";"A speck of this steel makes
swords stronger. But a mask?
Found: Sky Realm";"Un soupçon de cet acier
suffit à renforcer une épée.
Lieu : Ciel";
"武を極めた者の前にしか現れない
美しいレースの羽を持つ 幻の蝶 
場所：天空エリア";"Gorgeous lacy-winged insect
only visible to the valorous.
Found: Sky Realm";"Son motif étrange n'apparaît
qu'aux plus courageux.
Lieu : Ciel";
"レディーメガネ";"Lady's Glasses";"Lunettes de Lady";
"レディーエリマキ";"Lady's Collar";"Fraise de Lady";
"レディーパラソル";"Lady's Parasol";"Ombrelle de Lady";
"シャラシャラ";"Frilly Fabric";"Froufrous";
"トモダチの証";"Friendly Token";"Preuve d'amitié";
"粗品";"Freebie";"Cadeau fidélité";
"バズジェリー";"Blob Jelly";"Gelée buzz-blob";
"アモスのたましい";"Armos Spirit";"Âme d'armos";
"テクタイトシェル";"Tektite Shell";"Carapace araknon";
"あまいキノコ";"Sweet Shroom";"Champi sucré";
"ブリン族の首飾り";"Blin Bling";"Collier blin";
"ゴーマの目玉";"Gohma's Eye";"Œil de Gohma";
"神秘のヒスイ";"Mystery Jade";"Jade mystérieux";
"肉厚なはっぱ";"Supple Leaf";"Feuille charnue";
"淡水わかめ";"Fresh Kelp";"Algue de rivière";
"ゾーラのウロコ";"Zora Scale";"Écaille de Zora";
"ドレース生糸";"Hytopian Silk";"Fil d'Estoffe";
"水のかんむり";"Aqua Crown";"Couronne d'eau";
"オクタきゅうばん";"Octorok Sucker";"Tentacule octo";
"ようせいの粉";"Fairy Dust";"Poudre de fée";
"七色サンゴ";"Rainbow Coral";"Corail irisé";
"イガイガの実";"Thornberry";"Bogue explosive";
"ゴロン鉱石";"Goron Ore";"Minerai goron";
"マモノの肝";"Monster Guts";"Foie de monstre";
"マモノの化石";"Demon Fossil";"Fossile";
"カッコイイ角";"Rugged Horn";"Corne classe";
"コドンゴの尻尾";"Kodongo Tail";"Queue de tidongo";
"キースのつばさ";"Keese Wing";"Aile griffue";
"星のカケラ";"Star Fragment";"Fragment étoile";
"神獣のヒゲ";"Divine Whiskers";"Poils divins";
"ふわふわした毛";"Fluffy Fuzz";"Poils tout doux";
"スノークリスタル";"Tiny Snowflake";"Cristal de neige";
"大蛇のキバ";"Serpent Fangs";"Crocs géants";
"赤いコウラ";"Crimson Shell";"Carapace rouge";
"フリザドの水";"Freezard Water";"Eau de freezard";
"ひんやり石";"Chill Stone";"Roche froide";
"氷のバラ";"Ice Rose";"Rose de glace";
"マジュウパッチ";"Beastie Plaster";"Sparadrap démon";
"カタわたげ";"Stiff Puff";"Coton duveteux";
"銀の糸";"Silver Thread";"Fil d'argent";
"王家のリング";"Royal Ring";"Anneau royal";
"いにしえの金貨";"Antique Coin";"Pièce ancienne";
"匠の織物";"Fancy Fabric";"Étoffe de maître";
"上品なレース";"Exquisite Lace";"Dentelle chic";
"カラフルブローチ";"Vibrant Brooch";"Broche colorée";
"ハイパピルス";"Brittle Papyrus";"Papyrus effrité";
"ヤシぼっくり";"Palm Cone";"Pomme de palme";
"古代魚のヒレ";"Ancient Fin";"Aileron antique";
"秘伝のたんもの";"Vintage Linen";"Lin des anciens";
"ギブドの包帯";"Gibdo Bandage";"Bandelette";
"スタルスカル";"Stal Skull";"Crâne de stalfos";
"砂嵐のリボン";"Sandy Ribbon";"Ruban des sables";
"ドクロの水晶";"Crystal Skull";"Crâne en cristal";
"黄金の虫";"Golden Insect";"Insecte d'or";
"かぼちゃ人参";"Carrumpkin";"Carottouille";
"なにかのエキス";"Mystery Extract";"Extrait inconnu";
"スパイダーレース";"Spider Silk Lace";"Dentelle arachno";
"ポゥのたましい";"Poe Soul";"Essence d'esprit";
"ねじれた小枝";"Twisted Twig";"Rameau tordu";
"マグマのしずく";"Lava Drop";"Goutte de magma";
"まよけのお面";"Sanctuary Mask";"Masque protectif";
"サラサラ砂金";"Gold Dust";"Poudre d'or fin";
"コッコの羽毛";"Cucco Feathers";"Plume de cocotte";
"真紅のパール";"Carmine Pearl";"Perle écarlate";
"天竜の尻尾";"Sky Dragon Tail";"Queue de dragon";
"あざやかな羽";"Pretty Plume";"Plume colorée";
"ヨウセイモドキ";"Mock Fairy";"Simili-fée";
"オーロラストーン";"Aurora Stone";"Pierre boréale";
"ハガネの仮面";"Steel Mask";"Masque en acier";
"まぼろしのチョウ";"Fabled Butterfly";"Papillon irréel";
"レディーメガネ";"the Lady's Glasses";"les lunettes de Lady";
"レディーエリマキ";"the Lady's Collar";"la fraise de Lady";
"レディーパラソル";"the Lady's Parasol";"l'ombrelle de Lady";
"シャラシャラ";"some Frilly Fabric";"des froufrous";
"トモダチの証";"a Friendly Token";"une preuve d'amitié";
"粗品";"a Freebie";"un cadeau fidélité";
"バズジェリー";"some Blob Jelly";"de la gelée buzz-blob";
"アモスのたましい";"an Armos Spirit";"une âme d'armos";
"テクタイトシェル";"a Tektite Shell";"une carapace araknon";
"あまいキノコ";"a Sweet Shroom";"un champi sucré";
"ブリン族の首飾り";"some Blin Bling";"un collier blin";
"ゴーマの目玉";"a Gohma's Eye";"un œil de Gohma";
"神秘のヒスイ";"some Mystery Jade";"du jade mystérieux";
"肉厚なはっぱ";"a Supple Leaf";"une feuille charnue";
"淡水わかめ";"some Fresh Kelp";"une algue de rivière";
"ゾーラのウロコ";"a Zora Scale";"une écaille de Zora";
"ドレース生糸";"some Hytopian Silk";"du fil d'Estoffe";
"水のかんむり";"an Aqua Crown";"une couronne d'eau";
"オクタきゅうばん";"an Octorok Sucker";"un tentacule octo";
"ようせいの粉";"some Fairy Dust";"de la poudre de fée";
"七色サンゴ";"a Rainbow Coral";"du corail irisé";
"イガイガの実";"a Thornberry";"une bogue explosive";
"ゴロン鉱石";"some Goron Ore";"du minerai goron";
"マモノの肝";"some Monster Guts";"un foie de monstre";
"マモノの化石";"a Demon Fossil";"un fossile";
"カッコイイ角";"a Rugged Horn";"une corne classe";
"コドンゴの尻尾";"a Kodongo Tail";"une queue de tidongo";
"キースのつばさ";"a Keese Wing";"une aile griffue";
"星のカケラ";"a Star Fragment";"un fragment étoile";
"神獣のヒゲ";"some Divine Whiskers";"des poils divins";
"ふわふわした毛";"some Fluffy Fuzz";"des poils tout doux";
"スノークリスタル";"a Tiny Snowflake";"un cristal de neige";
"大蛇のキバ";"some Serpent Fangs";"des crocs géants";
"赤いコウラ";"a Crimson Shell";"une carapace rouge";
"フリザドの水";"some Freezard Water";"de l'eau de freezard";
"ひんやり石";"a Chill Stone";"une roche froide";
"氷のバラ";"an Ice Rose";"une rose de glace";
"マジュウパッチ";"a Beastie Plaster";"un sparadrap démon";
"カタわたげ";"a Stiff Puff";"du coton duveteux";
"銀の糸";"a Silver Thread";"du fil d'argent";
"王家のリング";"a Royal Ring";"un anneau royal";
"いにしえの金貨";"an Antique Coin";"une pièce ancienne";
"匠の織物";"some Fancy Fabric";"une étoffe de maître";
"上品なレース";"some Exquisite Lace";"de la dentelle chic";
"カラフルブローチ";"a Vibrant Brooch";"une broche colorée";
"ハイパピルス";"a Brittle Papyrus";"du papyrus effrité";
"ヤシぼっくり";"a Palm Cone";"une pomme de palme";
"古代魚のヒレ";"an Ancient Fin";"un aileron antique";
"秘伝のたんもの";"some Vintage Linen";"du lin des anciens";
"ギブドの包帯";"a Gibdo Bandage";"une bandelette";
"スタルスカル";"a Stal Skull";"un crâne de stalfos";
"砂嵐のリボン";"a Sandy Ribbon";"un ruban des sables";
"ドクロの水晶";"a Crystal Skull";"un crâne en cristal";
"黄金の虫";"a Golden Insect";"un insecte d'or";
"かぼちゃ人参";"a Carrumpkin";"une carottouille";
"なにかのエキス";"some Mystery Extract";"un extrait inconnu";
"スパイダーレース";"some Spider Silk Lace";"de la dentelle arachno";
"ポゥのたましい";"a Poe Soul";"de l'essence d'esprit";
"ねじれた小枝";"a Twisted Twig";"un rameau tordu";
"マグマのしずく";"a Lava Drop";"une goutte de magma";
"まよけのお面";"a Sanctuary Mask";"un masque protectif";
"サラサラ砂金";"some Gold Dust";"de la poudre d'or fin";
"コッコの羽毛";"some Cucco Feathers";"une plume de cocotte";
"真紅のパール";"a Carmine Pearl";"une perle écarlate";
"天竜の尻尾";"a Sky Dragon Tail";"une queue de dragon";
"あざやかな羽";"a Pretty Plume";"une plume colorée";
"ヨウセイモドキ";"a Mock Fairy";"une simili-fée";
"オーロラストーン";"an Aurora Stone";"une pierre boréale";
"ハガネの仮面";"a Steel Mask";"un masque en acier";
"まぼろしのチョウ";"a Fabled Butterfly";"un papillon irréel";
"レディーメガネ";"the Lady's Glasses";"les lunettes de Lady";
"レディーエリマキ";"the Lady's Collar";"la fraise de Lady";
"レディーパラソル";"the Lady's Parasol";"l'ombrelle de Lady";
"シャラシャラ";"the Frilly Fabric";"des froufrous";
"トモダチの証";"the Friendly Token";"une preuve d'amitié";
"粗品";"the Freebie";"un cadeau fidélité";
"バズジェリー";"the Blob Jelly";"de la gelée buzz-blob";
"アモスのたましい";"the Armos Spirit";"une âme d'armos";
"テクタイトシェル";"the Tektite Shell";"une carapace araknon";
"あまいキノコ";"the Sweet Shroom";"un champi sucré";
"ブリン族の首飾り";"the Blin Bling";"un collier blin";
"ゴーマの目玉";"the Gohma's Eye";"un œil de Gohma";
"神秘のヒスイ";"the Mystery Jade";"du jade mystérieux";
"肉厚なはっぱ";"the Supple Leaf";"une feuille charnue";
"淡水わかめ";"the Fresh Kelp";"une algue de rivière";
"ゾーラのウロコ";"the Zora Scale";"une écaille de Zora";
"ドレース生糸";"the Hytopian Silk";"du fil d'Estoffe";
"水のかんむり";"the Aqua Crown";"une couronne d'eau";
"オクタきゅうばん";"the Octorok Sucker";"un tentacule octo";
"ようせいの粉";"the Fairy Dust";"de la poudre de fée";
"七色サンゴ";"the Rainbow Coral";"du corail irisé";
"イガイガの実";"the Thornberry";"une bogue explosive";
"ゴロン鉱石";"the Goron Ore";"du minerai goron";
"マモノの肝";"the Monster Guts";"un foie de monstre";
"マモノの化石";"the Demon Fossil";"un fossile";
"カッコイイ角";"the Rugged Horn";"une corne classe";
"コドンゴの尻尾";"the Kodongo Tail";"une queue de tidongo";
"キースのつばさ";"the Keese Wing";"une aile griffue";
"星のカケラ";"the Star Fragment";"un fragment étoile";
"神獣のヒゲ";"the Divine Whiskers";"des poils divins";
"ふわふわした毛";"the Fluffy Fuzz";"des poils tout doux";
"スノークリスタル";"the Tiny Snowflake";"un cristal de neige";
"大蛇のキバ";"the Serpent Fangs";"des crocs géants";
"赤いコウラ";"the Crimson Shell";"une carapace rouge";
"フリザドの水";"the Freezard Water";"de l'eau de freezard";
"ひんやり石";"the Chill Stone";"une roche froide";
"氷のバラ";"the Ice Rose";"une rose de glace";
"マジュウパッチ";"the Beastie Plaster";"un sparadrap démon";
"カタわたげ";"the Stiff Puff";"du coton duveteux";
"銀の糸";"the Silver Thread";"du fil d'argent";
"王家のリング";"the Royal Ring";"un anneau royal";
"いにしえの金貨";"the Antique Coin";"une pièce ancienne";
"匠の織物";"the Fancy Fabric";"une étoffe de maître";
"上品なレース";"the Exquisite Lace";"de la dentelle chic";
"カラフルブローチ";"the Vibrant Brooch";"une broche colorée";
"ハイパピルス";"the Brittle Papyrus";"du papyrus effrité";
"ヤシぼっくり";"the Palm Cone";"une pomme de palme";
"古代魚のヒレ";"the Ancient Fin";"un aileron antique";
"秘伝のたんもの";"the Vintage Linen";"du lin des anciens";
"ギブドの包帯";"the Gibdo Bandage";"une bandelette";
"スタルスカル";"the Stal Skull";"un crâne de stalfos";
"砂嵐のリボン";"the Sandy Ribbon";"un ruban des sables";
"ドクロの水晶";"the Crystal Skull";"un crâne en cristal";
"黄金の虫";"the Golden Insect";"un insecte d'or";
"かぼちゃ人参";"the Carrumpkin";"une carottouille";
"なにかのエキス";"the Mystery Extract";"un extrait inconnu";
"スパイダーレース";"the Spider Silk Lace";"de la dentelle arachno";
"ポゥのたましい";"the Poe Soul";"de l'essence d'esprit";
"ねじれた小枝";"the Twisted Twig";"un rameau tordu";
"マグマのしずく";"the Lava Drop";"une goutte de magma";
"まよけのお面";"the Sanctuary Mask";"un masque protectif";
"サラサラ砂金";"the Gold Dust";"de la poudre d'or fin";
"コッコの羽毛";"the Cucco Feathers";"une plume de cocotte";
"真紅のパール";"the Carmine Pearl";"une perle écarlate";
"天竜の尻尾";"the Sky Dragon Tail";"une queue de dragon";
"あざやかな羽";"the Pretty Plume";"une plume colorée";
"ヨウセイモドキ";"the Mock Fairy";"une simili-fée";
"オーロラストーン";"the Aurora Stone";"une pierre boréale";
"ハガネの仮面";"the Steel Mask";"un masque en acier";
"まぼろしのチョウ";"the Fabled Butterfly";"un papillon irréel";
"ふつうの任務";"Regular duty!";"Mission standard";
"宝玉を運んでクリア";"Transport the orb!";"Ramenez l'orbe";
"ツボを落とすとアウト!";"Don't drop the pot!";"Ne laissez pas tomber le vase";
"時間内に宝玉を運んでクリア";"Transport the orb in time!";"Ramenez l'orbe dans les temps";
"宝玉から離れずにクリア";"Don't stray from the orb!";"Restez proche de l'orbe";
"敵を全て倒してクリア";"Defeat all foes!";"Éliminez tous les ennemis";
"全ての風船を割ってクリア";"Pop all balloons!";"Éclatez tous les ballons";
"風船を割ったらアウト!";"Don't pop any balloons!";"N'éclatez aucun ballon";
"暗やみでクリア";"Adventure in the dark!";"Restez dans le noir";
"剣を使わずクリア";"Don't use the sword!";"N'utilisez pas votre épée";
"剣なし＆バクダンでクリア";"No sword, just bombs!";"Sans épée, juste les bombes";
"剣なし＆ハンマーでクリア";"No sword, just hammer!";"Sans épée, juste le marteau";
"剣なし＆敵全滅でクリア";"Defeat all foes w/o sword!";"Éradiquez l'ennemi sans épée";
"少ないハートでクリア";"Complete with fewer hearts!";"Gagnez avec peu de cœurs";
"時間内にクリア";"Complete within time limit!";"Gagnez dans le temps imparti";
"バクダンでクリア";"Complete using bombs instead!";"Gagnez avec des bombes";
"アイテムなしでクリア";"Complete without items!";"Gagnez sans utiliser d'objets";
"落ちたらアウト!";"Don't fall in any pits!";"Ne tombez dans aucun trou";
"がんばりゲージの消費2倍!";"Energy gauge depletion ×2!";"Consommation d'endurance x 2";
"火山弾をかいくぐれ!";"Avoid volcanic rocks!";"Esquivez les roches brûlantes";
"流砂もガケも落ちたらアウト!";"Avoid falling and quicksand!";"Évitez trous/sables mouvants";
"フォールマスターから逃げ切れ!";"Escape the Wallmaster!";"Échappez à la Main";
"攻撃力・防御力がいつもの半分!";"50% attack and defence!";"Attaque/déf. divisées par 2";
"氷雪弾をかいくぐれ!";"Don't be hit by snowballs!";"Esquivez les boules de neige";
"E3";"E3";"E3";
