English;
"Max";
"Wind Waker's back! It's been so long since I played it, it's like it's an entirely new game to me!";
"Kenichi";
"This is getting rough... It's going to take everything I've got to get past this part.";
"Patrick";
"Well, looks like it's my bedtime, so I'd better hold off on any more sea adventuring for tonight!";
"Rudy";
"Lilly";
"I don't ever want to leave Windfall Island. I wonder if I could find an apartment there...";
"Ray";
"Eriko";
"Terry";
"Aryll is so cute! ^_^";
"Alex";
"Flex";
"Doesn't matter how many times you cut the grass--it grows right back! Man, landscaping's rough!";
"Jeane";
"Why do these guys keep attacking me? What did I ever do to them?! :(";
"Willie";
"This new sail makes travelling SO MUCH FASTER. Yes! Thank you!";
"Toby";
"I use the hammer to break the Helmaroc King's mask, right? That's the trick, right? Riiiiiight?";
"Sasuke";
"How many feathers does the Helmaroc King lose when he flaps his wings? Seems so wasteful!";
"Emily";
"Thomas";
"YES! I FINALLY beat that boss! Who's the Hero of Winds? I'm the Hero of Winds!";
"Link";
"Chain";
"I miss grandma's soup... You can't keep me away from grandma's soup!";
"Smith";
"I. O. Numa";
"I wonder where the Helmaroc King got that fancy mask. Seriously, where can I get a mask like that?";
"Mikey";
"I have to admit, Outset Island really has it goin' on. It's so clean and bright--what's not to like?";
"Now saving...
Do not touch the Memory Card or
the POWER Button.";
"The game could not be saved.";
"Warp to [Tag Color  val={0001} ]Southern
Fairy Island[Tag Color  val={FFFF} ][Tag Color  val={0000} ]?[Tag Color  val={FFFF} ]";
"Warp to [Tag Color  val={0001} ]Tingle Island[Tag Color  val={FFFF} ][Tag Color  val={0000} ]?[Tag Color  val={FFFF} ]";
"Warp to [Tag Color  val={0001} ]this area[Tag Color  val={FFFF} ][Tag Color  val={0000} ]?[Tag Color  val={FFFF} ]";
"Warp to the [Tag Color  val={0001} ]Mother & Child
Isles[Tag Color  val={FFFF} ][Tag Color  val={0000} ]?[Tag Color  val={FFFF} ]";
"Warp to [Tag Color  val={0001} ]Windfall Island[Tag Color  val={FFFF} ][Tag Color  val={0000} ]?[Tag Color  val={FFFF} ]";
"Warp to [Tag Color  val={0001} ]Dragon Roost Island[Tag Color  val={FFFF} ][Tag Color  val={0000} ]?[Tag Color  val={FFFF} ]";
"Warp to [Tag Color  val={0001} ]Greatfish Isle[Tag Color  val={FFFF} ][Tag Color  val={0000} ]?[Tag Color  val={FFFF} ]";
"Warp to the [Tag Color  val={0001} ]Tower of
the Gods[Tag Color  val={FFFF} ][Tag Color  val={0000} ]?[Tag Color  val={FFFF} ]";
"Warp to the [Tag Color  val={0001} ]Forest Haven[Tag Color  val={FFFF} ][Tag Color  val={0000} ]?[Tag Color  val={FFFF} ]";
"Warp to [Tag Color  val={0001} ]Outset Island[Tag Color  val={FFFF} ][Tag Color  val={0000} ]?[Tag Color  val={FFFF} ]";
"[Tag 1:0  ]You got a [Tag Color  val={0002} ]Green Rupee[Tag Color  val={FFFF} ][Tag Color  val={0000} ]![Tag 1:1  ]
[Tag 1:6 val={000A} ]That's worth [Tag Color  val={FFFF} ][Tag Color  val={0006} ]1 Rupee[Tag Color  val={FFFF} ][Tag Color  val={0000} ]!
Better collect lots of them![Tag Color  val={FFFF} ]";
"[Tag 1:0  ]You got a [Tag Color  val={0003} ]Blue Rupee[Tag Color  val={FFFF} ][Tag Color  val={0000} ]![Tag 1:1  ]
[Tag 1:6 val={000A} ]That's worth [Tag Color  val={FFFF} ][Tag Color  val={0006} ]5 Rupees[Tag Color  val={FFFF} ][Tag Color  val={0000} ].
Not too bad, huh?[Tag Color  val={FFFF} ]";
"[Tag 1:0  ]You got a [Tag Color  val={0004} ]Yellow Rupee[Tag Color  val={FFFF} ][Tag Color  val={0000} ]![Tag 1:1  ]
[Tag 1:6 val={000A} ]That's worth [Tag Color  val={FFFF} ][Tag Color  val={0006} ]10 Rupees[Tag Color  val={FFFF} ][Tag Color  val={0000} ].
Not too shabby![Tag Color  val={FFFF} ]";
"[Tag 1:0  ]You got a [Tag Color  val={0001} ]Red Rupee[Tag Color  val={FFFF} ][Tag Color  val={0000} ]![Tag 1:1  ]
[Tag 1:6 val={000A} ]That's [Tag Color  val={FFFF} ][Tag Color  val={0006} ]20 Rupees[Tag Color  val={FFFF} ][Tag Color  val={0000} ].
What a pleasant surprise![Tag Color  val={FFFF} ]";
"[Tag 1:0  ]You got a [Tag Color  val={0006} ]Purple Rupee[Tag Color  val={FFFF} ][Tag Color  val={0000} ]![Tag 1:1  ]
[Tag 1:6 val={000A} ]That's worth [Tag Color  val={FFFF} ][Tag Color  val={0006} ]50 Rupees[Tag Color  val={FFFF} ][Tag Color  val={0000} ].
That's just great![Tag Color  val={FFFF} ]";
"[Tag 1:0  ]You got an [Tag Color  val={0008} ]Orange Rupee[Tag Color  val={FFFF} ][Tag Color  val={0000} ]![Tag 1:1  ]
[Tag 1:6 val={000A} ]Just one of these is worth
[Tag Color  val={FFFF} ][Tag Color  val={0006} ]100 Rupees[Tag Color  val={FFFF} ][Tag Color  val={0000} ]! Your face is beaming![Tag Color  val={FFFF} ]";
"[Tag 1:0  ]You got a [Tag Color  val={0001} ]Piece of Heart[Tag Color  val={FFFF} ][Tag Color  val={0000} ]![Tag 1:1  ]
[Tag 1:6 val={000A} ]Collect four of these to complete a
new Heart Container. More Heart
Containers equals more life![Tag Color  val={FFFF} ]";
"[Tag 1:0  ]You got a [Tag Color  val={0001} ]Heart Container[Tag Color  val={FFFF} ][Tag Color  val={0000} ]![Tag 1:1  ]
[Tag 1:6 val={000A} ]Your life energy has increased by
[Tag Color  val={FFFF} ][Tag Color  val={0001} ]one[Tag Color  val={FFFF} ][Tag Color  val={0000} ]! Plus, your life gauge has been
replenished![Tag Color  val={FFFF} ]";
"[Tag 1:0  ]You got a [Tag Color  val={0007} ]Silver Rupee[Tag Color  val={FFFF} ][Tag Color  val={0000} ]![Tag 1:1  ]
[Tag 1:6 val={000A} ]One is worth a whopping [Tag Color  val={FFFF} ][Tag Color  val={0006} ]200 Rupees[Tag Color  val={FFFF} ][Tag Color  val={0000} ]!
It's time to jump for joy![Tag Color  val={FFFF} ]";
"[Tag 1:0  ]You got a [Tag Color  val={0001} ]small key[Tag Color  val={FFFF} ][Tag Color  val={0000} ]![Tag Color  val={FFFF} ][Tag Color  val={0001} ][Tag 1:1  ]
[Tag Color  val={FFFF} ][Tag Color  val={0000} ][Tag 1:6 val={000A} ]Use it to open locked doors.
You can use it only in this dungeon.[Tag Color  val={FFFF} ]";
"[Tag 1:0  ]You got a [Tag Color  val={0001} ]Piece of Heart[Tag Color  val={FFFF} ][Tag Color  val={0000} ]![Tag 1:1  ]
[Tag 1:6 val={000A} ]You've collected a total of [Tag Color  val={FFFF} ][Tag Color  val={0001} ]two
pieces[Tag Color  val={FFFF} ][Tag Color  val={0000} ]. Get [Tag Color  val={FFFF} ][Tag Color  val={0001} ]two[Tag Color  val={FFFF} ][Tag Color  val={0000} ] more to complete
another Heart Container.[Tag Color  val={FFFF} ]";
"[Tag 1:0  ]You got a [Tag Color  val={0001} ]Piece of Heart[Tag Color  val={FFFF} ][Tag Color  val={0000} ]![Tag 1:1  ]
[Tag 1:6 val={000A} ]You've collected [Tag Color  val={FFFF} ][Tag Color  val={0001} ]three[Tag Color  val={FFFF} ][Tag Color  val={0000} ] so far. Collect
[Tag Color  val={FFFF} ][Tag Color  val={0001} ]one[Tag Color  val={FFFF} ][Tag Color  val={0000} ] more to increase your life energy
by one heart.[Tag Color  val={FFFF} ]";
"[Tag 1:0  ]You got a [Tag Color  val={0001} ]Piece of Heart[Tag Color  val={FFFF} ][Tag Color  val={0000} ]![Tag 1:1  ]
[Tag 1:6 val={000A} ]That's the [Tag Color  val={FFFF} ][Tag Color  val={0001} ]fourth[Tag Color  val={FFFF} ][Tag Color  val={0000} ] piece, completing
another Heart Container! Your life
energy has increased by [Tag Color  val={FFFF} ][Tag Color  val={0001} ]one heart[Tag Color  val={FFFF} ][Tag Color  val={0000} ]![Tag Color  val={FFFF} ]";
"[Tag 1:0  ]You got a [Tag Color  val={0004} ]Yellow Rupee[Tag Color  val={FFFF} ][Tag Color  val={0000} ]![Tag 1:1  ]
[Tag 1:6 val={000A} ]That's [Tag Color  val={FFFF} ][Tag Color  val={0006} ]10 Rupees[Tag Color  val={FFFF} ][Tag Color  val={0000} ].
[Tag 1:6 val={0014} ]What?! [Tag 1:6 val={001E} ]Th-[Tag 1:6 val={0014} ]That's it?!
This is a joke, right?[Tag Color  val={FFFF} ]";
"[Tag 1:0  ]You got a [Tag Color  val={0001} ]Joy Pendant[Tag Color  val={FFFF} ][Tag Color  val={0000} ]![Tag 1:1  ]
You can keep it in your Spoils Bag.


These pendants are said to flock to
those who spread joy, like butterflies
to nectar-filled blossoms.[Tag Color  val={FFFF} ]";
"[Tag 1:0  ]You got the [Tag Color  val={0001} ]Telescope[Tag Color  val={FFFF} ][Tag Color  val={0000} ]![Tag 1:1  ]
[Tag 1:6 val={000A} ]This is your sister's most precious
belonging. Treasure it dearly!

Set it to [Tag 3:6  ], [Tag Color  val={0000} ][Tag 3:5  ][Tag Color  val={0000} ], or [Tag Color  val={0000} ][Tag 3:4  ],[Tag Color  val={0000} ] and use it by
pressing whatever button you set it
to. Do it now, and see what you can
see!
Using the GamePad, you can also touch
and slide items to set them![Tag Color  val={FFFF} ]";
"[Tag 1:0  ]You got a [Tag Color  val={0001} ]Tingle Bottle[Tag Color  val={FFFF} ][Tag Color  val={0000} ]![Tag 1:1  ]
[Tag 1:6 val={000A} ]Using Miiverse, you can insert a message
you've written and send it out to sea for
someone unknown to receive![Tag Color  val={FFFF} ][Tag Color  val={0000} ]
Set it to and use it with [Tag 3:6  ], [Tag Color  val={0000} ][Tag 3:5  ][Tag Color  val={0000} ], or [Tag Color  val={0000} ][Tag 3:4  ].
Be aware that you can't write letters if
you're not connected to Miiverse.[Tag Color  val={0000} ][Tag Color  val={FFFF} ]";
"[Tag 1:0  ]You received the legendary
[Tag Color  val={0001} ]Wind Waker[Tag Color  val={FFFF} ][Tag Color  val={0000} ]![Tag Color  val={0000} ][Tag 1:1  ][Tag Color  val={0000} ] [Tag 1:6 val={000A} ]By using this magical
conductor's baton, you can borrow
the power of the gods!
Use [Tag Color  val={0000} ][Tag Color  val={0000} ][Tag 3:27  ][Tag Color  val={0000} ] to conduct.[Tag Color  val={0000} ]



Don't tilt [Tag 3:8  ] to conduct in [Tag Color  val={FFFF} ][Tag Color  val={0001} ]3/4 time[Tag Color  val={FFFF} ][Tag Color  val={0000} ].[Tag Color  val={FFFF} ][Tag Color  val={0001} ]
[Tag Color  val={FFFF} ][Tag Color  val={0000} ]Hold [Tag Color  val={0000} ][Tag 3:15  ][Tag Color  val={0000} ] to conduct in [Tag Color  val={FFFF} ][Tag Color  val={0001} ]4/4 time[Tag Color  val={FFFF} ][Tag Color  val={0000} ].[Tag Color  val={FFFF} ][Tag Color  val={0001} ]
[Tag Color  val={FFFF} ][Tag Color  val={0000} ]Hold [Tag Color  val={0000} ][Tag 3:16  ][Tag Color  val={0000} ] to conduct in [Tag Color  val={FFFF} ][Tag Color  val={0001} ]6/4 time[Tag Color  val={FFFF} ][Tag Color  val={0000} ].[Tag Color  val={FFFF} ]";
"[Tag 1:0  ]You got the [Tag Color  val={0001} ]Picto Box[Tag Color  val={FFFF} ][Tag Color  val={0000} ]![Tag 1:1  ]
Set it to and use it with [Tag 3:6  ], [Tag Color  val={0000} ][Tag 3:5  ][Tag Color  val={0000} ], or [Tag Color  val={0000} ][Tag 3:4  ][Tag Color  val={0000} ]!
It can hold up to 12 pictographs.
Press [Tag Color  val={0000} ][Tag 3:26  ][Tag Color  val={0000} ] to view your pictographs.[Tag Color  val={FFFF} ]";
"[Tag 1:0  ]You got the [Tag Color  val={0001} ]Spoils Bag[Tag Color  val={FFFF} ][Tag Color  val={0000} ]![Tag 1:1  ]
[Tag 1:6 val={000A} ]You can keep the items you get from
enemies in this handy pouch.

It can hold up to [Tag Color  val={FFFF} ][Tag Color  val={0001} ]eight kinds[Tag Color  val={FFFF} ][Tag Color  val={0000} ] of items.
Press [Tag 3:6  ], [Tag Color  val={0000} ][Tag 3:5  ][Tag Color  val={0000} ], or [Tag Color  val={0000} ][Tag 3:4  ][Tag Color  val={0000} ] on the Items screen
to see what's inside.[Tag Color  val={FFFF} ]";
"[Tag 1:0  ]You got the [Tag Color  val={0001} ]Grappling Hook[Tag Color  val={FFFF} ][Tag Color  val={0000} ]![Tag 1:1  ]
[Tag 1:6 val={000A} ]This was an item used by the
Rito people before they had wings.

Set it to [Tag 3:6  ], [Tag Color  val={0000} ][Tag 3:5  ][Tag Color  val={0000} ], or [Tag Color  val={0000} ][Tag 3:4  ][Tag Color  val={0000} ] on the Items
screen, and then press that button to
aim. Use this item to latch on to
anything with a [Tag Color  val={FFFF} ][Tag Color  val={0004} ][Tag 3:20  ][Tag Color  val={FFFF} ][Tag Color  val={0000} ] on it.
You can even use it to haul things
up from the seafloor while on your
boat.[Tag Color  val={FFFF} ]";
"[Tag 1:0  ]You got a [Tag Color  val={0001} ]Deluxe Picto Box[Tag Color  val={FFFF} ][Tag Color  val={0000} ]![Tag 1:1  ]
A gift from Lenzo, commemorating your
becoming his assistant. It can take color
pictographs!
Set it to and use it with [Tag 3:6  ], [Tag 3:5  ], or [Tag 3:4  ].[Tag Color  val={FFFF} ]";
"[Tag 1:0  ]You got the [Tag Color  val={0001} ]Hero's Bow[Tag Color  val={FFFF} ][Tag Color  val={0000} ]![Tag 1:1  ]
[Tag 1:6 val={000A} ]Set it to [Tag 3:6  ], [Tag 3:5  ], or [Tag 3:4  ], and then use
it with the button you've set it to.

Hold the button to nock an arrow,
and release the button to shoot.
You can carry up to [Tag Color  val={FFFF} ][Tag Color  val={0001} ]30 arrows[Tag Color  val={FFFF} ][Tag Color  val={0000} ].[Tag Color  val={FFFF} ]";
"[Tag 1:0  ]You got the [Tag Color  val={0001} ]Power Bracelets[Tag Color  val={FFFF} ][Tag Color  val={0000} ]![Tag 1:1  ]
[Tag 1:6 val={000A} ]Both arms are now stronger than
ever! Press [Tag 3:0  ] to grab and lift
objects.[Tag Color  val={FFFF} ]";
"[Tag 1:0  ]You got the [Tag Color  val={0001} ]Iron Boots[Tag Color  val={FFFF} ][Tag Color  val={0000} ]![Tag 1:1  ]
[Tag 1:6 val={000A} ]These boots are so heavy, you can
hardly walk, but the wind can't blow
you around when you wear them![Tag Color  val={FFFF} ]";
"[Tag 1:0  ]You got the [Tag Color  val={0001} ]Magic Armor[Tag Color  val={FFFF} ][Tag Color  val={0000} ]![Tag 1:1  ]
[Tag 1:6 val={000A} ]Use your [Tag Color  val={FFFF} ][Tag Color  val={0001} ]Rupees[Tag Color  val={FFFF} ][Tag Color  val={0000} ] to create a barrier around
you that protects you from enemy attacks!

You won't expend Rupees unless you take
damage from an enemy or other hazard.
Set it to and use it with [Tag 3:6  ], [Tag Color  val={0000} ][Tag 3:5  ][Tag Color  val={0000} ], or [Tag Color  val={0000} ][Tag 3:4  ][Tag Color  val={0000} ]![Tag Color  val={FFFF} ]";
"[Tag 1:0  ]You got the [Tag Color  val={0001} ]Bait Bag[Tag Color  val={FFFF} ][Tag Color  val={0000} ]![Tag 1:1  ]
[Tag 1:6 val={000A} ]You can keep plenty of bait in this
convenient satchel!

It has [Tag Color  val={FFFF} ][Tag Color  val={0001} ]eight pouches[Tag Color  val={FFFF} ][Tag Color  val={0000} ] for storing bait.
Press [Tag 3:6  ], [Tag Color  val={0000} ][Tag 3:5  ][Tag Color  val={0000} ], or [Tag Color  val={0000} ][Tag 3:4  ][Tag Color  val={0000} ] to see what's
inside![Tag Color  val={FFFF} ]";
"[Tag 1:0  ]You got the [Tag Color  val={0001} ]Boomerang[Tag Color  val={FFFF} ][Tag Color  val={0000} ]![Tag 1:1  ]
[Tag 1:6 val={000A} ]Set it to and throw it with
[Tag 3:6  ], [Tag Color  val={0000} ][Tag 3:5  ][Tag Color  val={0000} ], or [Tag Color  val={0000} ][Tag 3:4  ][Tag Color  val={0000} ].

Target specific objects by holding
the button you set it to and aiming
at something until the [Tag Color  val={FFFF} ][Tag Color  val={0001} ]red targeting
cursor[Tag Color  val={FFFF} ][Tag Color  val={0000} ] changes to a [Tag Color  val={FFFF} ][Tag Color  val={0004} ][Tag 3:20  ][Tag Color  val={FFFF} ][Tag Color  val={0000} ].
You can target [Tag Color  val={FFFF} ][Tag Color  val={0001} ]up to five objects [Tag Color  val={FFFF} ][Tag Color  val={0000} ]at
once.[Tag Color  val={FFFF} ]";
"[Tag 1:0  ]You got the [Tag Color  val={0001} ]Hookshot[Tag Color  val={FFFF} ][Tag Color  val={0000} ]![Tag 1:1  ]
[Tag 1:6 val={000A} ]It extends! It retracts! It latches on to
things! What a cool invention!

Set it to [Tag 3:6  ], [Tag 3:5  ], or [Tag 3:4  ], and then hold
the button you've set it to and aim
with [Tag Color  val={0000} ][Tag 3:27  ][Tag Color  val={0000} ]. Release the button to fire
out the Hookshot.[Tag Color  val={FFFF} ]";
"[Tag 1:0  ]You got a [Tag Color  val={0001} ]Delivery Bag[Tag Color  val={FFFF} ][Tag Color  val={0000} ]![Tag 1:1  ]
[Tag 1:6 val={000A} ]Finely crafted bags like this are
used by Rito postmen everywhere!

With so many pockets, it can hold
many [Tag Color  val={FFFF} ][Tag Color  val={0001} ]items[Tag Color  val={FFFF} ][Tag Color  val={0000} ]. Select it on the Items
screen and press [Tag 3:6  ], [Tag Color  val={0000} ][Tag 3:5  ][Tag Color  val={0000} ], or [Tag Color  val={0000} ][Tag 3:4  ][Tag Color  val={0000} ]
to see what you have inside.[Tag Color  val={FFFF} ]";
"[Tag 1:0  ]You got [Tag Color  val={0001} ]bombs[Tag Color  val={FFFF} ][Tag Color  val={0000} ]![Tag 1:1  ]
[Tag 1:6 val={000A} ]You can carry up to [Tag Color  val={FFFF} ][Tag Color  val={0001} ]30[Tag Color  val={FFFF} ][Tag Color  val={0000} ].


Pull one out, and then press [Tag 3:0  ] to
throw it or [Tag Color  val={0000} ][Tag 3:26  ][Tag Color  val={0000} ] to set it at your feet.
Try it out... It's a blast!

Using bombs while on your boat
gives you a mighty cannon you can
use to fight off seagoing enemies.

Set them to and use them with
[Tag 3:6  ], [Tag Color  val={0000} ][Tag 3:5  ][Tag Color  val={0000} ], or [Tag Color  val={0000} ][Tag 3:4  ][Tag Color  val={0000} ]![Tag Color  val={FFFF} ]";
"[Tag 1:0  ]You got the [Tag Color  val={0001} ]Hero's Clothes[Tag Color  val={FFFF} ][Tag Color  val={0000} ]![Tag 1:1  ]
[Tag 1:6 val={000A} ]They look like they might be a little
warm for this weather...[Tag Color  val={FFFF} ]";
"[Tag 1:0  ]You got the [Tag Color  val={0001} ]Skull Hammer[Tag Color  val={FFFF} ][Tag Color  val={0000} ]![Tag 1:1  ]
[Tag Color  val={0000} ][Tag 1:6 val={000A} ][Tag Color  val={0000} ]Set it to and use it with [Tag 3:6  ], [Tag Color  val={0000} ][Tag 3:5  ][Tag Color  val={0000} ], or [Tag 3:4  ].
This mighty hammer can break things
and pound obstacles into the ground.
Some enemies even get stunned by
the shock waves it causes when you
pound the ground with it.[Tag Color  val={FFFF} ]";
"[Tag 1:0  ]You got the [Tag Color  val={0001} ]Deku Leaf[Tag Color  val={FFFF} ][Tag Color  val={0000} ]![Tag 1:1  ]
[Tag 1:6 val={000A} ]Set it to and use it with [Tag 3:6  ], [Tag Color  val={0000} ][Tag 3:5  ][Tag Color  val={0000} ], or [Tag Color  val={0000} ][Tag 3:4  ][Tag Color  val={0000} ].


Plant your feet on the ground and
use it to blow blasts of air at
objects and enemies.

You can also jump in the air and
use your [Tag Color  val={FFFF} ][Tag Color  val={0001} ]magic power[Tag Color  val={FFFF} ][Tag Color  val={0000} ] to drift on
the currents of the wind![Tag Color  val={FFFF} ]";
"[Tag 1:0  ]The powers of [Tag Color  val={0001} ]fire[Tag Color  val={FFFF} ][Tag Color  val={0000} ] and [Tag Color  val={FFFF} ][Tag Color  val={0001} ]ice [Tag Color  val={FFFF} ][Tag Color  val={0000} ]have been
added to your [Tag Color  val={FFFF} ][Tag Color  val={0001} ]arrows[Tag Color  val={FFFF} ][Tag Color  val={0000} ]![Tag Color  val={0000} ][Tag 1:1  ][Tag Color  val={0000} ][Tag 1:6 val={000A} ] When you take
out your bow, use [Tag Color  val={0000} ][Tag 3:26  ][Tag Color  val={0000} ] to change
arrowheads, and then fire away![Tag Color  val={FFFF} ]";
"[Tag 1:0  ]You got the [Tag Color  val={0001} ]Light Arrow[Tag Color  val={FFFF} ][Tag Color  val={0000} ]![Tag 1:1  ]
[Tag 1:6 val={000A} ]When you take out your bow, use [Tag Color  val={0000} ][Tag 3:26  ][Tag Color  val={0000} ]
to change arrowheads, and then fire
away.
The sacred light of these arrows can
pierce pure evil itself![Tag Color  val={FFFF} ]";
"[Tag 1:0  ]You got the [Tag Color  val={0001} ]Hero's New Clothes[Tag Color  val={FFFF} ][Tag Color  val={0000} ]...
What the...?[Tag Color  val={0000} ][Tag 1:1  ][Tag Color  val={0000} ]
[Tag 1:6 val={000A} ]Wow! They're really [Tag 1:6 val={000A} ]light...[Tag Color  val={FFFF} ]";
"[Tag 1:0  ]You accepted the [Tag Color  val={0001} ]Hero's Sword[Tag Color  val={FFFF} ][Tag Color  val={0000} ]![Tag 1:1  ]
[Tag 1:6 val={000A} ]Wield it with [Tag 3:1  ].


Use it wisely and carefully... You
don't want to let down the kind old
man who has entrusted it to you![Tag Color  val={FFFF} ]";
"[Tag 1:0  ]You got the [Tag Color  val={0001} ]Master Sword[Tag Color  val={FFFF} ][Tag Color  val={0000} ]![Tag 1:1  ]
[Tag 1:6 val={000A} ]The legendary blade with the power
to repel evil...once wielded by the
legendary hero himself![Tag Color  val={FFFF} ]";
"[Tag 1:0  ]The prayers of the Earth Sage have
restored the [Tag Color  val={0001} ]Master Sword's[Tag Color  val={FFFF} ][Tag Color  val={0000} ] former
energy![Tag Color  val={0000} ][Tag 1:1  ][Tag Color  val={0000} ]

[Tag 1:6 val={000A} ]There is but one last step before it
becomes the true Master Sword once
again![Tag Color  val={FFFF} ]";
"[Tag 1:0  ]You got the [Tag Color  val={0001} ]Hero's Shield[Tag Color  val={FFFF} ][Tag Color  val={0000} ]![Tag 1:1  ]
[Tag 1:6 val={000A} ]This is the legendary shield said to
have been used by the hero himself!

Hold [Tag 3:26  ] to defend yourself while holding
the sword. You can move around if you
defend while [Tag Color  val={FFFF} ][Tag Color  val={0001} ]targeting[Tag Color  val={FFFF} ][Tag Color  val={0000} ]![Tag Color  val={FFFF} ]";
"[Tag 1:0  ]You got the [Tag Color  val={0001} ]Mirror Shield[Tag Color  val={FFFF} ][Tag Color  val={0000} ]![Tag 1:1  ]
[Tag 1:6 val={000A} ]Its shiny surface reflects beams of
light. Hold [Tag Color  val={0000} ][Tag 3:26  ][Tag Color  val={0000} ] to shield, and use [Tag 3:8  ]
to aim its reflection.[Tag Color  val={FFFF} ]";
"[Tag 1:0  ]You got back the [Tag Color  val={0001} ]Hero's Sword you
dropped[Tag Color  val={FFFF} ][Tag Color  val={0000} ]! Now you're in business![Tag Color  val={0000} ][Tag 1:1  ][Tag Color  val={0000} ] 
[Tag 1:6 val={000A} ]Take care not to drop it again![Tag Color  val={FFFF} ]";
"[Tag 1:0  ]The [Tag Color  val={0001} ]Master Sword[Tag Color  val={FFFF} ][Tag Color  val={0000} ] has returned![Tag 1:1  ]
[Tag 1:6 val={000A} ]Its blade once again houses the
power to repel evil. The sword of the
one true hero is revived at last![Tag Color  val={FFFF} ]";
"[Tag 1:0  ]You got a [Tag Color  val={0001} ]Piece of Heart[Tag Color  val={FFFF} ][Tag Color  val={0000} ]![Tag 1:1  ]
[Tag 1:6 val={000A} ]Collect four to form one Heart
Container. More Heart Containers
mean more life energy! How exciting![Tag Color  val={FFFF} ]";
"[Tag 1:0  ]You got the [Tag Color  val={0001} ]Hero's Charm[Tag Color  val={FFFF} ][Tag Color  val={0000} ]![Tag 1:1  ]
[Tag 1:6 val={000A} ]This mystical trinket gives you the
ability to see the life forces of your
foes!
Touch its icon on the [Tag Color  val={0001} ]Items screen[Tag Color  val={0000} ]
to equip it![Tag Color  val={FFFF} ]";
"[Tag 1:0  ]You got a [Tag Color  val={0001} ]Skull Necklace[Tag Color  val={FFFF} ][Tag Color  val={0000} ]![Tag 1:1  ]
[Tag 1:6 val={000A} ]You can keep it in your [Tag Color  val={FFFF} ][Tag Color  val={0001} ]Spoils Bag[Tag Color  val={FFFF} ][Tag Color  val={0000} ].


This rather off-putting accessory
would appear to be of little value,
but shown to the right person, it is
apparently of great worth.[Tag Color  val={FFFF} ]";
"[Tag 1:0  ]You got a [Tag Color  val={0001} ]Boko Baba Seed[Tag Color  val={FFFF} ][Tag Color  val={0000} ]![Tag 1:1  ]
[Tag 1:6 val={000A} ]You can keep it in your [Tag Color  val={FFFF} ][Tag Color  val={0001} ]Spoils Bag[Tag Color  val={FFFF} ][Tag Color  val={0000} ]!


This is the source of the evil plant's
[Tag Color  val={FFFF} ][Tag Color  val={0001} ]magic[Tag Color  val={FFFF} ][Tag Color  val={0000} ]. Perhaps if you can find
someone to cook it up, its magic
can be unleashed![Tag Color  val={FFFF} ]";
"[Tag 1:0  ]You got a [Tag Color  val={0001} ]Golden Feather[Tag Color  val={FFFF} ][Tag Color  val={0000} ]![Tag 1:1  ]
[Tag 1:6 val={000A} ]Keep it in your [Tag Color  val={FFFF} ][Tag Color  val={0001} ]Spoils Bag[Tag Color  val={FFFF} ][Tag Color  val={0000} ].


A certain strangeness emanates from
the quill of this beautifully shining
golden feather. Winged girls are said
to be infatuated with these treasures.[Tag Color  val={FFFF} ]";
"[Tag 1:0  ]You got a [Tag Color  val={0001} ]Knight's Crest[Tag Color  val={FFFF} ][Tag Color  val={0000} ]![Tag 1:1  ]
[Tag 1:6 val={000A} ]Keep it in your [Tag Color  val={FFFF} ][Tag Color  val={0001} ]Spoils Bag[Tag Color  val={FFFF} ][Tag Color  val={0000} ].


All who are skilled in the ways of
the sword know the value of a crest
such as this![Tag Color  val={FFFF} ]";
"[Tag 1:0  ]You got some [Tag Color  val={0001} ]Red Chu Jelly[Tag Color  val={FFFF} ][Tag Color  val={0000} ]![Tag 1:1  ]
[Tag 1:6 val={000A} ]Keep it in your [Tag Color  val={FFFF} ][Tag Color  val={0001} ]Spoils Bag[Tag Color  val={FFFF} ][Tag Color  val={0000} ].


This gelatinous goo comes from deep
within [Tag Color  val={FFFF} ][Tag Color  val={0001} ]Red ChuChus[Tag Color  val={FFFF} ][Tag Color  val={0000} ]. It is effective as
a cure for exhaustion, but it can't be
used in its current state.[Tag Color  val={FFFF} ]";
"[Tag 1:0  ]You got some [Tag Color  val={0002} ]Green Chu Jelly[Tag Color  val={FFFF} ][Tag Color  val={0000} ]![Tag 1:1  ]
[Tag 1:6 val={000A} ]Keep it in your [Tag Color  val={FFFF} ][Tag Color  val={0001} ]Spoils Bag[Tag Color  val={FFFF} ][Tag Color  val={0000} ].


Inside [Tag Color  val={FFFF} ][Tag Color  val={0002} ]Green ChuChus[Tag Color  val={FFFF} ][Tag Color  val={0000} ] is a magical
gelatinous essence, but it can't be
used in its current form.[Tag Color  val={FFFF} ]";
"[Tag 1:0  ]You got some [Tag Color  val={0003} ]Blue Chu Jelly[Tag Color  val={FFFF} ][Tag Color  val={0000} ]![Tag 1:1  ]
[Tag 1:6 val={000A} ]Keep it in your [Tag Color  val={FFFF} ][Tag Color  val={0001} ]Spoils Bag[Tag Color  val={FFFF} ][Tag Color  val={0000} ].


Deep within [Tag Color  val={FFFF} ][Tag Color  val={0003} ]Blue ChuChus[Tag Color  val={FFFF} ][Tag Color  val={0000} ] is a
gelatinous essence that is said
to be a magical cure-all.

...But unfortunately, it can't be
used in its current form.[Tag Color  val={FFFF} ]";
"[Tag 1:0  ]You got the [Tag Color  val={0001} ]Dungeon Map[Tag Color  val={FFFF} ][Tag Color  val={0000} ]![Tag 1:1  ]
[Tag Color  val={0000} ][Tag 1:6 val={000A} ]You can view it by tapping the [Tag Color  val={0001} ]Map Screen[Tag Color  val={0000} ]
on the Wii U GamePad and even see rooms
you haven't been to yet. That's useful![Tag Color  val={0000} ][Tag Color  val={FFFF} ]";
"[Tag 1:0  ]You got the [Tag Color  val={0001} ]Compass[Tag Color  val={FFFF} ][Tag Color  val={0000} ]![Tag 1:1  ]
[Tag 1:6 val={000A} ]Now you can see where things are
hidden in the dungeon. View the
[Tag Color  val={0001} ]Map Screen[Tag Color  val={0000} ][Tag Color  val={FFFF} ][Tag Color  val={0000} ] and see for yourself![Tag Color  val={FFFF} ]";
"[Tag 1:0  ]You got the [Tag Color  val={0001} ]Big Key[Tag Color  val={FFFF} ][Tag Color  val={0000} ]![Tag 1:1  ]
[Tag 1:6 val={000A} ]Use it to gain entrance to the room
where the dungeon's boss lurks!

[Tag Color  val={0000} ]View the [Tag Color  val={0000} ][Tag Color  val={0001} ]Map Screen [Tag Color  val={0000} ][Tag Color  val={0000} ]and see for yourself![Tag Color  val={0000} ][Tag Color  val={FFFF} ]";
"[Tag 1:0  ]You got an [Tag Color  val={0001} ]empty bottle[Tag Color  val={FFFF} ][Tag Color  val={0000} ]![Tag 1:1  ]
[Tag 1:6 val={000A} ]Set it to and use it with [Tag 3:6  ], [Tag Color  val={0000} ][Tag 3:5  ][Tag Color  val={0000} ], or [Tag Color  val={0000} ][Tag 3:4  ][Tag Color  val={0000} ].


Bottles are great for carrying water
and holding other things.[Tag Color  val={FFFF} ]";
"[Tag 1:0  ]You got some [Tag Color  val={0001} ]Red Potion[Tag Color  val={FFFF} ][Tag Color  val={0000} ]![Tag 1:1  ]
[Tag 1:6 val={000A} ]Set it to [Tag 3:6  ], [Tag Color  val={0000} ][Tag 3:5  ][Tag Color  val={0000} ], or [Tag Color  val={0000} ][Tag 3:4  ][Tag Color  val={0000} ] and use it to
replenish your [Tag Color  val={FFFF} ][Tag Color  val={0001} ]life energy[Tag Color  val={FFFF} ][Tag Color  val={0000} ]. You can
keep it in your bottle.[Tag Color  val={FFFF} ]";
"[Tag 1:0  ]You got some [Tag Color  val={0002} ]Green Potion[Tag Color  val={FFFF} ][Tag Color  val={0000} ]![Tag 1:1  ]
[Tag 1:6 val={000A} ]Set it to [Tag 3:6  ], [Tag Color  val={0000} ][Tag 3:5  ][Tag Color  val={0000} ], or [Tag Color  val={0000} ][Tag 3:4  ][Tag Color  val={0000} ] and use it to
recover your [Tag Color  val={FFFF} ][Tag Color  val={0001} ]magic power[Tag Color  val={FFFF} ][Tag Color  val={0000} ]. You can
keep it in your bottle.[Tag Color  val={FFFF} ]";
"[Tag 1:0  ]You got some [Tag Color  val={0003} ]Blue Potion[Tag Color  val={FFFF} ][Tag Color  val={0000} ]![Tag 1:1  ]
[Tag 1:6 val={000A} ]Set it to [Tag 3:6  ], [Tag Color  val={0000} ][Tag 3:5  ][Tag Color  val={0000} ], or [Tag Color  val={0000} ][Tag 3:4  ][Tag Color  val={0000} ] and use it to
replenish both [Tag Color  val={FFFF} ][Tag Color  val={0001} ]life energy and magic
power[Tag Color  val={FFFF} ][Tag Color  val={0000} ].
Keep it in your bottle until you need
it.[Tag Color  val={FFFF} ]";
"[Tag 1:0  ]You got [Tag Color  val={0001} ]Elixir Soup[Tag Color  val={FFFF} ][Tag Color  val={0000} ]![Tag 1:1  ]
This healthy soup your grandmother
makes [Tag Color  val={FFFF} ][Tag Color  val={0001} ]replenishes all of your life
energy and magic power[Tag Color  val={FFFF} ][Tag Color  val={0000} ]!
Your attack power also [Tag Color  val={FFFF} ][Tag Color  val={0001} ]doubles[Tag Color  val={FFFF} ][Tag Color  val={0000} ] until
the first time you take damage! Now
THAT is one hearty soup!

And your kind old grandmother filled
your bottle so full that there's
[Tag Color  val={FFFF} ][Tag Color  val={0001} ]two helpings [Tag Color  val={FFFF} ][Tag Color  val={0000} ]inside! Isn't she the
sweetest?[Tag Color  val={FFFF} ]";
"[Tag 1:0  ]You filled your bottle with [Tag Color  val={0001} ]water[Tag Color  val={FFFF} ][Tag Color  val={0000} ]![Tag 1:1  ]
[Tag 1:6 val={000A} ]Try pouring it on something that
looks dry and withered.[Tag Color  val={FFFF} ]";
"[Tag 1:0  ]You caught a [Tag Color  val={0001} ]fairy[Tag Color  val={FFFF} ][Tag Color  val={0000} ] in your bottle![Tag 1:1  ]
[Tag 1:6 val={000A} ]When your life energy runs out and
you collapse from exhaustion, this
fairy will replenish your strength.
Set it to [Tag 3:6  ], [Tag Color  val={0000} ][Tag 3:5  ][Tag Color  val={0000} ], or [Tag Color  val={0000} ][Tag 3:4  ][Tag Color  val={0000} ] and use it if
you want to replenish your energy
immediately.[Tag Color  val={FFFF} ]";
"[Tag 1:0  ]You caught a [Tag Color  val={0001} ]Forest Firefly[Tag Color  val={FFFF} ][Tag Color  val={0000} ] in your
bottle![Tag Color  val={0000} ][Tag 1:1  ][Tag Color  val={0000} ][Tag 1:6 val={000A} ] A [Tag Color  val={FFFF} ][Tag Color  val={0001} ]strange light [Tag Color  val={FFFF} ][Tag Color  val={0000} ]emanates from
this mystical creature...[Tag Color  val={FFFF} ]";
"[Tag 1:0  ]You filled your bottle with [Tag Color  val={0001} ]Forest
Water[Tag Color  val={FFFF} ][Tag Color  val={0000} ]![Tag Color  val={0000} ][Tag 1:1  ][Tag Color  val={0000} ][Tag 1:6 val={000A} ] You can use it multiple times,
but it loses its forest freshness after
just [Tag Color  val={FFFF} ][Tag Color  val={0001} ]30 minutes[Tag Color  val={FFFF} ][Tag Color  val={0000} ].
After that, it becomes normal water.[Tag Color  val={FFFF} ]";
"[Tag 1:0  ]You got a [Tag Color  val={0001} ]Triforce Shard[Tag Color  val={FFFF} ][Tag Color  val={0000} ]![Tag 1:1  ]

You need [Tag Color  val={FFFF} ][Tag Color  val={0001} ]seven[Tag Color  val={FFFF} ][Tag Color  val={0000} ] more shards to form
a complete piece of the Triforce![Tag Color  val={FFFF} ]";
"[Tag 1:0  ]You got a [Tag Color  val={0001} ]Triforce Shard[Tag Color  val={FFFF} ][Tag Color  val={0000} ]![Tag 1:1  ]
[Tag 1:6 val={000A} ]Now you only need [Tag Color  val={FFFF} ][Tag Color  val={0001} ]six[Tag Color  val={FFFF} ][Tag Color  val={0000} ] more![Tag Color  val={FFFF} ]";
"[Tag 1:0  ]You got a [Tag Color  val={0001} ]Triforce Shard[Tag Color  val={FFFF} ][Tag Color  val={0000} ]![Tag 1:1  ]
[Tag 1:6 val={000A} ]Now you need only [Tag Color  val={FFFF} ][Tag Color  val={0001} ]five[Tag Color  val={FFFF} ][Tag Color  val={0000} ] more![Tag Color  val={FFFF} ]";
"[Tag 1:0  ]You got a [Tag Color  val={0001} ]Triforce Shard[Tag Color  val={FFFF} ][Tag Color  val={0000} ]![Tag 1:1  ]
[Tag 1:6 val={000A} ]Now you need only [Tag Color  val={FFFF} ][Tag Color  val={0001} ]four[Tag Color  val={FFFF} ][Tag Color  val={0000} ] more![Tag Color  val={FFFF} ]";
"[Tag 1:0  ]You got a [Tag Color  val={0001} ]Triforce Shard[Tag Color  val={FFFF} ][Tag Color  val={0000} ]![Tag 1:1  ]
[Tag 1:6 val={000A} ]Now you need only [Tag Color  val={FFFF} ][Tag Color  val={0001} ]three[Tag Color  val={FFFF} ][Tag Color  val={0000} ] more![Tag Color  val={FFFF} ]";
"[Tag 1:0  ]You got a [Tag Color  val={0001} ]Triforce Shard[Tag Color  val={FFFF} ][Tag Color  val={0000} ]![Tag 1:1  ]
[Tag 1:6 val={000A} ]Now you need only [Tag Color  val={FFFF} ][Tag Color  val={0001} ]two[Tag Color  val={FFFF} ][Tag Color  val={0000} ] more![Tag Color  val={FFFF} ]";
"[Tag 1:0  ]You got a [Tag Color  val={0001} ]Triforce Shard[Tag Color  val={FFFF} ][Tag Color  val={0000} ]![Tag 1:1  ]
[Tag 1:6 val={000A} ]Now you need only [Tag Color  val={FFFF} ][Tag Color  val={0001} ]one[Tag Color  val={FFFF} ][Tag Color  val={0000} ] more![Tag Color  val={FFFF} ]";
"[Tag 1:0  ]You got a [Tag Color  val={0001} ]Triforce Shard[Tag Color  val={FFFF} ][Tag Color  val={0000} ]![Tag 1:1  ]



At last, you've found the last shard!
Fused together, all eight form the
[Tag Color  val={FFFF} ][Tag Color  val={0001} ]Triforce of Courage[Tag Color  val={FFFF} ][Tag Color  val={0000} ]![Tag Color  val={FFFF} ]";
"[Tag 1:0  ]You got [Tag Color  val={0001} ]Nayru's Pearl[Tag Color  val={FFFF} ][Tag Color  val={0000} ]![Tag 1:1  ]
[Tag 1:6 val={000A} ]The water spirit Jabun was kind
enough to give you this jewel, a
treasure of one of the goddesses![Tag Color  val={FFFF} ]";
"[Tag 1:0  ]You received [Tag Color  val={0001} ]Din's Pearl[Tag Color  val={FFFF} ][Tag Color  val={0000} ]![Tag 1:1  ]
[Tag 1:6 val={000A} ]This is the gem the Ritos claim was
passed down from the great
goddess![Tag Color  val={FFFF} ]";
"[Tag 1:0  ]You received [Tag Color  val={0001} ]Farore's Pearl[Tag Color  val={FFFF} ][Tag Color  val={0000} ]![Tag 1:1  ]
[Tag 1:6 val={000A} ]The earth spirit, the Deku Tree, has
seen fit to give you this jewel, a
treasure of the goddess Farore.[Tag Color  val={FFFF} ]";
"You learned the [Tag Color  val={0001} ]Wind's Requiem[Tag Color  val={FFFF} ][Tag Color  val={0000} ]![Tag Color  val={FFFF} ]";
"You learned the [Tag Color  val={0001} ]Ballad of Gales[Tag Color  val={FFFF} ][Tag Color  val={0000} ]![Tag Color  val={FFFF} ]";
"You learned the [Tag Color  val={0001} ]Command Melody[Tag Color  val={FFFF} ][Tag Color  val={0000} ]![Tag Color  val={FFFF} ]";
"You learned the [Tag Color  val={0001} ]Earth God's Lyric[Tag Color  val={FFFF} ][Tag Color  val={0000} ]![Tag Color  val={FFFF} ]";
"You learned the [Tag Color  val={0001} ]Wind God's Aria[Tag Color  val={FFFF} ][Tag Color  val={0000} ]![Tag Color  val={FFFF} ]";
"You learned the [Tag Color  val={0001} ]Song of Passing[Tag Color  val={FFFF} ][Tag Color  val={0000} ]![Tag Color  val={FFFF} ]";
"[Tag 1:0  ]You got the [Tag Color  val={0001} ]Swift Sail[Tag Color  val={FFFF} ]![Tag 1:1  ]
Thanks to expert sail-making craftsmanship,
your ship can now sail faster than ever!

And what's better, whenever you use it, a
favorable wind always will be at your back.
No need to manually change wind direction!
Voyaging has never been more efficient!";
"[Tag 1:0  ]You got a [Tag Color  val={0001} ]boat's sail[Tag Color  val={FFFF} ][Tag Color  val={0000} ]![Tag 1:1  ]
[Tag 1:6 val={000A} ]Press [Tag 3:0  ] while on your boat to pull
it out and [Tag 3:1  ][Tag Color  val={0000} ] again [Tag Color  val={0000} ]to put it away![Tag Color  val={FFFF} ]";
"[Tag 1:0  ]You got your [Tag Color  val={0001} ]chart[Tag Color  val={FFFF} ][Tag Color  val={0000} ] [Tag Color  val={FFFF} ][Tag Color  val={0001} ]deciphered[Tag Color  val={FFFF} ][Tag Color  val={0000} ]![Tag 1:1  ]
[Tag 1:6 val={000A} ]Now you can use it to find a piece
of the [Tag Color  val={FFFF} ][Tag Color  val={0001} ]Triforce[Tag Color  val={FFFF} ][Tag Color  val={0000} ]! Look at your Sea Charts
on the [Tag Color  val={0001} ]Map Screen[Tag Color  val={0000} ] to check its location![Tag Color  val={FFFF} ]";
"[Tag 1:0  ]You got your [Tag Color  val={0001} ]chart[Tag Color  val={FFFF} ][Tag Color  val={0000} ] [Tag Color  val={FFFF} ][Tag Color  val={0001} ]deciphered[Tag Color  val={FFFF} ][Tag Color  val={0000} ]![Tag 1:1  ]
[Tag 1:6 val={000A} ]Now you can use it to find a piece
of the [Tag Color  val={FFFF} ][Tag Color  val={0001} ]Triforce[Tag Color  val={FFFF} ][Tag Color  val={0000} ]! [Tag Color  val={0000} ]Look at your Sea Charts
on the [Tag Color  val={0001} ]Map Screen[Tag Color  val={0000} ] to check its location![Tag Color  val={0000} ][Tag Color  val={FFFF} ]";
"[Tag 1:0  ]You got your [Tag Color  val={0001} ]chart[Tag Color  val={FFFF} ][Tag Color  val={0000} ] [Tag Color  val={FFFF} ][Tag Color  val={0001} ]deciphered[Tag Color  val={FFFF} ][Tag Color  val={0000} ]![Tag 1:1  ]
[Tag 1:6 val={000A} ]Now you can use it to find a piece
of the [Tag Color  val={FFFF} ][Tag Color  val={0001} ]Triforce[Tag Color  val={FFFF} ][Tag Color  val={0000} ]! [Tag Color  val={0000} ]Look at your Sea Charts
on the [Tag Color  val={0001} ]Map Screen[Tag Color  val={0000} ] to check its location![Tag Color  val={0000} ][Tag Color  val={FFFF} ]";
"[Tag 1:0  ]You got your [Tag Color  val={0001} ]chart[Tag Color  val={FFFF} ][Tag Color  val={0000} ] [Tag Color  val={FFFF} ][Tag Color  val={0001} ]deciphered[Tag Color  val={FFFF} ][Tag Color  val={0000} ]![Tag 1:1  ]
[Tag 1:6 val={000A} ]Now you can use it to find a piece
of the [Tag Color  val={FFFF} ][Tag Color  val={0001} ]Triforce[Tag Color  val={FFFF} ][Tag Color  val={0000} ]! [Tag Color  val={0000} ]Look at your Sea Charts
on the [Tag Color  val={0001} ]Map Screen[Tag Color  val={0000} ] to check its location![Tag Color  val={0000} ][Tag Color  val={FFFF} ]";
"[Tag 1:0  ]You got your [Tag Color  val={0001} ]chart[Tag Color  val={FFFF} ][Tag Color  val={0000} ] [Tag Color  val={FFFF} ][Tag Color  val={0001} ]deciphered[Tag Color  val={FFFF} ][Tag Color  val={0000} ]![Tag 1:1  ]
[Tag 1:6 val={000A} ]Now you can use it to find a piece
of the [Tag Color  val={FFFF} ][Tag Color  val={0001} ]Triforce[Tag Color  val={FFFF} ][Tag Color  val={0000} ]! [Tag Color  val={0000} ]Look at your Sea Charts
on the [Tag Color  val={0001} ]Map Screen[Tag Color  val={0000} ] to check its location![Tag Color  val={0000} ][Tag Color  val={FFFF} ]";
"[Tag 1:0  ]You got your [Tag Color  val={0001} ]chart[Tag Color  val={FFFF} ][Tag Color  val={0000} ] [Tag Color  val={FFFF} ][Tag Color  val={0001} ]deciphered[Tag Color  val={FFFF} ][Tag Color  val={0000} ]![Tag 1:1  ]
[Tag 1:6 val={000A} ]Now you can use it to find a piece
of the [Tag Color  val={FFFF} ][Tag Color  val={0001} ]Triforce[Tag Color  val={FFFF} ][Tag Color  val={0000} ]! [Tag Color  val={0000} ]Look at your Sea Charts
on the [Tag Color  val={0001} ]Map Screen[Tag Color  val={0000} ] to check its location![Tag Color  val={0000} ][Tag Color  val={FFFF} ]";
"[Tag 1:0  ]You got your [Tag Color  val={0001} ]chart[Tag Color  val={FFFF} ][Tag Color  val={0000} ] [Tag Color  val={FFFF} ][Tag Color  val={0001} ]deciphered[Tag Color  val={FFFF} ][Tag Color  val={0000} ]![Tag 1:1  ]
[Tag 1:6 val={000A} ]Now you can use it to find a piece
of the [Tag Color  val={FFFF} ][Tag Color  val={0001} ]Triforce[Tag Color  val={FFFF} ][Tag Color  val={0000} ]! [Tag Color  val={0000} ]Look at your Sea Charts
on the [Tag Color  val={0001} ]Map Screen[Tag Color  val={0000} ] to check its location![Tag Color  val={0000} ][Tag Color  val={FFFF} ]";
"[Tag 1:0  ]You got your [Tag Color  val={0001} ]chart[Tag Color  val={FFFF} ][Tag Color  val={0000} ] [Tag Color  val={FFFF} ][Tag Color  val={0001} ]deciphered[Tag Color  val={FFFF} ][Tag Color  val={0000} ]![Tag 1:1  ]
[Tag 1:6 val={000A} ]Now you can use it to find a piece
of the [Tag Color  val={FFFF} ][Tag Color  val={0001} ]Triforce[Tag Color  val={FFFF} ][Tag Color  val={0000} ]! [Tag Color  val={0000} ]Look at your Sea Charts
on the [Tag Color  val={0001} ]Map Screen[Tag Color  val={0000} ] to check its location![Tag Color  val={0000} ][Tag Color  val={FFFF} ]";
"[Tag 1:0  ]You got [Tag Color  val={0001} ]All-Purpose Bait[Tag Color  val={FFFF} ][Tag Color  val={0000} ]![Tag 1:1  ]
[Tag 1:6 val={000A} ]Animals will be drawn to this
gourmet pet food the moment you put
it down. (It has three portions.)
Choose your [Tag Color  val={FFFF} ][Tag Color  val={0001} ]Bait Bag[Tag Color  val={FFFF} ][Tag Color  val={0000} ] on the Items
screen and set this bait to [Tag 3:6  ], [Tag Color  val={0000} ][Tag 3:5  ][Tag Color  val={0000} ], or
[Tag Color  val={0000} ][Tag 3:4  ][Tag Color  val={0000} ] to use it![Tag Color  val={FFFF} ]";
"[Tag 1:0  ]You got a [Tag Color  val={0001} ]Hyoi Pear[Tag Color  val={FFFF} ][Tag Color  val={0000} ]![Tag 1:1  ]
[Tag 1:6 val={000A} ]This special bait allows you to take
control of seagulls!

Choose your [Tag Color  val={FFFF} ][Tag Color  val={0001} ]Bait Bag[Tag Color  val={FFFF} ][Tag Color  val={0000} ] on the Items
screen and set it to [Tag 3:6  ], [Tag Color  val={0000} ][Tag 3:5  ][Tag Color  val={0000} ], or [Tag Color  val={0000} ][Tag 3:4  ][Tag Color  val={0000} ]
to use it.

When controlling seagulls, tap [Tag 3:0  ] to
flap your wings and accelerate.
Press [Tag Color  val={0000} ][Tag 3:26  ][Tag Color  val={0000} ] to quit.[Tag Color  val={FFFF} ]";
"[Tag 1:0  ]You got a [Tag Color  val={0001} ]Town Flower[Tag Color  val={FFFF} ][Tag Color  val={0000} ]![Tag 1:1  ]
[Tag 1:6 val={000A} ]This flower hails from the town
of bright smiles.

If you find a place to set this rather
small flower, choose your [Tag Color  val={FFFF} ][Tag Color  val={0001} ]Delivery
Bag [Tag Color  val={FFFF} ][Tag Color  val={0000} ]on the Items screen and set this
item to [Tag 3:6  ], [Tag Color  val={0000} ][Tag 3:5  ][Tag Color  val={0000} ], or [Tag Color  val={0000} ][Tag 3:4  ][Tag Color  val={0000} ] to use it.[Tag Color  val={FFFF} ]";
"[Tag 1:0  ]You got a [Tag Color  val={0001} ]Sea Flower[Tag Color  val={FFFF} ][Tag Color  val={0000} ]![Tag 1:1  ]
[Tag 1:6 val={000A} ]The scent of the sea wafts from the
delicate petals of this flower from an
exotic, far-off land.
If you find a place to put it, choose
your [Tag Color  val={FFFF} ][Tag Color  val={0001} ]Delivery Bag [Tag Color  val={FFFF} ][Tag Color  val={0000} ]on the Items
screen and set the flower to [Tag 3:6  ], [Tag Color  val={0000} ][Tag 3:5  ][Tag Color  val={0000} ],
or [Tag Color  val={0000} ][Tag 3:4  ][Tag Color  val={0000} ] to use it.[Tag Color  val={FFFF} ]";
"[Tag 1:0  ]You got an [Tag Color  val={0001} ]Exotic Flower[Tag Color  val={FFFF} ][Tag Color  val={0000} ]![Tag 1:1  ]
[Tag 1:6 val={000A} ]It's a refreshing flower that
blossoms in the tropical regions to
the south.
If you find a place to put it, choose
your [Tag Color  val={FFFF} ][Tag Color  val={0001} ]Delivery Bag[Tag Color  val={FFFF} ][Tag Color  val={0000} ] on the Items
screen and set the flower to [Tag 3:6  ],
[Tag Color  val={0000} ][Tag 3:5  ][Tag Color  val={0000} ], or [Tag Color  val={0000} ][Tag 3:4  ][Tag Color  val={0000} ]![Tag Color  val={FFFF} ]";
"[Tag 1:0  ]You got the [Tag Color  val={0001} ]Hero's Flag[Tag Color  val={FFFF} ][Tag Color  val={0000} ]![Tag 1:1  ]
[Tag 1:6 val={000A} ]This flag has a rather courageous
feel to it.

If you find a place to put it, choose
your [Tag Color  val={FFFF} ][Tag Color  val={0001} ]Delivery Bag[Tag Color  val={FFFF} ][Tag Color  val={0000} ] on the Items
screen and set this item to [Tag 3:6  ], [Tag Color  val={0000} ][Tag 3:5  ][Tag Color  val={0000} ],
or [Tag Color  val={0000} ][Tag 3:4  ][Tag Color  val={0000} ]. [Tag Color  val={FFFF} ]";
"[Tag 1:0  ]You got the [Tag Color  val={0001} ]Big Catch Flag[Tag Color  val={FFFF} ][Tag Color  val={0000} ]![Tag 1:1  ]
[Tag 1:6 val={000A} ]This flag was made by a fisherman
from a foreign land and designed to
encourage a big haul of fish!
If you find a place to put it, choose
your [Tag Color  val={FFFF} ][Tag Color  val={0001} ]Delivery Bag[Tag Color  val={FFFF} ][Tag Color  val={0000} ] on the Items
screen and set the flag to [Tag 3:6  ],
[Tag Color  val={0000} ][Tag 3:5  ][Tag Color  val={0000} ], or [Tag Color  val={0000} ][Tag 3:4  ][Tag Color  val={0000} ].[Tag Color  val={FFFF} ]";
"[Tag 1:0  ]You got the [Tag Color  val={0001} ]Big Sale Flag[Tag Color  val={FFFF} ][Tag Color  val={0000} ]![Tag 1:1  ]
[Tag 1:6 val={000A} ]This flag looks like it would
definitely be good for business.

If you find a place to put it, choose
your [Tag Color  val={FFFF} ][Tag Color  val={0001} ]Delivery Bag[Tag Color  val={FFFF} ][Tag Color  val={0000} ] on the Items
screen and set the flag to [Tag 3:6  ],
[Tag Color  val={0000} ][Tag 3:5  ][Tag Color  val={0000} ], or [Tag Color  val={0000} ][Tag 3:4  ][Tag Color  val={0000} ].[Tag Color  val={FFFF} ]";
"[Tag 1:0  ]You got a [Tag Color  val={0001} ]Pinwheel[Tag Color  val={FFFF} ][Tag Color  val={0000} ]![Tag 1:1  ]
[Tag 1:6 val={000A} ]The wheel on it spins when it catches
puffs of air. It's kind of fun!

If you find a place to put this item,
choose your [Tag Color  val={FFFF} ][Tag Color  val={0001} ]Delivery Bag[Tag Color  val={FFFF} ][Tag Color  val={0000} ] on the
Items screen and set the Pinwheel to
[Tag 3:6  ], [Tag Color  val={0000} ][Tag 3:5  ][Tag Color  val={0000} ], or [Tag Color  val={0000} ][Tag 3:4  ][Tag Color  val={0000} ].[Tag Color  val={FFFF} ]";
"[Tag 1:0  ]You got the [Tag Color  val={0001} ]Sickle Moon Flag[Tag Color  val={FFFF} ][Tag Color  val={0000} ]![Tag 1:1  ]
[Tag 1:6 val={000A} ]This flag of a bright-red crescent
moon is quite fancy.

If you find a place to put it, choose
your [Tag Color  val={FFFF} ][Tag Color  val={0001} ]Delivery Bag[Tag Color  val={FFFF} ][Tag Color  val={0000} ] on the Items
screen and set the flag to [Tag 3:6  ],
[Tag Color  val={0000} ][Tag 3:5  ][Tag Color  val={0000} ], or [Tag Color  val={0000} ][Tag 3:4  ][Tag Color  val={0000} ].[Tag Color  val={FFFF} ]";
"[Tag 1:0  ]You got a [Tag Color  val={0001} ]Skull Tower Idol[Tag Color  val={FFFF} ][Tag Color  val={0000} ]![Tag 1:1  ]
[Tag 1:6 val={000A} ]It's made of the fossilized skulls of
strange creatures. It's pretty weird.

If you find a place to put it, choose
your [Tag Color  val={FFFF} ][Tag Color  val={0001} ]Delivery Bag[Tag Color  val={FFFF} ][Tag Color  val={0000} ] on the Items
screen and set the idol to [Tag 3:6  ],
[Tag Color  val={0000} ][Tag 3:5  ][Tag Color  val={0000} ], or [Tag Color  val={0000} ][Tag 3:4  ][Tag Color  val={0000} ].[Tag Color  val={FFFF} ]";
"[Tag 1:0  ]You got a [Tag Color  val={0001} ]Fountain Idol[Tag Color  val={FFFF} ][Tag Color  val={0000} ]![Tag 1:1  ]
[Tag 1:6 val={000A} ]This is a strange statue of a girl
carrying water.

If you find a place to put it, choose
your [Tag Color  val={FFFF} ][Tag Color  val={0001} ]Delivery Bag[Tag Color  val={FFFF} ][Tag Color  val={0000} ] on the Items
screen and set the statue to [Tag 3:6  ],
[Tag Color  val={0000} ][Tag 3:5  ][Tag Color  val={0000} ], or [Tag Color  val={0000} ][Tag 3:4  ][Tag Color  val={0000} ].[Tag Color  val={FFFF} ]";
"[Tag 1:0  ]You got a [Tag Color  val={0001} ]Postman Statue[Tag Color  val={FFFF} ][Tag Color  val={0000} ]![Tag 1:1  ]
[Tag 1:6 val={000A} ]This is a carving of the Rito
postman, hero of all Ritos and a
symbol of laborers the world over.
If you find a place to put it, choose
your [Tag Color  val={FFFF} ][Tag Color  val={0001} ]Delivery Bag[Tag Color  val={FFFF} ][Tag Color  val={0000} ] on the Items
screen and set the statue to [Tag 3:6  ],
[Tag Color  val={0000} ][Tag 3:5  ][Tag Color  val={0000} ], or [Tag Color  val={0000} ][Tag 3:4  ][Tag Color  val={0000} ].[Tag Color  val={FFFF} ]";
"[Tag 1:0  ]You got a [Tag Color  val={0001} ]Shop Guru Statue[Tag Color  val={FFFF} ][Tag Color  val={0000} ]![Tag 1:1  ]
[Tag 1:6 val={000A} ]This little statue is the apple of
every businessman's eye.

If you find a place to put it, choose
your [Tag Color  val={FFFF} ][Tag Color  val={0001} ]Delivery Bag[Tag Color  val={FFFF} ][Tag Color  val={0000} ] on the Items
screen and set the bust to [Tag 3:6  ],
[Tag Color  val={0000} ][Tag 3:5  ][Tag Color  val={0000} ], or [Tag Color  val={0000} ][Tag 3:4  ][Tag Color  val={0000} ].[Tag Color  val={FFFF} ]";
"[Tag 1:0  ]You accepted [Tag Color  val={0001} ]Father's Letter[Tag Color  val={FFFF} ][Tag Color  val={0000} ]![Tag 1:1  ]
[Tag 1:6 val={000A} ]It is a letter from a father
addressed to his son.

Since you've just received a fine
[Tag Color  val={FFFF} ][Tag Color  val={0001} ]Delivery Bag[Tag Color  val={FFFF} ][Tag Color  val={0000} ], why not use it to carry
this letter down to [Tag Color  val={FFFF} ][Tag Color  val={0001} ]Komali[Tag Color  val={FFFF} ][Tag Color  val={0000} ]?

When you want to take it out, choose
your [Tag Color  val={FFFF} ][Tag Color  val={0001} ]Delivery Bag[Tag Color  val={FFFF} ][Tag Color  val={0000} ] on the Items
screen and set this letter to [Tag 3:6  ],
[Tag Color  val={0000} ][Tag 3:5  ][Tag Color  val={0000} ], or [Tag Color  val={0000} ][Tag 3:4  ][Tag Color  val={0000} ].[Tag Color  val={FFFF} ]";
"[Tag 1:0  ]You accepted a [Tag Color  val={0001} ]Note to Mom[Tag Color  val={FFFF} ][Tag Color  val={0000} ]![Tag 1:1  ]
[Tag 1:6 val={000A} ]It's so sad you could almost cry...


Keep it in your Delivery Bag until
you find a [Tag Color  val={FFFF} ][Tag Color  val={0001} ]postbox[Tag Color  val={FFFF} ][Tag Color  val={0000} ] to drop it in.[Tag Color  val={FFFF} ]";
"[Tag 1:0  ]You got [Tag Color  val={0001} ]Maggie's Letter[Tag Color  val={FFFF} ][Tag Color  val={0000} ]![Tag 1:1  ]
[Tag 1:6 val={000A} ]It's a letter from Maggie to her
sweetie. 

Keep it in your Delivery Bag until
you find a postbox to drop it in.[Tag Color  val={FFFF} ]";
"[Tag 1:0  ]You got the [Tag Color  val={0001} ]Moblin's Letter[Tag Color  val={FFFF} ][Tag Color  val={0000} ]![Tag 1:1  ]
[Tag 1:6 val={000A} ]This letter has sort of a stink to it.
Take it to [Tag Color  val={FFFF} ][Tag Color  val={0001} ]Maggie[Tag Color  val={FFFF} ][Tag Color  val={0000} ].[Tag Color  val={FFFF} ]";
"[Tag 1:0  ]You got the [Tag Color  val={0001} ]Cabana Deed[Tag Color  val={FFFF} ][Tag Color  val={0000} ]![Tag 1:1  ]
[Tag 1:6 val={000A} ]It's written on yellowed parchment.
It looks quite old.[Tag Color  val={FFFF} ]";
"[Tag 1:0  ]You got the [Tag Color  val={0001} ]Complimentary ID[Tag Color  val={FFFF} ][Tag Color  val={0000} ]![Tag 1:1  ]
[Tag 1:6 val={000A} ]Who knows what this is, but
apparently you should take it to
[Tag Color  val={FFFF} ][Tag Color  val={0001} ]Beedle[Tag Color  val={FFFF} ][Tag Color  val={0000} ]...
Keep it in your Delivery Bag for now.[Tag Color  val={FFFF} ]";
"[Tag 1:0  ]You got the [Tag Color  val={0001} ]Fill-up Coupon[Tag Color  val={FFFF} ][Tag Color  val={0000} ]![Tag 1:1  ]
[Tag 1:6 val={000A} ]It will [Tag Color  val={FFFF} ][Tag Color  val={0001} ]fill[Tag Color  val={FFFF} ][Tag Color  val={0000} ] every [Tag Color  val={FFFF} ][Tag Color  val={0001} ]item[Tag Color  val={FFFF} ][Tag Color  val={0000} ] you have to the
max! Give it to [Tag Color  val={FFFF} ][Tag Color  val={0001} ]Beedle[Tag Color  val={FFFF} ][Tag Color  val={0000} ], but remember:
it doesn't cover all of his products...
Keep it in your Delivery Bag for now.[Tag Color  val={FFFF} ]";
"[Tag 1:0  ]You got one of the [Tag Color  val={0001} ]Legendary
Pictographs[Tag Color  val={FFFF} ][Tag Color  val={0000} ] in your Deluxe Picto
Box![Tag Color  val={0000} ][Tag 1:1  ][Tag Color  val={0000} ][Tag Color  val={FFFF} ]";
"[Tag 1:0  ]You got the [Tag Color  val={0001} ]Dragon Tingle Statue[Tag Color  val={FFFF} ][Tag Color  val={0000} ]![Tag 1:1  ]
[Tag 1:6 val={000A} ]It bubbles over with warmth.
It will be waiting for you on
[Tag Color  val={FFFF} ][Tag Color  val={0002} ]Tingle Island[Tag Color  val={FFFF} ][Tag Color  val={0000} ].[Tag Color  val={FFFF} ]";
"[Tag 1:0  ]You got the [Tag Color  val={0001} ]Forbidden Tingle Statue[Tag Color  val={FFFF} ][Tag Color  val={0000} ]![Tag 1:1  ]
[Tag 1:6 val={000A} ]It's covered in sticky sap.
It will be waiting for you on
[Tag Color  val={FFFF} ][Tag Color  val={0002} ]Tingle Island[Tag Color  val={FFFF} ][Tag Color  val={0000} ].[Tag Color  val={FFFF} ]";
"[Tag 1:0  ]You got the [Tag Color  val={0001} ]Goddess Tingle Statue[Tag Color  val={FFFF} ][Tag Color  val={0000} ]![Tag 1:1  ]
[Tag 1:6 val={000A} ]Its salty seawater coating is kind of
gross. It will be waiting for you on
[Tag Color  val={FFFF} ][Tag Color  val={0002} ]Tingle Island[Tag Color  val={FFFF} ][Tag Color  val={0000} ].[Tag Color  val={FFFF} ]";
"[Tag 1:0  ]You got the [Tag Color  val={0001} ]Earth Tingle Statue[Tag Color  val={FFFF} ][Tag Color  val={0000} ]![Tag 1:1  ]
[Tag 1:6 val={000A} ]It's cool and damp and smells like
mold. [Tag Color  val={FFFF} ][Tag Color  val={0000} ]It will be waiting for you on
[Tag Color  val={FFFF} ][Tag Color  val={0002} ]Tingle Island[Tag Color  val={FFFF} ][Tag Color  val={0000} ].[Tag Color  val={FFFF} ]";
"[Tag 1:0  ]You got the [Tag Color  val={0001} ]Wind Tingle Statue[Tag Color  val={FFFF} ][Tag Color  val={0000} ]![Tag 1:1  ]
[Tag 1:6 val={000A} ]It's sandy and kind of rough.
It feels weird. It will be waiting
for you on [Tag Color  val={FFFF} ][Tag Color  val={0002} ]Tingle Island[Tag Color  val={FFFF} ][Tag Color  val={0000} ].[Tag Color  val={FFFF} ]";
"[Tag 1:0  ]You learned the [Tag Color  val={0001} ]Hurricane Spin[Tag Color  val={FFFF} ][Tag Color  val={0000} ]![Tag 1:1  ]
[Tag 1:6 val={000A} ]Hold [Tag 3:1  ] to build up your power, and
then release it to perform a whirling
attack with your blade.
Remember, it consumes [Tag Color  val={FFFF} ][Tag Color  val={0001} ]magic power[Tag Color  val={FFFF} ][Tag Color  val={0000} ].[Tag Color  val={FFFF} ]";
"[Tag 1:0  ]You can now carry more [Tag Color  val={0001} ]Rupees[Tag Color  val={FFFF} ][Tag Color  val={0000} ]![Tag 1:1  ]
[Tag 1:6 val={000A} ]Now you can hold up to [Tag Color  val={FFFF} ][Tag Color  val={0001} ]1000 Rupees[Tag Color  val={FFFF} ][Tag Color  val={0000} ]![Tag Color  val={FFFF} ]";
"[Tag 1:0  ]You can now carry more [Tag Color  val={0001} ]Rupees[Tag Color  val={FFFF} ][Tag Color  val={0000} ]![Tag 1:1  ]
[Tag 1:6 val={000A} ]Now you can hold up to [Tag Color  val={FFFF} ][Tag Color  val={0001} ]5000 Rupees[Tag Color  val={FFFF} ][Tag Color  val={0000} ]![Tag Color  val={FFFF} ]";
"[Tag 1:0  ]You can now carry more [Tag Color  val={0001} ]bombs[Tag Color  val={FFFF} ][Tag Color  val={0000} ]![Tag 1:1  ]
[Tag 1:6 val={000A} ]Now you can bring a maximum of [Tag Color  val={FFFF} ][Tag Color  val={0001} ]60[Tag Color  val={FFFF} ][Tag Color  val={0000} ]
with you wherever you go.[Tag Color  val={FFFF} ]";
"[Tag 1:0  ]You can now carry more [Tag Color  val={0001} ]bombs[Tag Color  val={FFFF} ][Tag Color  val={0000} ]![Tag 1:1  ]
[Tag 1:6 val={000A} ]Carry a maximum of [Tag Color  val={FFFF} ][Tag Color  val={0001} ]99[Tag Color  val={FFFF} ][Tag Color  val={0000} ] with you
wherever you go![Tag Color  val={FFFF} ]";
"[Tag 1:0  ]You can now carry more [Tag Color  val={0001} ]arrows[Tag Color  val={FFFF} ][Tag Color  val={0000} ]![Tag 1:1  ]
[Tag 1:6 val={000A} ]Carry up to [Tag Color  val={FFFF} ][Tag Color  val={0001} ]60[Tag Color  val={FFFF} ][Tag Color  val={0000} ] with you wherever
you go![Tag Color  val={FFFF} ]";
"[Tag 1:0  ]You can now carry more [Tag Color  val={0001} ]arrows[Tag Color  val={FFFF} ][Tag Color  val={0000} ]![Tag 1:1  ]
[Tag 1:6 val={000A} ]Carry up to [Tag Color  val={FFFF} ][Tag Color  val={0001} ]99[Tag Color  val={FFFF} ][Tag Color  val={0000} ] with you wherever
you go![Tag Color  val={FFFF} ]";
"[Tag 1:0  ]Your [Tag Color  val={0001} ]magic power[Tag Color  val={FFFF} ][Tag Color  val={0000} ] has increased![Tag 1:1  ]
[Tag 1:6 val={000A} ]You now have [Tag Color  val={FFFF} ][Tag Color  val={0001} ]twice as much[Tag Color  val={FFFF} ][Tag Color  val={0000} ] as what
you had before![Tag Color  val={FFFF} ]";
"[Tag 1:0  ]You got a reward for being so
skillful at finding [Tag Color  val={0001} ]Tingle
Statues[Tag Color  val={FFFF} ][Tag Color  val={0000} ]![Tag Color  val={0000} ][Tag 1:1  ][Tag Color  val={0000} ][Tag 1:6 val={000A} ] You got 50 Rupees
per statue! Lucky you![Tag Color  val={FFFF} ]";
"[Tag 1:0  ]You got a reward for being so
skillful at finding [Tag Color  val={0001} ]Tingle
Statues[Tag Color  val={FFFF} ][Tag Color  val={0000} ]![Tag Color  val={0000} ][Tag 1:1  ][Tag Color  val={0000} ][Tag 1:6 val={000A} ] You got 50 Rupees
per statue! Lucky you![Tag Color  val={FFFF} ]";
"[Tag 1:0  ]You got a reward for being so
skillful at finding [Tag Color  val={0001} ]Tingle
Statues[Tag Color  val={FFFF} ][Tag Color  val={0000} ]![Tag Color  val={0000} ][Tag 1:1  ][Tag Color  val={0000} ][Tag 1:6 val={000A} ] You got 50 Rupees
per statue! Lucky you![Tag Color  val={FFFF} ]";
"[Tag 1:0  ]You got a reward for being so
skillful at finding [Tag Color  val={0001} ]Tingle
Statues[Tag Color  val={FFFF} ][Tag Color  val={0000} ]![Tag Color  val={0000} ][Tag 1:1  ][Tag Color  val={0000} ][Tag 1:6 val={000A} ] You got 50 Rupees
per statue! Lucky you![Tag Color  val={FFFF} ]";
"[Tag 1:0  ]You got a reward for being so
skillful at finding [Tag Color  val={0001} ]Tingle
Statues[Tag Color  val={FFFF} ][Tag Color  val={0000} ]![Tag Color  val={0000} ][Tag 1:1  ][Tag Color  val={0000} ][Tag 1:6 val={000A} ] You got 50 Rupees
per statue! Lucky you![Tag Color  val={FFFF} ]";
"[Tag 1:0  ]You got a reward for getting
all five [Tag Color  val={0001} ]Tingle Statues[Tag Color  val={FFFF} ][Tag Color  val={0000} ]![Tag Color  val={0000} ][Tag 1:1  ][Tag Color  val={0000} ][Tag 1:6 val={000A} ] It's 500
Rupees! Lucky you![Tag Color  val={FFFF} ]";
"[Tag 1:0  ]You got a [Tag Color  val={0001} ]Submarine Chart[Tag Color  val={FFFF} ][Tag Color  val={0000} ]![Tag 1:1  ]
[Tag 1:6 val={000A} ]Now you know where to find the
[Tag Color  val={FFFF} ][Tag Color  val={0001} ]enemy submarines[Tag Color  val={FFFF} ][Tag Color  val={0000} ] that surface from
below!
[Tag Color  val={FFFF} ][Tag Color  val={0000} ]Open the chart on the [Tag Color  val={0001} ]Map Screen
[Tag Color  val={0000} ]to view it.[Tag Color  val={FFFF} ]";
"[Tag 1:0  ]You got [Tag Color  val={0001} ]Beedle's Chart[Tag Color  val={FFFF} ][Tag Color  val={0000} ]![Tag 1:1  ]
[Tag 1:6 val={000A} ]Now you know where to find [Tag Color  val={FFFF} ][Tag Color  val={0001} ]Beedle's
floating Shop Ships[Tag Color  val={FFFF} ][Tag Color  val={0000} ]! [Tag Color  val={0000} ]Open the chart on
the [Tag Color  val={0001} ]Map Screen [Tag Color  val={0000} ]to view it.[Tag Color  val={0000} ][Tag Color  val={FFFF} ]";
"[Tag 1:0  ]You got the [Tag Color  val={0001} ]Platform Chart[Tag Color  val={FFFF} ][Tag Color  val={0000} ]![Tag 1:1  ]
[Tag 1:6 val={000A} ]Now you can find the [Tag Color  val={FFFF} ][Tag Color  val={0001} ]platforms
[Tag Color  val={FFFF} ][Tag Color  val={0000} ]out on the high seas. [Tag Color  val={0000} ]Open the
chart on the [Tag Color  val={0001} ]Map Screen [Tag Color  val={0000} ]to view it.[Tag Color  val={0000} ][Tag Color  val={FFFF} ]";
"[Tag 1:0  ]You got the [Tag Color  val={0001} ]Light Ring Chart[Tag Color  val={FFFF} ][Tag Color  val={0000} ]![Tag 1:1  ]
[Tag 1:6 val={000A} ]Now you know where to find the
[Tag Color  val={FFFF} ][Tag Color  val={0001} ]rings of light[Tag Color  val={FFFF} ][Tag Color  val={0000} ] that mystically appear
on the sea under the [Tag Color  val={FFFF} ][Tag Color  val={0001} ]full moon[Tag Color  val={FFFF} ][Tag Color  val={0000} ]!
[Tag Color  val={0000} ][Tag Color  val={0000} ]Open the chart on the [Tag Color  val={0001} ]Map Screen
[Tag Color  val={0000} ]to view it.[Tag Color  val={0000} ][Tag Color  val={0000} ][Tag Color  val={FFFF} ]";
"[Tag 1:0  ]You got the [Tag Color  val={0001} ]Secret Cave Chart[Tag Color  val={FFFF} ][Tag Color  val={0000} ]![Tag 1:1  ]
[Tag 1:6 val={000A} ]Now you know where to find the
[Tag Color  val={FFFF} ][Tag Color  val={0001} ]secret caverns[Tag Color  val={FFFF} ][Tag Color  val={0000} ]! [Tag Color  val={0000} ]Open the chart on
the [Tag Color  val={0001} ]Map Screen [Tag Color  val={0000} ]to view it.[Tag Color  val={0000} ][Tag Color  val={FFFF} ]";
"[Tag 1:0  ]You got the [Tag Color  val={0001} ]Sea Hearts Chart[Tag Color  val={FFFF} ][Tag Color  val={0000} ]![Tag 1:1  ]
[Tag 1:6 val={000A} ]Now you know where [Tag Color  val={FFFF} ][Tag Color  val={0001} ]charts [Tag Color  val={FFFF} ][Tag Color  val={0000} ]showing
[Tag Color  val={FFFF} ][Tag Color  val={0001} ]Piece of Heart[Tag Color  val={FFFF} ][Tag Color  val={0000} ] locations are hidden!

[Tag Color  val={0000} ][Tag Color  val={0000} ]Open the chart on the [Tag Color  val={0001} ]Map Screen
[Tag Color  val={0000} ]to view it.[Tag Color  val={0000} ][Tag Color  val={0000} ][Tag Color  val={FFFF} ]";
"[Tag 1:0  ]You got the [Tag Color  val={0001} ]Island Hearts Chart[Tag Color  val={FFFF} ][Tag Color  val={0000} ]![Tag 1:1  ]
[Tag 1:6 val={000A} ]Now you know where to find the
[Tag Color  val={FFFF} ][Tag Color  val={0001} ]islands [Tag Color  val={FFFF} ][Tag Color  val={0000} ]that hide [Tag Color  val={FFFF} ][Tag Color  val={0001} ]Pieces of Heart[Tag Color  val={FFFF} ][Tag Color  val={0000} ].

With this, you can see how many
pieces there are! [Tag Color  val={0000} ]Open the chart
on the [Tag Color  val={0001} ]Map Screen [Tag Color  val={0000} ]to view it.[Tag Color  val={0000} ][Tag Color  val={FFFF} ]";
"[Tag 1:0  ]You got the [Tag Color  val={0001} ]Great Fairy Chart[Tag Color  val={FFFF} ][Tag Color  val={0000} ]![Tag 1:1  ]
[Tag 1:6 val={000A} ]Now you can find the [Tag Color  val={FFFF} ][Tag Color  val={0001} ]Great Fairies
[Tag Color  val={FFFF} ][Tag Color  val={0000} ]and the [Tag Color  val={FFFF} ][Tag Color  val={0001} ]Fairy Queen[Tag Color  val={FFFF} ][Tag Color  val={0000} ]! [Tag Color  val={0000} ]Open the chart
on the [Tag Color  val={0001} ]Map Screen [Tag Color  val={0000} ]to view it.[Tag Color  val={0000} ][Tag Color  val={FFFF} ]";
"[Tag 1:0  ]You got the [Tag Color  val={0001} ]Octo Chart[Tag Color  val={FFFF} ][Tag Color  val={0000} ]![Tag 1:1  ]
[Tag 1:6 val={000A} ]Now you know where to find the
[Tag Color  val={FFFF} ][Tag Color  val={0001} ]Big Octos[Tag Color  val={FFFF} ][Tag Color  val={0000} ]! [Tag Color  val={0000} ]Open the chart on the
[Tag Color  val={0001} ]Map Screen [Tag Color  val={0000} ]to view it.[Tag Color  val={0000} ][Tag Color  val={FFFF} ]";
"[Tag 1:0  ]You got the [Tag Color  val={0001} ]IN-credible Chart[Tag Color  val={FFFF} ][Tag Color  val={0000} ]![Tag 1:1  ]
[Tag 1:6 val={000A} ]Now you know where all the
[Tag Color  val={FFFF} ][Tag Color  val={0001} ]Triforce Charts [Tag Color  val={FFFF} ][Tag Color  val={0000} ]and [Tag Color  val={0001} ]Triforce Shards[Tag Color  val={0000} ] are
hidden! That's positively IN-credible!
[Tag Color  val={0000} ]Open the chart on the [Tag Color  val={0001} ]Map Screen
[Tag Color  val={0000} ]to view it.[Tag Color  val={0000} ][Tag Color  val={FFFF} ]";
"[Tag 1:0  ]You got a [Tag Color  val={0001} ]Treasure Chart[Tag Color  val={FFFF} ][Tag Color  val={0000} ]![Tag 1:1  ]



Open this chart on the [Tag Color  val={0001} ]Map Screen[Tag Color  val={0000} ], and a
place where treasure lies will be lit up!
Sail to that area, and then use the chart
to find the treasure![Tag Color  val={FFFF} ]";
"[Tag 1:0  ]You got a [Tag Color  val={0001} ]Treasure Chart[Tag Color  val={FFFF} ][Tag Color  val={0000} ]![Tag 1:1  ]



Open this chart on the [Tag Color  val={0001} ]Map Screen[Tag Color  val={0000} ], and a
place where treasure lies will be lit up!
Sail to that area, and then use the chart
to find the treasure![Tag Color  val={FFFF} ]";
"[Tag 1:0  ]You got a [Tag Color  val={0001} ]Treasure Chart[Tag Color  val={FFFF} ][Tag Color  val={0000} ]![Tag 1:1  ]



Open this chart on the [Tag Color  val={0001} ]Map Screen[Tag Color  val={0000} ], and a
place where treasure lies will be lit up!
Sail to that area, and then use the chart
to find the treasure![Tag Color  val={FFFF} ]";
"[Tag 1:0  ]You got a [Tag Color  val={0001} ]Treasure Chart[Tag Color  val={FFFF} ][Tag Color  val={0000} ]![Tag 1:1  ]



Open this chart on the [Tag Color  val={0001} ]Map Screen[Tag Color  val={0000} ], and a
place where treasure lies will be lit up!
Sail to that area, and then use the chart
to find the treasure![Tag Color  val={FFFF} ]";
"[Tag 1:0  ]You got a [Tag Color  val={0001} ]Treasure Chart[Tag Color  val={FFFF} ][Tag Color  val={0000} ]![Tag 1:1  ]



Open this chart on the [Tag Color  val={0001} ]Map Screen[Tag Color  val={0000} ], and a
place where treasure lies will be lit up!
Sail to that area, and then use the chart
to find the treasure![Tag Color  val={FFFF} ]";
"[Tag 1:0  ]You got a [Tag Color  val={0001} ]Treasure Chart[Tag Color  val={FFFF} ][Tag Color  val={0000} ]![Tag 1:1  ]



Open this chart on the [Tag Color  val={0001} ]Map Screen[Tag Color  val={0000} ], and a
place where treasure lies will be lit up!
Sail to that area, and then use the chart
to find the treasure![Tag Color  val={FFFF} ]";
"[Tag 1:0  ]You got a [Tag Color  val={0001} ]Treasure Chart[Tag Color  val={FFFF} ][Tag Color  val={0000} ]![Tag 1:1  ]



Open this chart on the [Tag Color  val={0001} ]Map Screen[Tag Color  val={0000} ], and a
place where treasure lies will be lit up!
Sail to that area, and then use the chart
to find the treasure![Tag Color  val={FFFF} ]";
"[Tag 1:0  ]You got a [Tag Color  val={0001} ]Treasure Chart[Tag Color  val={FFFF} ][Tag Color  val={0000} ]![Tag 1:1  ]



Open this chart on the [Tag Color  val={0001} ]Map Screen[Tag Color  val={0000} ], and a
place where treasure lies will be lit up!
Sail to that area, and then use the chart
to find the treasure![Tag Color  val={FFFF} ]";
"[Tag 1:0  ]You got a [Tag Color  val={0001} ]Treasure Chart[Tag Color  val={FFFF} ][Tag Color  val={0000} ]![Tag 1:1  ]



Open this chart on the [Tag Color  val={0001} ]Map Screen[Tag Color  val={0000} ], and a
place where treasure lies will be lit up!
Sail to that area, and then use the chart
to find the treasure![Tag Color  val={FFFF} ]";
"[Tag 1:0  ]You got a [Tag Color  val={0001} ]Treasure Chart[Tag Color  val={FFFF} ][Tag Color  val={0000} ]![Tag 1:1  ]



Open this chart on the [Tag Color  val={0001} ]Map Screen[Tag Color  val={0000} ], and a
place where treasure lies will be lit up!
Sail to that area, and then use the chart
to find the treasure![Tag Color  val={FFFF} ]";
"[Tag 1:0  ]You got a [Tag Color  val={0001} ]Treasure Chart[Tag Color  val={FFFF} ][Tag Color  val={0000} ]![Tag 1:1  ]



Open this chart on the [Tag Color  val={0001} ]Map Screen[Tag Color  val={0000} ], and a
place where treasure lies will be lit up!
Sail to that area, and then use the chart
to find the treasure![Tag Color  val={FFFF} ]";
"[Tag 1:0  ]You got a [Tag Color  val={0001} ]Treasure Chart[Tag Color  val={FFFF} ][Tag Color  val={0000} ]![Tag 1:1  ]



Open this chart on the [Tag Color  val={0001} ]Map Screen[Tag Color  val={0000} ], and a
place where treasure lies will be lit up!
Sail to that area, and then use the chart
to find the treasure![Tag Color  val={FFFF} ]";
"[Tag 1:0  ]You got a [Tag Color  val={0001} ]Treasure Chart[Tag Color  val={FFFF} ][Tag Color  val={0000} ]![Tag 1:1  ]



Open this chart on the [Tag Color  val={0001} ]Map Screen[Tag Color  val={0000} ], and a
place where treasure lies will be lit up!
Sail to that area, and then use the chart
to find the treasure![Tag Color  val={FFFF} ]";
"[Tag 1:0  ]You got a [Tag Color  val={0001} ]Treasure Chart[Tag Color  val={FFFF} ][Tag Color  val={0000} ]![Tag 1:1  ]



Open this chart on the [Tag Color  val={0001} ]Map Screen[Tag Color  val={0000} ], and a
place where treasure lies will be lit up!
Sail to that area, and then use the chart
to find the treasure![Tag Color  val={FFFF} ]";
"[Tag 1:0  ]You got a [Tag Color  val={0001} ]Treasure Chart[Tag Color  val={FFFF} ][Tag Color  val={0000} ]![Tag 1:1  ]



Open this chart on the [Tag Color  val={0001} ]Map Screen[Tag Color  val={0000} ], and a
place where treasure lies will be lit up!
Sail to that area, and then use the chart
to find the treasure![Tag Color  val={FFFF} ]";
"[Tag 1:0  ]You got the [Tag Color  val={0001} ]Ghost Ship Chart[Tag Color  val={FFFF} ][Tag Color  val={0000} ]![Tag 1:1  ]
[Tag 1:6 val={000A} ]Check your charts on the
[Tag Color  val={0001} ]Map Screen[Tag Color  val={0000} ] to view it.[Tag Color  val={FFFF} ]";
"[Tag 1:0  ]You got [Tag Color  val={0001} ]Tingle's Chart[Tag Color  val={FFFF} ][Tag Color  val={0000} ]![Tag 1:1  ]
[Tag 1:6 val={000A} ]What kind of chart could it be?
Head out to sea, and then check your
charts on the [Tag Color  val={0001} ]Map Screen[Tag Color  val={0000} ] to find out![Tag Color  val={FFFF} ]";
"[Tag 1:0  ]You got a [Tag Color  val={0001} ]Treasure Chart[Tag Color  val={FFFF} ][Tag Color  val={0000} ]![Tag 1:1  ]



Open this chart on the [Tag Color  val={0001} ]Map Screen[Tag Color  val={0000} ], and a
place where treasure lies will be lit up!
Sail to that area, and then use the chart
to find the treasure![Tag Color  val={FFFF} ]";
"[Tag 1:0  ]You got a [Tag Color  val={0001} ]Treasure Chart[Tag Color  val={FFFF} ][Tag Color  val={0000} ]![Tag 1:1  ]



Open this chart on the [Tag Color  val={0001} ]Map Screen[Tag Color  val={0000} ], and a
place where treasure lies will be lit up!
Sail to that area, and then use the chart
to find the treasure![Tag Color  val={FFFF} ]";
"[Tag 1:0  ]You got a [Tag Color  val={0001} ]Treasure Chart[Tag Color  val={FFFF} ][Tag Color  val={0000} ]![Tag 1:1  ]



Open this chart on the [Tag Color  val={0001} ]Map Screen[Tag Color  val={0000} ], and a
place where treasure lies will be lit up!
Sail to that area, and then use the chart
to find the treasure![Tag Color  val={FFFF} ]";
"[Tag 1:0  ]You got a [Tag Color  val={0001} ]Treasure Chart[Tag Color  val={FFFF} ][Tag Color  val={0000} ]![Tag 1:1  ]



Open this chart on the [Tag Color  val={0001} ]Map Screen[Tag Color  val={0000} ], and a
place where treasure lies will be lit up!
Sail to that area, and then use the chart
to find the treasure![Tag Color  val={FFFF} ]";
"[Tag 1:0  ]You got a [Tag Color  val={0001} ]Treasure Chart[Tag Color  val={FFFF} ][Tag Color  val={0000} ]![Tag 1:1  ]



Open this chart on the [Tag Color  val={0001} ]Map Screen[Tag Color  val={0000} ], and a
place where treasure lies will be lit up!
Sail to that area, and then use the chart
to find the treasure![Tag Color  val={FFFF} ]";
"[Tag 1:0  ]You got a [Tag Color  val={0001} ]Treasure Chart[Tag Color  val={FFFF} ][Tag Color  val={0000} ]![Tag 1:1  ]



Open this chart on the [Tag Color  val={0001} ]Map Screen[Tag Color  val={0000} ], and a
place where treasure lies will be lit up!
Sail to that area, and then use the chart
to find the treasure![Tag Color  val={FFFF} ]";
"[Tag 1:0  ]You got a [Tag Color  val={0001} ]Treasure Chart[Tag Color  val={FFFF} ][Tag Color  val={0000} ]![Tag 1:1  ]



Open this chart on the [Tag Color  val={0001} ]Map Screen[Tag Color  val={0000} ], and a
place where treasure lies will be lit up!
Sail to that area, and then use the chart
to find the treasure![Tag Color  val={FFFF} ]";
"[Tag 1:0  ]You got a [Tag Color  val={0001} ]Treasure Chart[Tag Color  val={FFFF} ][Tag Color  val={0000} ]![Tag 1:1  ]



Open this chart on the [Tag Color  val={0001} ]Map Screen[Tag Color  val={0000} ], and a
place where treasure lies will be lit up!
Sail to that area, and then use the chart
to find the treasure![Tag Color  val={FFFF} ]";
"[Tag 1:0  ]You got a [Tag Color  val={0001} ]Treasure Chart[Tag Color  val={FFFF} ][Tag Color  val={0000} ]![Tag 1:1  ]



Open this chart on the [Tag Color  val={0001} ]Map Screen[Tag Color  val={0000} ], and a
place where treasure lies will be lit up!
Sail to that area, and then use the chart
to find the treasure![Tag Color  val={FFFF} ]";
"[Tag 1:0  ]You got a [Tag Color  val={0001} ]Treasure Chart[Tag Color  val={FFFF} ][Tag Color  val={0000} ]![Tag 1:1  ]



Open this chart on the [Tag Color  val={0001} ]Map Screen[Tag Color  val={0000} ], and a
place where treasure lies will be lit up!
Sail to that area, and then use the chart
to find the treasure![Tag Color  val={FFFF} ]";
"[Tag 1:0  ]You got a [Tag Color  val={0001} ]Treasure Chart[Tag Color  val={FFFF} ][Tag Color  val={0000} ]![Tag 1:1  ]



Open this chart on the [Tag Color  val={0001} ]Map Screen[Tag Color  val={0000} ], and a
place where treasure lies will be lit up!
Sail to that area, and then use the chart
to find the treasure![Tag Color  val={FFFF} ]";
"[Tag 1:0  ]You got a [Tag Color  val={0001} ]Treasure Chart[Tag Color  val={FFFF} ][Tag Color  val={0000} ]![Tag 1:1  ]



Open this chart on the [Tag Color  val={0001} ]Map Screen[Tag Color  val={0000} ], and a
place where treasure lies will be lit up!
Sail to that area, and then use the chart
to find the treasure![Tag Color  val={FFFF} ]";
"[Tag 1:0  ]You got a [Tag Color  val={0001} ]Treasure Chart[Tag Color  val={FFFF} ][Tag Color  val={0000} ]![Tag 1:1  ]



Open this chart on the [Tag Color  val={0001} ]Map Screen[Tag Color  val={0000} ], and a
place where treasure lies will be lit up!
Sail to that area, and then use the chart
to find the treasure![Tag Color  val={FFFF} ]";
"[Tag 1:0  ]You got a [Tag Color  val={0001} ]Treasure Chart[Tag Color  val={FFFF} ][Tag Color  val={0000} ]![Tag 1:1  ]



Open this chart on the [Tag Color  val={0001} ]Map Screen[Tag Color  val={0000} ], and a
place where treasure lies will be lit up!
Sail to that area, and then use the chart
to find the treasure![Tag Color  val={FFFF} ]";
"[Tag 1:0  ]You got a [Tag Color  val={0001} ]Treasure Chart[Tag Color  val={FFFF} ][Tag Color  val={0000} ]![Tag 1:1  ]



Open this chart on the [Tag Color  val={0001} ]Map Screen[Tag Color  val={0000} ], and a
place where treasure lies will be lit up!
Sail to that area, and then use the chart
to find the treasure![Tag Color  val={FFFF} ]";
"[Tag 1:0  ]You got a [Tag Color  val={0001} ]Treasure Chart[Tag Color  val={FFFF} ][Tag Color  val={0000} ]![Tag 1:1  ]



Open this chart on the [Tag Color  val={0001} ]Map Screen[Tag Color  val={0000} ], and a
place where treasure lies will be lit up!
Sail to that area, and then use the chart
to find the treasure![Tag Color  val={FFFF} ]";
"[Tag 1:0  ]You got a [Tag Color  val={0001} ]Treasure Chart[Tag Color  val={FFFF} ][Tag Color  val={0000} ]![Tag 1:1  ]



Open this chart on the [Tag Color  val={0001} ]Map Screen[Tag Color  val={0000} ], and a
place where treasure lies will be lit up!
Sail to that area, and then use the chart
to find the treasure![Tag Color  val={FFFF} ]";
"[Tag 1:0  ]You got a [Tag Color  val={0001} ]Treasure Chart[Tag Color  val={FFFF} ][Tag Color  val={0000} ]![Tag 1:1  ]



Open this chart on the [Tag Color  val={0001} ]Map Screen[Tag Color  val={0000} ], and a
place where treasure lies will be lit up!
Sail to that area, and then use the chart
to find the treasure![Tag Color  val={FFFF} ]";
"[Tag 1:0  ]You got a [Tag Color  val={0001} ]Treasure Chart[Tag Color  val={FFFF} ][Tag Color  val={0000} ]![Tag 1:1  ]



Open this chart on the [Tag Color  val={0001} ]Map Screen[Tag Color  val={0000} ], and a
place where treasure lies will be lit up!
Sail to that area, and then use the chart
to find the treasure![Tag Color  val={FFFF} ]";
"[Tag 1:0  ]You got a [Tag Color  val={0001} ]Treasure Chart[Tag Color  val={FFFF} ][Tag Color  val={0000} ]![Tag 1:1  ]



Open this chart on the [Tag Color  val={0001} ]Map Screen[Tag Color  val={0000} ], and a
place where treasure lies will be lit up!
Sail to that area, and then use the chart
to find the treasure![Tag Color  val={FFFF} ]";
"[Tag 1:0  ]You got a [Tag Color  val={0001} ]Treasure Chart[Tag Color  val={FFFF} ][Tag Color  val={0000} ]![Tag 1:1  ][Tag Color  val={FFFF} ]";
"[Tag 1:0  ]You got a [Tag Color  val={0001} ]Treasure Chart[Tag Color  val={FFFF} ][Tag Color  val={0000} ]![Tag 1:1  ]



Open this chart on the [Tag Color  val={0001} ]Map Screen[Tag Color  val={0000} ], and a
place where treasure lies will be lit up!
Sail to that area, and then use the chart
to find the treasure![Tag Color  val={FFFF} ]";
"[Tag 1:0  ]You got a [Tag Color  val={0001} ]Treasure Chart[Tag Color  val={FFFF} ][Tag Color  val={0000} ]![Tag 1:1  ]



Open this chart on the [Tag Color  val={0001} ]Map Screen[Tag Color  val={0000} ], and a
place where treasure lies will be lit up!
Sail to that area, and then use the chart
to find the treasure![Tag Color  val={FFFF} ]";
"[Tag 1:0  ]You got a [Tag Color  val={0001} ]Treasure Chart[Tag Color  val={FFFF} ][Tag Color  val={0000} ]![Tag 1:1  ]



Open this chart on the [Tag Color  val={0001} ]Map Screen[Tag Color  val={0000} ], and a
place where treasure lies will be lit up!
Sail to that area, and then use the chart
to find the treasure![Tag Color  val={FFFF} ]";
"[Tag 1:0  ]You got a [Tag Color  val={0001} ]Treasure Chart[Tag Color  val={FFFF} ][Tag Color  val={0000} ]![Tag 1:1  ]



Open this chart on the [Tag Color  val={0001} ]Map Screen[Tag Color  val={0000} ], and a
place where treasure lies will be lit up!
Sail to that area, and then use the chart
to find the treasure![Tag Color  val={FFFF} ]";
"[Tag 1:0  ]You got a [Tag Color  val={0001} ]Treasure Chart[Tag Color  val={FFFF} ][Tag Color  val={0000} ]![Tag 1:1  ]



Open this chart on the [Tag Color  val={0001} ]Map Screen[Tag Color  val={0000} ], and a
place where treasure lies will be lit up!
Sail to that area, and then use the chart
to find the treasure![Tag Color  val={FFFF} ]";
"[Tag 1:0  ]You got a [Tag Color  val={0001} ]Treasure Chart[Tag Color  val={FFFF} ][Tag Color  val={0000} ]![Tag 1:1  ]



Open this chart on the [Tag Color  val={0001} ]Map Screen[Tag Color  val={0000} ], and a
place where treasure lies will be lit up!
Sail to that area, and then use the chart
to find the treasure![Tag Color  val={FFFF} ]";
"[Tag 1:0  ]You got a [Tag Color  val={0001} ]Treasure Chart[Tag Color  val={FFFF} ][Tag Color  val={0000} ]![Tag 1:1  ]



Open this chart on the [Tag Color  val={0001} ]Map Screen[Tag Color  val={0000} ], and a
place where treasure lies will be lit up!
Sail to that area, and then use the chart
to find the treasure![Tag Color  val={FFFF} ]";
"[Tag 1:0  ]You got a [Tag Color  val={0001} ]Treasure Chart[Tag Color  val={FFFF} ][Tag Color  val={0000} ]![Tag 1:1  ]



Open this chart on the [Tag Color  val={0001} ]Map Screen[Tag Color  val={0000} ], and a
place where treasure lies will be lit up!
Sail to that area, and then use the chart
to find the treasure![Tag Color  val={FFFF} ]";
"[Tag 1:0  ]You got a [Tag Color  val={0001} ]Triforce Chart[Tag Color  val={FFFF} ][Tag Color  val={0000} ]![Tag 1:1  ]
[Tag 1:6 val={000A} ]You can't read it yourself, so you'll
have to get it deciphered somewhere.[Tag Color  val={FFFF} ]";
"[Tag 1:0  ]You got a [Tag Color  val={0001} ]Treasure Chart[Tag Color  val={FFFF} ][Tag Color  val={0000} ]![Tag 1:1  ]



Open this chart on the [Tag Color  val={0001} ]Map Screen[Tag Color  val={0000} ], and a
place where treasure lies will be lit up!
Sail to that area, and then use the chart
to find the treasure![Tag Color  val={FFFF} ]";
"[Tag 1:0  ]You got a [Tag Color  val={0001} ]Triforce Chart[Tag Color  val={FFFF} ][Tag Color  val={0000} ]![Tag 1:1  ]
[Tag 1:6 val={000A} ]You can't read it yourself, so you'll
have to get it deciphered somewhere.[Tag Color  val={FFFF} ]";
"[Tag 1:0  ]You got a [Tag Color  val={0001} ]Treasure Chart[Tag Color  val={FFFF} ][Tag Color  val={0000} ]![Tag 1:1  ]



Open this chart on the [Tag Color  val={0001} ]Map Screen[Tag Color  val={0000} ], and a
place where treasure lies will be lit up!
Sail to that area, and then use the chart
to find the treasure![Tag Color  val={FFFF} ]";
"[Tag 1:0  ]You got a [Tag Color  val={0001} ]Triforce Chart[Tag Color  val={FFFF} ][Tag Color  val={0000} ]![Tag 1:1  ]
[Tag 1:6 val={000A} ]You can't read it yourself, so you'll
have to get it deciphered somewhere.[Tag Color  val={FFFF} ]";
"Telescope";
"Grappling Hook";
"Pirate's Charm";
"Piece of Heart";
"Hero's Sword";
"Hero's Shield";
"Tingle Bottle";
"Options";
"Hero's Charm";
"Bomb";
"Joy Pendant";
"Wind Waker";
"Picto Box";
"Spoils Bag";
"Deluxe Picto Box";
"Hero's Bow";
"Power Bracelets";
"Iron Boots";
"Magic Armor";
"To Mode Select";
"Bait Bag";
"Boomerang";
"Hookshot";
"Delivery Bag";
"Skull Hammer";
"Deku Leaf";
"Hero's Bow";
"Hero's Bow";
"Master Sword";
"Master Sword";
"Mirror Shield";
"Master Sword";
"Skull Necklace";
"Boko Baba Seed";
"Golden Feather";
"Knight's Crest";
"Red Chu Jelly";
"Green Chu Jelly";
"Blue Chu Jelly";
"Empty Bottle";
"Red Potion";
"Green Potion";
"Blue Potion";
"Water";
"Triforce Shard";
"Triforce of Courage";
"Nayru's Pearl";
"Din's Pearl";
"Farore's Pearl";
"Wind's Requiem";
"Ballad of Gales";
"Song of Passing";
"Command Melody";
"Earth God's Lyric";
"Wind God's Aria";
"Sail";
"Swift Sail";
"Hyoi Pear";
"All-Purpose Bait";
"Town Flower";
"Sea Flower";
"Exotic Flower";
"Hero's Flag";
"Big Catch Flag";
"Big Sale Flag";
"Pinwheel";
"Sickle Moon Flag";
"Skull Tower Idol";
"Fountain Idol";
"Postman Statue";
"Shop Guru Statue";
"Father's Letter";
"Maggie's Letter";
"Moblin's Letter";
"Cabana Deed";
"Complimentary ID";
"Fill-up Coupon";
"Forest Firefly";
"Forest Water";
"Elixir Soup";
"Fairy";
"Elixir Soup (1/2)";
"Note to Mom";
"Treasure Chart";
"Save";
"You received this treasured item from your
sister on your birthday.
Peer through it and tilt [Tag 3:13  ] to [Tag Color  val={0001} ]zoom in[Tag Color  val={FFFF} ][Tag Color  val={0000} ]
and [Tag Color  val={0000} ][Tag 3:14  ][Tag Color  val={0000} ] to [Tag Color  val={FFFF} ][Tag Color  val={0001} ]zoom out[Tag Color  val={FFFF} ][Tag Color  val={0000} ].[Tag Color  val={FFFF} ]";
"Latch on to [Tag Color  val={0004} ][Tag 3:20  ][Tag Color  val={FFFF} ][Tag Color  val={0000} ], swing with [Tag 3:17  ], and [Tag Color  val={FFFF} ][Tag Color  val={0001} ]jump[Tag Color  val={FFFF} ][Tag Color  val={0000} ]
with [Tag 3:0  ]. [Tag Color  val={0001} ]Change swinging direction[Tag Color  val={0000} ] with [Tag Color  val={0000} ][Tag Color  val={0000} ][Tag 3:18  ][Tag Color  val={0000} ].
[Tag Color  val={0000} ][Tag Color  val={FFFF} ][Tag Color  val={0001} ]Stop swinging[Tag Color  val={FFFF} ][Tag Color  val={0000} ] with [Tag Color  val={FFFF} ][Tag Color  val={0000} ][Tag 3:26  ]. U[Tag Color  val={FFFF} ][Tag Color  val={0000} ]se [Tag 3:17  ] to [Tag Color  val={FFFF} ][Tag Color  val={0001} ]climb
up or down[Tag Color  val={FFFF} ][Tag Color  val={0000} ]. Use it on your boat to lift treasure.[Tag Color  val={FFFF} ]";
"This is the mysterious stone the pirate
Tetra lent to you. Use it when [Tag 3:19  ] appears
to speak with Tetra.";
"Four Pieces of Heart form one Heart
Container. Increasing your number of
Heart Containers adds to your life energy.";
"This is the blade given to you by old
man Orca. Swing it with [Tag 3:1  ].";
"When holding your sword, press [Tag 3:26  ] to use
this shield to defend yourself from enemy
attacks. Use [Tag Color  val={0001} ]targeting[Tag Color  val={FFFF} ] to defend yourself
while moving.";
"Set it to [Tag Color  val={0000} ][Tag 3:6  ], [Tag 3:5  ], or [Tag 3:4  ][Tag Color  val={FFFF} ]. Use it to cast a letter
into the sea where a stranger will come across
it! Miiverse settings must be turned on.";
"This mystical charm is able to see into
an enemy's soul. It will reveal an enemy's
life energy when you equip it. 
";
"Pull out one of these and press [Tag 3:0  ] to
throw it or [Tag 3:26  ] to set it down. Use bombs
while on your boat to fire them with a large
cannon. You can carry up to [Tag Color  val={0001} ][Tag 2:22  ][Tag Color  val={FFFF} ][Tag Color  val={0000} ].[Tag Color  val={FFFF} ]";
"These pendants are said to flock to those
who spread joy, like butterflies gathering
around nectar-filled blossoms.";
"This conductor's baton can call upon and
borrow the power of the gods. Use [Tag 3:27  ] to
swing it and [Tag 3:8  ] to choose between [Tag Color  val={0001} ]3/4[Tag Color  val={FFFF} ][Tag Color  val={0000} ],
[Tag Color  val={0000} ][Tag 3:15  ][Tag Color  val={0000} ] [Tag Color  val={FFFF} ][Tag Color  val={0001} ]4/4[Tag Color  val={FFFF} ][Tag Color  val={0000} ], and [Tag 3:16  ] [Tag Color  val={FFFF} ][Tag Color  val={0001} ]6/4[Tag Color  val={FFFF} ][Tag Color  val={0000} ] time.[Tag Color  val={FFFF} ]";
"Set this to and use it with [Tag 3:6  ], [Tag 3:5  ], or [Tag 3:4  ].
It can hold up to 12 pictographs. Press
[Tag 3:26  ] to switch to the Pictograph Album.";
"This bag is primarily used to hold up to
[Tag Color  val={0001} ]eight different kinds[Tag Color  val={FFFF} ][Tag Color  val={0000} ] of items that defeated
enemies drop. Press [Tag 3:6  ], [Tag Color  val={0000} ][Tag 3:5  ][Tag Color  val={0000} ], or [Tag Color  val={0000} ][Tag 3:4  ][Tag Color  val={0000} ] to see
what you have inside.[Tag Color  val={FFFF} ]";
"This high-tech type of Picto Box can take
full-color pictographs. It, too, can hold up
to 12 pictures inside. Press [Tag 3:26  ] to switch
to the Pictograph Album.";
"Hold the button you've set this weapon to,
and you'll nock an arrow—release the button
to let the arrow fly. You can carry up to
[Tag Color  val={0001} ][Tag 2:23  ][Tag Color  val={FFFF} ][Tag Color  val={0000} ] at one time.[Tag Color  val={FFFF} ]";
"Strength flows through your limbs when you
wear these bracelets, allowing you to lift
heavier objects than before. Press [Tag 3:0  ] to
grab and lift things.";
"Set these heavy-duty boots to a button and
press it to wear them. Press the button
again to remove them. With these on, you
can stand in the face of the fiercest winds.";
"Use your [Tag Color  val={0001} ]Rupees[Tag Color  val={FFFF} ][Tag Color  val={0000} ] to raise a protective barrier
around you that guards against enemy attacks!
More damage costs more Rupees!
Set it to and use it with [Tag 3:6  ], [Tag Color  val={0000} ][Tag 3:5  ][Tag Color  val={0000} ], or [Tag Color  val={0000} ][Tag 3:4  ][Tag Color  val={0000} ].[Tag Color  val={FFFF} ]";
"This spacious sack can hold up to [Tag Color  val={0001} ]eight
[Tag Color  val={FFFF} ][Tag Color  val={0000} ]pieces of bait. Press [Tag 3:6  ], [Tag Color  val={0000} ][Tag 3:5  ][Tag Color  val={0000} ], or [Tag Color  val={0000} ][Tag 3:4  ][Tag Color  val={0000} ] to see
what is currently inside.[Tag Color  val={FFFF} ]";
"Set this weapon to and use it with [Tag 3:6  ], [Tag 3:5  ], or
[Tag Color  val={0000} ][Tag 3:4  ][Tag Color  val={FFFF} ]. Use the [Tag Color  val={0001} ]red cursor[Tag Color  val={FFFF} ][Tag Color  val={0000} ] to aim. It will lock on
to and hit any object you target with [Tag Color  val={FFFF} ][Tag Color  val={0004} ][Tag 3:20  ][Tag Color  val={FFFF} ][Tag Color  val={0000} ].[Tag Color  val={FFFF} ][Tag Color  val={0001} ]
[Tag Color  val={FFFF} ][Tag Color  val={0000} ]It can target up to [Tag Color  val={FFFF} ][Tag Color  val={0001} ]five things[Tag Color  val={FFFF} ][Tag Color  val={0000} ] at one time.[Tag Color  val={FFFF} ]";
"It extends! It retracts! It latches on to
things! Hold down the button you've set it
to and use [Tag 3:27  ] to aim. It will fire out when
you release the button.";
"This handy bag holds a maximum of [Tag Color  val={0001} ]eight
different kinds[Tag Color  val={FFFF} ][Tag Color  val={0000} ] of items. Press [Tag 3:6  ], [Tag Color  val={0000} ][Tag 3:5  ][Tag Color  val={0000} ], or [Tag Color  val={0000} ][Tag 3:4  ][Tag Color  val={0000} ]
to see what you have inside.[Tag Color  val={FFFF} ]";
"Set this mightiest of mallets to and use it
with [Tag 3:6  ], [Tag 3:5  ], or [Tag Color  val={0000} ][Tag 3:4  ][Tag Color  val={FFFF} ]. It can smash objects and
break through barriers. Strike the ground
with it to stun enemies with a shock wave.";
"Set this magic leaf to and use it with [Tag 3:6  ], [Tag 3:5  ],
or [Tag Color  val={0000} ][Tag 3:4  ][Tag Color  val={FFFF} ] to blast objects with a gust of air.
If you have [Tag Color  val={0001} ]magic power[Tag Color  val={FFFF} ][Tag Color  val={0000} ], you can jump into
the air and use it to fly through the skies.[Tag Color  val={FFFF} ]";
"Take out your bow and press [Tag 3:26  ] to switch
between [Tag Color  val={0001} ]ice[Tag Color  val={FFFF} ][Tag Color  val={0000} ] and [Tag Color  val={FFFF} ][Tag Color  val={0001} ]fire [Tag Color  val={FFFF} ][Tag Color  val={0000} ]power. You can carry
up to [Tag Color  val={FFFF} ][Tag Color  val={0001} ][Tag 2:23  ][Tag Color  val={FFFF} ][Tag Color  val={0000} ].[Tag Color  val={FFFF} ]";
"Take out your bow and press [Tag 3:26  ] to switch
between [Tag Color  val={0001} ]ice[Tag Color  val={FFFF} ][Tag Color  val={0000} ], [Tag Color  val={FFFF} ][Tag Color  val={0001} ]fire[Tag Color  val={FFFF} ][Tag Color  val={0000} ], and [Tag Color  val={FFFF} ][Tag Color  val={0001} ]light [Tag Color  val={FFFF} ][Tag Color  val={0000} ]arrows. You can
carry up to [Tag Color  val={FFFF} ][Tag Color  val={0001} ][Tag 2:23  ][Tag Color  val={FFFF} ][Tag Color  val={0000} ].[Tag Color  val={FFFF} ]";
"This is the legendary blade said to have
been used by the Hero of Time himself.";
"This is the legendary blade of evil's bane.";
"This mirror-plated shield can reflect beams
of light. Press [Tag 3:26  ] to hold it, and use [Tag 3:8  ] to
aim the light beams.";
"This is the Master Sword, the edge of
which has been restored by the prayers of
the Earth Sage. [Tag Color  val={0001} ]Another sage's[Tag Color  val={FFFF} ][Tag Color  val={0000} ] prayers are
needed to regain the power to repel evil.[Tag Color  val={FFFF} ]";
"[Tag Color  val={0000} ]They may look worthless, but these
fine accessories are quite valuable
amongst connoisseurs.[Tag Color  val={FFFF} ]";
"[Tag Color  val={0000} ]This source of the monster plant's [Tag Color  val={FFFF} ][Tag Color  val={0001} ]magic[Tag Color  val={FFFF} ][Tag Color  val={0000} ] is
said to be most helpful when mixed in the
proper quantities.[Tag Color  val={FFFF} ]";
"[Tag Color  val={0000} ]A certain strangeness emanates from this
beautifully shining golden feather. Winged
girls are said to be fond of these treasures.[Tag Color  val={FFFF} ]";
"[Tag Color  val={0000} ]All who are skilled in the ways of the
sword know the value of a crest such
as this![Tag Color  val={FFFF} ]";
"[Tag Color  val={0000} ]This [Tag Color  val={FFFF} ][Tag Color  val={0001} ]red jelly[Tag Color  val={FFFF} ][Tag Color  val={0000} ] is a gelatinous substance
that is an effective cure for exhaustion,
but it can't be used in its current state.[Tag Color  val={FFFF} ]";
"[Tag Color  val={0000} ]This [Tag Color  val={FFFF} ][Tag Color  val={0002} ]green jelly[Tag Color  val={FFFF} ][Tag Color  val={0000} ] is a gelatinous essence
that is filled with magic power, but
you can't use it in its current form.[Tag Color  val={FFFF} ]";
"[Tag Color  val={0000} ]This [Tag Color  val={FFFF} ][Tag Color  val={0003} ]blue jelly[Tag Color  val={FFFF} ][Tag Color  val={0000} ] is a gelatinous substance
that acts as a cure-all, but you can't use
it in its current state.[Tag Color  val={FFFF} ]";
"Set it to and use it with [Tag 3:6  ], [Tag 3:5  ], or [Tag Color  val={0000} ][Tag 3:4  ][Tag Color  val={FFFF} ].
You can keep a variety of things in bottles.
They're quite handy.";
"Set it to and drink it with [Tag 3:6  ], [Tag 3:5  ], or [Tag Color  val={0000} ][Tag 3:4  ][Tag Color  val={FFFF} ]
to recover [Tag Color  val={0001} ]life energy[Tag Color  val={FFFF} ][Tag Color  val={0000} ]. Keep it in a bottle to
take it with you wherever you go.[Tag Color  val={FFFF} ]";
"Set it to and drink it with [Tag 3:6  ], [Tag 3:5  ], or [Tag Color  val={0000} ][Tag 3:4  ][Tag Color  val={FFFF} ]
to recover [Tag Color  val={0001} ]magic power[Tag Color  val={FFFF} ][Tag Color  val={0000} ]. Keep it in a bottle
to take it with you wherever you go.[Tag Color  val={FFFF} ]";
"Set it to and use it with [Tag 3:6  ], [Tag 3:5  ], or [Tag Color  val={0000} ][Tag 3:4  ][Tag Color  val={FFFF} ] to
drink it and [Tag Color  val={0001} ]recover both life energy and
magic power[Tag Color  val={FFFF} ][Tag Color  val={0000} ]. Keep it in a bottle to take it
with you wherever you go.[Tag Color  val={FFFF} ]";
"Set it to and use it with [Tag 3:6  ], [Tag 3:5  ], or [Tag Color  val={0000} ][Tag 3:4  ][Tag Color  val={FFFF} ].
Keep it in a bottle to take it with you
wherever you go.";
"This is a piece of the sacred golden
triangle spoken of in legends.";
"This is the complete sacred golden triangle
that had been broken into eight pieces and
scattered to the four winds.";
"This is the pearl of the gods, given to you
by the great sea spirit, Jabun.";
"This is the pearl of the gods spoken of in
Rito legends.";
"This is the pearl of the gods given to you
by the Great Deku Tree—the great spirit of
the earth.";
"On your boat, use [Tag 3:0  ] to hoist it and sail
in the direction the wind blows. Press [Tag 3:1  ] to
put it away.";
"Thanks to superior craftsmanship, this sail has
amazing wind-catching capabilities. It also
ensures that the wind is always at your back.
Press [Tag 3:0  ] to hoist and [Tag 3:0  ] again for more speed!";
"Use this bait to take control of a seagull.
Set it to and use it with [Tag 3:6  ], [Tag 3:5  ], or [Tag Color  val={0000} ][Tag 3:4  ][Tag Color  val={FFFF} ].
When controlling the bird, press [Tag 3:0  ] to
flap its wings and [Tag 3:26  ] to quit.";
"This handy bait is great for attracting
animals—it's essentially gourmet pet food.
Set it to and use it with [Tag 3:6  ], [Tag 3:5  ], or [Tag Color  val={0000} ][Tag 3:4  ][Tag Color  val={FFFF} ].";
"This little flower is reminiscent of the town.
If you find a place where you think it belongs,
set it to and place it with [Tag 3:6  ], [Tag 3:5  ], or [Tag Color  val={0000} ][Tag 3:4  ][Tag Color  val={FFFF} ].";
"The scent of the sea wafts from the 
delicate petals of this flower from a distant
exotic land. If you find a place to put it,
set it to and use it with [Tag 3:6  ], [Tag 3:5  ], or [Tag Color  val={0000} ][Tag 3:4  ][Tag Color  val={FFFF} ].";
"This refreshing flower blossoms in the
tropical regions to the south. If you find a
place to put it, set it to [Tag 3:6  ], [Tag 3:5  ], or [Tag Color  val={0000} ][Tag 3:4  ][Tag Color  val={FFFF} ].";
"This flag has a rather courageous feel to it.
If you find a place to put it, set it to and
place it with [Tag 3:6  ], [Tag 3:5  ], or [Tag Color  val={0000} ][Tag 3:4  ][Tag Color  val={FFFF} ].";
"This flag was made by a fisherman from a
foreign land and designed to encourage a
big haul of fish! If you find a place to put
it, set it to and place it with [Tag 3:6  ], [Tag 3:5  ], or [Tag Color  val={0000} ][Tag 3:4  ][Tag Color  val={FFFF} ].";
"This flag looks like it would definitely be
good for business. If you find a place to
put it, set it to and place it with
[Tag 3:6  ], [Tag 3:5  ], or [Tag Color  val={0000} ][Tag 3:4  ][Tag Color  val={FFFF} ].";
"The wheel on this spins when it catches
puffs of air—kind of fun, huh? If you find a
place to put it, set it to and place it with
[Tag 3:6  ], [Tag 3:5  ], or [Tag Color  val={0000} ][Tag 3:4  ][Tag Color  val={FFFF} ].";
"This flag of a bright-red crescent moon
is quite fancy. If you find a place to put it,
set it to and place it with [Tag 3:6  ], [Tag 3:5  ], or [Tag Color  val={0000} ][Tag 3:4  ][Tag Color  val={FFFF} ].";
"This thing is made from...the fossilized
skulls of some strange creatures. It's
pretty weird. If you find a place to put it,
set it to and place it with [Tag 3:6  ], [Tag 3:5  ], or [Tag Color  val={0000} ][Tag 3:4  ][Tag Color  val={FFFF} ].";
"This is a strange, bubbling statue in the
shape of a girl carrying a jar. If you find a
place to put it, set it to and place it with
[Tag 3:6  ], [Tag 3:5  ], or [Tag Color  val={0000} ][Tag 3:4  ][Tag Color  val={FFFF} ].";
"This is a carving of the Rito postman, hero
of all Ritos and a symbol of laborers the
world over. If you find a place to put it, set
it to and place it with [Tag 3:6  ], [Tag 3:5  ], or [Tag Color  val={0000} ][Tag 3:4  ][Tag Color  val={FFFF} ].";
"This little statue is the apple of every
businessman's eye. If you find a place to
put it, set it to and place it with [Tag 3:6  ], [Tag 3:5  ], or [Tag Color  val={0000} ][Tag 3:4  ][Tag Color  val={FFFF} ].";
"A letter from a father addressed to his son.
Take it to [Tag Color  val={0001} ]Komali[Tag Color  val={FFFF} ][Tag Color  val={0000} ], the Rito prince. The Rito
chieftain has asked you to do so.[Tag Color  val={FFFF} ]";
"A letter from Maggie to her true love.
Maggie has asked you simply to drop it
into the nearest postbox.";
"This letter has a sort of stink to it.
Take it to [Tag Color  val={0001} ]Maggie[Tag Color  val={FFFF} ][Tag Color  val={0000} ].[Tag Color  val={FFFF} ]";
"This seems to be the deed to a resort
cabana on a far-off island. It's written on
yellowed parchment and looks quite old.";
"This special gift was given to you to
commemorate your Silver Membership level.
Take it to the nearest [Tag Color  val={0001} ]Beedle Shop Ship[Tag Color  val={FFFF} ][Tag Color  val={0000} ],
and use it there.[Tag Color  val={FFFF} ]";
"This prize was given to you to commemorate
your Gold Membership level. It [Tag Color  val={0001} ]fills[Tag Color  val={FFFF} ][Tag Color  val={0000} ] your
[Tag Color  val={FFFF} ][Tag Color  val={0001} ]consumable items[Tag Color  val={FFFF} ][Tag Color  val={0000} ] to the [Tag Color  val={FFFF} ][Tag Color  val={0001} ]maximum [Tag Color  val={FFFF} ][Tag Color  val={0000} ]number
you can hold. Use it at [Tag Color  val={FFFF} ][Tag Color  val={0001} ]Beedle Shop Ships[Tag Color  val={FFFF} ][Tag Color  val={0000} ].[Tag Color  val={FFFF} ]";
"This mystical creature unleashes [Tag Color  val={0001} ]mysterious
bursts of light[Tag Color  val={FFFF} ][Tag Color  val={0000} ].[Tag Color  val={FFFF} ]";
"This magic water never seems to run out,
but within [Tag Color  val={0001} ]30 minutes[Tag Color  val={FFFF} ][Tag Color  val={0000} ] of taking it out
of the forest, it loses its potency and
becomes plain old water. Only [Tag 2:14  ] left![Tag Color  val={FFFF} ]";
"This is two helpings of your grandma's
homemade soup. Drink it to [Tag Color  val={0001} ]replenish all
life energy [Tag Color  val={FFFF} ][Tag Color  val={0000} ]and [Tag Color  val={FFFF} ][Tag Color  val={0001} ]magic power[Tag Color  val={FFFF} ][Tag Color  val={0000} ] and to inflict
[Tag Color  val={FFFF} ][Tag Color  val={0001} ]double damage[Tag Color  val={FFFF} ][Tag Color  val={0000} ] until you [Tag Color  val={FFFF} ][Tag Color  val={0001} ]take damage[Tag Color  val={FFFF} ][Tag Color  val={0000} ].[Tag Color  val={FFFF} ]";
"This little sprite will lend you its energy
when you've used up all of yours. Set it
to and use it with [Tag 3:6  ], [Tag 3:5  ], or [Tag Color  val={0000} ][Tag 3:4  ][Tag Color  val={FFFF} ] to
immediately replenish your life energy.";
"This is one helping of your grandma's
homemade soup. Drink it to [Tag Color  val={0001} ]replenish all
life energy [Tag Color  val={FFFF} ][Tag Color  val={0000} ]and [Tag Color  val={FFFF} ][Tag Color  val={0001} ]magic power[Tag Color  val={FFFF} ][Tag Color  val={0000} ] and to inflict
[Tag Color  val={FFFF} ][Tag Color  val={0001} ]double damage[Tag Color  val={FFFF} ][Tag Color  val={0000} ] until you [Tag Color  val={FFFF} ][Tag Color  val={0001} ]take damage[Tag Color  val={FFFF} ][Tag Color  val={0000} ].[Tag Color  val={FFFF} ]";
"This is Baito's letter to his mother.
The part-timer at the Mail Center asked
you to drop it in the nearest [Tag Color  val={0001} ]postbox[Tag Color  val={FFFF} ][Tag Color  val={0000} ].[Tag Color  val={FFFF} ]";
"This chart shows sunken treasure. Open the
[Tag Color  val={0001} ]Map Screen[Tag Color  val={FFFF} ][Tag Color  val={0000} ] to compare [Tag Color  val={FFFF} ][Tag Color  val={0001} ]island terrain[Tag Color  val={FFFF} ][Tag Color  val={0000} ] [Tag Color  val={FFFF} ][Tag Color  val={0000} ]with
[Tag Color  val={FFFF} ][Tag Color  val={0001} ]Treasure Charts[Tag Color  val={FFFF} ][Tag Color  val={0000} ].[Tag Color  val={FFFF} ]";
"This saves your game progress.
Remember to save often!";
"This is where you configure various game
settings. You can switch between using the
Wii U GamePad or a Wii U Pro Controller here.";
"Quit midgame and return to Mode Select.";
"Forsaken Fortress Interior";
"[Tag Size  val={00C8} ][Tag Color  val={0001} ]No Entry[Tag Color  val={FFFF} ][Tag Size  val={0064} ][Tag Size  val={0064} ][Tag Color  val={0000} ]
The forest paths are closed until
suspension-bridge repairs are complete.[Tag Color  val={FFFF} ][Tag Size  val={0064} ]";
"[Tag 3:9  ] Watchtower
        Forest of Fairies [Tag 3:10  ]";
"     Wielder of the Flaming Arrow:
When you appear, the lighthouse signal
shall return to light the seas at night.
      (The Seer, J. L. Picall)";
"[Tag Color  val={0001} ]Notice: Windfall Auction Tonight![Tag Color  val={FFFF} ][Tag Color  val={0000} ]
Bidding starts at dusk.
All comers welcome![Tag Color  val={FFFF} ]";
"A Thrilling Night of Money and Desire!
This way to the Auction House (Floor 1)
      (6:00 P.M. - 6:00 A.M.)";
"Date: Unknown
At last, I have succeeded in stealing the
[Tag Color  val={0001} ]Picto Box[Tag Color  val={FFFF} ][Tag Color  val={0000} ] I have desired for so long.
Succeeded, yes...but sadly...
Due to a slight mistake on my part, I was
also caught. I have been imprisoned, but
I do not give in easily! I refuse to
give this wondrous box to my captors!
I have decided to hide it here in the
depths of my cell and then make my
escape by tunneling out. Yes! That is
my plan![Tag Color  val={FFFF} ]";
"Of course, if I ever successfully escape from
this prison, I shall one day return to recover
the [Tag Color  val={0001} ]Picto Box[Tag Color  val={FFFF} ][Tag Color  val={0000} ]. I will write the controls
for it in case I should forget them...
Set it to [Tag 3:6  ], [Tag Color  val={0000} ][Tag 3:5  ][Tag Color  val={0000} ], or [Tag Color  val={0000} ][Tag 3:4  ][Tag Color  val={0000} ] on the Items 
screen. Press [Tag 3:0  ] to snap shots ([Tag Color  val={0000} ][Tag 3:3  ] and
[Tag 3:4  ] also work).[Tag Color  val={0000} ] Use [Tag Color  val={0000} ][Tag Color  val={0000} ][Tag 3:17  ][Tag Color  val={0000} ][Tag Color  val={0000} ] to zoom in and out.

Press [Tag Color  val={0000} ][Tag 3:26  ][Tag Color  val={0000} ] to switch to its delightful
pictograph-viewing mode. It saves up to 12
pictographs at one time. Oh, how it pains
me to leave it!
...I just wish I could get out of here
so I could start taking pictographs![Tag Color  val={FFFF} ]";
"[Tag Color  val={0001} ][Tag Size  val={0096} ]Help Wanted
[Tag Size  val={0064} ][Tag Color  val={FFFF} ][Tag Size  val={0064} ][Tag Color  val={0000} ]For light product sorting, etc.
Pay depends on experience.


Inquire at the [Tag Color  val={FFFF} ][Tag Size  val={0064} ][Tag Color  val={0001} ]Dragon Roost Island[Tag Color  val={FFFF} ][Tag Color  val={0000} ]
Mail Center.[Tag Color  val={FFFF} ]";
"[Tag 3:9  ]  [Tag Color  val={0001} ]Wind Shrine[Tag Color  val={FFFF} ][Tag Color  val={0000} ]
[Tag 3:11  ]  [Tag Color  val={FFFF} ][Tag Color  val={0001} ]Mail Center[Tag Color  val={FFFF} ]";
"[Tag Size  val={00C8} ][Tag 3:11  ][Tag Size  val={0064} ]";
"[Tag Size  val={00C8} ][Tag 3:11  ][Tag Size  val={0064} ]";
"[Tag Size  val={00C8} ][Tag 3:9  ][Tag Size  val={0064} ]";
"[Tag Color  val={0003} ]Sturgeon's One-Point Lessons
[Tag Color  val={FFFF} ][Tag Color  val={0001} ]Lesson One[Tag Color  val={FFFF} ][Tag Color  val={0000} ]

The Energy of Life
To be young is to know no limits to
one's stamina. To become stronger, one
must first know oneself.

The [Tag Color  val={FFFF} ][Tag Color  val={0001} ][Tag 3:21  ][Tag 3:21  ][Tag 3:21  ][Tag Color  val={FFFF} ][Tag Color  val={0000} ] in the upper left shows one's
current [Tag Color  val={FFFF} ][Tag Color  val={0001} ]life energy[Tag Color  val={FFFF} ][Tag Color  val={0000} ]. Perhaps a fancier way
to describe it would be to call it a life
gauge.
As one experiences trials and hardships in
life, one will naturally gain more [Tag Color  val={FFFF} ][Tag Color  val={0001} ][Tag 3:21  ]s[Tag Color  val={FFFF} ][Tag Color  val={0000} ].


However, if one is injured and takes
[Tag Color  val={FFFF} ][Tag Color  val={0001} ]damage[Tag Color  val={FFFF} ][Tag Color  val={0000} ], those [Tag Color  val={FFFF} ][Tag Color  val={0001} ][Tag 3:21  ]s[Tag Color  val={FFFF} ][Tag Color  val={0000} ] will decrease. At such
times it may be possible to replenish one's
health by using a potion or fairy.[Tag Color  val={FFFF} ]";
"[Tag Color  val={0003} ]Sturgeon's One-Point Lessons
[Tag Color  val={FFFF} ][Tag Color  val={0001} ]Lesson Two[Tag Color  val={FFFF} ][Tag Color  val={0000} ]

Do Not Underestimate the Sea
It's easy to get swept up by a little success
at swimming, but the sea can be fickle!
Swimming for too long will drain one's
energy, and eventually one will sink.
Watch the round icon in the [Tag Color  val={FFFF} ][Tag Color  val={0001} ]bottom right[Tag Color  val={FFFF} ][Tag Color  val={0000} ]
while in the water. This is one's [Tag Color  val={FFFF} ][Tag Color  val={0001} ]swim timer[Tag Color  val={FFFF} ][Tag Color  val={0000} ].


One should be sure to get back to shore
before one's swim timer runs out. If one
doesn't, I can't be responsible for what
happens next.[Tag Color  val={FFFF} ]";
"[Tag Color  val={0003} ]Sturgeon's One-Point Lessons
[Tag Color  val={FFFF} ][Tag Color  val={0001} ]Lesson Three[Tag Color  val={FFFF} ][Tag Color  val={0000} ]

Alternate Views on Life
At times it is difficult to find ways to use
the TV, especially when someone else is
using it.

It is at times like these that one can simply
play on the Wii U GamePad! Press [Tag 3:24  ] to
change screens at any time.

But remember that just because one can
play at any time on the GamePad, it doesn't
mean one can hide it from one's parents![Tag Color  val={FFFF} ]";
"[Tag Color  val={0003} ]Sturgeon's One-Point Lessons
[Tag Color  val={FFFF} ][Tag Color  val={0001} ]Lesson Four[Tag Color  val={FFFF} ][Tag Color  val={0000} ]

Material Goods
The more things one tries to experience
in life, the more experience-related
belongings one tends to gather.

And, of course, with those belongings
comes a need to keep track of them and
keep them in good order.

One needs only to look at the
Wii U GamePad screen to see
the items he or she has obtained.

The [Tag Color  val={FFFF} ][Tag Color  val={0001} ]Items screen[Tag Color  val={FFFF} ][Tag Color  val={0000} ] contains items
one can set to and use with
[Tag 3:6  ], [Tag Color  val={0000} ][Tag 3:5  ][Tag Color  val={0000} ], and [Tag Color  val={0000} ][Tag 3:4  ][Tag Color  val={0000} ].

Use the [Tag Color  val={0000} ][Tag 3:39  ][Tag Color  val={0000} ] on the screen to display the
[Tag Color  val={FFFF} ][Tag Color  val={0001} ]Quest Status screen[Tag Color  val={FFFF} ][Tag Color  val={0000} ], which contains vital
items related to one's quest.

Pressing [Tag 3:23  ] to [Tag Color  val={0001} ]pause the game[Tag Color  val={0000} ] allows one
to take one's time viewing the Items screen.[Tag Color  val={FFFF} ]";
"[Tag Color  val={0003} ]Sturgeon's One-Point Lessons
[Tag Color  val={FFFF} ][Tag Color  val={0001} ]Lesson Five
[Tag Color  val={FFFF} ][Tag Color  val={0000} ]

How Not to Regret the Things One Fails to
Do in Life. A VERY IMPORTANT LESSON!


There are many things one longs to do in
the limited time one has in this world.
The easiest way not to regret things one
wanted to do, but failed to do, is to [Tag Color  val={FFFF} ][Tag Color  val={0001} ]save[Tag Color  val={FFFF} ][Tag Color  val={0000} ].
While one may feel invincible and wish to
continue one's quest, one never knows
when disaster or calamity may strike.

If one's life energy is extinguished before
one has had a chance to save, then one's
life will have been lived in vain.

It is a shame to regret the deeds one has
failed to accomplish in life, so get in the
habit of tapping the [Tag Color  val={FFFF} ][Tag Color  val={0001} ]Save [Tag Color  val={FFFF} ][Tag Color  val={0000} ]button on the
[Tag Color  val={FFFF} ][Tag Color  val={0001} ]Items screen[Tag Color  val={FFFF} ][Tag Color  val={0000} ] [Tag Color  val={FFFF} ][Tag Color  val={0000} ]to save your progress.
When playing only with the Wii U GamePad,
press [Tag Color  val={FFFF} ][Tag 3:23  ] and then save.";
"[Tag Color  val={0003} ]Sturgeon's One-Point Lessons
[Tag Color  val={FFFF} ][Tag Color  val={0001} ]Lesson Six[Tag Color  val={FFFF} ][Tag Color  val={0000} ]

Improving Human Relations
To improve one's relations with one's
fellow beings, one must be outgoing and
press [Tag 3:0  ] to speak to all people one meets.

When one opens one's heart to others,
others will open their hearts in return
and offer wisdom on many important things.

If the person's advice is strange or cannot
be understood, one should not feel shy.
One should simply ask the person to repeat
the statement by pressing [Tag 3:0  ] again.
More often than not, if one asks politely,
a person will say the same thing over and
over again until the meaning is clear.[Tag Color  val={FFFF} ]";
"[Tag Color  val={0003} ]Sturgeon's One-Point Lessons
[Tag Color  val={FFFF} ][Tag Color  val={0001} ]Lesson Seven[Tag Color  val={FFFF} ][Tag Color  val={0000} ]

Knowing One's Own Abilities
To improve one's life, it is wise to watch
[Tag 3:0  ] and [Tag Color  val={0000} ][Tag 3:26  ][Tag Color  val={0000} ] calmly whenever one comes
across a person or an object.

By doing so, [Tag 3:0  ] and [Tag Color  val={0000} ][Tag 3:26  ][Tag Color  val={0000} ] will pass along
wisdom regarding how one can best interact
with that person or object. To know one's
own abilities is to know one's limits.[Tag Color  val={FFFF} ]";
"[Tag Color  val={0003} ]Sturgeon's One-Point Lessons
[Tag Color  val={FFFF} ][Tag Color  val={0001} ]Lesson Eight[Tag Color  val={FFFF} ][Tag Color  val={0000} ]

Changing Perspective Leads to Success
The young often assume that they can see
all that is before them, but oftentimes they
are missing out on a grander view.

By using [Tag Color  val={0000} ][Tag 3:27  ][Tag Color  val={0000} ] to change perspective, one
can often find oneself gazing upon sights
and discoveries one never expected to see.

Once one has seen all there is to see
around oneself and determined an
appropriate course of action, it is wise
then to press [Tag Color  val={0000} ][Tag 3:25  ][Tag Color  val={0000} ] and take action.
To get things at eye level, one should [Tag Color  val={FFFF} ][Tag Color  val={0001} ]stop
in one's tracks [Tag Color  val={FFFF} ][Tag Color  val={0000} ]and press [Tag 3:27  ].[Tag Color  val={FFFF} ]";
"[Tag Color  val={0003} ]Sturgeon's One-Point Lessons
[Tag Color  val={FFFF} ][Tag Color  val={0001} ]Lesson Nine[Tag Color  val={FFFF} ][Tag Color  val={0000} ]

A Fool and His Rupees Are Soon Parted
It is commonly known that he who makes
poor use of Rupees will have a hard life.


In order to fully enjoy a long life, it is
wise to gather Rupees early and often.[Tag Color  val={FFFF} ]";
"
[Tag Color  val={0001} ][Tag Size  val={00C8} ]Fairy [Tag Size  val={00C8} ]Fountain[Tag Size  val={00C8} ][Tag Size  val={0064} ][Tag Color  val={FFFF} ][Tag Color  val={0000} ][Tag Size  val={00C8} ] Site[Tag Size  val={0064} ]

[Tag Size  val={0064} ]
This spot marks the remains of an ancient
Fairy Fountain. The legendary hero was said
to come here after battle so the fairies
could ease his weariness.
It was also said that whoever met with the
Great Fairy who lived here was blessed
with great fortune, so it came to be known
as the [Tag Size  val={0064} ][Tag Color  val={FFFF} ][Tag Color  val={0001} ]Fountain of the Fortune Goddess[Tag Color  val={FFFF} ][Tag Color  val={0000} ].[Tag Color  val={FFFF} ]";
"[Tag Color  val={0001} ][Tag Size  val={0096} ]Mail Center [Tag Size  val={0064} ][Tag Color  val={FFFF} ][Tag Color  val={0000} ][Tag 3:10  ][Tag Color  val={FFFF} ]";
"Palace of Figurines
[Tag Color  val={0003} ]Nintendo Gallery[Tag Color  val={FFFF} ][Tag Color  val={0000} ]
(Membership Required to Enter)[Tag Color  val={FFFF} ]";
"[Tag Size  val={00C8} ][Tag Color  val={0001} ]Bird-Man Contest[Tag Color  val={FFFF} ][Tag Size  val={0064} ][Tag Color  val={0000} ]
[Tag Size  val={0064} ]Sign-In Counter[Tag 3:11  ]


If you think you were born to fly,
then take the challenge of the sky
to win fame and prizes![Tag Size  val={0064} ][Tag Color  val={FFFF} ]";
"[Tag Color  val={0001} ]Mrs. Marie's Cabana[Tag Color  val={FFFF} ][Tag Color  val={0000} ]
Property of [Tag Color  val={FFFF} ][Tag Color  val={0001} ]Windfall Island's[Tag Color  val={FFFF} ][Tag Color  val={0000} ] Lovely Teacher


Visitors Not Welcome!
                              The Management[Tag Color  val={FFFF} ]";
"[Tag Color  val={0001} ][Tag 1:11  ][Tag 2:0  ]'s[Tag Color  val={FFFF} ][Tag Color  val={0000} ] Cabana
Visitors welcome at any and
all times! [Tag Color  val={FFFF} ][Tag Color  val={0001} ][Tag 3:21  ] [Tag Color  val={FFFF} ][Tag Color  val={0000} ]The Management[Tag Color  val={FFFF} ]";
"[Tag Color  val={0003} ]Sturgeon's One-Point Lessons
[Tag Color  val={FFFF} ][Tag Color  val={0001} ]Lesson Ten[Tag Color  val={FFFF} ][Tag Color  val={0000} ]

Becoming the Champion of Life!
Learn all there is to learn in
lessons one through nine...


And no matter what happens...
Do not give up, do not complain,
and do NOT stay up all night playing![Tag Color  val={FFFF} ]";
"You must activate all four switches on
this island.

And you must activate them all swiftly.


Danger will visit all who fail to heed
my warning.
(The Seer, S.W. Potchit)";
"[Tag Color  val={0001} ][Tag Size  val={0096} ]Danger![Tag Size  val={0064} ]
[Tag Color  val={FFFF} ][Tag Size  val={0064} ]Do not attack the explosive fruit![Tag Size  val={0064} ]";
"Viewing your favorite [Tag Color  val={0001} ]figurines[Tag Color  val={FFFF} ][Tag Color  val={0000} ]:
[Tag 3:17  ] Move Up and Down
[Tag 3:18  ] Rotate

[Tag 3:32  ] Zoom by Tilting Up and Down
[Tag 3:0  ] View Explanation
[Tag 3:1  ] Quit
Talk about simple![Tag Color  val={FFFF} ]";
"The [Tag Color  val={0001} ]sword hilts of my servants [Tag Color  val={FFFF} ][Tag Color  val={0000} ]who lurk
deep in the darkness shall be the
guideposts that [Tag Color  val={FFFF} ][Tag Color  val={0001} ]point[Tag Color  val={FFFF} ][Tag Color  val={0000} ] to me.[Tag Color  val={FFFF} ]";
"[Tag Size  val={007D} ]Fairy Fountain Site Ahead[Tag Color  val={0001} ]
[Tag Color  val={FFFF} ][Tag Size  val={0064} ][Tag Color  val={0000} ]Increase your [Tag Color  val={FFFF} ][Tag Color  val={0001} ]fortune[Tag Color  val={FFFF} ][Tag Color  val={0000} ]![Tag Color  val={FFFF} ]";
"[Tag 3:11  ]
The way to [Tag Color  val={0001} ]Northern Fairy Island[Tag Color  val={FFFF} ][Tag Color  val={0000} ]
is to the [Tag Color  val={FFFF} ][Tag Color  val={0001} ]north[Tag Color  val={FFFF} ][Tag Color  val={0000} ].

[Tag Size  val={0096} ]Increase your [Tag Size  val={0064} ][Tag Color  val={FFFF} ][Tag Size  val={0096} ][Tag Color  val={0001} ]fortune[Tag Color  val={FFFF} ][Tag Color  val={0000} ]![Tag Color  val={FFFF} ][Tag Size  val={0064} ]";
"[Tag 3:11  ]
The way to [Tag Color  val={0001} ]Northern Fairy Island[Tag Color  val={FFFF} ][Tag Color  val={0000} ]
is to the [Tag Color  val={FFFF} ][Tag Color  val={0001} ]north[Tag Color  val={FFFF} ][Tag Color  val={0000} ].[Tag Color  val={FFFF} ]";
"To the living:
Light the [Tag Color  val={0001} ]six[Tag Color  val={FFFF} ][Tag Color  val={0000} ] torches,
and dive down to the seafloor.

Guide the lost spirit of the boat that
forever wanders in darkness.[Tag Color  val={FFFF} ]";
"
[Tag Size  val={0096} ][Tag Color  val={0001} ]The Savage Labyrinth[Tag Color  val={FFFF} ][Tag Size  val={0064} ][Tag Size  val={0064} ]


[Tag Color  val={0000} ]Deep in the never-ending darkness,
the [Tag Color  val={FFFF} ][Tag Size  val={0064} ][Tag Color  val={0001} ]Golden Shard[Tag Color  val={FFFF} ][Tag Color  val={0000} ] you seek awaits.[Tag Color  val={FFFF} ]";
"[Tag 3:11  ]
Head [Tag Color  val={0001} ]west[Tag Color  val={FFFF} ][Tag Color  val={0000} ] from here to reach
the [Tag Color  val={FFFF} ][Tag Color  val={0001} ]Mother & Child Isles[Tag Color  val={FFFF} ][Tag Color  val={0000} ].[Tag Color  val={FFFF} ]";
"[Tag 3:11  ]
To reach [Tag Color  val={0001} ]Dragon Roost Island[Tag Color  val={FFFF} ][Tag Color  val={0000} ],
head [Tag Color  val={FFFF} ][Tag Color  val={0001} ]east[Tag Color  val={FFFF} ][Tag Color  val={0000} ] from here.[Tag Color  val={FFFF} ]";
"[Tag 3:11  ]
To reach [Tag Color  val={0001} ]Western Fairy Island[Tag Color  val={FFFF} ][Tag Color  val={0000} ], head
[Tag Color  val={FFFF} ][Tag Color  val={0001} ]west[Tag Color  val={FFFF} ][Tag Color  val={0000} ] from here.[Tag Color  val={FFFF} ]";
"[Tag 3:11  ]
To reach [Tag Color  val={0001} ]Eastern Fairy Island[Tag Color  val={FFFF} ][Tag Color  val={0000} ], head
[Tag Color  val={FFFF} ][Tag Color  val={0001} ]east [Tag Color  val={FFFF} ][Tag Color  val={0000} ]from here.[Tag Color  val={FFFF} ]";
"[Tag 3:11  ]
To reach [Tag Color  val={0001} ]Bomb Island[Tag Color  val={FFFF} ][Tag Color  val={0000} ], head
[Tag Color  val={FFFF} ][Tag Color  val={0001} ]south[Tag Color  val={FFFF} ][Tag Color  val={0000} ] from here.[Tag Color  val={FFFF} ]";
"[Tag 3:11  ]
To reach [Tag Color  val={0001} ]Thorned Fairy Island[Tag Color  val={FFFF} ][Tag Color  val={0000} ], head
[Tag Color  val={FFFF} ][Tag Color  val={0001} ]north[Tag Color  val={FFFF} ][Tag Color  val={0000} ] from here.[Tag Color  val={FFFF} ]";
"[Tag 3:11  ]
To reach [Tag Color  val={0001} ]Southern Fairy Island[Tag Color  val={FFFF} ][Tag Color  val={0000} ], head
[Tag Color  val={FFFF} ][Tag Color  val={0001} ]east [Tag Color  val={FFFF} ][Tag Color  val={0000} ]from here.[Tag Color  val={FFFF} ]";
"[Tag Size  val={0096} ]Hollo's [Tag Color  val={0001} ]Forest Potion Shop[Tag Color  val={FFFF} ][Tag Size  val={0064} ][Tag Color  val={0000} ][Tag 3:11  ][Tag Color  val={FFFF} ]";
"[Tag Color  val={0003} ]Words of Joy[Tag Color  val={FFFF} ][Tag Color  val={0000} ]
Breathe deep and read it loud and proud!


Joy is hidden in all the places of the world.
You must widen your eyes and search for it.


The first joy you find earns you a present.



With 20, you become a joy steward.



With 40, you'll find a map to great treasure.
Aren't all of these things joyous?
Me, you... We'll all be full of joy![Tag Color  val={FFFF} ]";
"Your sword landed all the way up there?
[Tag 1:6 val={001E} ]Shoot! I'm sorry! I apologize! I guess my aim
was off by a little bit.

Heh heh... The look on your face... Priceless!";
"Come on! What are you doing?!



If you start wandering around a place as
well guarded as that without any means of
defense, you're bound to get caught!

At the very least, you should see if there's
anything nearby that you can use to [Tag Color  val={0001} ]hide
yourself [Tag Color  val={FFFF} ][Tag Color  val={0000} ]with! Think stealth!

See what you can find around there, and be
quick about it! Time is short![Tag Color  val={FFFF} ]";
"Are you planning on spending the rest of
your life in there?!


Look around! I'd be surprised if a run-down
cell like that didn't have a hole or two that
you could use to worm your way out!

And on another note, that castle has two
levels, right? The lower one is crawling
with guards, so I'd stick to the high ground
if I were you. Word to the wise!";
"Ah-hah! I've got it, [Tag 2:0  ]!



In order to reach the top of the tower where
your sister's being held, you'll have to find
the room right below the tower.

You gotta take the [Tag Color  val={0001} ]door to the outside[Tag Color  val={FFFF} ],
and then climb up from there.


You got that?";
"Those [Tag Color  val={0001} ]searchlights[Tag Color  val={FFFF} ][Tag Color  val={0000} ] are a real pain, huh?



You're going to have to deal with them
somehow, I'm afraid...


There's got to be a way to get up to where
those searchlights are. Look around and see
what you can find, OK?[Tag Color  val={FFFF} ]";
"Listen up, [Tag 2:0  ]...
There's a monster running the searchlight
up there!

If you can slay the monster, then just
maybe it'll shut the searchlight down.


Oh...but you're unarmed, aren't you?
All you have is a [Tag Color  val={0001} ]shield[Tag Color  val={FFFF} ][Tag Color  val={0000} ]... 


If I were you, I'd try to use my [Tag Color  val={FFFF} ][Tag Color  val={0001} ]shield [Tag Color  val={FFFF} ][Tag Color  val={0000} ]to
deflect the monster's blows and see if I
could make it [Tag Color  val={FFFF} ][Tag Color  val={0001} ]drop its weapon[Tag Color  val={FFFF} ][Tag Color  val={0000} ]. If you did
that, you could pick up its weapon with [Tag 3:0  ].
...But that's just me. What'll you do?[Tag Color  val={FFFF} ]";
"What's the matter!? The room your sister's
in is just up ahead...


Look carefully at the [Tag Color  val={0001} ]tower wall[Tag Color  val={FFFF} ][Tag Color  val={0000} ]. Isn't there
a [Tag Color  val={FFFF} ][Tag Color  val={0001} ]narrow ledge[Tag Color  val={FFFF} ][Tag Color  val={0000} ] you can cross?

Face the wall and press [Tag 3:0  ] to sidle along
the wall. You should be able to get across
the ledge...as long as you're careful.

Just remember, you can't do anything else
while you're sidling, so you have to be
extra careful of what's around you![Tag Color  val={FFFF} ]";
"Heh heh... I slipped this stone into your
pocket just before we fired you over there.
It's no ordinary stone, either.

I can see what you're doing through this
stone, and obviously you can hear me
through it. So...if you see [Tag 3:19  ],
you'd better press that button!
I've put the stone on your [Tag Color  val={0001} ]Quest Status
screen[Tag Color  val={FFFF} ][Tag Color  val={0000} ]. Use [Tag Color  val={FFFF} ][Tag 3:39  ][Tag Color  val={0000} ] on the Items screen to
take a look. It's pretty basic.

Hey, but listen carefully! I need this back
after you save your sister, so don't go
losing it, you understand?![Tag Color  val={FFFF} ]

All right then, down to brass tacks!
The courtyard is awash with searchlights,
so they'll see you right away if you just go
charging in... Better think it through!";
"All right, [Tag 2:0  ]...
I'll need you to listen to me for a moment.


The item you seek is hidden somewhere in
this [Tag Color  val={0001} ]castle[Tag Color  val={FFFF} ][Tag Color  val={0000} ]. To find it, you must find the
[Tag Color  val={FFFF} ][Tag Color  val={0001} ]entrance[Tag Color  val={FFFF} ][Tag Color  val={0000} ] to the basement.

But...that entrance has been blocked by a
mighty threshold, firmly sealed to prevent
evil from ever gaining access.

Do you know where to search and what you
must do to open the hidden way?


You will find a clue in the [Tag Color  val={FFFF} ][Tag Color  val={0001} ]shape of the
heraldry[Tag Color  val={FFFF} ][Tag Color  val={0000} ] near where we arrived at the castle.[Tag Color  val={FFFF} ]";
"Excellent, [Tag 2:0  ]. To perceive such
a puzzle and decipher it is no small feat.


Now, take the sword that lies before you.



It is none other than the [Tag Color  val={0001} ]Master Sword[Tag Color  val={FFFF} ][Tag Color  val={0000} ]...
The blade of evil's bane.


It is the only sword that can banish
Ganon from the world above![Tag Color  val={FFFF} ]";
"[Tag 1:11  ][Tag 2:0  ]! We must return to the
surface!


Return to me, quickly!";
"The platform ahead is hung in perfect
balance. If you so much as tilt it,
it will dump you into the lava.

There must be a way to cut the cords
free simultaneously... Think it over
carefully before you act!";
"Why are you just wandering around?
A chest appeared beneath the suspension
bridge. Did you not see it?

You must find a way to get to the floor
below without plunging into the lava.";
"A mighty enemy stands before you!
Even in the face of such danger, however,
you would be wise to change your
perspective and see what is around you.
It is important to get a firm grasp of your
surroundings and see what you can use
to swing the battle in your favor...";
"Are you puzzled by the tentacles that block
the doorway? Yes...they are mysterious.


Watch what they do as you approach the
door and then step back from it. Perhaps
their behavior will offer up a clue.";
"Why do you hesitate?



You should be able to do something to
move objects you cannot physically reach...
Think it through, [Tag 2:0  ].";
"I am certain that Princess Zelda is
being held captive in Ganon's Tower.


It stands outside Hyrule Castle at the far
end of the Valley of Demise.

[Tag 1:0  ]Hurry to her, [Tag 2:0  ]![Tag 1:1  ]";
"What are you doing, [Tag 2:0  ]?



Quickly! You must jolt those strange
creatures off of the Deku Tree's face!


Do you not know how to [Tag Color  val={0001} ]knock them down[Tag Color  val={FFFF} ][Tag Color  val={0000} ]?[Tag Color  val={FFFF} ]";
"[Tag 1:11  ][Tag 2:0  ], it is I, the King of Red
Lions. I am afraid there are some areas
to which you will not be able to bring
the servants of the tower.
But do not fear leaving them behind! Once
you have awakened them, they will wait
patiently for your return. Of this I
assure you!";
"[Tag 1:11  ][Tag 2:0  ], do not worry about
straying away from Medli in the depths of
the temple.

Just relax and open your [Tag Color  val={0001} ]Dungeon Map[Tag Color  val={FFFF} ][Tag Color  val={0000} ].
It will show you Medli's location as well, so
you can easily confirm her whereabouts.[Tag Color  val={FFFF} ]";
"[Tag 1:11  ][Tag 2:0  ], your enemy is gigantic,
but do not lose your head!


This creature wears some sort of a [Tag Color  val={0001} ]mask[Tag Color  val={FFFF} ][Tag Color  val={0000} ].
It must be trying to protect its weak spot.
First and foremost, you must do something
about that [Tag Color  val={FFFF} ][Tag Color  val={0001} ]mask[Tag Color  val={FFFF} ][Tag Color  val={0000} ]![Tag Color  val={FFFF} ]";
"[Tag 1:11  ][Tag 2:0  ], have you seen any filthy,
thieving rats around?


I know they are annoying, but keep your
wits about you... They are only rats!


If you spread [Tag Color  val={0001} ]bait[Tag Color  val={FFFF} ][Tag Color  val={0000} ] near their [Tag Color  val={FFFF} ][Tag Color  val={0001} ]nest[Tag Color  val={FFFF} ][Tag Color  val={0000} ],
they may share their store of treasure
with you. Why don't you try it?[Tag Color  val={FFFF} ]";
"[Tag 1:11  ][Tag 2:0  ], your foe may be fierce
and fearsome, but do not be afraid!


Forged deep within the steel of your Master
Sword is the power to repel evil...


Even as his ball of fell magic bears down
on you, stand your ground and [Tag Color  val={0001} ]knock it
back with your sword[Tag Color  val={FFFF} ][Tag Color  val={0000} ]!

...I am sure you will have a shot at victory![Tag Color  val={FFFF} ]";
"Long ago, there existed a kingdom where
a golden power lay hidden.";
"It was a prosperous land blessed with green
forests, tall mountains, and peace.";
"But one day a man of great evil found the
golden power and took it for himself...";
"With its strength at his command, he
spread darkness across the kingdom.";
"But then, when all hope had died and the
hour of doom seemed at hand...";
"...a young boy clothed in green appeared
as if from nowhere.";
"Wielding the blade of evil's bane, he sealed
the dark one away and gave the land light.";
"This boy, who traveled through time to save
the land, was known as the Hero of Time.";
"The boy's tale was passed down through
generations until it became legend...";
"But then...a day came when a fell wind
began to blow across the kingdom.";
"The great evil that all thought had
been forever sealed away by the hero...";
"...once again crept forth from the depths of
the earth, eager to resume its dark designs.";
"The people believed that the Hero of Time
would again come to save them.";
"...But the hero did not appear.";
"Faced by an onslaught of evil, the people
could do nothing but appeal to the gods.";
"In their last hour, as doom drew nigh, they
left their future in the hands of fate.";
"What became of that kingdom...?
None remain who know.";
"The memory of the kingdom vanished, but
its legend survived on the wind's breath.";
"On a certain island, it became customary to
garb boys in green when they came of age.";
"Clothed in the green of fields, they aspired
to find heroic blades and cast down evil.";
"The elders wished only for the youths to
know courage like the hero of legend...";
"This is but one of the legends of which the
people speak...";
"Conduct with [Tag 3:27  ]. Change rhythm with [Tag 3:18  ].";
"You conducted the [Tag Color  val={0001} ]Wind's Requiem[Tag Color  val={FFFF} ][Tag Color  val={0000} ]![Tag Color  val={FFFF} ]";
"You conducted the [Tag Color  val={0001} ]Ballad of Gales[Tag Color  val={FFFF} ][Tag Color  val={0000} ]![Tag Color  val={FFFF} ]";
"You conducted the [Tag Color  val={0001} ]Command Melody[Tag Color  val={FFFF} ][Tag Color  val={0000} ]![Tag Color  val={FFFF} ]";
"You conducted the [Tag Color  val={0001} ]Earth God's Lyric[Tag Color  val={FFFF} ][Tag Color  val={0000} ]![Tag Color  val={FFFF} ]";
"You conducted the [Tag Color  val={0001} ]Wind God's Aria[Tag Color  val={FFFF} ][Tag Color  val={0000} ]![Tag Color  val={FFFF} ]";
"You conducted the [Tag Color  val={0001} ]Song of Passing[Tag Color  val={FFFF} ][Tag Color  val={0000} ]![Tag Color  val={FFFF} ]";
"Conduct with [Tag 3:27  ]. Change rhythm with [Tag 3:18  ].";
"Conduct with [Tag 3:27  ].";
"[Tag 4:10  ]It is too dangerous to go any farther
in this direction! We must turn back!";
"Did you get a [Tag Color  val={0001} ]sail[Tag Color  val={FFFF} ][Tag Color  val={0000} ]?



Once we leave this island, it may be some
time before we again return to its shores.
Make sure you've bought everything you
need before we depart![Tag Color  val={FFFF} ]";
"Why do you hesitate so?
Quickly, come next to me and then
[Tag Color  val={0001} ]press [Tag Color  val={FFFF} ][Tag Color  val={0000} ][Tag 3:0  ] to climb in.[Tag Color  val={FFFF} ]";
"[Tag 4:265  ]Oh! That look in your eye... So, you've
found yourself a sail, have you?


Very well! Then I shall teach you the
[Tag Color  val={0001} ]art of sailing[Tag Color  val={FFFF} ][Tag Color  val={0000} ]![Tag Color  val={FFFF} ]";
"Come next to my hull and press [Tag 3:0  ] to
climb aboard.


Hoist the [Tag Color  val={0001} ]sail[Tag Color  val={FFFF} ][Tag Color  val={0000} ][Tag Color  val={0001} ] [Tag Color  val={0000} ]you got with [Tag Color  val={0000} ][Tag 3:0  ] to get moving.[Tag Color  val={0000} ]



The sail will catch the wind, which will
push the boat forward. The [Tag Color  val={FFFF} ][Tag Color  val={0004} ]↑[Tag Color  val={FFFF} ][Tag Color  val={0000} ] that
appears behind me indicates [Tag Color  val={FFFF} ][Tag Color  val={0001} ]wind direction[Tag Color  val={FFFF} ][Tag Color  val={0000} ].

Use [Tag 3:8  ] to steer. If you wish to move
quickly, you should keep the wind blowing
directly into the sail. You can always
press [Tag Color  val={0000} ][Tag 3:1  ][Tag Color  val={0000} ] to [Tag Color  val={FFFF} ][Tag Color  val={0001} ]put away [Tag Color  val={FFFF} ][Tag Color  val={0000} ]the sail.
Try it when you want to [Tag Color  val={FFFF} ][Tag Color  val={0001} ]adjust your speed[Tag Color  val={FFFF} ][Tag Color  val={0000} ].[Tag Color  val={FFFF} ]";
"Did you understand all that?
[Tag 1:7  ]Yes
No";
"I see... Then allow me to explain again.
";
"Ah! One more thing. When you are out at
sea with few landmarks to go by, you will
be at the mercy of your [Tag Color  val={0001} ]Sea Chart[Tag Color  val={FFFF} ][Tag Color  val={0000} ].

I have marked the place we should
currently be heading for on your Sea Chart.


If you get lost at sea, select MAP displayed on
the Wii U GamePad to open your Sea Chart.
You can also pause the game with [Tag Color  val={0000} ][Tag 3:23  ] and
confirm your position.[Tag Color  val={0000} ]
Now! A westerly wind blows! Hop in, and
let it carry us to the [Tag Color  val={FFFF} ][Tag Color  val={0001} ]east[Tag Color  val={FFFF} ][Tag Color  val={0000} ]![Tag Color  val={FFFF} ]";
"There! On the horizon!



That is our destination, [Tag 2:0  ]...
[Tag Color  val={0001} ]Dragon Roost Island[Tag Color  val={FFFF} ][Tag Color  val={0000} ]![Tag Color  val={FFFF} ]";
"High atop this island's peak lives the
[Tag Color  val={0001} ]spirit of the skies[Tag Color  val={FFFF} ][Tag Color  val={0000} ]...a great dragon by the
name of [Tag Color  val={FFFF} ][Tag Color  val={0001} ]Valoo[Tag Color  val={FFFF} ][Tag Color  val={0000} ].[Tag Color  val={FFFF} ]";
"You must go see this dragon and request
from him a jewel called [Tag Color  val={0001} ]Din's Pearl[Tag Color  val={FFFF} ][Tag Color  val={0000} ].[Tag Color  val={FFFF} ]";
"Ask the people of the [Tag Color  val={0001} ]Rito tribe [Tag Color  val={FFFF} ][Tag Color  val={0000} ]who inhabit
this island about how to see the dragon.[Tag Color  val={FFFF} ]";
"Oh, I almost forgot! Wait just a moment!";
"This island has been a calm and peaceful
place for as long as I have known it.


What could have happened to it?";
"Ask the winged Rito tribespeople about the
sky spirit, [Tag Color  val={0001} ]Valoo[Tag Color  val={FFFF} ][Tag Color  val={0000} ].


We cannot set sail again until you have
the [Tag Color  val={FFFF} ][Tag Color  val={0001} ]pearl[Tag Color  val={FFFF} ][Tag Color  val={0000} ].[Tag Color  val={FFFF} ]";
"It would seem that Ganon sent those
monsters to this place.


But that would mean...";
"There is no time to lose! We must depart at
once for the place where the next [Tag Color  val={0001} ]pearl
[Tag Color  val={FFFF} ][Tag Color  val={0000} ]sleeps! We sail [Tag Color  val={FFFF} ][Tag Color  val={0001} ]to the south[Tag Color  val={FFFF} ][Tag Color  val={0000} ]![Tag Color  val={FFFF} ]";
"The wind is blowing to the [Tag Color  val={0001} ]south[Tag Color  val={FFFF} ][Tag Color  val={0000} ]! Quickly!
Swim beside me and press [Tag 3:0  ] to climb
aboard! We must depart at once for the
place where the next [Tag Color  val={FFFF} ][Tag Color  val={0001} ]pearl[Tag Color  val={FFFF} ][Tag Color  val={0000} ] lies sleeping![Tag Color  val={FFFF} ]";
"...Unfortunately, we cannot depart until the
wind blows to the [Tag Color  val={0001} ]south[Tag Color  val={FFFF} ][Tag Color  val={0000} ].


It would be a fatal mistake to set sail
under an unstable breeze.


I have heard legends that tell of a [Tag Color  val={FFFF} ][Tag Color  val={0001} ]wind god
[Tag Color  val={FFFF} ][Tag Color  val={0000} ]who once resided on this island... It is said
that the winds obeyed his every whim!

Have you heard nothing of him?[Tag Color  val={FFFF} ]";
"Yes! Do you not see what rises up from
the horizon?


That is where you must go, [Tag 2:0  ]...
the [Tag Color  val={0001} ]Forest Haven[Tag Color  val={FFFF} ][Tag Color  val={0000} ].[Tag Color  val={FFFF} ]";
"It may appear as though this is but a great
tree rising far above the ocean's surface...


But it is a sacred place. It is inside this
grotto that you will find the [Tag Color  val={0001} ]spirit of the
earth[Tag Color  val={FFFF} ][Tag Color  val={0000} ], the [Tag Color  val={FFFF} ][Tag Color  val={0001} ]Great Deku Tree[Tag Color  val={FFFF} ][Tag Color  val={0000} ].[Tag Color  val={FFFF} ]";
"You must speak with the [Tag Color  val={0001} ]Deku Tree[Tag Color  val={FFFF} ][Tag Color  val={0000} ] and
receive from him the sacred gem known as
[Tag Color  val={FFFF} ][Tag Color  val={0001} ]Farore's Pearl[Tag Color  val={FFFF} ][Tag Color  val={0000} ].[Tag Color  val={FFFF} ]";
"I fear that Ganon's vile hand may have
already reached this most sacred of
sanctuaries.

Go forth with caution, [Tag 2:0  ].";
"Around the Forest Haven there were once
many lush islands that were home to
throngs of forest fairies...

When did this place become so barren
and sad?";
"Could those withered islands be...



[Tag 1:11  ][Tag 2:0  ]! You must hurry to the [Tag Color  val={0001} ]Deku
Tree[Tag Color  val={FFFF} ][Tag Color  val={0000} ] and ask him for his [Tag Color  val={FFFF} ][Tag Color  val={0001} ]sacred pearl[Tag Color  val={FFFF} ][Tag Color  val={0000} ]![Tag Color  val={FFFF} ]";
"So this place, too, has been attacked by
Ganon. Could he already be regaining
his power?";
"[Tag 1:11  ][Tag 2:0  ], you must get the remaining
pearl! It lies in a place northwest of here.


We must set sail immediately!";
"What are you doing?



I have marked our next destination on your
Sea Chart.";
"You can change the direction of the wind
from aboard my deck.


If something catches your eye out at sea,
you can [Tag Color  val={0001} ]change the wind [Tag Color  val={FFFF} ][Tag Color  val={0000} ]so as to go and
investigate.[Tag Color  val={FFFF} ]";
"Look, [Tag 2:0  ]! Do you see it?



...What has happened to this place?



.............";
"[Tag 4:266  ]Wh-What is the meaning of this?
The island... It is...";
"...We are too late.



I knew we had precious little time, but I
never suspected how little...


A great [Tag Color  val={0001} ]water spirit[Tag Color  val={FFFF} ][Tag Color  val={0000} ] named [Tag Color  val={FFFF} ][Tag Color  val={0001} ]Jabun[Tag Color  val={FFFF} ][Tag Color  val={0000} ] once lived
here, but no sign of him remains...[Tag Color  val={FFFF} ]";
"[Tag 4:260  ][Tag Size  val={0096} ]Ho, there! [Tag 1:11  ][Tag 2:0  ]![Tag Size  val={0064} ]";
"So, you're here! I've been looking for you!



Are you by chance seeking the great
spirit, [Tag Color  val={0001} ]Jabun[Tag Color  val={FFFF} ][Tag Color  val={0000} ]?


I'm sorry to report to you that Jabun can
no longer be found here.[Tag Color  val={FFFF} ]";
"Just look at how this place has been torn
to pieces... I suppose this, too, is the work
of the shadow in the Forsaken Fortress.

But fear not! Jabun was able to flee this
island before it was attacked. He is in a
safer abode now.

Would you like to guess where that abode
may be?";
"...On the island where you were born.


On Outset.";
"Yet even if you were to go to Outset now,
you would not be able to see Jabun.


The cave where he hides is sealed with a
mighty stone slab that repels all who try
to pass it. Why, not even the pirates with
their mighty ship could get in...";
"...I must apologize, [Tag 2:0  ].
I thought if anyone would know of your
whereabouts, it would be the pirates.

I told them this tale without so much as
a thought for the consequences.


I don't know what they hoped to get, but
they immediately set sail for Outset Island
and tried to break into the cave.";
"...It is lucky they could not gain entrance.
I have heard that they were last spotted
on [Tag Color  val={0001} ]Windfall Island[Tag Color  val={FFFF} ][Tag Color  val={0000} ], but doing what, I do
not know.
If you wish to see Jabun, I think you'd
better search for the pirates on [Tag Color  val={FFFF} ][Tag Color  val={0001} ]Windfall
Island[Tag Color  val={FFFF} ][Tag Color  val={0000} ].[Tag Color  val={FFFF} ]";
"What an eerie isle this is... Everywhere else
boasts clear skies and calm seas, but this
place suffers under dark clouds and rain.";
"Valoo must have been right when he asked
me to bring word of Jabun to you...


He called this island [Tag Color  val={0001} ]cursed[Tag Color  val={FFFF} ][Tag Color  val={0000} ]...[Tag Color  val={FFFF} ]";
"I would counsel against staying here
longer than you have to.


...But that is your decision. I have told you
of Jabun, so my task is complete!";
"So, Jabun has survived!



The sea spirit has lived through the trials
of many long years. He must have caught
wind of Ganon's attack beforehand...

If we are to believe the words of the Rito
postman, then the [Tag Color  val={0001} ]pirates[Tag Color  val={FFFF} ][Tag Color  val={0000} ] know something
about the cave where Jabun hides.

Why don't we go first to [Tag Color  val={FFFF} ][Tag Color  val={0001} ]Windfall[Tag Color  val={FFFF} ][Tag Color  val={0000} ] and
search for them there?[Tag Color  val={FFFF} ]";
"What is the matter? Have you forgotten
where [Tag Color  val={0001} ]Windfall Island [Tag Color  val={FFFF} ][Tag Color  val={0000} ]lies?


If you have, then check your Sea Chart.[Tag Color  val={FFFF} ]";
"It is too soon for us to venture in this
direction. We should sail directly to our
[Tag Color  val={0001} ]next destination[Tag Color  val={FFFF} ][Tag Color  val={0000} ].[Tag Color  val={FFFF} ]";
"Beyond here is outside the bounds of the
course. We must not stray out-of-bounds!";
"[Tag 1:11  ][Tag 2:0  ]...[Tag 1:6 val={003C} ] [Tag 1:11  ][Tag 2:0  ]...
[Tag 1:6 val={003C} ]Wake up, [Tag 2:0  ]!";
"Pull yourself together, [Tag 2:0  ]!";
"Well? Have you come to your senses yet?[Tag 1:3 val={0050} ]";
"You are surprisingly dull witted...";
"[Tag 1:6 val={001E} ]Did I startle you?



I suppose that is only natural. As wide
as the world is, I am the only boat upon
it who can speak the words of men.

I am the [Tag Color  val={0001} ]King of Red Lions[Tag Color  val={FFFF} ][Tag Color  val={0000} ].
Do not fear... I am not your enemy.[Tag Color  val={FFFF} ]";
"[Tag 1:11  ][Tag 2:0  ]...



I have been watching you since you went to
the Forsaken Fortress to rescue your sister.


I understand how your desire to protect
your sister could give you the courage to
fearlessly stand up to anything...

But such a bold attempt was foolhardy!



I suppose you saw him... The shadow that
commands that monstrous bird...";
"His name is...[Tag 1:6 val={003C} ][Tag 1:0  ]Ganon[Tag 1:1  ]...";
"...He who obtained the power of the gods,
attempted to cover the land in darkness,
and was ultimately sealed away by the
very power he hoped to command.";
"He is the very same Ganon...
The emperor of the dark realm the ancient
legends speak of...";
"I do not know why the seal of the gods has
failed, but now that Ganon has
returned, the world is once again being
threatened by his [Tag Color  val={0001} ]evil magic[Tag Color  val={FFFF} ][Tag Color  val={0000} ].[Tag Color  val={FFFF} ]";
"Tell me, [Tag 2:0  ]...
Do you still wish to save your sister
from him?";
"And will you do anything to save her?";
"...I see.



In that case, I shall guide you as we go
forward...advising you on what you should
do and where you must go.

Ganon cannot be defeated by human
hands, let alone by what little strength
you possess.";
"The key to defeating Ganon is locked
away in a great power that you can wield
only after much toil and hardship.

Do you understand?";
"In that case, we depart!
To the Great Sea!
[Tag 1:6 val={001E} ]...Ah, but I am getting ahead of myself.";
"This is actually a bit embarrassing for me
to admit, but...although I am indeed a boat
that possesses the power of speech...
I possess no [Tag Color  val={0001} ]sail[Tag Color  val={FFFF} ][Tag Color  val={0000} ].
And a boat with no [Tag Color  val={FFFF} ][Tag Color  val={0001} ]sail [Tag Color  val={FFFF} ][Tag Color  val={0000} ]can sail no seas.[Tag Color  val={FFFF} ]";
"I have brought you far to the east of the
dark gaze of the Forsaken Fortress. On this
island is a town of merchants who deal in
a wide variety of goods.
If you search hard enough, surely you can
find one who will sell you a [Tag Color  val={0001} ]sail[Tag Color  val={FFFF} ][Tag Color  val={0000} ].


I am sorry to ask this of you, but without
a [Tag Color  val={FFFF} ][Tag Color  val={0001} ]sail[Tag Color  val={FFFF} ][Tag Color  val={0000} ], I will be useless to you.[Tag Color  val={FFFF} ]";
"This island of merchants is home to many
valuable goods.


The information they provide you may
come in handy during your endeavors
at sea, so listen carefully to their words
and heed them well.
But remember: there is no time to play.
Come back here immediately as soon as
your errands are done.";
"It is just as the postman told us.
The pirate ship has stopped here to avoid
drawing the attention of the townsfolk...";
"I know not what they are researching, but
if they are hoping to get their hands on
Jabun's sacred gem...

I doubt they would tell you anything
directly if you were to ask them.


[Tag 1:11  ][Tag 2:0  ], I think you should try to
find out what the pirates are up to...
without them finding out about you.";
"What is the matter? Go see what the
pirates are doing, and come back as
quickly as you can.";
"What is the matter, [Tag 2:0  ]?



...Have you forgotten the password?



It's simple. It's [Tag Color  val={0001} ][Tag 2:9  ][Tag Color  val={FFFF} ][Tag Color  val={0000} ]!



And remember, once you hear a password...
do your best not to forget it.[Tag Color  val={FFFF} ]";
"Well done! Our preparations are complete.



If what the girl says is true, the pirates
won't be leaving until morning.


You must meet with Jabun and get the [Tag Color  val={0001} ]pearl
[Tag Color  val={FFFF} ][Tag Color  val={0000} ]from him before they arrive.


Let us delay no longer, [Tag 2:0  ]![Tag Color  val={FFFF} ]";
"Medli, listen carefully to what I am about
to tell you.";
"The temple ahead is the nest of an evil
creature...the same creature that stole the
life of your predecessor, the sage.
It is a dark and frightening place.
That is why, if you do nothing else,
then at least do this...";
"If [Tag 2:0  ] comes near you and
presses [Tag 3:26  ] to call you, then be silent
and follow closely behind him.";
"And if [Tag 2:0  ] presses [Tag 3:0  ], allow
him to lift you, and if need be, fly and
carry him through the air.";
"And, [Tag 2:0  ]...";
"If [Tag Color  val={0001} ]Medli[Tag Color  val={FFFF} ][Tag Color  val={0000} ] gets stuck and cannot continue in
the temple, use the [Tag Color  val={FFFF} ][Tag Color  val={0001} ]Wind Waker[Tag Color  val={FFFF} ][Tag Color  val={0000} ] to conduct
the [Tag Color  val={FFFF} ][Tag Color  val={0001} ]song [Tag Color  val={FFFF} ][Tag Color  val={0000} ]you learned in the Tower of the
Gods. Do you understand?[Tag Color  val={FFFF} ]";
"[Tag 1:11  ][Tag 2:0  ], protect Medli.
And, Medli, protect [Tag 2:0  ].


The power to repel evil shall surely be
returned to the Master Sword!";
"This is the [Tag Color  val={0001} ]Wind Waker[Tag Color  val={FFFF} ][Tag Color  val={0000} ]! It is a baton of
sorts that was used long ago when the
people played music in prayer to the gods.

In those days, simply using it allowed one
to borrow the power of the gods, but
I do not know if it still works.

Even so, I thought it might be of some use
to you. Perhaps you should try using it.[Tag Color  val={FFFF} ]";
"[Tag 1:11  ][Tag 2:0  ]...
As was the case with Medli, I have no
doubt that Makar, too, has some special
role to play in these events.
Discovering that role is your duty.";
"I am certain that by cooperating, the two
of you can overcome the dangers and
pitfalls of this temple...";
"...I see. So...the Forsaken Fortress
has already...";
"[Tag 4:261  ]Ahh, like a molting snake that casts off
its dead skin!


That place is so empty and quiet...
one can almost hear the echo of dead
leaves falling to the cold, cracked ground!";
"..........";
"[Tag 4:262  ]Why? What ails you? What?
Lose the long face!


The monsters are gone from the world!
Doesn't that make you a little happy?";
"[Tag 1:11  ][Tag 2:0  ], I have troubling news...



Ganon has not shown himself above the
seas since Valoo unleashed his fiery wrath
upon him.

And what's worse, there is not a creature
stirring in his base of operations in this
world...the Forsaken Fortress.

...I cannot imagine how it is possible,
and yet I cannot shake this foreboding
feeling I have about the princess, Zelda.";
"[Tag 1:11  ][Tag 2:0  ], you must search for all the
[Tag Color  val={0001} ]Triforce Shards[Tag Color  val={FFFF} ][Tag Color  val={0000} ] so that we can head back
to Hyrule without delay![Tag Color  val={FFFF} ]";
"[Tag 1:11  ][Tag 2:0  ]! You must sail to the
[Tag Color  val={0001} ]Tower of the Gods[Tag Color  val={FFFF} ][Tag Color  val={0000} ] immediately!


We must go down to Hyrule with the
completed Triforce![Tag Color  val={FFFF} ]";
"[Tag 1:11  ][Tag 2:0  ]! Do not run! Trust in the
power of the Master Sword!";
"First, conduct in [Tag Color  val={0001} ]3/4 time[Tag Color  val={FFFF} ][Tag Color  val={0000} ]!



[Tag Color  val={FFFF} ][Tag Color  val={0001} ]Do not touch[Tag Color  val={FFFF} ][Tag Color  val={0000} ] [Tag 3:8  ].
Just try to match the rhythm by
tilting [Tag 3:27  ] [Tag 3:11  ], [Tag 3:12  ], and [Tag 3:10  ]![Tag Color  val={FFFF} ]";
"What is the matter, [Tag 2:0  ]?
You do not have to time it exactly—just be
sure to be holding [Tag Color  val={0000} ][Tag 3:27  ][Tag Color  val={FFFF} ] in the proper direction
when the metronome hits the center.
Also, you don't need to touch [Tag 3:8  ] to keep
it in [Tag Color  val={0001} ]3/4 time[Tag Color  val={FFFF} ][Tag Color  val={0000} ]. Just tilt [Tag 3:27  ] in the
correct directions starting [Tag Color  val={FFFF} ][Tag Color  val={0001} ]from the
first beat[Tag Color  val={FFFF} ][Tag Color  val={0000} ]: [Tag 3:11  ], [Tag 3:12  ], and [Tag 3:10  ]![Tag Color  val={FFFF} ]";
"Very nice! That was splendid!
Next is [Tag Color  val={0001} ]4/4 time[Tag Color  val={FFFF} ][Tag Color  val={0000} ].


Hold [Tag 3:15  ] to change the rhythm.
Then match the rhythm and tilt
[Tag 3:27  ] [Tag 3:11  ], [Tag 3:10  ], [Tag 3:9  ], and then [Tag 3:12  ]![Tag Color  val={FFFF} ]";
"What's the matter, [Tag 2:0  ]?
You do not have to time it exactly—just be
sure to be holding [Tag Color  val={0000} ][Tag 3:27  ][Tag Color  val={FFFF} ] in the proper direction
when the metronome hits the center.
Tilt [Tag 3:15  ] to match the [Tag Color  val={0001} ]4/4 rhythm[Tag Color  val={FFFF} ][Tag Color  val={0000} ]. 
Then tilt [Tag 3:27  ] [Tag 3:11  ], [Tag 3:10  ], [Tag 3:9  ], and then [Tag 3:12  ]![Tag Color  val={FFFF} ]";
"That's it, [Tag 2:0  ]!



That was not bad for your first time using
the Wind Waker! Not bad at all!


You can also conduct with it in 
[Tag Color  val={0001} ]6/4 time[Tag Color  val={FFFF} ][Tag Color  val={0000} ] by tilting [Tag 3:16  ].
You would do well to remember that.[Tag Color  val={FFFF} ]";
"Closed all night for pirate party.";
"Sorry, but I'm asleep. Please don't bother
me until after nightfall. Thank you!";
"We're closed today! So scram! Now!";
"The door is locked and can't be opened...";
"Yes? Who is it? I'm busy now!



I'm trying to grow wings so I can go visit
my friends! It's not easy—so let me be!";
"I've been waiting for you, [Tag 2:0  ].



[Tag 4:167  ][Tag 1:11  ][Tag 2:0  ]...
[Tag 1:6 val={003C} ]Try these on.";
"Time certainly flies... I can't believe you're
already old enough to wear these clothes.";
"Don't look so disappointed, dear one!
Just try them on.


Today is a day to celebrate! It is the day
that you become the same age as the young
hero spoken of in all the legends.

You only have to wear them for one day, so
don't look so down. Be proud, child!";
"In the olden days, this was the day boys
were finally considered to be men. They
were taught the ways of the sword to
prepare them for battle with their enemies.";
"Hanging the family [Tag Color  val={0001} ]shield [Tag Color  val={FFFF} ][Tag Color  val={0000} ]on the wall as
decoration is another tradition that has
been carried down from those days.[Tag Color  val={FFFF} ]";
"Does all this make sense to you?";
"Isn't that nice, [Tag 2:0  ]? They suit
you perfectly! A perfect fit!


Well, tonight I'm going to invite the whole
town over for your birthday party, so I'd
better start getting ready, shouldn't I?

Your grandma is going to make your
favorite soup for you tonight! Mmmm!


I just know you're looking forward to it!



Now, go get your sister, [Tag Color  val={0001} ]Aryll[Tag Color  val={FFFF} ][Tag Color  val={0000} ].[Tag Color  val={FFFF} ]";
"What is it, [Tag 2:0  ]?



Go call Aryll for me!";
"But we don't live in such an age any longer...
Our ways are the ways of peace.


Nowadays, I suppose [Tag Color  val={0001} ]Orca[Tag Color  val={FFFF} ][Tag Color  val={0000} ] is the only one
on the island who still knows anything
about [Tag Color  val={FFFF} ][Tag Color  val={0001} ]swordplay[Tag Color  val={FFFF} ][Tag Color  val={0000} ].[Tag Color  val={FFFF} ]";
"[Tag 1:11  ][Tag 2:0  ], have you seen your sister,
Aryll, this morning?";
"I wouldn't be surprised if she's climbed up
to her favorite spot to play with the gulls
again today.

I've always thought it quite odd...
She's the only person I know who the wild
gulls will even approach.";
"[Tag 1:11  ][Tag 2:0  ]! What's the matter?
What's happened?";
"Where is Aryll?



I know she's a good girl who behaves
herself, but she's still just a child.
You mustn't let your eyes off of her.";
"Why, what are you doing with such a
dangerous thing? That's no toy!
[Tag 1:6 val={001E} ]What's happened?";
"[Tag 1:11  ][Tag 2:0  ], what is that thing you
have on your back?";
"Why are you carrying a dangerous thing
like that around?";
"What's the matter? Is there something
wrong? Is it something you can't even
tell your grandma?";
"What is it, [Tag 2:0  ]? Please...
Tell Grandma what's troubling you.";
"And where's Aryll...? Is she still
playing outside with the gulls?";
"Ohhh... Uhnnn...




[Tag 1:6 val={0014} ][Tag 1:11  ][Tag 2:0  ]... Aryll...
[Tag 1:6 val={000A} ]Don't go... Don't leave... Uhhnnn...
Don't leave your poor old grandma...
...all alone... [Tag 1:6 val={000A} ]Uhnnn... [Tag 1:6 val={000A} ]Uhhhnnn...";
"Ohh, [Tag 2:0  ]? Is that you, 
[Tag 2:0  ]?[Tag 1:3 val={001E} ]";
"[Tag 1:11  ][Tag 2:0  ]... My dear, sweet
[Tag 2:0  ].


You're safe... That's wonderful...
Just wonderful.


Did you do this? Did you heal me?
Oh, you're such a sweet child...";
"[Tag 1:6 val={001E} ]Ohh... That's right...



You and your sister, Aryll, are trying so
hard to be strong, and I've just been
sitting here, moaning and worrying...

I'm your grandmother... I'm the one who
should be taking care of you...


I'm so sorry, [Tag 2:0  ]. I haven't even
considered what you must be going
through. I'm a terrible grandma...";
"[Tag 1:11  ][Tag 2:0  ], this is all I have to give
you right now. You can keep it in your
[Tag Color  val={0001} ]empty bottle[Tag Color  val={FFFF} ][Tag Color  val={0000} ]![Tag Color  val={FFFF} ]";
"You and your sister love this soup,
don't you? If you run out, I can make
it for you anytime you like.";
"Grandma's going to try to be strong,
so you try to be strong, too![Tag 1:3 val={002D} ]";
"[Tag 1:0  ]But don't do anything reckless![Tag 1:1  ]
[Tag 1:6 val={002D} ][Tag 1:0  ]All right?[Tag 1:1  ][Tag 1:3 val={001E} ]";
"[Tag 1:11  ][Tag 2:0  ]...";
"My dear, sweet [Tag 2:0  ]...";
"[Tag 1:11  ][Tag 2:0  ]...";
"Oh, [Tag 2:0  ]! How are you? You
haven't injured yourself, have you?";
"If you run out of Grandma's homemade
soup, then you just come see me. I can
make it for you whenever you like.";
"Aren't you hungry? Would you like Grandma
to fill your bottle with some of her
special homemade [Tag Color  val={0001} ]soup[Tag Color  val={FFFF} ][Tag Color  val={0000} ]?

[Tag 1:7  ]Yes, please
No, thank you[Tag Color  val={FFFF} ]";
"You are such a well-mannered boy!
Here you go!";
"You and your sister love my soup, don't
you? If you run out, you come back and
see me. I can make it for you whenever
you like.";
"You are such a well-mannered child!
But you do know you can ask me for
some whenever you like, don't you?";
"Whenever you have an [Tag Color  val={0001} ]empty [Tag Color  val={FFFF} ][Tag Color  val={0000} ]bottle, you
just bring it straight to Grandma.
I can make more soup for you whenever
you like![Tag Color  val={FFFF} ]";
"Grandma is always happy to see your
bright, shining face.";
"  How are you doing, [Tag 2:0  ]? Do
  you have enough of Granny's soup?
  Where are you now?

  You may be closer than I suspect!



  Are you hungry? Are you keeping warm?
  You haven't injured yourself, have you?


  You always work so hard, [Tag 2:0  ].
  Do you have enough Rupees? 
  Your grandma doesn't have a lot, but I'm
  sending you everything I've saved up.
  As long as I have you and Aryll, I don't
  need anything else.


  I just want the two of you to return
  home safely.
                                 Love, Grandma";
"[Tag 1:11  ][Tag 2:0  ]...";
"Is this what you're looking for?";
"[Tag 1:6 val={003C} ]...Take it with you.";
"I guess it is true... Aryll really has been
kidnapped... Hasn't she?";
"What kind of monster could take such a
sweet, young child?";
"Oh, Aryll...";
"I've been waiting for you, [Tag 2:0  ].



[Tag 4:167  ]Here you are, [Tag 2:0  ].
[Tag 1:6 val={003C} ]Try these on!


These are special clothes...made of a
special fabric that only the honest can see!";
"What's the matter? Why the long face?
You CAN see them, can't you? Hm hm hm...


Well, today is the day we commemorate
the fact that you've reached the same age
as the hero of the legends! You have to be
proud about that for at least one day!
Put them on, and see if you can't fool
anybody in town!";
"Taking this out here won't do anything...[Tag 1:4 val={002D} ]";
"Designs that reflect [Tag Color  val={0001} ]wind[Tag Color  val={FFFF} ][Tag Color  val={0000} ] are drawn here.[Tag Color  val={FFFF} ]";
"Oh, [Tag 2:0  ]! Happy birthday!



[Tag 1:6 val={000A} ]Hey, did your sister, Aryll, find you?
She was supposed to tell you that your
grandmother is looking for you.

[Tag 1:6 val={001E} ]Speaking of your sister, [Tag 1:6 val={0006} ]she saw me at work
the other day, and she said she wanted to
learn to carry jars on her head like me so
she could help your grandma with chores.
So...if you see her, tell her that all
she has to do is stand [Tag Color  val={0001} ]in front of a jar
[Tag Color  val={FFFF} ][Tag Color  val={0000} ]and press [Tag 3:0  ] to carry it. To put the
jar down, she just has to press [Tag Color  val={0000} ][Tag 3:26  ][Tag Color  val={0000} ]!
Can you tell her that for me?[Tag Color  val={FFFF} ]";
"The secret to lifting jars is to stand in
front of them and press [Tag 3:0  ].
And don't forget to tell Aryll to set
jars down with [Tag Color  val={0000} ][Tag 3:26  ][Tag Color  val={FFFF} ], OK?";
"What was that noise!? It was awful!
You'd better return home quickly...
A sound like that can only mean trouble!

You know what I'd do if trouble came my
way? I'd throw rocks to fight it off!
You could handle that, couldn't you?

It's easy! Just stand in front of a rock and
press [Tag 3:0  ] to lift it. Press [Tag 3:0  ] again to throw
it. If you just want to set the rock back
down, press [Tag Color  val={0000} ][Tag 3:26  ][Tag Color  val={FFFF} ].
[Tag 1:0  ]Do you understand?[Tag 1:1  ]";
"To lift a rock, stand in front of it and
press [Tag 3:0  ]. When you want to throw, press
[Tag 3:0  ] again. Press [Tag Color  val={0000} ][Tag 3:26  ][Tag Color  val={FFFF} ] to set it down.
Couldn't be easier!";
"[Tag 1:11  ][Tag 2:0  ], I thought I heard Aryll's
voice cry from far away...
[Tag 1:6 val={001E} ][Tag 1:0  ]Is it...[Tag 1:1  ] [Tag 1:6 val={000A} ][Tag 1:0  ]Is it really true?[Tag 1:1  ]";
"What kind of weird boat is that?";
"...That's just terrible! My precious jars...
[Tag 1:6 val={000A} ][Tag 1:0  ]How could you?[Tag 1:1  ]";
"That's just awful...";
"[Tag 1:0  ]Oh,[Tag 1:1  ][Tag 1:6 val={001E} ] that was fine...
[Tag 1:0  ]It won't do. [Tag 1:1  ][Tag 1:6 val={000A} ][Tag 1:0  ]It won't do.[Tag 1:1  ]";
"[Tag 1:0  ]Oh,[Tag 1:1  ][Tag 1:6 val={000A} ] that's right!
[Tag 1:0  ]I knew I forgot something.[Tag 1:1  ][Tag 1:0  ]
Yes,[Tag 1:1  ] I'd better head back.";
"Is... Is that you, [Tag 2:0  ]?



Well, looks as though you're safe...
[Tag 1:6 val={001E} ]That's good to know.";
"Your grandmother has been having a
terrible time of it ever since you left.


She rarely leaves the house, and as far as I
can tell, she just spends her days sleeping.
She hardly eats...

I've actually come here to see if my old
grandpa knows of any medicine or anything
that might make her feel better.";
"The island has really taken a turn for the
worse since you left.


I'm sure you noticed them... The monsters...
Those horrible creatures... They rampage
through town every night after dark.

I'm scared... Too scared...";
"Ever since you left, our lovely island has
become a horrible place to live. 


Every night now, when the sun disappears,
vile monsters appear and tear across the
island, causing havoc.

It's frightening... So frightening...";
"Your poor old grandmother...
Her days are spent in worry, and her nights
are filled with horrific nightmares...

I've tried to give her medicine to help
her feel better, but she just can't seem
to drink it...

I don't know what to do...";
"[Tag 1:11  ][Tag 2:0  ]? Are you all right?



Our island is a dangerous place now.
You shouldn't stay outside long!";
"Monsters have begun appearing in town at
night. It's awful out there! You really
should go home while you can. Who else is
going to protect your grandmother?";
"Oh, my! [Tag 1:11  ][Tag 2:0  ]! Congratulations!
[Tag 1:6 val={0014} ]That outfit looks cute on you!


[Tag 1:6 val={000A} ]Hey, your little sister, Aryll, was looking for
you not too long ago.


[Tag 1:6 val={001E} ]Oh, did I tell you?[Tag 1:6 val={0006} ] She was watching me
not too long ago, and she said she wanted
to learn to carry jars on her head, too,
so she could help your grandma do chores.
Hey! If you see Aryll, tell her that all she
needs to do to lift a jar is stand [Tag Color  val={0001} ]in front of
it[Tag Color  val={FFFF} ][Tag Color  val={0000} ] and press [Tag 3:0  ]. And to set it down, she
just needs to press [Tag Color  val={0000} ][Tag 3:26  ][Tag Color  val={0000} ]! Tell her, OK?[Tag Color  val={FFFF} ]";
"Oh, [Tag 2:0  ].



Hey, congrats! I'm really looking forward
to tonight, buddy! We're gonna party!


But...are you really that old already?
[Tag 1:6 val={001E} ]Wow! Time just flies right by, huh?!
[Tag 1:6 val={001E} ]It never ceases to amaze me.

I mean, for example, I swear I just cut the
grass in this field the other day, [Tag 1:6 val={001E} ]but look
at how tall it's gotten! Ah, well...
The mysteries of time and grass...";
"Say, do you want to try cutting it, too,
[Tag 2:0  ]? You'd be surprised at the
[Tag Color  val={0001} ]things people drop in the grass[Tag Color  val={FFFF} ][Tag Color  val={0000} ]. It's
like hunting for treasure!
Except... Without some kind of grass-cutting
tool, you can't cut the grass. Sorry, buddy.[Tag Color  val={FFFF} ]";
"I can't just let this field be, you know.
[Tag 1:6 val={001E} ]If I did, the weeds would take control!";
"Cutting grass is hard work, but it pays off!
People leave [Tag Color  val={0001} ]the darnedest things [Tag Color  val={FFFF} ][Tag Color  val={0000} ]in the
grass, so if you go to the trouble of cutting
it, you get to keep whatever you find.[Tag Color  val={FFFF} ]";
"Did you hear that noise, [Tag 2:0  ]?
Did something happen? What was it?";
"Oh, say! That's a fine sword you have
there, buddy! Just look at that thing!


You know, you'd be doing me a big favor
if you'd cut this here grass for me.";
"Sometimes you can [Tag Color  val={0001} ]find things[Tag Color  val={FFFF} ][Tag Color  val={0000} ] in the
grass when you cut it, [Tag 1:6 val={001E} ]so it isn't always a
thankless chore! It pays, buddy![Tag Color  val={FFFF} ]";
"Eh? [Tag 1:11  ][Tag 2:0  ]? Is that you,
[Tag 2:0  ]? Whoa.


You kind of startled me there, buddy. I
thought more of those monsters had come
to harass me.";
"I tell you, there have been a lot of strange
things going on here at night lately. I
haven't gotten a good night's sleep in ages
because of it! And I love sleep!";
"In fact, I saw something really odd just a
little while ago. Of course, this was back
before the bridge was destroyed...

It was up in the [Tag Color  val={0001} ]Fairy Woods[Tag Color  val={FFFF} ][Tag Color  val={0000} ], near the old
dried-up fountain. I saw this [Tag Color  val={FFFF} ][Tag Color  val={0001} ]tall girl [Tag Color  val={FFFF} ][Tag Color  val={0000} ]who
glowed like a fairy, which was odd enough,
but then she vanished [Tag Color  val={FFFF} ][Tag Color  val={0001} ]into that rock[Tag Color  val={FFFF} ][Tag Color  val={0000} ]...
Really! I saw it with my own eyes![Tag Color  val={FFFF} ]";
"There have been strange things going on at
night, I tell you! It's turned my whole
schedule upside down. Now I'm up all night
and asleep in bed all day...";
"Awww... I just want to cut the grass...";
"I wonder what that was all about...
That [Tag Color  val={0001} ]fairy-looking[Tag Color  val={FFFF} ][Tag Color  val={0000} ] girl I saw up there
by the [Tag Color  val={FFFF} ][Tag Color  val={0001} ]big stone[Tag Color  val={FFFF} ][Tag Color  val={0000} ]...[Tag Color  val={FFFF} ]";
"'Hoy, [Tag 2:0  ]!



What's that? Today is your birthday? Well,
congrats, buddy! Are you that old already?
Wow! Time just flies right by,[Tag 1:6 val={001E} ] doesn't it?
You blink and POOF! There goes a year!
Why, I swear I just cut the grass in this
field the other day,[Tag 1:6 val={001E} ] but look at how tall
it's gotten already...";
"Say, do you want to try cutting it,
[Tag 2:0  ]? You'd be surprised at
[Tag Color  val={0001} ]the things people drop [Tag Color  val={FFFF} ][Tag Color  val={0000} ]in the grass.
It's fun! It's like a treasure hunt.
Except...you're gonna need some kind of
grass-cutting tool if you want to cut the
grass. That's just common sense, buddy.[Tag Color  val={FFFF} ]";
"What say you, [Tag 2:0  ]?";
"Ah. Have you come for some serious
instruction in the way of the sword?
[Tag 1:7  ]Yes, sir
No, sir";
"A sword can do good or evil. It reflects
the heart of the one who uses it.
...But you cannot have one until you
learn the basics, I am afraid!";
"[Tag Size  val={0096} ]Good! That is enough![Tag Size  val={0064} ]";
"It is as I foresaw! One day, you shall
become a master of the sword! But it is
still too soon to give you a [Tag Color  val={0001} ]sword[Tag Color  val={FFFF} ][Tag Color  val={0000} ] to
carry around with you.
I'm afraid I cannot give you one yet.[Tag Color  val={FFFF} ]";
"[Tag 1:6 val={001E} ]If I did give you one, I am certain
your grandmother would be quite upset with
me...and I do not need that!";
"But...if for any reason you feel you need
more training, then come see me again.";
"Very good! That is enough!!";
"But...it is still too soon for me to give
you a sword to carry around with you.


You must come practice more, young one!";
"And yet...I sense a certain anxiousness
in the sword you hold...an eagerness that
goes far beyond the mere desire to be
wielded on the fields of battle...";
"I do not know what has happened...



But I have faith in you. Somehow, I doubt
you will misuse that sword...";
"You may have it, [Tag 2:0  ]. I give it
freely. Take the blade with you...";
"Since the olden days, this sword has been
used to fend off evil...


Its blade is infused with the desire to
become strong and righteous.";
"[Tag 1:6 val={001E} ]Be strong, [Tag 2:0  ].";
"[Tag 1:11  ][Tag 2:0  ]! Heed my words! Do not
neglect your daily training!


Press [Tag 3:0  ] while running to practice a [Tag Color  val={0001} ]rolling
attack[Tag Color  val={FFFF} ][Tag Color  val={0000} ]. Tilt [Tag 3:18  ] and press [Tag 3:0  ] while
[Tag Color  val={FFFF} ][Tag Color  val={0001} ]targeting [Tag Color  val={FFFF} ][Tag Color  val={0000} ]to practice [Tag Color  val={FFFF} ][Tag Color  val={0001} ]side jumping[Tag Color  val={FFFF} ][Tag Color  val={0000} ].

Ah, yes. And remember, while [Tag Color  val={0001} ]targeting[Tag Color  val={0000} ], you
can press [Tag 3:0  ] while tilting [Tag 3:14  ] to do [Tag Color  val={FFFF} ][Tag Color  val={0001} ]backflips[Tag Color  val={FFFF} ][Tag Color  val={0000} ].[Tag Color  val={FFFF} ]";
"Please remember!";
"[Tag 1:11  ][Tag 2:0  ]! Where are you going!?
We have not finished our practice!";
"Now, [Tag 2:0  ]! Run quickly and press
[Tag 3:0  ] to perform a [Tag Color  val={0001} ]rolling attack[Tag Color  val={FFFF} ][Tag Color  val={0000} ]!
Hit the wall as hard as you can![Tag Color  val={FFFF} ]";
"What's that? The [Tag Color  val={0001} ]Knight's Crest[Tag Color  val={FFFF} ][Tag Color  val={0000} ]?



Does that intrigue you, young one?[Tag Color  val={FFFF} ]";
"It is still too early to discuss such
things with you...


But if you happen across [Tag Color  val={0001} ]ten [Tag Color  val={FFFF} ][Tag Color  val={0000} ]of those,
show them to me! Then I can tell you
what they are and what they do. But...
I will only speak if you get ten of them.[Tag Color  val={FFFF} ]";
"[Tag 1:11  ][Tag 2:0  ]! Is that you? If I recall
correctly, today you are the same age as
the legendary hero.

When did you get so old?



You must build strong muscles from now on!
Strong muscles!";
"You have come at the perfect moment!
I was just trying my [Tag Color  val={0001} ]rolling attack[Tag Color  val={FFFF} ][Tag Color  val={0000} ].
Allow me to teach it to you![Tag Color  val={FFFF} ]";
"Are you ready? Just run as fast as you
can, and then press [Tag 3:0  ]. That is how you
perform a [Tag Color  val={0001} ]rolling attack[Tag Color  val={FFFF} ][Tag Color  val={0000} ].

If you think you understand, then try to roll
into the wall. Go on, young one![Tag Color  val={FFFF} ]";
"Did you hear me, [Tag 2:0  ]? Run as
fast as you can and press [Tag 3:0  ] to perform
a [Tag Color  val={0001} ]rolling attack[Tag Color  val={FFFF} ][Tag Color  val={0000} ]. Try rolling into the wall.[Tag Color  val={FFFF} ]";
"[Tag 4:3  ]Oh! What is the matter, [Tag 2:0  ]?
You have an urgent look about you...
Has something happened?";
"Whatever it is, from the look on your face
I suspect it is no laughing matter...

[Tag 1:6 val={001E} ]What say you, [Tag 2:0  ]?";
"Do you wish to practice your skills with
the sword?
[Tag 1:7  ]Yes
No";
"[Tag 4:4  ]Do not begrudge the effort required to
build strength. If you change your mind,
come see me. I will be happy to train you.";
"Very good! Your first lesson shall be the
[Tag Color  val={0001} ]horizontal slice[Tag Color  val={FFFF} ][Tag Color  val={0000} ]! Face me and press [Tag 3:1  ].
Do not fear for my safety... I am ready for you![Tag Color  val={FFFF} ]";
"Very good. Next is the [Tag Color  val={0001} ]vertical slice[Tag Color  val={FFFF} ][Tag Color  val={0000} ]!
Hold [Tag Color  val={0000} ][Tag 3:25  ][Tag Color  val={0000} ] to [Tag Color  val={FFFF} ][Tag Color  val={0001} ]target[Tag Color  val={FFFF} ][Tag Color  val={0000} ] me, and then press [Tag 3:1  ]![Tag Color  val={FFFF} ]";
"Very good! Next is the [Tag Color  val={0001} ]thrust[Tag Color  val={FFFF} ][Tag Color  val={0000} ]!
[Tag Color  val={FFFF} ][Tag Color  val={0001} ]Target [Tag Color  val={FFFF} ][Tag Color  val={0000} ]with [Tag 3:25  ], and then tilt [Tag Color  val={0000} ][Tag 3:8  ] toward
me[Tag Color  val={0000} ] and press [Tag 3:1  ]. Come at me!
Thrust with your sword![Tag Color  val={FFFF} ]";
"Very good! Now finally, the [Tag Color  val={0001} ]jump attack[Tag Color  val={FFFF} ][Tag Color  val={0000} ]!
Draw your sword, [Tag Color  val={FFFF} ][Tag Color  val={0001} ]target[Tag Color  val={FFFF} ][Tag Color  val={0000} ], and press [Tag 3:0  ]![Tag Color  val={FFFF} ]";
"[Tag 4:5  ][Tag 1:0  ]That was a fine display![Tag 1:1  ]";
"You still have much to learn, but the skill
to become a master is in your veins. Do not
neglect your practice!";
"[Tag 4:6  ]Wrong! Press [Tag Color  val={0001} ]only [Tag Color  val={FFFF} ][Tag Color  val={0000} ][Tag 3:1  ]![Tag Color  val={FFFF} ]";
"[Tag 4:6  ][Tag Color  val={0001} ]Target[Tag Color  val={FFFF} ][Tag Color  val={0000} ] with [Tag Color  val={0000} ][Tag 3:25  ] [Tag Color  val={0000} ]and press [Tag 3:1  ] to perform a
[Tag Color  val={FFFF} ][Tag Color  val={0001} ]vertical slice[Tag Color  val={FFFF} ][Tag Color  val={0000} ]![Tag Color  val={FFFF} ]";
"[Tag 4:6  ]You [Tag Color  val={0001} ]thrust [Tag Color  val={FFFF} ][Tag Color  val={0000} ]by [Tag Color  val={FFFF} ][Tag Color  val={0001} ]targeting [Tag Color  val={0000} ]with [Tag Color  val={0001} ][Tag Color  val={0000} ][Tag 3:25  ][Tag Color  val={0001} ][Tag Color  val={FFFF} ][Tag Color  val={0000} ], tilting
[Tag Color  val={0000} ][Tag 3:8  ] toward me[Tag Color  val={0000} ], and pressing [Tag 3:1  ].[Tag Color  val={FFFF} ]";
"[Tag 4:6  ]You must perform a [Tag Color  val={0001} ]jump attack[Tag Color  val={FFFF} ][Tag Color  val={0000} ]! Draw your
blade, [Tag Color  val={FFFF} ][Tag Color  val={0001} ]target [Tag Color  val={0000} ]with[Tag Color  val={0001} ] [Tag Color  val={0000} ][Tag 3:25  ][Tag Color  val={0001} ][Tag Color  val={FFFF} ][Tag Color  val={0000} ], and press [Tag 3:0  ].[Tag Color  val={FFFF} ]";
"[Tag 4:3  ]What say you?";
"[Tag 1:0  ]Such a racket! Can't you keep quiet!?[Tag 1:1  ]
[Tag 1:6 val={001E} ]You've knocked everything off my
shelves, you dratted hooligan!";
"Ah! My brother upstairs is very high strung.
His is the way of knowledge. He locks
himself in his room and studies all day.

He is quite wise, but with that big head of
his, he is hardly...accommodating.


On top of it all, he is so very feeble! At
times, I am ashamed to call him my brother.";
"But enough of that, [Tag 2:0  ]! I sense
the natural talent that beats in your veins.


But you need more than talent to make it
in the world today. You must also be bold!
And to that end, I shall teach you the art
of swordplay.
What say you?";
"I am sure you can master the sword quickly,
as well!

What say you?";
"From now on, [Tag 2:0  ], you must
train your body constantly!";
"Press [Tag 3:0  ] while running to do a
[Tag Color  val={0001} ]rolling attack[Tag Color  val={FFFF} ][Tag Color  val={0000} ]! [Tag Color  val={FFFF} ][Tag Color  val={0001} ]Target[Tag Color  val={FFFF} ][Tag Color  val={0000} ] with [Tag Color  val={0000} ][Tag 3:25  ] [Tag Color  val={0000} ]and
press [Tag 3:0  ] while tilting [Tag 3:18  ] to jump.

Ah, yes! And remember, to do a [Tag Color  val={FFFF} ][Tag Color  val={0001} ]backflip[Tag Color  val={FFFF} ][Tag Color  val={0000} ],
just tilt [Tag 3:14  ] and press [Tag 3:0  ] while [Tag Color  val={0001} ]targeting[Tag Color  val={0000} ].[Tag Color  val={FFFF} ]";
"You should practice daily from now on.



By the way, [Tag 2:0  ], might you be
interested in learning the art of fencing?

What say you?";
"Press [Tag 3:0  ] while running to perform a
[Tag Color  val={0001} ]rolling attack[Tag Color  val={FFFF} ][Tag Color  val={0000} ]. [Tag Color  val={FFFF} ][Tag Color  val={0001} ]Target[Tag Color  val={FFFF} ][Tag Color  val={0000} ] [Tag Color  val={0000} ]with [Tag Color  val={0000} ][Tag Color  val={0000} ][Tag 3:25  ] [Tag Color  val={0000} ]and press [Tag 3:0  ]
while tilting [Tag 3:18  ] to [Tag Color  val={FFFF} ][Tag Color  val={0001} ]jump[Tag Color  val={FFFF} ][Tag Color  val={0000} ].

While [Tag Color  val={0001} ]targeting[Tag Color  val={0000} ], tilt [Tag 3:14  ] and press [Tag 3:0  ] to do
a [Tag Color  val={FFFF} ][Tag Color  val={0001} ]backflip[Tag Color  val={FFFF} ][Tag Color  val={0000} ]. Do not forget these things.[Tag Color  val={FFFF} ]";
"Good! ...Keep coming at me until you hear
me say "Very good!"";
"Keep swinging!";
"Very good! Keep thrusting!";
"Next is the [Tag Color  val={0001} ]spin attack[Tag Color  val={FFFF} ][Tag Color  val={0000} ]![Tag Color  val={FFFF} ][Tag Color  val={0001} ] Hold[Tag Color  val={FFFF} ][Tag Color  val={0000} ] [Tag 3:1  ] [Tag Color  val={FFFF} ][Tag Color  val={0001} ]briefly[Tag Color  val={FFFF} ][Tag Color  val={0000} ] to
build up your strength, and then release it!
[Tag 1:0  ](Or rotate [Tag 3:8  ] once and press [Tag 3:1  ].)[Tag 1:1  ][Tag Color  val={FFFF} ]";
"[Tag 4:6  ][Tag Color  val={0001} ]Hold [Tag Color  val={FFFF} ][Tag Color  val={0000} ][Tag 3:1  ] [Tag Color  val={FFFF} ][Tag Color  val={0001} ]briefly and release it [Tag Color  val={FFFF} ][Tag Color  val={0000} ]to do a
[Tag Color  val={FFFF} ][Tag Color  val={0001} ]spin attack[Tag Color  val={FFFF} ][Tag Color  val={0000} ]! (Or rotate [Tag 3:8  ] once and tap [Tag 3:1  ].)[Tag Color  val={FFFF} ]";
"Very good! More! Keep it up!";
"Come at me once more!";
"Next is harder! This is a [Tag Color  val={0001} ]parry attack[Tag Color  val={FFFF} ][Tag Color  val={0000} ].
[Tag Color  val={FFFF} ][Tag Color  val={0001} ]Target[Tag Color  val={FFFF} ][Tag Color  val={0000} ][Tag Color  val={0001} ] [Tag Color  val={0000} ]with [Tag Color  val={0001} ][Tag Color  val={0000} ][Tag 3:25  ][Tag Color  val={0001} ] [Tag Color  val={0000} ]until you see [Tag 3:19  ], and then
quickly press [Tag 3:0  ] to perform a defensive strike![Tag Color  val={FFFF} ]";
"Very good! And again! [Tag Color  val={0001} ][Tag Color  val={0001} ]Target[Tag Color  val={0001} ][Tag Color  val={0000} ][Tag Color  val={0001} ] [Tag Color  val={0000} ]with [Tag Color  val={0000} ][Tag 3:25  ][Tag Color  val={0000} ][Tag Color  val={0001} ][Tag Color  val={FFFF} ][Tag Color  val={0000} ][Tag Color  val={0001} ] [Tag Color  val={0000} ]and
watch closely for [Tag 3:19  ]![Tag Color  val={FFFF} ]";
"No! You can only perform a [Tag Color  val={0001} ]parry[Tag Color  val={FFFF} ][Tag Color  val={0000} ] by
[Tag Color  val={FFFF} ][Tag Color  val={0001} ][Tag Color  val={0001} ]targeting[Tag Color  val={0001} ][Tag Color  val={0000} ][Tag Color  val={0001} ] [Tag Color  val={0000} ]with [Tag Color  val={0000} ][Tag 3:25  ][Tag Color  val={0000} ][Tag Color  val={0001} ][Tag Color  val={FFFF} ][Tag Color  val={0000} ][Tag Color  val={0001} ] [Tag Color  val={0000} ]and pressing [Tag 3:0  ] when
you see the [Tag 3:19  ]![Tag Color  val={FFFF} ]";
"Ah? [Tag 1:11  ][Tag 2:0  ]? You are all right!";
"Why did you not tell me about Aryll?
[Tag 1:6 val={001E} ]That was thoughtless of you...";
"This island has seen hard times ever
since you departed...";
"Hmm... I do not know what you have been
doing on your journey, but you seem a little
more daring these days.

That look in your eye is not the one you
left here with.";
"Very good! Show me just how much you've
improved your sword skills!
[Tag 1:7  ]OK
Not now";
"If I must say so, your skills with the
sword are still at the level of a [Tag Color  val={0001} ]page[Tag Color  val={FFFF} ][Tag Color  val={0000} ]![Tag Color  val={FFFF} ]";
"Very good! Try to hit me [Tag Color  val={0001} ]100 times or more[Tag Color  val={FFFF} ][Tag Color  val={0000} ]
before I hit you [Tag Color  val={FFFF} ][Tag Color  val={0001} ]three times[Tag Color  val={FFFF} ][Tag Color  val={0000} ]![Tag Color  val={FFFF} ]";
"Very good, [Tag Color  val={0001} ]knight[Tag Color  val={FFFF} ][Tag Color  val={0000} ]![Tag Color  val={FFFF} ]";
"Now, try to hit me [Tag Color  val={0001} ]300 times[Tag Color  val={FFFF} ][Tag Color  val={0000} ] before I hit
you [Tag Color  val={FFFF} ][Tag Color  val={0001} ]three times[Tag Color  val={FFFF} ][Tag Color  val={0000} ]![Tag Color  val={FFFF} ]";
"You are still at the level of [Tag Color  val={0001} ]swordsman
[Tag Color  val={FFFF} ][Tag Color  val={0000} ]when it comes to your sword skills.[Tag Color  val={FFFF} ]";
"If you want to be a true master, you
must hit me [Tag Color  val={0001} ]500 times[Tag Color  val={FFFF} ][Tag Color  val={0000} ] before I hit you
[Tag Color  val={FFFF} ][Tag Color  val={0001} ]three times[Tag Color  val={FFFF} ][Tag Color  val={0000} ]![Tag Color  val={FFFF} ]";
"Are you happy just being a swordsman?
Surely you can do better than that!";
"Keep coming at me until I hit you
[Tag Color  val={0001} ]three times[Tag Color  val={FFFF} ][Tag Color  val={0000} ]![Tag Color  val={FFFF} ]";
"Do not hold back, Master [Tag 2:0  ].";
"Come at me as if I were your fiercest enemy!";
"This is all I can do for you, I am afraid!
Of course, I will always be happy to face
off against you...";
"Enough!";
"You couldn't pierce my defenses even [Tag Color  val={0001} ]once[Tag Color  val={FFFF} ][Tag Color  val={0000} ]...
What a poor showing. You must remember...
[Tag 1:6 val={001E} ]As you grow stronger in your skills,
others may grow stronger as well![Tag Color  val={FFFF} ]";
"You may come here to practice as often as
you like. I will always be happy to face off
against you.";
"[Tag Color  val={0001} ][Tag 2:8  ][Tag Color  val={FFFF} ][Tag Color  val={0000} ], eh...?
[Tag 1:6 val={001E} ]Remember, though you may grow in
strength, others grow stronger as well![Tag Color  val={FFFF} ]";
"Ah! [Tag Color  val={0001} ][Tag 2:8  ][Tag Color  val={FFFF} ][Tag Color  val={0000} ]! You have improved![Tag Color  val={FFFF} ]";
"I guess it was wrong of me to treat
you like you were still a lowly [Tag Color  val={0001} ]page[Tag Color  val={FFFF} ][Tag Color  val={0000} ].
You are a [Tag Color  val={FFFF} ][Tag Color  val={0001} ]page[Tag Color  val={FFFF} ][Tag Color  val={0000} ] no more!

Now you are a [Tag Color  val={FFFF} ][Tag Color  val={0001} ]knight[Tag Color  val={FFFF} ][Tag Color  val={0000} ]![Tag Color  val={FFFF} ]";
"Knight! It is not much, but it is now
yours! Take this with you!";
"It was wrong of me to treat you like a
child. From now on, you have my respect.


I shall call you [Tag Color  val={0001} ]swordsman[Tag Color  val={FFFF} ][Tag Color  val={0000} ]![Tag Color  val={FFFF} ]";
"Swordsman! You will likely need something
like this in your travels... Take it.";
"You have already become a fine [Tag Color  val={0001} ]swordsman[Tag Color  val={FFFF} ][Tag Color  val={0000} ].
But I am certain you can do even better![Tag Color  val={FFFF} ]";
"[Tag 1:11  ][Tag 2:0  ], take this!";
"Impressive, [Tag 2:0  ]! I lost count of
how many times you struck me!";
"You have learned all I have to teach,
Master [Tag 2:0  ]!";
"Master! It is not much to speak of, but
please, take this.";
"Ah. How...pleasant. My arm feels numb.



Master, is your left index finger not numb,
as well?";
"Master! Please, take this.";
"Ah. How...pleasant. My arm feels numb.


Master, is your left index finger not numb?";
"Impressive, Master [Tag 2:0  ]!";
"This is thanks for giving me a good lesson!";
"I have learned much.";
"Ah. We have not met for some time.";
"Do you wish to fight me again?
What say you, [Tag 2:0  ]?
[Tag 1:7  ]Sure
No thanks";
"It has been some time since I last saw you,
Master.";
"Shall we, [Tag 2:0  ]?
[Tag 1:7  ]Sure
No thanks";
"Wh-[Tag 1:6 val={0014} ]Why, that is...[Tag 1:6 val={0014} ][Tag 1:0  ]a [Tag Color  val={0001} ]Knight's Crest[Tag Color  val={FFFF} ][Tag Color  val={0000} ]![Tag 1:1  ][Tag Color  val={FFFF} ]";
"How many of those do you have?";
"Hmph!



Then I suppose the time has come for me to
speak to you about the crests...";
"The [Tag Color  val={0001} ]Knight's Crest[Tag Color  val={FFFF} ][Tag Color  val={0000} ]...[Tag 1:6 val={0014} ]
It is the symbol of a courageous knight...


But not just anyone can gather them...
No! It takes a soul who possesses not only
power but wisdom and courage as well!

Any courageous soul who gathers ten of
these crests can learn a powerful new
[Tag Color  val={FFFF} ][Tag Color  val={0001} ]sword technique[Tag Color  val={FFFF} ][Tag Color  val={0000} ]![Tag Color  val={FFFF} ]";
"Both my brother and I dreamt of learning
this technique in our youth. We worked so
hard to collect the crests...

But it took many long years and adventures
beyond count before we even approached
finding ten of them, and we both grew old...";
"It appears you have enough might to learn
that technique now.";
"Perhaps, just perhaps, you can master it!



Very good, [Tag 2:0  ]!
Heed my words!";
"[Tag 1:0  ]Hold [Tag 3:1  ] to build up power, and then release it![Tag 1:1  ]
[Tag 1:6 val={003C} ]Come at me, now! Do it!";
"Hold [Tag 3:1  ] to build up your power! Then
release it! Heed me! Try it again!";
"[Tag 1:11  ][Tag 2:0  ]! Where are you going!?
Hold [Tag 3:1  ] to build up your power, and
then release it!";
"Amazing, [Tag 2:0  ]! You did it! You
have mastered the [Tag Color  val={0001} ]Hurricane Spin[Tag Color  val={FFFF} ][Tag Color  val={0000} ]!


[Tag 1:2 val={005A} ]
At last, you have made our long-held dream
come true![Tag 1:3 val={005A} ][Tag Color  val={FFFF} ]";
"Oh, the joyful tears... They won't stop...



I thought my tears had dried up long ago.";
"There is nothing left for me to teach you!



I am certain now that you will save your
sister, Aryll, and bring her home to Outset!";
"[Tag 1:6 val={000A} ]...



Come see me once you have collected [Tag Color  val={0001} ]ten[Tag Color  val={FFFF} ][Tag Color  val={0000} ] of
the [Tag Color  val={FFFF} ][Tag Color  val={0001} ]Knight's Crests[Tag Color  val={FFFF} ][Tag Color  val={0000} ]!
Then I can teach you what they are for![Tag Color  val={FFFF} ]";
"I have nothing left to teach you!



I am certain you will save your sister,
Aryll, and return with her to Outset!";
"What are you doing!?[Tag 1:3 val={001E} ]";
"Hey! [Tag 1:11  ][Tag 2:0  ]![Tag 1:3 val={001E} ]";
"[Tag Size  val={0096} ]Ah! Stop! Desist![Tag 1:3 val={000C} ][Tag Size  val={0064} ]";
"What say you, [Tag 2:0  ]?";
"'Hoy! [Tag 1:11  ][Tag 2:0  ]! Press [Tag 3:25  ] right there
and use [Tag 3:0  ] to talk to me! Try it!";
"That's correct. You're a smart one!";
"You, my friend, have just [Tag Color  val={0001} ]targeted[Tag Color  val={FFFF} ][Tag Color  val={0000} ] me.
You see, when you [Tag Color  val={0000} ]press [Tag 3:25  ], [Tag Color  val={0000} ]you can target
certain objects. I, for one, use it quite often
to talk to folks who are far away from me.
Of course, even if there isn't anything
around to target, you can press [Tag Color  val={0000} ][Tag 3:25  ][Tag Color  val={0000} ] to face
forward, you know. It's quite handy, indeed.

There are a myriad of other ways to use
[Tag Color  val={FFFF} ][Tag Color  val={0001} ]targeting[Tag Color  val={FFFF} ][Tag Color  val={0000} ], as well. Quite an ingenious
little thing, if I do say so myself![Tag Color  val={FFFF} ]";
"Of course, that's not the only trick in my
bag. Not remotely! I can teach you a few
more things if you'll just climb up that
[Tag Color  val={0001} ]ladder[Tag Color  val={FFFF} ][Tag Color  val={0000} ] over there and drop by my room.[Tag Color  val={FFFF} ]";
"That [Tag Color  val={0001} ]targeting[Tag Color  val={FFFF} ][Tag Color  val={0000} ] you just did has a wide
range of uses, my boy! Most certainly!


For instance, you can use it to talk to
far-off people, or if there isn't anyone to
target, you can use it to face forward
quickly. It's quite ingenious, I should say![Tag Color  val={FFFF} ]";
"If you desire the benefits of my wisdom, I
can teach you many other things. Just climb
up that [Tag Color  val={0001} ]ladder[Tag Color  val={FFFF} ][Tag Color  val={0000} ] over there and come see me
in my room for some expert tutelage.[Tag Color  val={FFFF} ]";
"You're growing up, [Tag 2:0  ], which
means you're going to need as much wisdom
as you can get from this point forward!

And if you want to be wise, you must first
know things! 


Now, I was born before you, so I know all
sorts of things. Yes, I've been studying
all manner of topics for many years now.

Now, I can tell you're a smart lad...



Lately, I've been thinking it's time for me to
pass some of my wisdom down, and I think
you're the one I'm going to pass it down
to... Count yourself lucky, lad!";
"Everything that you see tacked to the walls
here is something that I've researched
thoroughly. And before you ask, yes,
I do know my filing system is odd.
Organizational issues aside, however, it's
all extremely useful information. You would
do well to read it all very carefully.
Reading leads to knowing, you know!";
"[Tag 1:0  ]Such a racket! Can't you keep quiet!?[Tag 1:1  ]
[Tag 1:6 val={001E} ]You've knocked everything off my
shelves, you dratted hooligan!";
"[Tag 1:6 val={003C} ]Honestly! The hooligan I'm referring to
is my younger and much less intelligent
brother, who lives just downstairs...

He hates studying. All day, every day, the
lout just exercises and practices with his
weapons. Does he exercise his brain? No!
The brain's a muscle, too! ...I think.
Anyway, the only thing he DOES study is
the art of fighting. Right now, for instance,
he's been studying [Tag Color  val={0001} ]fencing [Tag Color  val={FFFF} ][Tag Color  val={0000} ]and whatnot. As
if that's of any use to anyone...
He simply doesn't know how to do anything
besides exercise. I ask you, what's a
brother to do?[Tag Color  val={FFFF} ]";
"You're a smart lad, [Tag 2:0  ].



You'll find that everything I've written down
and tacked to my walls will be very useful
in life. A lifetime of knowledge, all for you!

You just be sure to take the time to read it
all through very carefully.


If you don't, you'll surely end up like that
useless hooligan of a little brother of mine
who lives downstairs.";
"Oh! [Tag 1:11  ][Tag 2:0  ]? You've come back!
And in one piece, too! Gracious!";
"My granddaughter tells me that your
grandmother is in poor health these days...


Now, I'm certain that a little [Tag Color  val={0001} ]fairy[Tag Color  val={FFFF} ][Tag Color  val={0000} ] dust
would provide all the lift her spirits need,
but... Well, the problem is, I haven't seen
any [Tag Color  val={FFFF} ][Tag Color  val={0001} ]fairies[Tag Color  val={FFFF} ][Tag Color  val={0000} ] in these parts recently.
Of course, long ago you could find a lot of
them up by the old [Tag Color  val={FFFF} ][Tag Color  val={0001} ]Fairy Fountain[Tag Color  val={FFFF} ][Tag Color  val={0000} ], and
you could even capture them in [Tag Color  val={FFFF} ][Tag Color  val={0001} ]empty
bottles[Tag Color  val={FFFF} ][Tag Color  val={0000} ]. Sure! It was easy as you please!
Yes, there was a time when I used to like
playing with fairies... Uh...ahem! In any
case, ever since the fountain was blocked
up by that [Tag Color  val={FFFF} ][Tag Color  val={0001} ]huge rock[Tag Color  val={FFFF} ][Tag Color  val={0000} ], I haven't seen a one...[Tag Color  val={FFFF} ]";
"I tell you, my boy, this island has seen
more than its share of trouble lately.


Night after night, monsters appear in town.
The fiends! They come to ravage our
peaceful little island. Why? None know.

And yet...it seems they don't desire to do
harm to us villagers... It's quite puzzling,
even for my larger-than-average intellect.";
"The island has fallen on hard times
lately, my young lad.


You must have noticed all the monsters
on your way here tonight. They come after
dark to ravage our poor little village.

And yet...it seems they are not here to
harm us villagers... Quite puzzling.";
"Before the [Tag Color  val={0001} ]Fairy Fountain[Tag Color  val={FFFF} ][Tag Color  val={0000} ] was plugged by
that [Tag Color  val={FFFF} ][Tag Color  val={0001} ]rock[Tag Color  val={FFFF} ][Tag Color  val={0000} ], you could always find fairies
there. In fact, long ago, I used to put them
in [Tag Color  val={FFFF} ][Tag Color  val={0001} ]empty bottles[Tag Color  val={FFFF} ][Tag Color  val={0000} ] and play with them.
I don't see many fairies these days, though.
It's sad, how life's little pleasures have
a way of slipping through the cracks of
time, isn't it? Ah, well.
In any case, your grandmother will need
some [Tag Color  val={FFFF} ][Tag Color  val={0001} ]fairy[Tag Color  val={FFFF} ][Tag Color  val={0000} ] dust if she is to get better.


Then again, I suppose seeing you and Aryll
safe and happy again is more important to
her than anything else![Tag Color  val={FFFF} ]";
"The monsters appear night after night
and rampage across the island.


What could they possibly want here?";
"Did you see them? They come every night
after dark. What could they want here?";
"Wh-Why, that's a [Tag Color  val={0001} ]Knight's Crest[Tag Color  val={FFFF} ][Tag Color  val={0000} ]!



Have you already shown that to my
[Tag Color  val={FFFF} ][Tag Color  val={0001} ]brother[Tag Color  val={FFFF} ][Tag Color  val={0000} ] downstairs?[Tag Color  val={FFFF} ]";
"[Tag Size  val={004B} ]Must you show it off like that...?[Tag Size  val={0064} ]";
"If you want to know what that thing is,
ask my [Tag Color  val={0001} ]brother[Tag Color  val={FFFF} ][Tag Color  val={0000} ] downstairs.[Tag Color  val={FFFF} ]";
"That was some racket outside, wasn't it!



On another topic entirely, maybe it's just
my age, but lately...I've had quite a hard
time seeing things from a distance.";
"What's the matter, my lad? You look pale...
Is everything all right?";
"So soon? My, my, my...
If you're already old enough to be wearing
those clothes...

...Then it's going to be very important for
you to gather as much wisdom as you can
from now on! If you're to make your way in
the world, that is, [Tag 2:0  ]!
Now, I've been studying a wealth of topics
since long before you were born. I'm what
you'd call a brain-of-all-trades!

You're a smart little fellow yourself, aren't
you? I've been thinking it's time for me to
pass some of my wisdom down, and maybe
you're the one I should pass it down to...";
"My stars! What was that racket outside?!";
"I just saw a [Tag Color  val={0001} ]wild[Tag Color  val={FFFF} ][Tag Color  val={0000} ]...a [Tag Color  val={FFFF} ][Tag Color  val={0001} ]wild pig[Tag Color  val={FFFF} ][Tag Color  val={0000} ]!
[Tag 1:6 val={001E} ]Ooh! See? Look! That black one there...
[Tag 1:6 val={001E} ]Don't you see him?

[Tag 1:6 val={000A} ]This is perfect! My wife was just telling
me how she really wanted a pet...


You ready to go grab it, [Tag 2:0  ]?
[Tag 1:6 val={001E} ]Now, you can't just run up on it!
Pigs are too alert to their surroundings
for you to just jog up and capture one.
If you want to get close to one, you have to
hold [Tag Color  val={0000} ][Tag 3:26  ][Tag Color  val={0000} ] to crouch and tilt [Tag 3:8  ] to crawl
slowly up behind it. [Tag 1:6 val={001E} ]Slow[Tag 1:6 val={001E} ]ly...

You could also distract it with bait, I guess.[Tag Color  val={FFFF} ]";
"Remember, you can't frighten those oinkers!
Hold [Tag Color  val={0000} ][Tag 3:26  ][Tag Color  val={FFFF} ] to crouch and use [Tag 3:8  ] to [Tag 1:6 val={001E} ]slow[Tag 1:6 val={001E} ]ly[Tag 1:6 val={0014} ]
crawl up behind them. And then POUNCE!!!
...Or you could just give them [Tag Color  val={0001} ]bait[Tag Color  val={FFFF} ][Tag Color  val={0000} ].[Tag Color  val={FFFF} ]";
"If you come across wild pigs, you've got to
be careful not to scare them. What you
need to do is open your heart to them.
...Yeah, you heard me right!
For example, you can feed them bait to
settle them down, or hold [Tag Color  val={0000} ][Tag 3:26  ][Tag Color  val={FFFF} ] and use [Tag 3:8  ] to
slowly crawl up behind them. That way,
you won't startle them and they'll like you.
Oh, and remember to [Tag Color  val={0001} ]put away [Tag Color  val={FFFF} ][Tag Color  val={0000} ]anything
you're holding before you press [Tag Color  val={0000} ][Tag 3:26  ][Tag Color  val={0000} ] to
crouch. You can't go crawling around with
stuff in your hands![Tag Color  val={FFFF} ]";
"Wild animals scare easily. Just trust me on
this one, all right?


The secret is to put them at ease by
feeding them bait. Or you can press
[Tag Color  val={0000} ][Tag 3:26  ][Tag Color  val={FFFF} ] and use [Tag 3:8  ] to sneak up on them.

Just remember to [Tag Color  val={0001} ]put away[Tag Color  val={FFFF} ][Tag Color  val={0000} ] anything you
have in your hand before you press [Tag Color  val={0000} ][Tag 3:26  ][Tag Color  val={0000} ]
to crouch.[Tag Color  val={FFFF} ]";
"[Tag 1:11  ][Tag 2:0  ], your sister, Aryll... She's...



[Tag 1:0  ]Don't tell me... [Tag 1:1  ][Tag 1:6 val={0014} ][Tag 1:0  ]You're not going to board
that ship[Tag Color  val={0000} ][Tag 1:1  ][Tag Color  val={FFFF} ][Tag 1:6 val={0014} ] and try to save her, are you?";
"Listen, I can imagine how you must feel...
but think about it for a second!


Setting out like this means many long hours
of toil and hardship lie ahead of you.


Are you really prepared to see this quest
all the way through to the end, without
giving up halfway through, [Tag 2:0  ]?!";
"Oh! [Tag 1:11  ][Tag 2:0  ]! You made it back!";
"Nasty things have been happening here at
night ever since you left on that boat...


You'd better head home early today...
And don't come out to play until long
after the sun has risen tomorrow.";
"The pig you caught for us has really grown
up since the last time you saw him, hasn't
he? You'd better believe it!";
"He's really put on the pounds, too. In fact,
I've had such a hard time getting him over
the fence lately that I didn't think I'd be
able to do it anymore without an assistant.
But look at you! You picked him up as if he
were light as a feather! That's unbelievable!
You know, [Tag 2:0  ]...

It doesn't seem like it's been all that long
since you first left here, but you're MUCH
stronger than I remember you being.";
"Say, [Tag 2:0  ], do you remember the
day you first caught this oinker and
brought him over here?

Just look at that thing! Isn't he a lot bigger
now than the last time you saw him? And
not just bigger... He's a lot heavier, too!";
"Say, [Tag 2:0  ], is there any way you
could pick him up and take him for a walk
for me? I'd really appreciate it! My
back is just killing me...";
"Isn't our pig just mind-bogglingly huge?
We caught him after you left the island,
but who knew he'd get so big?

Even if I wanted to take him out for a
walk, he's so heavy now that it's all I can
do just to heave him over the fence.";
"Say, [Tag 2:0  ], you look pretty
strapping... I bet you could lift him!
Could you do me a favor and take this guy
for a walk?";
"Isn't our pig just monstrously huge?
We caught him after you left, but I had no
idea he'd get so big!

Even if I wanted to take him for a walk,
it's all I can do to just get him outside
the fence, nowadays.";
"But...you just picked him up as if he were
light as a feather! That's mind blowing!


Wow, [Tag 2:0  ]! I didn't think it had
been that long since you first left, but
you must have been working out every day
since then! You're a powerhouse!";
"It's too dangerous to walk around outside
at night. I'm being serious, here.


If you want to play with the boys, come
back after the sun has come up. The boys
will be here waiting.";
"Hey, if you've got free time, why don't you
come back when it's light out and take our
pig for a walk?";
"You know our pet pig? Well, to be honest...
We named him after you! Lucky you!


He's very smart, just like you. And just like
you, when you feed him some [Tag Color  val={0001} ]bait[Tag Color  val={FFFF} ][Tag Color  val={0000} ], he starts
digging with all his might until he digs up
treasure. ...Wait, you don't do that![Tag Color  val={FFFF} ]";
"I'm still having trouble believing that you
were able to lift our pig up over your head
like that... You're so burly!";
"I wouldn't mind you testing your might by
picking up that pig, [Tag 2:0  ], as long
as you take him for a walk afterward.
What do you say?";
"Our pig is really smart, just like you.
But unlike you, when you feed him some
[Tag Color  val={0001} ]bait[Tag Color  val={FFFF} ][Tag Color  val={0000} ], he starts digging with all his might
until he digs up treasure.[Tag Color  val={FFFF} ]";
"You really should try it yourself...
But I don't know, [Tag 2:0  ]...
Do you even think you can lift him?";
"You're obviously strong enough to lift the
pig over the fence... Do you think you could
take him for a walk for me?";
"[Tag 1:11  ][Tag 2:0  ]...";
"If you have time, could you maybe take our
little [Tag 2:0  ] for a walk?";
"I suppose I should congratulate you on
your birthday, shouldn't I?


Well, to tell the truth, I could congratulate
myself, too. We just finished building our
little hutch and paddock today! Isn't it a
delightful addition to the place?
I was actually thinking of getting a pet and
keeping it here. The boys would really like
that, I'm sure. Boys love pets!";
"I wonder what kind of animal we should
get... What do kids like these days?
Listen, dearie, if you see any good pets
around, be a lamb and just bring one [Tag Color  val={0001} ]here[Tag Color  val={FFFF} ][Tag Color  val={0000} ].
[Tag 1:6 val={001E} ]If you do, I'll give you a little reward.
Oh! But we won't tell your grandma about
it, will we?[Tag Color  val={FFFF} ]";
"If you find an animal that would make a
good pet, just bring it here and put it
[Tag Color  val={0001} ]inside the fence[Tag Color  val={FFFF} ][Tag Color  val={0000} ], all right?[Tag Color  val={FFFF} ][Tag Color  val={0001} ]

[Tag Color  val={FFFF} ][Tag Color  val={0000} ]I'll give you a little spending money
if you do! And won't that be nice?[Tag Color  val={FFFF} ]";
"Why, did you bring that little [Tag Color  val={0001} ]piglet [Tag Color  val={FFFF} ][Tag Color  val={0000} ]all the
way here just for me?[Tag Color  val={FFFF} ]";
"Oh! Thank you! Thank you so much!
[Tag 1:6 val={003C} ]I've been thinking of getting a pet
pig for a while now. The boys will be SO
happy when they get home. You sweetie!
OK, [Tag 2:0  ]... Hold out your hand.
[Tag 1:6 val={001E} ]This is your reward! [Tag 1:6 val={001E} ]Don't spend
it all in one place!";
"Why, this little darling is cute as a button!
You know, it's so cute that I wouldn't mind
having [Tag Color  val={0001} ]even more of them[Tag Color  val={FFFF} ][Tag Color  val={0000} ]![Tag Color  val={FFFF} ]";
"Why, did you find [Tag Color  val={0001} ]these pigs[Tag Color  val={FFFF} ][Tag Color  val={0000} ] and bring
them here just for little old me?[Tag Color  val={FFFF} ]";
"Oh! Thank you! Thank you so much!
[Tag 1:6 val={003C} ]I've been thinking of getting a pet pig
for a while now. Oh, and the boys will
be SO happy when they get home.
OK, [Tag 2:0  ], hold out your hand...
[Tag 1:6 val={001E} ]This is your reward...
[Tag 1:6 val={001E} ]Don't spend it all in one place!";
"And this is our gratitude for [Tag 1:6 val={003C} ]bringing us
new family members!";
"Why, these little darlings are so adorable
that I wouldn't mind having [Tag Color  val={0001} ]even more of
them[Tag Color  val={FFFF} ][Tag Color  val={0000} ]! No, I wouldn't mind a bit![Tag Color  val={FFFF} ]";
"Why, did you find [Tag Color  val={0001} ]these pigs[Tag Color  val={FFFF} ][Tag Color  val={0000} ] and bring
them here just for little old me?[Tag Color  val={FFFF} ]";
"Oh! Thank you! Thank you so much!
[Tag 1:6 val={003C} ]I've been thinking of getting a pet pig
for a while now. Oh, and the boys will
be SO happy when they get home.
OK, [Tag 2:0  ], hold out your hand...
[Tag 1:6 val={001E} ]This is your reward...
[Tag 1:6 val={001E} ]Don't spend it all in one place!";
"And here's our gratitude for [Tag 1:6 val={003C} ]bringing us new
family members!";
"And finally, this is to congratulate you for
working so hard on your birthday!
[Tag 1:6 val={000F} ]Happy birthday to YOOOOOUUUU!!";
"I suppose now I'll have to name these
little oinking cutiekins...";
"Why, did you bring me another [Tag Color  val={0001} ]piglet[Tag Color  val={FFFF} ][Tag Color  val={0000} ]?



Oh, were you all worried that this little guy
would get lonely hanging out inside the
fence all by himself? That is the sweetest
thing I've ever heard!
Thank you SO much for bringing us yet
another family member.


[Tag 1:6 val={000F} ]Here's a little something for you![Tag Color  val={FFFF} ]";
"If you find any other [Tag Color  val={0001} ]little piggies[Tag Color  val={FFFF} ][Tag Color  val={0000} ],
you know where to bring them![Tag Color  val={FFFF} ]";
"Did you bring me another [Tag Color  val={0001} ]piglet[Tag Color  val={FFFF} ][Tag Color  val={0000} ]? What?
You brought me a pair?!


Oh, you thought this little guy would get
all lonely behind the fence by himself?
That is SO sweet! Now they can have a
little pig party in there! Sooo-eee!
Thank you so much for bringing us a new
family member!

[Tag 1:6 val={000F} ]Thank you, thank you, thank you![Tag Color  val={FFFF} ]";
"And this is for working so hard on
your birthday!";
"I suppose now I'll have to think up names
for these little cutie-poos...";
"Ooh! Ooh! Look at this one! You sure do
know where to find the cutest pigs on the
whole Great Sea! Hey, oinker! Oink! Oink!

Oh, now things will be ever so much more
lively in the pen. It'll be like a big pig
jamboree in here! [Tag 1:6 val={000F} ]Thank you so much!

[Tag 1:0  ]Oh! That's right...[Tag 1:1  ] [Tag 1:6 val={000F} ]I can't let you leave
without giving you a present...
Happy birthday, [Tag 2:0  ]!";
"I guess I'd better think up some names
for these little oinky-woinkies, huh?";
"[Tag 1:11  ][Tag 2:0  ]! Don't you worry about
giving them exercise. I'll take the pigs out
for a walk whenever they need it. Be a
lamb and leave them behind the fence, OK?";
"Any pig as cute as this one is welcome in
my pen! You just go ahead and bring me
[Tag Color  val={0001} ]however many[Tag Color  val={FFFF} ][Tag Color  val={0000} ] you like![Tag Color  val={FFFF} ]";
"Look at how much space there is in that
pen! I'll tell you what... If you find any
other lost little [Tag Color  val={0001} ]piggies[Tag Color  val={FFFF} ][Tag Color  val={0000} ], you just go right
ahead and bring them [Tag Color  val={FFFF} ][Tag Color  val={0001} ]here[Tag Color  val={FFFF} ][Tag Color  val={0000} ]! OK?[Tag Color  val={FFFF} ]";
"What should I name these little oinkers...?";
"Say, [Tag 2:0  ]...did something
happen to you?


You don't look well...";
"I'm so glad you're safe, [Tag 2:0  ]!



We've all been so worried...";
"And the boys have been longing to see
you again!";
"The boys will be so surprised to hear
you've returned! ...Just as soon as they
wake up, that is.";
"Oh, did you notice how large the pig you
gave us has grown? It's a king among pigs!";
"Things got so quiet and lonely after you
left the island...

So we decided to get a pet pig!";
"Oh, [Tag 2:0  ]! You look cute as a bug
in that outfit!";
"Today is your birthday, isn't it,
[Tag 2:0  ]? Well, how nice for you!";
"'Hoy, [Tag 2:0  ]!



Hey, is it true that if you just have a
little courage and [Tag Color  val={0001} ]run as fast as you can[Tag Color  val={FFFF} ][Tag Color  val={0000} ],
then you can jump to that rock out there?
Huh, is it? Is it? Tell me![Tag Color  val={FFFF} ]";
"Hey! Aren't you listening to me?
I've been trying to ask you...


Is it true that you can jump to that rock
out there just by [Tag Color  val={0001} ]running as fast as you
can[Tag Color  val={FFFF} ][Tag Color  val={0000} ]? I've gotta know, or I'll burst![Tag Color  val={FFFF} ]";
"Wow... I hope I'll be able to jump like
you someday, [Tag 2:0  ]...";
"[Tag 1:11  ][Tag 2:0  ], are you going somewhere?";
"Hey! Aren't you listening to me?



Don't go, [Tag 2:0  ]!";
"[Tag 5:12  ][Tag 1:11  ][Tag 2:0  ]!";
"[Tag 5:12  ]Lots and lots of things have happened here
since you left, [Tag 2:0  ]!";
"[Tag 5:21  ]First of all, my little brother doesn't wet
the bed anymore, so that's good, I guess.


And Mom got kind of chubby again.";
"[Tag 5:29  ][Tag Size  val={0096} ]Hey! You shush![Tag Size  val={0064} ]";
"[Tag 5:21  ]And, umm... Umm...";
"[Tag 5:21  ]Oh, yeah! And now, when you feed old
[Tag 2:0  ] [Tag Color  val={0001} ]bait[Tag Color  val={FFFF} ][Tag Color  val={0000} ], he gets real excited
and digs holes in the hard patches of
[Tag Color  val={FFFF} ][Tag Color  val={0001} ]black dirt [Tag Color  val={FFFF} ][Tag Color  val={0000} ]you see around the village.
He always finds treasure in them! Yeah![Tag Color  val={FFFF} ]";
"[Tag 5:29  ]Yes, we named the pig you caught for us
after you... I hope you don't mind!";
"[Tag 5:29  ]Yup, that's our pet pig's name...";
"[Tag 5:21  ]I can't believe all it takes to get
[Tag 2:0  ] all excited is a little bait.
Talk about a dummy!";
"[Tag 5:29  ]The pig! He's talking about our pig, not you!";
"[Tag 5:21  ]We don't have any other pigs anymore.



We used to, but then we had to...";
"[Tag 5:29  ][Tag Size  val={0096} ]Hey! You shush![Tag Size  val={0064} ]";
"[Tag 5:31  ]They just... They just ran away somewhere.



Yup! That's all! They just up and ran away
one day...
Yup...";
"[Tag 5:23  ][Tag 6:6  ]It was delicious!";
"[Tag 5:29  ][Tag Size  val={0096} ]Shush![Tag Size  val={0064} ]";
"[Tag 5:31  ]Th-[Tag 1:6 val={000A} ]The milk you just drank was delicious,
[Tag 1:6 val={000A} ]ri-[Tag 1:6 val={000A} ]right? That's what you meant, wasn't it,
my darling son?

What am I to do with these boys...?";
"[Tag 5:31  ]Oh,[Tag 1:6 val={000A} ] ho ho ho ho ho ho!";
"[Tag 5:21  ]But about those other pigs you caught
for us, [Tag 2:0  ]...";
"[Tag 5:21  ]Umm... See, [Tag 2:0  ]...";
"[Tag 5:31  ][Tag 1:11  ][Tag 2:0  ]... Shouldn't you go back to
your house? I mean, isn't your grandma
waiting for you?";
"[Tag 5:23  ][Tag 6:6  ]It was delicious!";
"[Tag 5:29  ][Tag Size  val={0096} ]Shush![Tag Size  val={0064} ]";
"[Tag 5:31  ]What am I to do about these boys...";
"[Tag 5:31  ]Oh,[Tag 1:6 val={000A} ] ho ho ho ho ho ho ho!";
"So? So? So?



[Tag 6:6  ]So...aren't those clothes hot?";
"[Tag 6:6  ][Tag 1:6 val={001E} ]So...what are you doin'?";
"[Tag 6:6  ][Tag 1:6 val={001E} ]No?";
"[Tag 6:6  ][Tag 1:6 val={001E} ]Don't go!";
"[Tag 5:12  ][Tag 6:6  ]Yay! [Tag 1:11  ][Tag 2:0  ]!!! It's [Tag 2:0  ]!!!";
"[Tag 5:21  ]So? So? So?";
"[Tag 5:23  ][Tag 6:6  ]So...did you save Aryll?";
"[Tag 5:29  ][Tag Size  val={0096} ]Hey! Shush![Tag Size  val={0064} ]";
"[Tag 5:31  ]I'm sorry, [Tag 2:0  ]. Don't you pay any
attention to him...";
"[Tag 5:21  ]So? So? So?";
"[Tag 5:23  ][Tag 6:6  ]So...haven't you saved Aryll yet?";
"[Tag 5:29  ][Tag Size  val={0096} ]Shush![Tag Size  val={0064} ]";
"[Tag 5:31  ]Oh,[Tag 1:6 val={000A} ] ho ho ho ho ho ho ho ho!";
"Umm... Your grandma was calling for you,
[Tag 2:0  ].


[Tag 6:6  ]And so was my mom!
";
"So? So? What's for dinner at your house
tonight, [Tag 2:0  ]?


[Tag 6:6  ]Can you come up the hill later and play?";
"[Tag 5:21  ]Don't pay any attention to him.";
"[Tag 5:21  ]Oh, ho ho ho ho ho ho!";
"[Tag 6:7  ]Ah! [Tag 6:0  ]'Hoy, Big Brother!



Did Grandma make that outfit for you?";
"[Tag 6:8  ][Tag 1:6 val={002D} ]But wow... You look like you'd be way too
hot[Tag 6:9  ] in those clothes...";
"[Tag 1:6 val={0008} ]I guess they're pretty neat, though!";
"So, anyway, [Tag 2:0  ]...



Can you [Tag 1:6 val={001E} ]close your eyes and hold out
your hand? Just for a second!";
"I'm going to give you my most treasured
belonging...but just for one day!";
"[Tag 1:0  ]So?[Tag 1:1  ][Tag 1:6 val={000A} ][Tag 1:0  ] Well?![Tag 1:1  ][Tag 1:6 val={000A} ] Do you like it?



I'm letting you borrow this [Tag Color  val={0001} ]special[Tag Color  val={FFFF} ][Tag Color  val={0000} ] gift
just because you're my big brother!
Aren't you lucky?! Hee hee hee! [Tag Color  val={FFFF} ]";
"Ooh, why don't you try it out! Right now!
Try looking over at our house from here!";
"Don't you know how to use my [Tag Color  val={0001} ]Telescope[Tag Color  val={FFFF} ][Tag Color  val={0000} ]?
It's really easy to use, Big Brother...


Press [Tag Color  val={0000} ][Tag 3:23  ][Tag Color  val={0000} ], and then [Tag Color  val={FFFF} ][Tag Color  val={0001} ]set[Tag Color  val={FFFF} ][Tag Color  val={0000} ] the [Tag Color  val={FFFF} ][Tag Color  val={0001} ]Telescope
[Tag Color  val={FFFF} ][Tag Color  val={0000} ]to [Tag 3:6  ],[Tag Color  val={0000} ] [Tag 3:5  ], or [Tag 3:4  ] on [Tag Color  val={0000} ]the Items screen.
Then you can use it just by pressing the
button you set it to! It's simple![Tag Color  val={FFFF} ]";
"Hey, what's that? [Tag 1:11  ][Tag 2:0  ]! Are you
looking at the [Tag Color  val={0001} ]red postbox[Tag Color  val={FFFF} ][Tag Color  val={0000} ]?[Tag 1:3 val={0078} ][Tag Color  val={FFFF} ]";
"The postman looks kinda weird, doesn't he?[Tag 1:3 val={0078} ]";
"[Tag Size  val={0096} ]AAAAAHH! [Tag 1:11  ][Tag 2:0  ]!
The sky! Look up in the sky![Tag Size  val={0064} ][Tag Size  val={0064} ][Tag 1:3 val={0078} ][Tag Size  val={0064} ]";
"[Tag 1:11  ][Tag 2:0  ], this is so terrible! That girl
fell into the [Tag Color  val={0001} ]forest[Tag Color  val={FFFF} ][Tag Color  val={0000} ]! You have to go help her![Tag Color  val={FFFF} ]";
"[Tag 1:11  ][Tag 2:0  ], this is so terrible! That girl
fell into the [Tag Color  val={0001} ]forest[Tag Color  val={FFFF} ][Tag Color  val={0000} ]! She needs help![Tag Color  val={FFFF} ]";
"...But it's too dangerous for you to go in
there without something you can use to
defend yourself with!";
"Wh-What are you going to do if you go into
the forest and that big bird attacks you?!


You need something to [Tag Color  val={0001} ]fight it off[Tag Color  val={FFFF} ][Tag Color  val={0000} ] with!!![Tag Color  val={FFFF} ]";
"Oh, I hope whoever fell into the forest is
all right! This is so terrible...";
"That giant bird has just been flying around
searching for whoever it dropped. It'll find
her soon, I just know it!

Oh, what do we do? What do we do? You
have to find her and save her, quickly!";
"Big Brother! Are you using [Tag 3:13  ] to [Tag Color  val={0001} ]zoom in[Tag Color  val={FFFF} ][Tag Color  val={0000} ]?[Tag 1:3 val={0078} ]
'Cause you should be![Tag Color  val={FFFF} ]";
"If you [Tag Color  val={0001} ]press [Tag Color  val={FFFF} ][Tag Color  val={0000} ][Tag 3:5  ], you can look through
the[Tag Color  val={FFFF} ][Tag Color  val={0001} ] Telescope[Tag Color  val={FFFF} ][Tag Color  val={0000} ]! Neat, huh?[Tag Color  val={FFFF} ]";
"If you [Tag Color  val={0001} ]press [Tag Color  val={FFFF} ][Tag Color  val={0000} ][Tag 3:6  ], you can look through
the[Tag Color  val={FFFF} ][Tag Color  val={0001} ] Telescope[Tag Color  val={FFFF} ][Tag Color  val={0000} ]! Neat, huh?[Tag Color  val={FFFF} ]";
"If you [Tag Color  val={0001} ]press [Tag Color  val={FFFF} ][Tag Color  val={0000} ][Tag Color  val={0000} ][Tag 3:4  ][Tag Color  val={0000} ], you can look through
the[Tag Color  val={FFFF} ][Tag Color  val={0001} ] Telescope[Tag Color  val={FFFF} ][Tag Color  val={0000} ]! Neat, huh?[Tag Color  val={FFFF} ]";
"Big Brother![Tag 1:3 val={001E} ]";
"[Tag Size  val={0096} ]Big Brother!![Tag 1:3 val={001E} ][Tag Size  val={0064} ]";
"I knew you'd be here!";
"Hee hee hee! This is my FAVORITE spot to
gaze out at the sea. When I play with the
gulls, I call it "Aryll's Lookout."";
"So, do you remember what day it is today?";
"...You're still half asleep, aren't you?";
"Did you forget?";
"Big Brother, it's your birthday!";
"That's why Grandma has been waiting for
you to come back to the [Tag Color  val={0001} ]house[Tag Color  val={FFFF} ][Tag Color  val={0000} ]! She's been
waiting for a while now...[Tag Color  val={FFFF} ]";
"It's a good thing I came to find you!";
"You should probably go home and see what
Grandma wants, don't you think?";
"Hurry up, Big Brother! Grandma is waiting
for you back at the [Tag Color  val={0001} ]house[Tag Color  val={FFFF} ][Tag Color  val={0000} ]! And I'm sure
everyone else on the island wants to say
hello to you, too![Tag Color  val={FFFF} ]";
"[Tag 6:8  ][Tag 1:6 val={002D} ]You always wear the same outfit...
[Tag 6:9  ]I think you need a new look...";
"Big Brother![Tag 1:3 val={001E} ]";
"[Tag Size  val={0096} ]HAPPY BIRTHDAY![Tag Size  val={0064} ][Tag Size  val={0064} ][Tag 1:3 val={003C} ][Tag Size  val={0064} ]";
"OOOWWWWCH!!![Tag 1:3 val={002D} ]";
"Wow. What's with that getup?
[Tag 1:6 val={001E} ]Well, whatever. So, where am I...?";
"Oh, that's right![Tag 1:6 val={000A} ] That giant bird came and...";
"Miss!
[Tag 1:6 val={000A} ][Tag Size  val={0096} ]Miss Tetra![Tag Size  val={0064} ]";
"Oh! Oh, thank... Thank goodness!
You're safe!


When I saw you get dropped on this summit,
I thought for sure you'd...";
"Summit?



So that bird dropped me on the top of
a mountain?";
"Well, wasn't that nice of it!";
"Well, don't just stand there!
[Tag 1:6 val={000A} ][Tag 1:0  ][Tag Size  val={0096} ]Let's go![Tag 1:1  ]
[Tag Size  val={0064} ][Tag Size  val={0064} ]Time to repay our debt to that bird in full![Tag Size  val={0064} ]";
"But, Miss...[Tag 1:6 val={000A} ] What about this boy?";
"Don't worry about him. Come on!";
"'Hoy! Big Brother![Tag 1:3 val={002D} ]";
"[Tag Size  val={00C8} ]Brother!!![Tag 1:3 val={003C} ][Tag Size  val={0064} ]";
"Uhhn! [Tag 1:6 val={0014} ][Tag 1:0  ]Stupid[Tag 1:1  ] [Tag 1:6 val={0014} ][Tag 1:0  ]kid![Tag 1:1  ]
[Tag 1:6 val={0014} ]Get ahold of yourself! She's gone.
There's nothing you can do.";
"[Tag 1:0  ]What?!?[Tag 1:1  ]
[Tag 1:6 val={0014} ]You want to come with us on our ship?";
"Do you understand what you're asking?
We're pirates! You know... PIRATES!
The terror of the seas!

What do we get out of bringing some
helpless little kid along with us?
I'll tell you what we get...a headache.

I know how you must feel, with your
sister having been kidnapped and all...


But that doesn't really have anything to
do with us, now does it?";
"And how do you figure that...?";
"Whoa, whoa, whoa there! Just who are
you?! Where do you get off butting in on
someone else's conversation?!";
"Please! All I mean to say is that if you
big, bad pirates hadn't come to this quiet
little island...

That poor girl wouldn't have been snatched
away by that bird.";
"And just what do you mean by that?";
"Just be quiet for a moment, and I'll tell you!



Now, as my work entails delivering letters,
I spend much of my time traveling amongst
the many different islands. As a result,
I hear many things...
Haven't any of you heard word that young
girls have been getting kidnapped lately
from all regions of the Great Sea?

No matter. Whether you've heard it or not,
that seems to be the case. Young girls with
[Tag Color  val={0001} ]long ears[Tag Color  val={FFFF} ][Tag Color  val={0000} ] like yours have been getting
kidnapped, never to be seen again.
And unless my eyes fail me, the young girl
who was just kidnapped from this island
also has [Tag Color  val={FFFF} ][Tag Color  val={0001} ]long ears[Tag Color  val={FFFF} ][Tag Color  val={0000} ], does she not? Much
like YOU do, Miss Fearsome Pirate.
My point is that the bird mistook that poor
girl for you, and that's why it grabbed her![Tag Color  val={FFFF} ]";
"......";
"And correct me if I'm wrong, but I believe it
was young [Tag 2:0  ] here who saved
you from the monsters in the forest,
wasn't it?";
"...Is this true?";
"Oh![Tag 1:6 val={0014} ] And while I'm at it...



I may as well tell you that the bird that
kidnapped both you and [Tag 2:0  ]'s
sister has made its foul nest to the north,
on the heights of the [Tag Color  val={0001} ]Forsaken Fortress[Tag Color  val={FFFF} ][Tag Color  val={0000} ].[Tag Color  val={FFFF} ]";
"The Forsaken Fortress?!



Isn't that the place where...";
"So, what are you going to do?



Under the circumstances, I don't think it
would be unreasonable for you to give
[Tag 2:0  ] a little help, now, would it?";
"Hmph... I don't need you to tell me that!";
"Even if I were to consider it...
Lately, I've heard nothing but evil rumors
about this [Tag Color  val={0001} ]Forsaken Fortress[Tag Color  val={FFFF} ][Tag Color  val={0000} ]...

You can't possibly mean to go there with
nothing but that cheap little sword!
That's not brave! It's stupid!

I mean, come on! Even a simple little island
like this has to have something you could
use as a [Tag Color  val={FFFF} ][Tag Color  val={0001} ]shield[Tag Color  val={FFFF} ][Tag Color  val={0000} ]. You know, something to
protect yourself with? Anything?
Tell you what. If you come back with
something like that, we'll let you stow
away on our ship.

Oh, and one more thing: once we leave,
you won't be coming back here for a while,
so you'd better go say good-bye to your
family while you have the chance.
I don't want you getting all weepy eyed
and homesick on me![Tag Color  val={FFFF} ]";
"Are you ready?
[Tag 1:7  ]Yes
No";
"Well, hurry up, already! If you take much
longer, we're going to leave without you!
Don't think we won't!";
"This is a terrible situation, [Tag 2:0  ]...
I'm truly sorry.


Unfortunately, I can't go in your stead...
but if anything happens, please come to my
island. I will do what I can to aid you.";
"Don't worry about your home while you're
gone. If anything bad happens, I promise to
bring word of it to you. I swear it!";
"She can't be serious! What is she thinking,
bringing a shrimp like you on board?!
Talk about a joke...

Boy, Miss Tetra's impulsive nature sure has
a way of landing us in hot water...";
"Listen, shrimp, whatever young Miss says
goes, so do what you have to do and be
quick about it, yeah?";
"Heya, shrimplet! Are you gonna be our new
pirate swabbie?


...'Cause any new swabbie reports to me!";
"Helloooooooo, new pirate swabbie!
Goooooood-bye, dirty pirate underwear!";
"Yes! This means I don't have to wash the
other pirates' dirty underpants anymore!";
"Shrimp! If you're going to go sailing on a
pirate ship, you better be prepared to
become a pirate, yeah?

'Cause if you get scared and start begging
and crying at us to let you off the ship
somewheres, then you're guaranteed to end
up as shark bait!";
"Good luck, [Tag 2:0  ]![Tag 1:3 val={003C} ]";
"Good luck finding Aryll![Tag 1:3 val={003C} ]";
"Take care of yourself![Tag 1:3 val={003C} ]";
"Ugh... How much longer is this going to go
on, do you think? Do you have an estimate?";
"Are you sure you shouldn't just quit right
now? Seriously, think about it.";
"I can tell you're just going to get more
sentimental from here on out.";
"There's still time, you know...
[Tag 1:6 val={0014} ]Are you sure we shouldn't just turn around
and take you back to your island?";
"Did you find anything you can use as a
[Tag Color  val={0001} ]shield[Tag Color  val={FFFF} ][Tag Color  val={0000} ]? Anything at all? No?


You'd better hurry up and find one before
I change my mind!![Tag Color  val={FFFF} ]";
"Wow, that's a decrepit old shield...
Are you sure you can still use that thing?
Are you going to get splinters and cry?

Well, whatever...
If you're ready, then let's go!";
"Are you sure you're ready to do this?



Because we don't have time to play little
kiddie games with you! Got it? Good!
Then let's go!";
"Gooood moooorrrning!";
"Gooood eeeevening!";
"Welcome to the Island Postal Service!
What do you have for delivery?";
"[Tag 1:0  ]Kah-chunk![Tag 1:1  ] Puhhh-whirrrr!";
"Krzzzzt![Tag 1:0  ] PAHHHFT![Tag 1:1  ]
[Tag 1:6 val={000A} ]This item cannot be delivered.";
"Krzzzzt![Tag 1:0  ] PAHHHFT![Tag 1:1  ]
[Tag 1:6 val={000A} ]This letter has no addressee written on it.
Please deliver it yourself...";
"Letters for [Tag 2:0  ]?
We have [Tag Color  val={0001} ][Tag 2:12  ][Tag Color  val={FFFF} ][Tag Color  val={0000} ]![Tag Color  val={FFFF} ]";
"This postbox is near the mail center on
Dragon Roost Island.

Postage is only [Tag Color  val={0001} ]5 Rupees[Tag Color  val={FFFF} ][Tag Color  val={0000} ].[Tag Color  val={FFFF} ]";
"Postage for this parcel is [Tag Color  val={0001} ]10 Rupees
[Tag Color  val={FFFF} ][Tag Color  val={0000} ]from this postbox.[Tag Color  val={FFFF} ]";
"This postbox is quite far from Dragon
Roost Island.


Postage for this parcel is [Tag Color  val={0001} ]20 Rupees
[Tag Color  val={FFFF} ][Tag Color  val={0000} ]from here.[Tag Color  val={FFFF} ]";
"Do you wish to send this now?
[Tag 1:7  ]Yes
No";
"Krzzzzt![Tag 1:0  ] PAHHHFT![Tag 1:1  ]
[Tag 1:6 val={000A} ]When you're ready to send something,
the Island Postal Service is ready to serve!
";
"Krzzzzt![Tag 1:0  ] PAHHHFT![Tag 1:1  ]
[Tag 1:6 val={000A} ]You do not have enough [Tag Color  val={0001} ]Rupees[Tag Color  val={FFFF} ][Tag Color  val={0000} ]!
This parcel cannot be delivered.[Tag Color  val={FFFF} ]";
"[Tag 4:69  ]Your parcel has hereby been accepted for
delivery. Thank you for using the Island
Postal Service. We appreciate your business!";
"This parcel has been sent
[Tag Color  val={0001} ]Cash-On-Delivery[Tag Color  val={FFFF} ][Tag Color  val={0000} ].[Tag Color  val={FFFF} ]";
"Postage due is [Tag Color  val={0001} ]10 Rupees[Tag Color  val={FFFF} ][Tag Color  val={0000} ]. Will you pay?
[Tag 1:7  ]Yes
No[Tag Color  val={FFFF} ]";
"Please be sure to come pick it up later.";
"You do not have enough [Tag Color  val={0001} ]Rupees[Tag Color  val={FFFF} ][Tag Color  val={0000} ].
You may not pick up the parcel until you
pay the postage.[Tag Color  val={FFFF} ]";
"Here is your letter.";
"Postage due is [Tag Color  val={0001} ]201 Rupees[Tag Color  val={FFFF} ][Tag Color  val={0000} ]. Will you pay?
[Tag 1:7  ]Yes
No[Tag Color  val={FFFF} ]";
"  Dear [Tag 2:0  ],



  If you are reading this letter, it can only
  mean you have peeked into one of our
  many postboxes.

  I am indebted to you. I am very sorry I
  let you leave without thanking you.
  Please accept my heartfelt apology
  along with my thanks.
  We cannot do much to help you, but we
  can at least do this: if we get any
  letters or parcels for you, we will
  deliver them to a [Tag Color  val={0001} ]postbox[Tag Color  val={FFFF} ][Tag Color  val={0000} ] near you.
  If you see any [Tag Color  val={FFFF} ][Tag Color  val={0001} ]wiggling[Tag Color  val={FFFF} ][Tag Color  val={0000} ] postboxes,
  please look inside them.


  I suppose you have a long way to go
  before your perilous journey is done.
  I have included a gift for you with my
  letter in the hope that it might help you.
  Please accept this small token. I look
  forward to the day that we meet again.


  May Fortune Fill Your Wings
                         From Komali's Father[Tag Color  val={FFFF} ]";
"     Notice from [Tag Color  val={0001} ]Beedle's Shop Ship[Tag Color  val={FFFF} ][Tag Color  val={0000} ]!



  It's time for our semiannual Big Chance
  Extravaganza! We have a new product
  that has burst onto the scene: [Tag Color  val={FFFF} ][Tag Color  val={0001} ]bombs[Tag Color  val={FFFF} ][Tag Color  val={0000} ]!!!

  We're having an extra-special sale on
  this choice item for a limited time only!
  You'll know where to find us by checking
  the enclosed [Tag Color  val={FFFF} ][Tag Color  val={0001} ]Beedle Shop Ship Chart[Tag Color  val={FFFF} ][Tag Color  val={0000} ]!
  Visit a Beedle Shop Ship near you today!
  (Offer not available in all regions.)



  Don't miss this HUGE opportunity!!!
                                     Beedle[Tag Color  val={FFFF} ]";
"  Yo! How ya been, man? I gotta tell ya,
  you really helped me out back there at
  the Mail Center. I appreciate it!

  I've been trying real hard ever since then,
  but my postman skills are still weak.
  I just can't seem to hit 22 letters!
  I doubt I'll ever be as good as you, man.
  So anyway, I've been hearing all kinds of
  crazy tales about you, and I figured I
  just had to write you a letter.

  It sounds like you're doing some pretty
  amazing stuff, man! You're great!
  You're awesome! You're...the man, man!

  You can probably tell that I had no idea
  what to write, but hey, I figured the
  least I could do would be to send you
  a letter of encouragement.
  So... Yay, man, yay!
  Go, man, go! Go! Go!
  Never give up! Never lose hope!

  And while I don't make much, I'm sending
  you the wages I've earned lately. Just
  doing my part! Hope it helps!

  I'm really sorry I had to send this COD,
  but I guess that's the price of fame!
            Take care!
     Thanks again, boss!          From Baito";
" [Tag Size  val={0064} ]If you wish to be a true[Tag Size  val={0064} ][Tag Size  val={0064} ]
 [Tag Size  val={0064} ][Tag Size  val={0064} ]swordsman...


[Tag Size  val={0064} ][Tag Size  val={0064} ]Find some [Tag Color  val={0001} ]Knight's Crests[Tag Color  val={FFFF} ]!
[Tag Size  val={0064} ][Tag Color  val={0000} ][Tag Size  val={0096} ][Tag Size  val={0064} ]And return to me![Tag Size  val={0096} ]
[Tag Size  val={0064} ][Tag Color  val={FFFF} ][Tag Size  val={0064} ]
                                                    [Tag Size  val={0064} ][Tag Size  val={0064} ]Orca[Tag Size  val={0064} ][Tag Size  val={0064} ][Tag Color  val={0000} ][Tag Size  val={0064} ]   [Tag Size  val={0064} ]     [Tag Color  val={FFFF} ][Tag Size  val={0064} ]";
"  I'm sorry to disturb you with this
  unsolicited letter. If the following does
  not interest you, please throw the letter
  away without a second thought.

  BUT THIS IS YOUR BIG CHANCE!!!


  Do you have need of an [Tag Color  val={0001} ]empty bottle[Tag Color  val={FFFF} ][Tag Color  val={0000} ],
  a [Tag Color  val={FFFF} ][Tag Color  val={0001} ]Piece of Heart[Tag Color  val={FFFF} ][Tag Color  val={0000} ], or a [Tag Color  val={FFFF} ][Tag Color  val={0001} ]Treasure Chart[Tag Color  val={FFFF} ][Tag Color  val={0000} ]?
  We have them at special bargain prices.

  BUT WE HAVE ONLY ONE OF EACH!



  If you're interested, go to the Shop Ship
  near [Tag Color  val={FFFF} ][Tag Color  val={0001} ]Rock Spire Island[Tag Color  val={FFFF} ][Tag Color  val={0000} ]. First come,
  first served! I can't wait to serve you!

  To those who took the time to read this
  letter...please accept my humble thanks.
     Asst. Manager, Rock Spire Shop Ship[Tag Color  val={FFFF} ]";
"Well met, Hyrule King!";
"Well met indeed, Jabun. I am pleased to see
that you are safe...";
"The events that we have long feared seem
to have been set into motion.";
"Yes. It seems Ganon has returned. There can
be no other explanation.";
"If you have sought me out...it must mean
you have found the Hero of Time,
does it not?";
"Unfortunately, that is not so.";
"Then for what purpose have you come to
see me?";
"The one I have brought with me has no
connection to the legendary one.


And yet I sense great promise in the
[Tag Color  val={0001} ]courage[Tag Color  val={FFFF} ][Tag Color  val={0000} ] that this one possesses.[Tag Color  val={FFFF} ]";
"Promise?



You suggest that I leave the fate of Hyrule
up to mere chance?";
"I do. It is the only way.";
"I see. Then I suppose it is up to the gods
to deem whether his courage is true.";
"I give to you the guidepost to the gods.";
"This jewel should dispel the curse that
Ganon has cast upon this land.";
"So...that foul rain and endless night were
indeed elements of a curse brought on us
by Ganon! He must intend to cast this land
into pure darkness for all time...";
"Tell me, Hyrule King...
Have you learned the whereabouts of the
one who carries on the bloodline of the
princess, Zelda?";
"...I believe I have.";
"That is well. You must protect Zelda.
She cannot be permitted to fall into the
hands of Ganon.

I am counting on you!";
"[Tag Color  val={0001} ]Ganon's curse[Tag Color  val={FFFF} ][Tag Color  val={0000} ] has been broken by the
power of the pearl that Jabun gave us,
so morning should come soon. It is well
that we have gathered [Tag Color  val={FFFF} ][Tag Color  val={0001} ]all of the pearls[Tag Color  val={FFFF} ][Tag Color  val={0000} ].

Are you ready, [Tag 2:0  ]?


I have [Tag Color  val={FFFF} ][Tag Color  val={0001} ]marked [Tag Color  val={FFFF} ][Tag Color  val={0000} ]the places where you must[Tag Color  val={FFFF} ][Tag Color  val={0001} ]
[Tag Color  val={FFFF} ][Tag Color  val={0000} ]set the [Tag Color  val={FFFF} ][Tag Color  val={0001} ]pearls[Tag Color  val={FFFF} ][Tag Color  val={0000} ] on your [Tag Color  val={FFFF} ][Tag Color  val={0001} ]Sea Chart[Tag Color  val={FFFF} ][Tag Color  val={0000} ].[Tag Color  val={FFFF} ][Tag Color  val={0001} ]


[Tag Color  val={FFFF} ][Tag Color  val={0000} ]Once you have placed each of the pearls in
its proper location, the proving grounds for
your courage will become apparent.[Tag Color  val={FFFF} ]";
"Clearly, the search for Jabun has shown
that Ganon has begun to make efforts to
block our path forward.

It is certain that the perils ahead will be
greater than any you have faced thus far.


You should finish any business you have
here on Outset right now, so that you shall
not have any regrets later.";
"What is the matter, [Tag 2:0  ]?



Is the place you should be seeking not
marked on your [Tag Color  val={0001} ]Sea Chart[Tag Color  val={FFFF} ][Tag Color  val={0000} ]?[Tag Color  val={FFFF} ]";
"What is the matter, [Tag 2:0  ]?
Feel free to take a detour if something
catches your eye, but don't lose sight of
the objective [Tag Color  val={0001} ]marked[Tag Color  val={FFFF} ] on your Sea Chart!";
"[Tag 1:11  ][Tag 2:0  ]... I sense that terrible things
are happening...


Quickly! We must hurry on to the place
[Tag Color  val={0001} ]marked[Tag Color  val={FFFF} ][Tag Color  val={0000} ] on your Sea Chart![Tag Color  val={FFFF} ]";
"What is the matter, [Tag 2:0  ]?



We must get to [Tag Color  val={0001} ]Windfall[Tag Color  val={FFFF} ][Tag Color  val={0000} ] quickly and see
what we can learn of the [Tag Color  val={FFFF} ][Tag Color  val={0001} ]pirates' [Tag Color  val={FFFF} ][Tag Color  val={0000} ]motives.[Tag Color  val={FFFF} ]";
"What is the matter, [Tag 2:0  ]?
It is time for you to return to your
homeland. We must sail to [Tag Color  val={0001} ]Outset Island[Tag Color  val={FFFF} ][Tag Color  val={0000} ].[Tag Color  val={FFFF} ]";
"We cannot get inside the [Tag Color  val={0001} ]cave [Tag Color  val={FFFF} ][Tag Color  val={0000} ]unless you
can destroy the [Tag Color  val={FFFF} ][Tag Color  val={0001} ]stone slab[Tag Color  val={FFFF} ][Tag Color  val={0000} ] that blocks its
entrance...and you must do it before we are
sucked into the whirlpool!
I suppose the only way to destroy a stone
slab that large is to break it into pieces,
[Tag Color  val={FFFF} ][Tag Color  val={0001} ]starting at the top[Tag Color  val={FFFF} ][Tag Color  val={0000} ]. Take care not to waste
your [Tag Color  val={FFFF} ][Tag Color  val={0001} ]bombs[Tag Color  val={FFFF} ][Tag Color  val={0000} ].[Tag Color  val={FFFF} ]";
"You must set one [Tag Color  val={0001} ]pearl[Tag Color  val={FFFF} ][Tag Color  val={0000} ] in each of the
locations marked on your Sea Chart.
At that time, the place where your courage
will be tested shall become clear to us.
Come! We must press on, undeterred by the
rising tide of Ganon's evil designs![Tag Color  val={FFFF} ]";
"Beyond this place, you must do battle with
the power of the gods...but even as you do
so, you must also borrow that power!";
"What are you doing?!



Quickly! You must rise up and meet the
challenge of the [Tag Color  val={0001} ]Tower of the Gods[Tag Color  val={FFFF} ][Tag Color  val={0000} ].
It is the only way you can get the strength
you need to save your sister![Tag Color  val={FFFF} ]";
"The power you must obtain lies ahead,
hidden [Tag Color  val={0001} ]within the castle[Tag Color  val={FFFF} ][Tag Color  val={0000} ].


Go. Enter the castle. Do not get lost![Tag Color  val={FFFF} ]";
"At long last, our preparations are complete.
You must return to me so that we can return
by the same path that brought us here.

The time has come to save your sister from
her prison in the Forsaken Fortress!
Hurry, [Tag 2:0  ]!";
"Why do you delay? We must head for the
[Tag Color  val={0001} ]Forsaken Fortress[Tag Color  val={FFFF} ][Tag Color  val={0000} ] to save your sister![Tag Color  val={FFFF} ]";
"Your sister is being held at the top of the
[Tag Color  val={0001} ]central tower[Tag Color  val={FFFF} ][Tag Color  val={0000} ]! [Tag 1:6 val={000A} ]...I hope you have not
forgotten how to get there![Tag Color  val={FFFF} ]";
"The temples where the sages await cannot
be entered easily.


It is at times such as this when one would
be wise to gather information from [Tag Color  val={0001} ]those
who live in the seas[Tag Color  val={FFFF} ][Tag Color  val={0000} ] nearby.[Tag Color  val={FFFF} ]";
"So, Ganon's reach has extended to the very
sages themselves...


The hint that will help us find the [Tag Color  val={0001} ]new sage
[Tag Color  val={FFFF} ][Tag Color  val={0000} ]can be found in the [Tag Color  val={FFFF} ][Tag Color  val={0001} ]shape of the instrument
[Tag Color  val={FFFF} ][Tag Color  val={0000} ]on the [Tag Color  val={FFFF} ][Tag Color  val={0001} ]rock door[Tag Color  val={FFFF} ][Tag Color  val={0000} ].

Does it not look familiar to you?[Tag Color  val={FFFF} ]";
"What is the matter? 
[Tag 1:11  ][Tag 2:0  ], don't tell me you've
forgotten the temple's location?";
"Why do you tarry? Power has not fully
returned to the Master Sword...";
"The Master Sword's power still has not
fully returned. Perhaps I am mistaken,
but I fear the worst for the sage in
the remaining temple.
You must hurry, [Tag 2:0  ]!";
"You must guide a [Tag Color  val={0001} ]new sage [Tag Color  val={FFFF} ][Tag Color  val={0000} ]to the remaining
[Tag Color  val={FFFF} ][Tag Color  val={0001} ]temple[Tag Color  val={FFFF} ][Tag Color  val={0000} ] if the Master Sword is to regain all
of its power!

If we are ever to ease poor [Tag Color  val={FFFF} ][Tag Color  val={0001} ]Fado's[Tag Color  val={FFFF} ][Tag Color  val={0000} ] regret,
we must seek out the new sage![Tag Color  val={FFFF} ]";
"Why do you delay? You must guide this
one to the temple if the power to repel
evil is to be returned to the Master Sword!";
"What distracts you? The Master Sword still
has not recovered the power to repel evil...";
"We cannot return to Hyrule without first
re-forming a piece of the Triforce.


It is now our duty to gather the
[Tag Color  val={0001} ]eight Triforce Shards[Tag Color  val={FFFF} ][Tag Color  val={0000} ]![Tag Color  val={FFFF} ]";
"The Triforce you possess is complete.
We must make for the [Tag Color  val={0001} ]Tower of the Gods
[Tag Color  val={FFFF} ][Tag Color  val={0000} ]and return to Hyrule.[Tag Color  val={FFFF} ]";
"What are you doing? The path to Hyrule
has already been opened! We must return
to where Princess Zelda waits!";
"I am concerned about Princess Zelda...
Quickly! Go into the castle and confirm
her safety!";
"So, despite our efforts, the princess has
fallen into Ganon's hands...

Yet all is not lost...
Beyond the bridge on the far side of the
castle stands [Tag Color  val={0001} ]Ganon's Tower[Tag Color  val={FFFF} ][Tag Color  val={0000} ]. I am certain
Zelda is being held there.

Now that the Master Sword is once again
blessed with the power to repel evil,
you should be able to break through
[Tag Color  val={FFFF} ][Tag Color  val={0001} ]Ganon's Barrier[Tag Color  val={FFFF} ][Tag Color  val={0000} ] and enter the tower![Tag Color  val={FFFF} ]";
"Long ago, Ganon's Tower was an
impenetrable fortress that not even
the daring and dauntless Knights of
Hyrule could hope to assail.
You must sharpen your senses so as not to
fall victim to Ganon's illusions.";
"If you wish to return to the world above,
then climb aboard and enter the light!";
"The world above is still calm and peaceful.
...But the future is bleak. If Ganon is able
to absorb Zelda's powers...

[Tag 1:11  ][Tag 2:0  ], we must return to Ganon's
Tower as soon as your errands are
complete. You must rescue Zelda from
Ganon's clutches at all costs!";
"Ganon has likely been made aware of our
little incursion already...


...But you have the Master Sword!



That sword shall shine in the darkness,
casting back evil... With it in your hands,
none can keep you from rescuing your
sister!
Do not be afraid!";
"I see... So this is the portal through which
Ganon was able to seep into the
unsuspecting world above...

[Tag 1:11  ][Tag 2:0  ], we shall make use of this
path that Ganon created for himself.


If there is anything from the world above
that you believe you need, then climb into
the boat and enter the column of darkness!";
"If we stay here much longer, our foes may
be drawn to Zelda's whereabouts. Climb
into the boat, and let us return to the world
above the sea before that happens!";
"[Tag 1:11  ][Tag 2:0  ], are you surprised to see me
in a place like this?


Our destined meeting does not normally
happen so soon, but I thought I would come
see you as a special treat.[Tag 1:6 val={001E} ] That said, you can
get on board and set the sail with [Tag 3:0  ].
And look—you have the Wind Waker, too!
To change wind direction, press up on [Tag 3:34  ] to
hold the Wind Waker, and then perform the
[Tag Color  val={0001} ]Wind's Requiem[Tag Color  val={FFFF} ].";
"Once on board, you can set sail with [Tag 3:0  ].
To change the wind direction, press up on
[Tag 3:34  ] to hold the Wind Waker, and then perform
the [Tag Color  val={0001} ]Wind's Requiem[Tag Color  val={FFFF} ].";
"[Tag 1:11  ][Tag 2:0  ]! We cannot wander far today.
There are still things we must do on the island.
Let us turn around!";
"Ahhh! [Tag 1:6 val={0014} ]I was forgetting something important!";
"Oh, Mr. Fairy! You want to come to my
island, don't you?
[Tag 1:6 val={000A} ]Don't you?[Tag 1:6 val={000A} ] Don't you?";
"Open it on the [Tag Color  val={0001} ]Map Screen[Tag Color  val={FFFF} ]!";
"If you ever need any help with your [Tag Color  val={0001} ]charts[Tag Color  val={FFFF} ][Tag Color  val={0000} ],
just leave it to [Tag Color  val={FFFF} ][Tag Color  val={0001} ]Tingle[Tag Color  val={FFFF} ][Tag Color  val={0000} ]! Don't[Tag 1:6 val={000A} ] ever[Tag 1:6 val={000A} ] forget it![Tag Color  val={FFFF} ]";
"And if you'd like to give your Tingle Bottles
that little extra oomph that all Tingles crave...
You should check the [Tag Color  val={0001} ]back of this cell[Tag Color  val={FFFF} ]!
Check[Tag 1:6 val={000A} ] it[Tag 1:6 val={000A} ] right[Tag 1:6 val={000A} ] out!";
"Oh! Mr. Fairy![Tag 1:6 val={0014} ]
I've been longing to see you, sir!";
"Yah! [Tag 1:6 val={000A} ][Tag 1:11  ][Tag 2:0  ]![Tag 1:6 val={000A} ] I...[Tag 1:6 val={0014} ] I must say, I've been
wanting to see you very badly!";
"What should we play?[Tag 1:6 val={0014} ] What do you want to
play?[Tag 1:6 val={0014} ] What?[Tag 1:6 val={001E} ] You're not here to play?";
"Next time, bring me one of my favorites:
a [Tag Color  val={0001} ]chart[Tag Color  val={FFFF} ][Tag Color  val={0000} ] I haven't seen yet! Please, sir, just
bring me one! Please![Tag Color  val={FFFF} ]";
" To the esteemed Mr. Fairy-Person,

 Thank you very much for your purchase.
 Enclosed is an [Tag Color  val={0001} ]IN-credible Chart[Tag Color  val={FFFF} ][Tag Color  val={0000} ].
 This chart will show you where you can
 find the [Tag Color  val={FFFF} ][Tag Color  val={0001} ]Triforce Charts[Tag Color  val={FFFF} ][Tag Color  val={0000} ] and [Tag Color  val={0001} ]Triforce
 Shards[Tag Color  val={0000} ]. I want you to use it to find lots of
 them—they are my favorite [Tag Color  val={0001} ]kinds of items[Tag Color  val={0000} ][Tag Color  val={FFFF} ][Tag Color  val={0000} ]!
 And also, sir, have you been checking your
 [Tag Color  val={FFFF} ][Tag Color  val={0001} ]Tingle Chart[Tag Color  val={FFFF} ][Tag Color  val={0000} ]? Have you seen those giant
 fairy marks? Follow the chart to them, and
 your fortune will increase greatly!
                                          Tingle[Tag Color  val={FFFF} ]";
"If you're here for [Tag Color  val={0001} ]shrimp[Tag Color  val={FFFF} ][Tag Color  val={0000} ], you're just in time![Tag 1:6 val={0014} ]
Huh?! [Tag 1:6 val={0014} ]Wait! No![Tag Color  val={FFFF} ]";
"My older brother has the same face I do,
but he wears green clothes, just like the
hero of legend.";
"Hooo...[Tag 1:6 val={000A} ] I've put it on display down below.[Tag 1:6 val={001E} ]
You should look at it on your way down.";
"Good-bye,[Tag 1:6 val={000A} ] Mr. Fairy![Tag 1:6 val={0014} ] 
Please come visit me here at [Tag Color  val={0001} ]Tingle Tower[Tag Color  val={FFFF} ][Tag Color  val={0000} ] 
again, where wonderful fairy magic makes
the place spin and spin![Tag Color  val={FFFF} ]";
"Hmmmmm?!?[Tag 1:6 val={001E} ] That fragrant[Tag 1:6 val={001E} ] musty[Tag 1:6 val={000A} ] scent![Tag 1:6 val={001E} ]
Sir![Tag 1:6 val={001E} ] You have found a [Tag Color  val={0001} ]chart[Tag Color  val={FFFF} ][Tag Color  val={0000} ]![Tag Color  val={FFFF} ]";
"Splendid![Tag 1:6 val={000A} ] Splendid![Tag 1:6 val={000A} ]
Show me![Tag 1:6 val={000A} ] Show me!";
"Why,[Tag 1:6 val={0014} ] you can't read that [Tag Color  val={0001} ]chart[Tag Color  val={FFFF} ][Tag Color  val={0000} ] in its
current state! Impossible, sir![Tag Color  val={FFFF} ]";
"Would you like me to [Tag Color  val={0001} ]decipher[Tag Color  val={FFFF} ][Tag Color  val={0000} ] it for you?[Tag 1:6 val={001E} ]
[Tag 1:0  ]...For [Tag Color  val={FFFF} ][Tag Color  val={0001} ]398 Rupees[Tag 1:1  ][Tag Color  val={FFFF} ][Tag Color  val={0000} ]?
[Tag 1:7  ]Sure
No thanks[Tag Color  val={FFFF} ]";
"Ehhh...[Tag 1:6 val={001E} ]
Mr. Fairy... Are you[Tag 1:6 val={001E} ]...poor?";
"[Tag Size  val={0096} ][Tag 1:0  ]You[Tag 1:1  ][Tag 1:6 val={0014} ][Tag 1:0  ] don't[Tag 1:1  ][Tag 1:6 val={000A} ][Tag 1:0  ] have[Tag 1:1  ][Tag 1:6 val={000A} ][Tag 1:0  ] enough[Tag 1:1  ][Tag 1:6 val={000A} ]
[Tag 1:0  ]Rupees, sir![Tag 1:1  ][Tag Size  val={0064} ]";
"Well... [Tag 1:6 val={000A} ]Well, I guess that's fine.[Tag 1:6 val={0014} ]
You can just return later to [Tag Color  val={0001} ]Tingle Tower[Tag Color  val={FFFF} ][Tag Color  val={0000} ],
where the wonderful fairy magic keeps the
world spinning and spinning![Tag Color  val={FFFF} ]";
"[Tag 1:6 val={000D} ][Tag 1:0  ]Tingle![Tag 1:1  ][Tag 1:6 val={0014} ][Tag 1:0  ] Tingle![Tag 1:1  ]
[Tag 1:6 val={001E} ][Tag 1:0  ]Kooloo[Tag 1:1  ][Tag 1:6 val={001B} ][Tag 1:0  ]-limpah![Tag 1:1  ]
[Tag 1:6 val={001C} ]Become...[Tag 1:0  ][Tag 1:6 val={001B} ][Tag 1:1  ]READABLE![Tag 1:0  ][Tag 1:3 val={002D} ]";
"Would you like me to [Tag Color  val={0001} ]decipher[Tag Color  val={FFFF} ][Tag Color  val={0000} ] another
[Tag Color  val={FFFF} ][Tag Color  val={0001} ]chart[Tag Color  val={FFFF} ][Tag Color  val={0000} ] for [Tag Color  val={FFFF} ][Tag Color  val={0001} ]398 Rupees[Tag Color  val={FFFF} ][Tag Color  val={0000} ]?
[Tag 1:7  ]Sure
No thanks[Tag Color  val={FFFF} ]";
"Hmmm...[Tag 1:6 val={001E} ] Mr. Fairy![Tag 1:6 val={0014} ] You must try
very hard to find [Tag Color  val={0001} ]treasure[Tag Color  val={0000} ]!
[Tag Color  val={0001} ][Tag Color  val={FFFF} ]

When you select and open this chart[Tag Color  val={0000} ]
on the [Tag Color  val={FFFF} ][Tag Color  val={0001} ]Map Screen[Tag Color  val={FFFF} ][Tag Color  val={0000} ], the place where the
treasure is will shine forth!

Then, just go to that place and rely on
your [Tag Color  val={FFFF} ][Tag Color  val={0001} ]chart[Tag Color  val={FFFF} ][Tag Color  val={0000} ] to help you find the treasure![Tag Color  val={FFFF} ]";
"Heave...[Tag 1:6 val={000A} ] Ho...";
"Why must we rotate this thing like this![Tag 1:6 val={000A} ]
This life is so very hard for us all...";
"[Tag 1:0  ]Heave[Tag 1:1  ][Tag 1:6 val={0014} ]-ho...";
"Heave...[Tag 1:6 val={000A} ] Ho...[Tag 1:6 val={000A} ]
Ugh! [Tag 1:6 val={000A} ]This is heavy!";
"Day in[Tag 1:6 val={000A} ] and day out,[Tag 1:6 val={000A} ] I work. You want to
know [Tag Color  val={0001} ]the secret[Tag Color  val={FFFF} ][Tag Color  val={0000} ] of how I ended up here?
[Tag 1:7  ]Yes
Not really[Tag Color  val={FFFF} ]";
"I know you probably have a hard time
believing someone dressed as I am, but...";
"This guy here and I [Tag Color  val={0001} ]are complete and utter
strangers[Tag Color  val={FFFF} ][Tag Color  val={0000} ]! I kid you not![Tag Color  val={FFFF} ]";
"Once upon a time, I was a sailor.";
"One night, as I was floating aimlessly
across the sea as I usually did...";
"That night...[Tag 1:6 val={0014} ] Yes, I remember it vividly.
There was a fierce and terrible storm!";
"I was swallowed up by a giant [Tag Color  val={0001} ]twister[Tag Color  val={FFFF} ][Tag Color  val={0000} ],
and my boat was spun round and round![Tag Color  val={FFFF} ]";
".[Tag 1:6 val={0014} ].[Tag 1:6 val={0014} ].[Tag 1:6 val={0014} ]That[Tag 1:6 val={000A} ] is the last thing I remember.";
"When I awoke, I was dressed like this![Tag 1:6 val={0014} ]
And what do you think I was doing?";
"But I guess telling this story to you won't
do me any good...[Tag 1:6 val={000A} ] It sure won't get that
crazy guy in green off my back!";
"I suppose if you don't want to hear my tale,
there is nothing I can do about it.[Tag 1:6 val={000A} ]";
"Just taking time to talk gives me a
little bit of a rest... It's nice...";
"Ahhh...[Tag 1:6 val={000A} ]";
"Oh! It's so heavy![Tag 1:6 val={000A} ] Isn't there anyone who
can spin this thing for me?!?";
"This is just between you and me...[Tag 1:6 val={000A} ]";
"But this guy has another brother.[Tag 1:6 val={001E} ] If that
guy could just come spin this thing instead
of me...";
"Heave...[Tag 1:6 val={000A} ] Ho...[Tag 1:6 val={000A} ]
Hooo...[Tag 1:6 val={000A} ]";
"That guy's younger brother down below...[Tag 1:6 val={0014} ]
That [Tag Color  val={0003} ]blue guy[Tag Color  val={FFFF} ][Tag Color  val={0000} ]...[Tag 1:6 val={001E} ] He doesn't help out at all![Tag Color  val={FFFF} ]";
"He just hangs out down there, standing
guard and making sure no one writes any
graffiti on [Tag Color  val={0001} ]Tingle Tower[Tag Color  val={FFFF} ][Tag Color  val={0000} ]![Tag 1:6 val={0014} ] That's all!
No manual labor whatsoever![Tag Color  val={FFFF} ]";
"But who would even bother vandalizing
this place?";
"Hey! Mr. Fairy!";
"Mr. Fairy! You found all the [Tag Color  val={0001} ]Tingle Statues[Tag Color  val={FFFF} ]!
If it wasn't for you, I would never have been
able to come back! Oh, thank you!";
"I understand now when you say that this place
is the most beautiful place ever!";
"This scenery would make a pictograph you
could be proud of, don't you agree?";
"Big Brother![Tag 1:6 val={000A} ] I was worried about you![Tag 1:6 val={0014} ]
Huh?!?[Tag 1:6 val={0014} ] You are not my brother!";
"My brother said he was going to [Tag Color  val={0001} ]Windfall
Island[Tag Color  val={FFFF} ][Tag Color  val={0000} ], but it has been so long...and still he
does not come back![Tag Color  val={FFFF} ]";
"My brother looks just like me!
And he wears clothes just like yours!";
"I am certain you will know him the moment
you set eyes on him. Can you not look for
him for me?

If he were here, he could decipher any
[Tag Color  val={0001} ]chart [Tag Color  val={FFFF} ][Tag Color  val={0000} ]you have that needs deciphering,
no matter how difficult it is to read...[Tag Color  val={FFFF} ]";
"[Tag Color  val={0001} ]Windfall Island[Tag Color  val={FFFF} ][Tag Color  val={0000} ] is [Tag Color  val={FFFF} ][Tag Color  val={0001} ]northeast[Tag Color  val={FFFF} ][Tag Color  val={0000} ] of here.



If my brother were here, he could decipher
any [Tag Color  val={FFFF} ][Tag Color  val={0001} ]chart[Tag Color  val={FFFF} ][Tag Color  val={0000} ] you have that needs deciphering,
no matter how hard it is to read...[Tag Color  val={FFFF} ]";
"Um...[Tag 1:6 val={001E} ] You have a [Tag Color  val={0001} ]Tingle Bottle[Tag Color  val={FFFF} ][Tag Color  val={0000} ],[Tag 1:6 val={000A} ] do you not?[Tag Color  val={FFFF} ]";
"Uh...";
"No,[Tag 1:6 val={000A} ] if you're not really a fan of it, do not
worry about such things.[Tag 1:0  ] The Tingle Bottle...[Tag 1:1  ]
It is sort of[Tag 1:6 val={0014} ] complicated,[Tag 1:6 val={000A} ] I suppose...";
"No, no. Do not go out of your way.[Tag 1:6 val={0014} ]
No,[Tag 1:6 val={000A} ] really.";
"I mean, it is quite amusing...[Tag 1:6 val={000A} ] The [Tag Color  val={0001} ]Tingle Bottle[Tag Color  val={FFFF} ][Tag Color  val={0000} ],
I mean.[Tag 1:6 val={001E} ] But no, really.[Tag 1:6 val={0014} ] I would not expect
you to...[Tag Color  val={FFFF} ]";
"My brother is so happy when a Tingle Bottle
you send washes up on our shores, Mr. Fairy.
So very happy!";
"And then he is nice to us! So nice!";
"I suppose I can pass this on...[Tag 1:6 val={000A} ]";
"Thank you for the gift—I know that
[Tag Color  val={0001} ]Tingle Statues [Tag Color  val={FFFF} ][Tag Color  val={0000} ]are quite hard to come by.[Tag 1:6 val={001E} ][Tag Color  val={FFFF} ]";
"Umm...[Tag 1:6 val={0014} ] It is not much, but please...[Tag 1:6 val={001E} ]
Take this.";
"I know what my big brother is like,
but please play with him again soon.
Otherwise he gets out of sorts.";
"Ah![Tag 1:6 val={001E} ] You have gotten them all![Tag 1:6 val={000A} ]";
"Please wait a moment.[Tag 1:6 val={001E} ]
As usual...";
"My big brother saved up everything he
got from you, Mr. Fairy.";
"I do not have anything else I can give you.";
"But please play with my big brother again
soon.[Tag 1:6 val={001E} ] Promise me...";
"But please play with my big brother again
soon.[Tag 1:6 val={001E} ] Promise me...";
"For each [Tag Color  val={0001} ]Tingle Statue[Tag Color  val={FFFF} ][Tag Color  val={0000} ] you find, I will
give you [Tag Color  val={FFFF} ][Tag Color  val={0006} ]50 Rupees[Tag Color  val={FFFF} ][Tag Color  val={0000} ]. It is not much, is it?[Tag Color  val={FFFF} ]";
"You got all of the [Tag Color  val={0001} ]Tingle Statues[Tag Color  val={FFFF} ][Tag Color  val={0000} ]!
You get a [Tag Color  val={FFFF} ][Tag Color  val={0001} ]500-Rupee[Tag Color  val={FFFF} ][Tag Color  val={0000} ] bonus![Tag Color  val={FFFF} ]";
"I have decided that in the end, this one is
the most beautiful of all!";
"Beauty does not come from what you see...
It comes from what is inside you.";
"Mr. Fairy! [Tag 1:6 val={0014} ]The [Tag Color  val={0001} ]Tingle Bottle[Tag Color  val={FFFF} ][Tag Color  val={0000} ] is definitely
quite fun, but meeting face-to-face and
talking in person is better! It is the best![Tag Color  val={FFFF} ]";
"You can't record any more pictographs.
[Tag Color  val={0001} ]Erase[Tag Color  val={FFFF} ][Tag Color  val={0000} ] any pictographs you don't want to keep[Tag Color  val={FFFF} ]
from your [Tag Color  val={0001} ]pictograph album[Tag Color  val={FFFF} ].";
"Save this pictograph?
[Tag Color  val={0002} ][Tag Color  val={0000} ][Tag 1:9  ][Tag Color  val={0002} ]Yes  [Tag Color  val={0000} ][Tag 1:10  ][Tag Color  val={0002} ]No[Tag Color  val={FFFF} ]";
"Erase this pictograph?
[Tag Color  val={0002} ][Tag Color  val={0000} ][Tag 1:9  ][Tag Color  val={0002} ]Yes  [Tag Color  val={0000} ][Tag 1:10  ][Tag Color  val={0002} ]No[Tag Color  val={FFFF} ]";
"Show this pictograph?
[Tag Color  val={0000} ][Tag 1:9  ]Yes  [Tag 1:10  ]No[Tag Color  val={FFFF} ]";
"You have no recorded pictographs.";
"Well, isn't this a fine pictograph?";
"Wandering traveler who seeks
the guidepost of the goddesses...
Place the [Tag Color  val={0001} ]pearl [Tag Color  val={FFFF} ][Tag Color  val={0000} ]you hold here.[Tag Color  val={FFFF} ]";
"You placed [Tag Color  val={0001} ]Din's Pearl[Tag Color  val={FFFF} ][Tag Color  val={0000} ] in the ancient
statue's hands.[Tag Color  val={FFFF} ]";
"You placed [Tag Color  val={0001} ]Farore's Pearl[Tag Color  val={FFFF} ][Tag Color  val={0000} ] in the ancient
statue's hands.[Tag Color  val={FFFF} ]";
"You placed [Tag Color  val={0001} ]Nayru's Pearl[Tag Color  val={FFFF} ][Tag Color  val={0000} ] in the ancient
statue's hands.[Tag Color  val={FFFF} ]";
"[Tag Color  val={0001} ]Two[Tag Color  val={FFFF} ][Tag Color  val={0000} ] pearls remain.[Tag Color  val={FFFF} ]";
"[Tag Color  val={0001} ]One[Tag Color  val={FFFF} ][Tag Color  val={0000} ] pearl remains.[Tag Color  val={FFFF} ]";
"Seeker of the goddesses' guidepost...
Press [Tag 3:26  ] to call me and guide me
to my place of truth.";
"My kin wait beyond the doors. Control [Tag Color  val={0001} ]them
[Tag Color  val={FFFF} ][Tag Color  val={0000} ]and guide them to their places of truth to
open the path to the gods...[Tag Color  val={FFFF} ]";
"Throw this away?
[Tag 1:7  ]Keep it
Throw it away";
"Remove this from the pedestal and place
it in your [Tag Color  val={0001} ]Delivery Bag[Tag Color  val={FFFF} ][Tag Color  val={0000} ]?
[Tag 1:7  ]Yes
No[Tag Color  val={FFFF} ]";
"You can only place three shop items
in your [Tag Color  val={0001} ]Delivery Bag[Tag Color  val={FFFF} ][Tag Color  val={0000} ] at one time.[Tag Color  val={FFFF} ]";
"You put it in your [Tag Color  val={0001} ]Delivery Bag[Tag Color  val={FFFF} ][Tag Color  val={0000} ].[Tag Color  val={FFFF} ]";
"You threw it away.";
"Place a decorative object here with [Tag 3:6  ], [Tag 3:5  ],
or [Tag 3:4  ]. Sincere good wishes will soon cover
the town in pure joy.";
"The Joyous Volunteer Association";
"OHHHHH! A customer! Welcome to Beedle's
Shop Ship! I deal in pretty much anything
and everything!

Do you have anything you don't need?
If you do, show it to me! I'll pay top
Rupees for your junk!!!

Or...do you see anything you'd like to buy?";
"Oh, just use [Tag 3:16  ] to browse.";
"Huh? I don't have anything to say...
Just buy something! Buy! Buy!";
"Bye! Come again!";
"What are you looking for, huh?
Do you have anything to sell?
Is there nothing you want to buy?
Speak to me! I must know!";
"[Tag Color  val={0001} ]Bait Bag  20 Rupees[Tag Color  val={FFFF} ][Tag Color  val={0000} ]
This holds bait. It's quite useful. And it's
my very last one. You can't buy bait if you
don't have a bag like this![Tag Color  val={FFFF} ]";
"[Tag Color  val={0001} ]All-Purpose Bait (3 servings)  30 Rupees[Tag Color  val={FFFF} ][Tag Color  val={0000} ]
Good things happen to those who feed this
stuff to animals! Do you have a Bait Bag,
O fine customer of mine?[Tag Color  val={FFFF} ]";
"[Tag Color  val={0001} ]Hyoi Pear (1)  10 Rupees
[Tag Color  val={FFFF} ][Tag Color  val={0000} ]You can't buy this anywhere else! Only
here! I'm serious! Now's your chance!
Buy buy buy! Buy![Tag Color  val={FFFF} ]";
"Bait Bag   20 Rupees
Will you buy it?
[Tag 1:7  ]I'll buy it
No thanks";
"All-Purpose Bait (3 servings)  30 Rupees
Will you buy it?
[Tag 1:7  ]I'll buy it
No thanks";
"1 Hyoi Pear  10 Rupees
Will you buy it?
[Tag 1:7  ]I'll buy it
No thanks";
"You can't buy bait if you don't have a Bait
Bag. I'm serious! Do I look like I'm kidding?";
"OHHHHH! You don't have enough Rupees!
You may be a customer, but that doesn't
mean I have to laugh at your silly
"pretend money" jokes, you know.";
"You don't need any more than you
already have!";
"Thank you!
Yes, thanks to you!";
"OHHHHH! You don't have an empty bottle!
I'm only selling the contents, not the jar!
Too bad for you, huh?";
"[Tag 1:0  ]You're the greatest! I'll never forget you![Tag 1:1  ]



I'm going to make a [Tag Color  val={0001} ]Member's Card[Tag Color  val={FFFF} ][Tag Color  val={0000} ] just for
you! When you buy lots of things and build
up your [Tag Color  val={FFFF} ][Tag Color  val={0001} ]points[Tag Color  val={FFFF} ][Tag Color  val={0000} ], something good will happen
to you! Something very good, indeed!
My shop is kind to its customers. No other
shop will do this sort of thing for you,
I'll have you know.[Tag Color  val={FFFF} ]";
"Now you have [Tag Color  val={0001} ][Tag 2:17  ] [Tag Color  val={FFFF} ][Tag Color  val={0000} ]saved up.



You should try to save up [Tag Color  val={FFFF} ][Tag Color  val={0001} ]30 points[Tag Color  val={FFFF} ][Tag Color  val={0000} ] so you
can earn a Silver Membership![Tag Color  val={FFFF} ]";
"OHHHHH! You saved up [Tag Color  val={0001} ]30 points[Tag Color  val={FFFF} ][Tag Color  val={0000} ]!



You've earned a [Tag Color  val={FFFF} ][Tag Color  val={0001} ]Silver Membership[Tag Color  val={FFFF} ][Tag Color  val={0000} ]!!![Tag Color  val={FFFF} ]";
"We give a luxurious gift to all of our
Silver Members. It's the least we could do!


I'll send it to you shortly. It should be
arriving at a postbox near you any day!
Promise me you'll wait anxiously for it!

Next, try to earn our Gold Membership!";
"Now you have [Tag 2:17  ] saved up!



What you want to do is try to save up
[Tag Color  val={0001} ]60 points[Tag Color  val={FFFF} ][Tag Color  val={0000} ] to earn our Gold Membership![Tag Color  val={FFFF} ]";
"OHHHHH! You've saved up [Tag Color  val={0001} ]60 points[Tag Color  val={FFFF} ][Tag Color  val={0000} ]!



You've earned a [Tag Color  val={FFFF} ][Tag Color  val={0001} ]Gold Membership[Tag Color  val={FFFF} ][Tag Color  val={0000} ]![Tag Color  val={FFFF} ]";
"To you, our latest Gold Member, Beedle's
Shop Ship offers a [Tag Color  val={0001} ]fabulous gift[Tag Color  val={FFFF} ][Tag Color  val={0000} ]!


It will be arriving soon at a red postbox
near you. I hope you'll await it anxiously!
And on top of that most special of gifts,
you shall be treated as a VIP in our store![Tag Color  val={FFFF} ]";
"OHHHHH! A customer! I've been waiting for
you! You lucky person, you.


Pirates sold me [Tag Color  val={0001} ]bombs[Tag Color  val={FFFF} ][Tag Color  val={0000} ] for cheap!
Now's your chance! Buy! Buy! Buy![Tag Color  val={FFFF} ]";
"By the way, Mr. Customer, are you
acquainted with that adorable little
pirate girl?";
"You have a bashful look on your face,
Mr. Customer. You can't hide it from me!

[Tag 4:125  ]Yuk yuk yuk yuk yuk yuk!";
"Buy something, you little imp!";
"Yuk yuk yuk yuk yuk yuk yuk yuk!";
"OHHHHH! Thank you, as always!
I appreciate your business.


If you have anything you want to sell, show
it to me—I'll buy it off you!


Or would you prefer to buy something?";
"If you don't have anything you want
to sell, then buy something! Buy!";
"Welcome, kind sir! Is there something you'd
like to purchase today?


Or is there anything else I might be able
to help you with at this time?";
"If you don't have anything you want
to sell, then buy something...please!";
"You, Mr. Customer, have saved up [Tag Color  val={0001} ][Tag 2:17  ][Tag Color  val={FFFF} ][Tag Color  val={0000} ],
haven't you? If you save up even more
points, something good will happen to you!
Something very good, indeed...[Tag Color  val={FFFF} ]";
"Generally, over time, I have to raise the
price of a product to keep up with inflation,
but you, Mr. Customer, are a VIP. I'll sell
to you at the same price I always have.
But don't tell anyone about this...";
"Bye! Please come again!";
"I'm sorry!";
"I don't know when I'll get a shipment of
[Tag Color  val={0001} ]bombs[Tag Color  val={FFFF} ][Tag Color  val={0000} ] in. They're too expensive for me to
stock.[Tag 1:6 val={0014} ] That old guy is so greedy...[Tag Color  val={FFFF} ]";
"Due to circumstances beyond my control, I
don't carry [Tag Color  val={0001} ]arrows[Tag Color  val={FFFF} ][Tag Color  val={0000} ] at this point in time!
Please wait just a little longer, huh?[Tag Color  val={FFFF} ]";
"Umm, I'm all out of [Tag Color  val={0001} ]potions[Tag Color  val={FFFF} ][Tag Color  val={0000} ] right now...[Tag Color  val={FFFF} ]";
"Thanks to you, I've completely sold out!";
"[Tag Color  val={0001} ]30 Bombs   60 Rupees
[Tag Color  val={FFFF} ][Tag Color  val={0000} ]Buy them while you can![Tag Color  val={FFFF} ]";
"30 Bombs    60 Rupees
You want to buy them?
[Tag 1:7  ]I'll buy them
No thanks";
"[Tag Color  val={0001} ]10 Arrows   30 Rupees
[Tag Color  val={FFFF} ][Tag Color  val={0000} ]Ours fly farther than the ones sold at
other shops, I swear. If you have a bow,
you'd better buy them! Buy! Buy buy buy![Tag Color  val={FFFF} ]";
"10 Arrows     30 Rupees
You going to buy them?
[Tag 1:7  ]I'll buy them
No thanks";
"[Tag Color  val={0001} ]30 Arrows         60 Rupees
[Tag Color  val={FFFF} ][Tag Color  val={0000} ]That's 30! What a deal! And look at this
color—it matches your bow perfectly![Tag Color  val={FFFF} ]";
"30 Arrows         60 Rupees
You going to buy them?
[Tag 1:7  ]I'll buy them
No thanks";
"[Tag Color  val={0001} ]Red Potion        30 Rupees
[Tag Color  val={FFFF} ][Tag Color  val={0000} ]When it comes to replenishing hearts,
nothing is more potent! Do you have an
empty bottle? If you do, then BUY![Tag Color  val={FFFF} ]";
"Red Potion        30 Rupees
Will you buy it?
[Tag 1:7  ]I'll buy it
No thanks";
"You want to use your [Tag Color  val={0001} ]Complimentary ID[Tag Color  val={FFFF} ][Tag Color  val={0000} ]?[Tag Color  val={FFFF} ]";
"OK! Here it goes...";
"You[Tag 4:126  ] are soooooooooooooooooo GREAT![Tag 1:2 val={0014} ]



[Tag 4:127  ][Tag 1:0  ]Absolutely fantastic![Tag 1:1  ][Tag 1:2 val={0014} ]



[Tag 4:128  ][Tag 1:0  ][Tag Size  val={0096} ]Incredible![Tag 1:1  ][Tag 1:4 val={001E} ][Tag Size  val={0064} ]";
"And there you go!



Isn't it nice to be complimented once in a
while? It is, isn't it?";
"Would you like to use your [Tag Color  val={0001} ]Fill-up Coupon[Tag Color  val={FFFF} ][Tag Color  val={0000} ]?[Tag Color  val={FFFF} ]";
"Ready? INSTANT [Tag Color  val={0001} ]ITEM FILL-UP![Tag 1:2 val={003C} ]



[Tag 4:128  ][Tag 1:0  ][Tag Size  val={0096} ]Be haaaappy![Tag 1:1  ][Tag 1:3 val={003C} ][Tag Size  val={0064} ][Tag Color  val={FFFF} ]";
"I can't buy that! I only buy things that fit
in a [Tag Color  val={0001} ]Spoils Bag[Tag Color  val={FFFF} ][Tag Color  val={0000} ].


Don't you have anything else?[Tag Color  val={FFFF} ]";
" Notice to Silver Membership Holders:



 Thank you for your frequent patronage of
 Beedle Shop Ships.


 Since you have earned 30 points, you have
 been granted Silver Membership. All Silver
 Membership holders receive a special gift
 of [Tag Color  val={0001} ]one Complimentary ID[Tag Color  val={FFFF} ][Tag Color  val={0000} ].
 It is valid at all [Tag Color  val={FFFF} ][Tag Color  val={0001} ]Beedle Shop Ships[Tag Color  val={FFFF} ][Tag Color  val={0000} ], so
 bring it to a Shop Ship near you.
 

 I look forward to your future patronage.
                                          Beedle[Tag Color  val={FFFF} ]";
" To all [Tag Color  val={0001} ]Gold Membership Holders[Tag Color  val={FFFF} ][Tag Color  val={0000} ]:



 Thank you so very much for your continued
 patronage of Beedle Shop Ships.


 It has come to my attention that you have
 earned 60 shopping points. This entitles
 you to Gold Membership in my stores.

 All Gold Membership holders receive a
 special gift of [Tag Color  val={FFFF} ][Tag Color  val={0001} ]one Fill-up Coupon[Tag Color  val={FFFF} ][Tag Color  val={0000} ] that
 fills your stock of items.

 When you find yourself running low on
 items, bring this coupon to your nearest
 [Tag Color  val={FFFF} ][Tag Color  val={0001} ]Beedle Shop Ship[Tag Color  val={FFFF} ][Tag Color  val={0000} ] for an instant fill-up.
 (Does not apply to all products.)    Beedle[Tag Color  val={FFFF} ]";
"OHHHH! If you don't need [Tag Color  val={0001} ]Boko Baba Seeds[Tag Color  val={FFFF} ][Tag Color  val={0000} ],[Tag Color  val={FFFF} ][Tag Color  val={0001} ]
[Tag Color  val={FFFF} ][Tag Color  val={0000} ]I'll buy them for [Tag Color  val={FFFF} ][Tag Color  val={0001} ]20 Rupees each[Tag Color  val={FFFF} ][Tag Color  val={0000} ]![Tag Color  val={FFFF} ]";
"I'll buy a maximum of [Tag Color  val={0001} ][Tag 2:27  ][Tag Color  val={FFFF} ][Tag Color  val={0000} ].[Tag Color  val={FFFF} ]";
"You want to sell your [Tag Color  val={0001} ]Boko Baba Seeds[Tag Color  val={FFFF} ][Tag Color  val={0000} ]?
[Tag 1:7  ]Yes
No[Tag Color  val={FFFF} ]";
"How many do you want to sell?
[Tag 2:34  ]
Choose how many with [Tag 3:8  ] and press [Tag 3:0  ].";
"For [Tag 2:27  ], I'll pay [Tag Color  val={0001} ][Tag 2:33  ][Tag Color  val={FFFF} ][Tag Color  val={0000} ]!



You sure you want to sell?
[Tag 1:7  ]Yes
Maybe not[Tag Color  val={FFFF} ]";
"Bye! Come again!";
"But even if I buy them, you can't carry
all those [Tag Color  val={0001} ]Rupees[Tag Color  val={FFFF} ][Tag Color  val={0000} ]![Tag Color  val={FFFF} ]";
"Huh? Then don't show them to me!";
"OHHHH! If you don't need your [Tag Color  val={0001} ]Skull
Necklaces[Tag Color  val={FFFF} ][Tag Color  val={0000} ], I'll buy them for [Tag Color  val={FFFF} ][Tag Color  val={0001} ]20 Rupees each[Tag Color  val={FFFF} ][Tag Color  val={0000} ].[Tag Color  val={FFFF} ]";
"I can buy up to [Tag Color  val={0001} ][Tag 2:28  ][Tag Color  val={FFFF} ][Tag Color  val={0000} ].[Tag Color  val={FFFF} ]";
"You want to sell your [Tag Color  val={0001} ]Skull Necklaces[Tag Color  val={FFFF} ][Tag Color  val={0000} ]?
[Tag 1:7  ]Yes
No[Tag Color  val={FFFF} ]";
"How many do you want to sell?
[Tag 2:35  ]
Choose how many with [Tag 3:8  ] and press [Tag 3:0  ].";
"For [Tag 2:28  ], I'll pay [Tag Color  val={0001} ][Tag 2:33  ][Tag Color  val={FFFF} ][Tag Color  val={0000} ]!



You sure you want to sell?
[Tag 1:7  ]Yes
Maybe not[Tag Color  val={FFFF} ]";
"I'll buy any [Tag Color  val={0001} ]Red Chu Jelly[Tag Color  val={FFFF} ][Tag Color  val={0000} ] you don't
need for [Tag Color  val={FFFF} ][Tag Color  val={0001} ]10 Rupees per glob[Tag Color  val={FFFF} ][Tag Color  val={0000} ]![Tag Color  val={FFFF} ]";
"I'll buy up to [Tag Color  val={0001} ][Tag 2:29  ][Tag Color  val={FFFF} ][Tag Color  val={0000} ] of them.[Tag Color  val={FFFF} ]";
"You want to sell your [Tag Color  val={0001} ]Red Chu Jelly[Tag Color  val={FFFF} ][Tag Color  val={0000} ]?
[Tag 1:7  ]Yes
No[Tag Color  val={FFFF} ]";
"How many do you want to sell?
[Tag 2:36  ]
Choose how many with [Tag 3:8  ] and press [Tag 3:0  ].";
"For [Tag 2:29  ], I'll pay you [Tag Color  val={0001} ][Tag 2:33  ][Tag Color  val={FFFF} ][Tag Color  val={0000} ]!



You sure you want to sell?
[Tag 1:7  ]Yes
Maybe not[Tag Color  val={FFFF} ]";
"I'll buy any [Tag Color  val={0002} ]Green Chu Jelly[Tag Color  val={FFFF} ][Tag Color  val={0000} ] you don't need
for [Tag Color  val={FFFF} ][Tag Color  val={0001} ]10 Rupees per glob[Tag Color  val={FFFF} ][Tag Color  val={0000} ]![Tag Color  val={FFFF} ]";
"I'll buy up to [Tag Color  val={0001} ][Tag 2:29  ][Tag Color  val={FFFF} ][Tag Color  val={0000} ].[Tag Color  val={FFFF} ]";
"You want to sell your [Tag Color  val={0002} ]Green Chu Jelly[Tag Color  val={FFFF} ][Tag Color  val={0000} ]?
[Tag 1:7  ]Yes
No[Tag Color  val={FFFF} ]";
"How many do you want to sell?
[Tag Color  val={0001} ][Tag 2:36  ]
[Tag Color  val={FFFF} ][Tag Color  val={0000} ]Choose how many with [Tag 3:8  ] and press [Tag 3:0  ].[Tag Color  val={FFFF} ]";
"For [Tag 2:29  ], I'll pay you [Tag Color  val={0001} ][Tag 2:33  ][Tag Color  val={FFFF} ][Tag Color  val={0000} ]!



You sure you want to sell?
[Tag 1:7  ]Yes
Maybe not[Tag Color  val={FFFF} ]";
"I'll buy any [Tag Color  val={0003} ]Blue Chu Jelly[Tag Color  val={FFFF} ][Tag Color  val={0000} ] you don't need
for [Tag Color  val={FFFF} ][Tag Color  val={0001} ]15 Rupees per glob[Tag Color  val={FFFF} ][Tag Color  val={0000} ]![Tag Color  val={FFFF} ]";
"I'll buy up to [Tag Color  val={0001} ][Tag 2:29  ][Tag Color  val={FFFF} ][Tag Color  val={0000} ].[Tag Color  val={FFFF} ]";
"You want to sell your [Tag Color  val={0003} ]Blue Chu Jelly[Tag Color  val={FFFF} ][Tag Color  val={0000} ]?
[Tag 1:7  ]Yes
No[Tag Color  val={FFFF} ]";
"How many do you want to sell?
[Tag 2:36  ]
Choose how many with [Tag 3:8  ] and press [Tag 3:0  ].";
"For [Tag 2:29  ], I'll pay you [Tag Color  val={0001} ][Tag 2:33  ][Tag Color  val={FFFF} ][Tag Color  val={0000} ]!



You sure you want to sell?
[Tag 1:7  ]Yes
Maybe not[Tag Color  val={FFFF} ]";
"If you don't need your [Tag Color  val={0001} ]Joy Pendants[Tag Color  val={FFFF} ][Tag Color  val={0000} ], I'll buy
them from you for [Tag Color  val={FFFF} ][Tag Color  val={0001} ]20 Rupees each[Tag Color  val={FFFF} ][Tag Color  val={0000} ]![Tag Color  val={FFFF} ]";
"I'll buy up to [Tag Color  val={0001} ][Tag 2:30  ][Tag Color  val={FFFF} ][Tag Color  val={0000} ].[Tag Color  val={FFFF} ]";
"You want to sell your [Tag Color  val={0001} ]Joy Pendants[Tag Color  val={FFFF} ][Tag Color  val={0000} ]?
[Tag 1:7  ]Yes
No[Tag Color  val={FFFF} ]";
"How many do you want to sell?
[Tag 2:37  ]
Choose how many with [Tag 3:8  ] and press [Tag 3:0  ].";
"For [Tag 2:30  ], I'll pay you [Tag Color  val={0001} ][Tag 2:33  ][Tag Color  val={FFFF} ][Tag Color  val={0000} ]!



You sure you want to sell?
[Tag 1:7  ]Yes
Maybe not[Tag Color  val={FFFF} ]";
"If you don't need your [Tag Color  val={0001} ]Golden Feathers[Tag Color  val={FFFF} ][Tag Color  val={0000} ], I'll
buy them from you for [Tag Color  val={FFFF} ][Tag Color  val={0001} ]20 Rupees each[Tag Color  val={FFFF} ][Tag Color  val={0000} ]![Tag Color  val={FFFF} ]";
"I'll buy up to [Tag Color  val={0001} ][Tag 2:31  ][Tag Color  val={FFFF} ][Tag Color  val={0000} ].[Tag Color  val={FFFF} ]";
"You want to sell your [Tag Color  val={0001} ]Golden Feathers[Tag Color  val={FFFF} ][Tag Color  val={0000} ]?
[Tag 1:7  ]Yes
No[Tag Color  val={FFFF} ]";
"How many do you want to sell?
[Tag 2:38  ]
Choose how many with [Tag 3:8  ] and press [Tag 3:0  ].";
"For [Tag 2:31  ], I'll pay you [Tag Color  val={0001} ][Tag 2:33  ][Tag Color  val={FFFF} ][Tag Color  val={0000} ]!



You sure you want to sell?
[Tag 1:7  ]Yes
Maybe not[Tag Color  val={FFFF} ]";
"OHHHH! If you don't need your [Tag Color  val={0001} ]Knight's
Crests[Tag Color  val={FFFF} ][Tag Color  val={0000} ], I'll buy them for [Tag Color  val={FFFF} ][Tag Color  val={0001} ]20 Rupees each[Tag Color  val={FFFF} ][Tag Color  val={0000} ]![Tag Color  val={FFFF} ]";
"I'll buy up to [Tag Color  val={0001} ][Tag 2:32  ][Tag Color  val={FFFF} ][Tag Color  val={0000} ].[Tag Color  val={FFFF} ]";
"You want to sell your [Tag Color  val={0001} ]Knight's Crests[Tag Color  val={FFFF} ][Tag Color  val={0000} ]?
[Tag 1:7  ]Yes
No[Tag Color  val={FFFF} ]";
"Hey! That's a pretty slick boat you got
there, kiddo!";
"So what do you say, kiddo? You wanna
play a boat game for [Tag Color  val={0001} ]30 Rupees[Tag Color  val={FFFF} ][Tag Color  val={0000} ]?[Tag Color  val={FFFF} ]";
"What do you say?
[Tag 1:8  ]I'll play now
No thanks
Tell me the rules";
"Well, I ain't that good a talker...



But here goes... Now listen up!



The deal is, you take your boat and sail
over the [Tag Color  val={0001} ]barrels[Tag Color  val={FFFF} ][Tag Color  val={0000} ] floatin' in the water and
see how many [Tag Color  val={FFFF} ][Tag Color  val={0001} ]Rupees[Tag Color  val={FFFF} ][Tag Color  val={0000} ] you can bring to the
finish line [Tag Color  val={FFFF} ][Tag Color  val={0001} ]within the time limit[Tag Color  val={FFFF} ][Tag Color  val={0000} ].[Tag Color  val={FFFF} ]";
"There's two kinds of floatin' barrels you
gotta watch out for: the ones that float on
their [Tag Color  val={0001} ]sides[Tag Color  val={FFFF} ][Tag Color  val={0000} ] and the ones that float [Tag Color  val={FFFF} ][Tag Color  val={0001} ]upright[Tag Color  val={FFFF} ][Tag Color  val={0000} ].

You can get the Rupees above the [Tag Color  val={FFFF} ][Tag Color  val={0001} ]barrels
[Tag Color  val={FFFF} ][Tag Color  val={0000} ]floatin' on their [Tag Color  val={FFFF} ][Tag Color  val={0001} ]sides[Tag Color  val={FFFF} ][Tag Color  val={0000} ] by just sailin'
[Tag Color  val={FFFF} ][Tag Color  val={0001} ]right over[Tag Color  val={FFFF} ][Tag Color  val={0000} ] the barrels...

But if you run into the barrels floatin'
[Tag Color  val={FFFF} ][Tag Color  val={0001} ]upright[Tag Color  val={FFFF} ][Tag Color  val={0000} ] in the water, they'll rough you up.[Tag Color  val={FFFF} ]";
"You know you can press [Tag 3:26  ] to [Tag Color  val={0001} ]jump[Tag Color  val={FFFF} ][Tag Color  val={0000} ] your
boat, right?


Yeah, well, to get the Rupees over the
[Tag Color  val={FFFF} ][Tag Color  val={0001} ]upright[Tag Color  val={FFFF} ][Tag Color  val={0000} ] barrels, you gotta [Tag Color  val={FFFF} ][Tag Color  val={0001} ]jump[Tag Color  val={FFFF} ][Tag Color  val={0000} ] with [Tag 3:26  ]!
It's the only way![Tag Color  val={FFFF} ]";
"The barrels get placed out there based on
which way the wind's blowin'...


So watch that [Tag Color  val={0001} ]wind gauge[Tag Color  val={FFFF} ][Tag Color  val={0000} ] behind your boat
real careful-like![Tag Color  val={FFFF} ]";
"You can only use your [Tag Color  val={0001} ]regular sail[Tag Color  val={FFFF} ] in the race.
None a'them fancy speedy sails, ya hear?


Oh, and one more thing: if [Tag Color  val={0001} ]time runs out[Tag Color  val={FFFF} ][Tag Color  val={0000} ]
before you finish, you [Tag Color  val={FFFF} ][Tag Color  val={0001} ]lose[Tag Color  val={FFFF} ][Tag Color  val={0000} ]! So watch the
timer, too, will ya?[Tag Color  val={FFFF} ]";
"Them's the rules!



What do you say? Wanna give it a shot?";
"Oh, yeah! This time I've taken [Tag Color  val={0001} ]10 seconds
off the timer[Tag Color  val={FFFF} ][Tag Color  val={0000} ], so you gotta be a little
faster than before.[Tag Color  val={FFFF} ]";
"What's the matter, kiddo? You want to play
after all? Heh.


I can tell by that look in your eye!";
"Whoa! You wanna play again?";
"What's the deal? You got yourself a boat
because you're hopin' to make it in the
world, right? You wanna get rich, right?

Well, playin' my game'll make you money
faster than sailin' around lookin' for
treasure! Oh, well! Your loss, kiddo!";
"Really? Ah, well. That's how it goes.



But hey! If you change your mind, come
back and see me, OK, kiddo?";
"Hey! You ain't got enough [Tag Color  val={0001} ]Rupees[Tag Color  val={FFFF} ][Tag Color  val={0000} ]!



Look, in this game, you win as many Rupees
as you're able to find. It's just that easy.
If you wanna make your dreams come true,
go save up some cash.[Tag Color  val={FFFF} ]";
"All righty! Then go down to the start line.";
"What are you doin'? When you fall into
the ocean, you GET BACK OUT! Immediately!";
"Or was the shock that knocked you out of
your boat so hard that you forgot basic
boatin' technique? Just swim next to your
boat and press [Tag 3:0  ] to [Tag Color  val={0001} ]climb in[Tag Color  val={FFFF} ][Tag Color  val={0000} ]![Tag Color  val={FFFF} ]";
"Anyway, now that you're back to your
senses, you wanna play again, right?";
"Oh! Way to be!";
"All righty then, here's the [Tag Color  val={0001} ][Tag 2:21  ][Tag Color  val={FFFF} ][Tag Color  val={0000} ]
you collected, as I promised.


They're all yours. Enjoy, kiddo![Tag Color  val={FFFF} ]";
"Looks like you made a fortune! Come back
and do it again sometime.";
"What are you doin'? You gotta cross the
finish line [Tag Color  val={0001} ]BEFORE time runs out[Tag Color  val={FFFF} ][Tag Color  val={0000} ]!
Otherwise I can't give you any Rupees!
C'mon, kiddo, use your brain![Tag Color  val={FFFF} ]";
"And don't you know it's a [Tag Color  val={0001} ]foul[Tag Color  val={FFFF} ][Tag Color  val={0000} ] to cross the
finish line without collectin' a single
Rupee? And I mean a major foul.[Tag Color  val={FFFF} ]";
"How many do you want to sell?
[Tag Color  val={0001} ][Tag 2:39  ]
[Tag Color  val={FFFF} ][Tag Color  val={0000} ]Choose how many with [Tag 3:8  ] and press [Tag 3:0  ].[Tag Color  val={FFFF} ]";
"For [Tag 2:32  ], I'll pay you [Tag Color  val={0001} ][Tag 2:33  ][Tag Color  val={FFFF} ][Tag Color  val={0000} ]!



You sure you want to sell?
[Tag 1:7  ]Yes
Maybe not[Tag Color  val={FFFF} ]";
"OHHHHH! I'll buy [Tag Color  val={0001} ]Knight's Crests[Tag Color  val={FFFF} ][Tag Color  val={0000} ] for
[Tag Color  val={FFFF} ][Tag Color  val={0001} ]20 Rupees each[Tag Color  val={FFFF} ][Tag Color  val={0000} ]![Tag Color  val={FFFF} ]";
"I'll buy even more [Tag Color  val={0001} ]Knight's Crests[Tag Color  val={FFFF} ][Tag Color  val={0000} ]![Tag Color  val={FFFF} ]";
"I'll pay up to [Tag Color  val={0001} ]20 Rupees[Tag Color  val={FFFF} ][Tag Color  val={0000} ] for a
[Tag Color  val={FFFF} ][Tag Color  val={0001} ]Knight's Crest[Tag Color  val={FFFF} ][Tag Color  val={0000} ]![Tag Color  val={FFFF} ]";
"These things have been all the rage with
[Tag Color  val={0001} ]monsters[Tag Color  val={FFFF} ][Tag Color  val={0000} ] lately! They sell like hotcakes.
Like hotcakes, I tell you!

I'm laughing my way all the way to the
bank! Laughing at monsters![Tag Color  val={FFFF} ]";
"Yuk yuk yuk yuk yuk yuk yuk yuk!";
"Yuk yuk yuk yuk yuk yuk yuk!";
"...[Tag 1:11  ][Tag 2:0  ]!? Listen, kid, you can't
just stand around on deck! You'll get in
everyone's way!

I've told [Tag Color  val={0001} ]Niko[Tag Color  val={FFFF} ][Tag Color  val={0000} ] to look after you, so you'd
better report belowdecks and ask him what
you should be doing.[Tag Color  val={FFFF} ]";
"I'll call you when we reach the Forsaken
Fortress, so until then, just go talk to
[Tag Color  val={0001} ]Niko[Tag Color  val={FFFF} ][Tag Color  val={0000} ] and do whatever he tells you.[Tag Color  val={FFFF} ]";
"Into the big blue, boys!!
Turn the ship full to starboard!
We head for the northern seas!";
"Listen, shrimp, you're really creeping me out
standing there like that! So quit it, yeah? 
Stay outta my way! WAY outta my way!
Go down below and find [Tag Color  val={0001} ]Niko[Tag Color  val={FFFF} ][Tag Color  val={0000} ]!![Tag Color  val={FFFF} ]";
"Hey! Zuko! You keep a strict watch up
there, yeah?! If you spot anything, give us
a shout! A LOUD shout!";
"What are you doing, shrimp!? Miss Tetra is
waiting for you up in the crow's nest!

Shake a leg, yeah? Go! Hoof it!";
"So, your name's [Tag 2:0  ], right?
[Tag 4:65  ]Heh heh heh!


That's one weird getup you got on, there.
So what's the deal? Is that popular back
on your island, or what?

Now that I think about it, though...
I think I've seen an outfit like
that before somewhere...";
"You know, come to think of it, I think
there's a picture of someone in an outfit
like yours hanging on the wall down in
Miss Tetra's cabin...";
"So that's the Forsaken Fortress...
What an evil-looking place...";
"[Tag 1:6 val={000A} ]You![Tag 1:6 val={0014} ] Get outta the way, will ya?!



......
[Tag 1:6 val={0014} ]Turn around right now! Climb down!";
"So... You really plan on going...
[Tag 1:6 val={0014} ]into the Forsaken Fortress?
...[Tag 1:6 val={0014} ]Listen, I'll tell you once I see it.
So[Tag 1:6 val={0014} ] climb down, will ya?";
"The young Miss...
[Tag 1:6 val={0014} ]is waiting for you up above.


We've reached[Tag 1:6 val={0014} ] the Forsaken Fortress.";
"Hmmm! That Niko didn't make out half bad.
...With you being the new swabbie and all.";
"You should know... There's always a test
when a new pirate swabbie joins up.";
"Was Niko's test...easy?
[Tag 1:6 val={0014} ]...Really?";
"Stop right there! This is Miss Tetra's cabin!



Most of us REAL pirates aren't even allowed
in here! There's no way we're letting an
outsider in! Don't you even THINK it!";
"You're probably wondering why we treat
young Miss Tetra with so much respect
when she's clearly so much younger than
us, aren't you, now?
Now, I won't go saying this in a very loud
voice, but while she may look young...
[Tag 1:6 val={000A} ]Miss Tetra's actually 35!";
"HAR! That's a joke, shrimpy!";
"Ahoy there, young shrimpy! It sounds like
we've actually arrived! Head on up to the
deck and have a look-see, why don't you?";
"Oh! Well now! Ahoy there, swabbie!
As of today...[Tag 4:59  ][Tag 1:6 val={000A} ][Tag 1:0  ] EH-HEH-AHEM![Tag 1:1  ]
[Tag 1:6 val={000A} ]I am your superior... Niko! Now, I promise I'll
go easy on you, so you do as I say, OK?";
"Right! Now, first off you have to take the
test all new pirates have to take. It's a bit
of a doozy, so get ready!

You watch everything I'm about to show you
real careful-like so you can cram it into
your no doubt mushy swabbie brain!";
"First off, you gotta press this [Tag Color  val={0001} ]switch[Tag Color  val={FFFF} ][Tag Color  val={0000} ].
This is the only easy part.


Just walk up to it and tilt [Tag 3:13  ] to step
on it. Presto! Switch pressed!

[Tag Color  val={FFFF} ]";
"Now, check it out! After the platforms rise
up from the floor, you gotta jump on them!";
"OK, so I was able to jump to this first one
myself...but that next one is too far, right?


That's when you gotta do THIS!";
"If you jump right at the rope, you can grab
on to it and use [Tag 3:17  ] to [Tag Color  val={0001} ]swing[Tag Color  val={FFFF} ][Tag Color  val={0000} ]. Swing until
you get close enough to the next platform,
and then press [Tag 3:0  ] to [Tag Color  val={FFFF} ][Tag Color  val={0001} ]let go [Tag Color  val={FFFF} ][Tag Color  val={0000} ]and jump to it![Tag Color  val={FFFF} ]";
"So, do you think you get how to do it?
You have to swing from platform to
platform and try to get to the entrance
of that room over there!";
"Here's the problem, though, swabbie!
The platforms only stay raised for a little
while, so if you don't get there by the time
they drop, you have to start over!";
"It will probably take you at least [Tag Color  val={0001} ]one year
[Tag Color  val={FFFF} ][Tag Color  val={0000} ]before you're good enough to make it all
the way here. One rough year. One tough
year, full of bumps and bruises.
[Tag 1:6 val={0014} ]Of course, if you manage to do it faster,
I'll reward you![Tag Color  val={FFFF} ]";
"Now, give it a try! This ought to be good
for a chuckle or two!";
"Hey! What are you doing? You have to jump
and make it over here! Falling isn't part
of the program, swabbie!";
"Whaaaaat!? You did it already???



.........";
"I...[Tag 1:6 val={000A} ] I...[Tag 1:6 val={000A} ] I'm proud to have you as...
[Tag 1:6 val={000A} ]As my...[Tag 1:6 val={000A} ] As my underling!";
"[Tag 1:6 val={000A} ][Tag Size  val={004B} ]I...[Tag 1:6 val={000A} ] I wonder if it's OK to just give that to him...[Tag Size  val={0064} ]";
"[Tag 1:6 val={000A} ][Tag Size  val={004B} ]...I don't see why not... I doubt I'll get busted...[Tag Size  val={0064} ]";
"All right, swabbie! I'll tell you what!
[Tag 1:6 val={000A} ]You can have the [Tag Color  val={0001} ]treasure[Tag Color  val={FFFF} ][Tag Color  val={0000} ] in that chest
over there! It's your reward from the great
and generous Niko![Tag Color  val={FFFF} ]";
"Hu-[Tag 1:6 val={000A} ]Hurry up and take it! I'm serious!
Grab it and get outta here!


Someone might come! Hurry up, swabbie!";
"Gah! But there's still so much stuff I have
to teach you... This is so lame!


Ahh, well... I guess it can wait until you
finish whatever it is you have to do.";
"Come back and see me again after you
finish your errand, OK, swabbie?";
"Hey! [Tag 1:11  ][Tag 2:0  ]! We've reached the
Forsaken Fortress! Hurry and get up here!";
"Oh, there's one thing I forgot to tell you.



When you're hanging on to a rope, you can
tilt [Tag 3:18  ] to [Tag Color  val={0001} ]change direction[Tag Color  val={FFFF} ]. Hold [Tag 3:26  ] to [Tag Color  val={0001} ]stop[Tag Color  val={FFFF} ],
and then tilt [Tag 3:17  ] to [Tag Color  val={0001} ]climb up and down[Tag Color  val={FFFF} ][Tag Color  val={0000} ]. Try it
if you don't like the angle of the next jump.[Tag Color  val={FFFF} ]";
"Hurry and take it before someone comes!";
"'Cause I can never figure out what you're
trying to say! THAT'S why you've gotta be
sure to shout, Zuko!";
"New swabbies always get stuck doing the
hardest work. It's a real raw deal, but hey.


I'll tell you... It sure sounds like Niko is
happy to finally not be the bottom rung on
the pirate ladder![Tag 1:6 val={000A} ][Tag 1:0  ] You bet he is![Tag 1:1  ]";
"...Hey, but don't sweat it. I'm sure you'll do
just fine, so long as you don't [Tag 1:6 val={000A} ]disobey him.";
"I guess you could say it's our way of
welcoming new swabbies.[Tag 1:6 val={000A} ][Tag 1:0  ] Yup. That it is.[Tag 1:1  ]";
"One way or the other, you'll figure out what
it is you gotta do once you get belowdecks.
[Tag 1:6 val={000A} ]Then be sure to do it.[Tag 1:6 val={000A} ][Tag 1:0  ] Yup. Do it.[Tag 1:1  ]";
"I suppose it was just chance that we lost
our last Miss when Miss Tetra was still
young. [Tag 1:6 val={000A} ]Hooo... Fate is cruel, she is.

[Tag 1:6 val={000A} ]That's why Miss Tetra took over so young.
She owes it to her predecessor.


Everyone's come to respect her for that.
For coping with so much, at such an age.


Respect has nothing to do with how many
years you've been on the earth. But you're
probably too young to understand that.";
"Ah, now I remember...



I was eating [Tag Color  val={0001} ]shrimp[Tag Color  val={FFFF} ][Tag Color  val={0000} ] last night...
Heh heh heh...[Tag Color  val={FFFF} ]";
"Hey! [Tag 1:6 val={0014} ][Tag 1:11  ][Tag 2:0  ]!
Here I am! [Tag 1:6 val={000A} ]Up here!";
"What were you doing with Niko?";
"Don't tell me you were playing some stupid
game for treasure...[Tag 1:6 val={001E} ]were you?";
"[Tag 1:6 val={002D} ]...Well, whatever!
[Tag 1:6 val={001E} ]There's something you need to see!
Have a look over there...

That's the cursed isle known as the
[Tag Color  val={0001} ]Forsaken Fortress[Tag Color  val={FFFF} ][Tag Color  val={0000} ].[Tag Color  val={FFFF} ]";
"There are all sorts of strange rumors about
this place. What I do know is that long
ago, it used to be the hideout of a no-good
group of pirates we used to compete with...
But they were just small time. Now, the
place looks like it's pretty dangerous.";
"[Tag 1:0  ]Ah! I knew it! Look![Tag 1:1  ]
[Tag 1:6 val={003C} ][Tag 1:0  ]Over there![Tag 1:1  ][Tag 1:6 val={003C} ] By that window!";
"Have you ever seen so many seagulls flock
like that before?


...I'll bet you anything that's the place
where they've got your sister locked up!";
"...But it looks like the whole place is under
really tight guard.";
"This won't work... We'd be spotted before
we got anywhere near landing there.";
"[Tag 4:8  ]Hmmm...[Tag 1:6 val={003C} ] What do we do now?";
"Look, don't struggle. If you really want to
get into a dangerous place like that, this is
the only way to do it. Trust me.

We pirates do this all the time. Don't worry
about it! It'll be a piece of cake!";
"Is everybody ready!?";
"Never you fear, kid. We're pros. We're going
to launch you good!";
"3[Tag 1:3 val={001E} ]";
"[Tag Size  val={00C8} ]2[Tag 1:3 val={001E} ][Tag Size  val={0064} ]";
"[Tag Size  val={012C} ]1[Tag 1:3 val={001E} ][Tag Size  val={0064} ]";
"Hmmmmmm![Tag 1:6 val={001E} ][Tag 1:0  ] I see the same [Tag Color  val={0002} ]green clothes[Tag 1:1  ]
[Tag Color  val={FFFF} ][Tag Color  val={0000} ]and[Tag 1:6 val={001E} ][Tag Color  val={0000} ][Tag 1:1  ][Tag Color  val={0000} ] the same [Tag Color  val={FFFF} ][Tag Color  val={0002} ]green hat[Tag Color  val={FFFF} ][Tag Color  val={0000} ]![Tag Color  val={FFFF} ][Tag Color  val={0002} ][Tag 1:1  ]
[Tag 1:6 val={001E} ][Tag Color  val={FFFF} ][Tag Color  val={0000} ]By the look of you, I'd say...
[Tag 1:6 val={001E} ]Sir! Could you, by chance, be...a fairy?[Tag Color  val={FFFF} ]";
"[Tag 1:0  ]Goodness![Tag 1:1  ][Tag 1:6 val={001E} ] Did you feel my telepathy?!
That's why you saved me, isn't it?
[Tag 1:6 val={0014} ][Tag 1:0  ]Isn't it?[Tag 1:1  ] [Tag 1:6 val={0014} ][Tag 1:0  ]Isn't it?[Tag 1:1  ]";
"[Tag 1:6 val={000F} ][Tag 1:0  ]Do not worry![Tag 1:1  ][Tag 1:6 val={001B} ][Tag 1:0  ] Tingle knows without you[Tag 1:1  ]
[Tag 1:6 val={001E} ][Tag 1:0  ]telling him,[Tag 1:1  ][Tag 1:6 val={0024} ][Tag 1:0  ] sir![Tag 1:1  ][Tag 1:6 val={000E} ][Tag 1:0  ] Yes, sir![Tag 1:1  ]";
"Tingle is my name! I have been looking for
you and your kind, for I, too, long to be
one of the fairy folk!";
"And yet, I was mistaken for some kind of
troublemaker and put into this dreadful
sort of place!

[Tag 4:30  ][Tag 1:0  ]How disrespectful![Tag 1:1  ]";
"Please, Mr. Fairy... Rescue poor Tingle from
this place, and take him to where you and
your kind live in splendor!";
"If you help me, I will give you a
[Tag Color  val={0001} ]fabulous present[Tag Color  val={FFFF} ][Tag Color  val={0000} ]!
Soooo...[Tag Color  val={FFFF} ]";
"Why! If it isn't Mr. Fairy!



Do you remember poor Tingle?";
"Hooooo... You're mean. You're terrible. You're
not even lifting a finger. And after poor
Tingle begged you to help him like that...";
"Sir, do you, by chance, enjoy watching me
suffer? Is this lack of assistance done
[Tag 1:6 val={0014} ][Tag 1:0  ]intentionally[Tag 1:1  ]...?
";
"[Tag 1:0  ]No, that cannot be true![Tag 1:1  ]
[Tag 1:6 val={001B} ][Tag 1:0  ]Fairies are good beings.[Tag 1:1  ]
[Tag 1:6 val={001E} ][Tag 1:0  ]Tingle sees all,[Tag 1:1  ][Tag 1:6 val={0024} ] he does![Tag 1:6 val={000E} ][Tag 1:0  ] He does![Tag 1:1  ]";
"Please, Mr. Fairy! Please rescue poor Tingle,
and take him to where you and your kind live
in harmony!";
"If you help me, I will give you a
[Tag Color  val={0001} ]fabulous present[Tag Color  val={FFFF} ][Tag Color  val={0000} ]!
Sooooo...[Tag Color  val={FFFF} ]";
"Hoorayyyy! Thank you oh so VERRRY much!";
"Here is Tingle's heartfelt gift of thanks!";
"[Tag 1:6 val={000D} ][Tag 1:0  ]Tingle![Tag 1:1  ] [Tag 1:6 val={0014} ][Tag 1:0  ]Tingle![Tag 1:1  ]
[Tag 1:6 val={001E} ][Tag 1:0  ]Kooloo[Tag 1:1  ][Tag 1:6 val={001B} ][Tag 1:0  ]-limpah![Tag 1:1  ]
[Tag 1:6 val={001C} ]Become an i[Tag 1:0  ][Tag 1:6 val={001B} ][Tag 1:1  ]tem![Tag 1:0  ][Tag 1:3 val={002D} ]";
"Mr. Fairy, are you familiar with [Tag Color  val={0001} ]Miiverse[Tag Color  val={FFFF} ]?
With it, [Tag Color  val={0001} ]messages put in this bottle[Tag Color  val={FFFF} ] can be 
sent to fairies the world over! 

A communion of minds!
Hearts beating as one! [Tag 1:6 val={000F} ][Tag 3:21  ]


Just don't write anything unpleasant, OK?[Tag 1:6 val={000F} ]
Not that I have to remind YOU, Mr. Fairy!";
"Splendid! Tingle is returning now to his own
special island. Will you come find him?";
"Hoo hoo hoooooooooo![Tag 1:6 val={001E} ] If my appearance
[Tag 1:6 val={001E} ]does not surprise you...
[Tag 1:6 val={001E} ]Then you, sir,[Tag 1:6 val={001E} ] must be a fairy, just
like Tingle!";
"Big Brother!";
"You're OK!";
"[Tag 1:6 val={001E} ]...I was...worried.";
"The cell won't open that easily!";
"There you go... Acting before you think,
as usual...";
"I swear! Do you even realize that we had
to draw that monster bird off for you?


It was about to come flying in here after
you again!";
"...That sword!";
"Where did you get that?!";
"Are you... [Tag 1:6 val={001E} ]Is it even possible...?";
"[Tag Size  val={004B} ]...How could it be?[Tag Size  val={0064} ]";
"Hmm... Well, never mind about that.
For now, we'll just take these girls.


I'm sure their fathers back in town will pay
a handsome reward for their return.";
"I'm so sorry to interrupt such a
heartwarming reunion...
";
"But isn't there still something that you need
to take care of?";
"If you're worried about your sister...don't be.
I promise I'll deliver her safely back to your
little island.

Normally, I'd expect a huge reward for
something like this...but this time,
it's my treat!";
"Listen, Aryll, your brother still has some
things to take care of. Big, important,
grown-up things.

He'll be back soon, so you just wait nice
and quiet until he returns, OK?";
"[Tag 1:5 val={0003} ][Tag Size  val={004B} ]But, Big Brother...[Tag Size  val={0064} ]";
"Miss Tetra! We have to hurry! The bird will
be here any second!";
"Gonzo! Excellent! You're just in time!
[Tag 1:6 val={0014} ]Take this one for me.";
"Huh?! [Tag 1:6 val={0014} ]But she's...";
"She's fine! Just do as you're told!";
"Big Brother![Tag 1:3 val={003C} ]";
"[Tag 1:11  ][Tag 2:0  ]!
[Tag 1:6 val={001E} ]We'll be back. I swear it!";
"[Tag 1:6 val={001E} ][Tag Size  val={004B} ]I swear it.[Tag Size  val={0064} ]";
"  How have you been, Big Brother?
  I'm here on the pirate ship writing you
  this letter. Isn't that neat?

  At first, I was really scared, but they're
  all actually nice...for pirates, I mean.


  Mr. Gonzo is a really big guy, but ever
  since Miss Tetra left, he's been crying
  like a baby. It's kinda funny...but sort
  of sad, too.
  Nudge is a little strange, but nice, too,
  and as for Senza...his beard makes him
  look pretty mean, but he tells really cool
  stories when he gets in the right mood.
  Zuko's kind of weird, and Mako is pretty
  quiet... Mako immediately gets mad
  whenever I try to take his glasses...so I
  do that a lot. Hee hee!
  As usual, Niko is always fooling around.
  He won't take anything serious. Actually,
  he seems sad not to have you around
  anymore. Were you guys good friends?
  I helped them all out with their chores,
  and they actually paid me a little for it,
  so I'm sending the money to you. Please
  use it, Big Brother!
  I'll loan you my telescope for a little
  longer...but you have to return it to me
  eventually, OK?

  I'm doing fine here, so don't you worry.
  I'll take care of myself, so you be sure to
  take good care of yourself. Good luck!
                                       Aryll";
"It's been a while, boy.";
"You have done well to sneak into my
fortress and wriggle your way all the
way up here.";
"I suppose the least I can do is commend
you for your reckless courage.";
"My name is [Tag Color  val={0001} ]Ganondorf[Tag Color  val={FFFF} ][Tag Color  val={0000} ]...



And I am the master of the Forsaken Fortress.[Tag Color  val={FFFF} ]";
"By the way, boy... When you drew that
[Tag Color  val={0001} ]sword[Tag Color  val={FFFF} ][Tag Color  val={0000} ] of yours out of its resting place...


Did you by chance notice how all of the
monsters frozen in time down there
suddenly began stirring again?[Tag Color  val={FFFF} ]";
"Do you understand precisely what that
means? ...I highly doubt you do.";
"Foolish child. While that sword is indeed
the [Tag Color  val={0001} ]blade of evil's bane[Tag Color  val={FFFF} ][Tag Color  val={0000} ], at the same time,
it has long played another role...

You see, it is also a sort of key...
a most wretched little key that has kept
the [Tag Color  val={FFFF} ][Tag Color  val={0001} ]seal[Tag Color  val={FFFF} ][Tag Color  val={0000} ] on me and my magic intact![Tag Color  val={FFFF} ]";
"By withdrawing the blade, you have
[Tag Color  val={0001} ]broken[Tag Color  val={FFFF} ][Tag Color  val={0000} ] that [Tag Color  val={FFFF} ][Tag Color  val={0001} ]seal[Tag Color  val={FFFF} ][Tag Color  val={0000} ]...[Tag Color  val={FFFF} ]";
"Fool! 
...Why do I waste my breath on a child?
Do you still not understand?";
"You cannot defeat me with a [Tag Color  val={0001} ]blade that
does not sparkle[Tag Color  val={FFFF} ][Tag Color  val={0000} ] with the [Tag Color  val={FFFF} ][Tag Color  val={0001} ]power to repel
evil[Tag Color  val={FFFF} ][Tag Color  val={0000} ]! What you hold is useless.[Tag Color  val={FFFF} ]";
"Go back to the world below, and tell that
to the pathetic fools who made this blade!";
"[Tag 1:6 val={003C} ]Its power is gone, and its edges are dull!";
"[Tag 1:11  ][Tag 2:0  ]! Get up!";
"Uhh![Tag 1:6 val={000A} ] Stop![Tag 1:6 val={000A} ] Let...[Tag 1:6 val={000A} ] Let me go!";
"You pathetic little sea rat!";
"          [Tag Size  val={0096} ]! ? ! [Tag Size  val={0064} ]";
"My [Tag Color  val={0001} ]Triforce of Power[Tag Color  val={FFFF} ][Tag Color  val={0000} ] is resonating!



Ha! At long last, I have found you...[Tag 1:6 val={000F} ]
[Tag Color  val={FFFF} ][Tag Color  val={0001} ]Princess Zelda[Tag Color  val={FFFF} ][Tag Color  val={0000} ]![Tag Color  val={FFFF} ]";
"Wh[Tag 1:6 val={000A} ]-What?! [Tag 1:6 val={000A} ]What are you talking about?
[Tag 1:6 val={000A} ]I don't know any[Tag 1:6 val={001E} ] Zelda...";
"Feigning ignorance will gain you nothing!



Tell me... If you are not Zelda, then why
do you have this fragment of the [Tag Color  val={0001} ]Triforce[Tag Color  val={FFFF} ][Tag Color  val={0000} ]?[Tag Color  val={FFFF} ]";
"It's all right, [Tag 2:0  ]!
She has merely lost consciousness.";
"Your sister has escaped the Forsaken
Fortress with the pirates. You can relax.
She's safe now.";
"Lord Valoo! You arrived not a moment too
soon... [Tag 1:6 val={0014} ]We are deeply grateful.";
"Still...it is too soon for us to relax.
Ganon cannot be destroyed by such simple
means as wrath and fire.";
"I am aware of this.



Yet I thought our first priority should be
to separate these two from Ganon's grasp.";
"I see...and I agree.
Very well, then! We are counting on you!";
"[Tag 1:11  ][Tag 2:0  ], I will explain things later!
Now we must return to the world beneath
the sea!";
"O great hero, chosen by the Master Sword!";
"My name is [Tag Color  val={0001} ]Laruto[Tag Color  val={FFFF} ][Tag Color  val={0000} ].[Tag Color  val={FFFF} ]";
"I am a Zora [Tag Color  val={0001} ]sage[Tag Color  val={FFFF} ][Tag Color  val={0000} ]. For an age, I offered
my prayers here in the [Tag Color  val={FFFF} ][Tag Color  val={0001} ]Earth Temple[Tag Color  val={FFFF} ][Tag Color  val={0000} ],
praying that the power to repel evil would
ever remain within the Master Sword.[Tag Color  val={FFFF} ]";
"And yet...unfortunately, due to Ganondorf's
evil designs, the Master Sword you hold
has lost this power.";
"After his defeat at the hands of the Hero of
Time, Ganondorf was sealed away...but not
for all time. He was revived, and he
returned to Hyrule in a red wrath.
He attacked this temple and stole my soul,
knowing that he had to remove the power
contained in that enchanted blade.

In order to return the power to repel evil to
your sword, you must find another to take
my stead in this temple and ask the gods
for their assistance.";
"You must find the one who carries on
my bloodline... The one who holds this
sacred [Tag Color  val={0001} ]instrument[Tag Color  val={FFFF} ][Tag Color  val={0000} ]...[Tag Color  val={FFFF} ]";
"Nothing can stop the flow of time or the
passing of generations...but the fate carried
within my bloodline endures the ravages of
all the years. It survives.";
"The [Tag Color  val={0001} ]song you just conducted[Tag Color  val={FFFF} ][Tag Color  val={0000} ] is one that
will [Tag Color  val={FFFF} ][Tag Color  val={0001} ]open the eyes [Tag Color  val={FFFF} ][Tag Color  val={0000} ]of the new [Tag Color  val={FFFF} ][Tag Color  val={0001} ]sage[Tag Color  val={FFFF} ][Tag Color  val={0000} ] and
awaken within that sage the melody that
will carry our prayers to the gods.[Tag Color  val={FFFF} ]";
"The [Tag Color  val={0001} ]door[Tag Color  val={FFFF} ][Tag Color  val={0000} ] that blocks your way will only
open when [Tag Color  val={FFFF} ][Tag Color  val={0001} ]the sage plays that song[Tag Color  val={FFFF} ][Tag Color  val={0000} ].[Tag Color  val={FFFF} ]";
"May the winds of fortune blow with you.";
"Are you the new hero?";
"I am [Tag Color  val={0001} ]Fado[Tag Color  val={FFFF} ][Tag Color  val={0000} ] of the Kokiri tribe. I know I
appear to you as a child, but the eyes can
oft deceive. I am a most esteemed sage.[Tag Color  val={FFFF} ]";
"I had been praying here so that the power
to repel evil would continue to be contained
within the blade of the Master Sword...";
"But I was attacked by the evil Ganondorf...
and this is what happened to me.";
"You wish to return the power to your blade,
don't you?";
"In that case, look for the [Tag Color  val={0001} ]one[Tag Color  val={FFFF} ][Tag Color  val={0000} ] who has the
same [Tag Color  val={FFFF} ][Tag Color  val={0001} ]instrument[Tag Color  val={FFFF} ][Tag Color  val={0000} ] that I hold, and teach him
the [Tag Color  val={FFFF} ][Tag Color  val={0001} ]song[Tag Color  val={FFFF} ][Tag Color  val={0000} ] you just played.[Tag Color  val={FFFF} ]";
"Once you do, I'm certain the holder of the
instrument will feel the blood of the sages
awaken within his veins.";
"That [Tag Color  val={0001} ]Wind Waker[Tag Color  val={FFFF} ][Tag Color  val={0000} ] you hold was used long
ago to conduct us sages when we played
our song to call upon the gods.[Tag Color  val={FFFF} ]";
"In those days, it was always the king who
conducted for us...";
"Please... Tell the king that I will still
play...even in the next world!";
"That garb you wear...
Could you be the legendary hero?


Has the king at long last found the
Hero of Time?";
"What is the matter? Do you not understand
the ancient Hylian tongue?


So...you are not the Hero of Time.";
"I must apologize. I was in error.
[Tag 1:6 val={001E} ]I saw your clothing, and suddenly I felt a
longing for an age gone by... That longing
caused the ancient tongue to pass my lips.
I am the guardian spirit of this Forest
Haven—the Deku Tree.


I owe you my thanks for your aid in ridding
me of those foul creatures...


Tell me... Was it not the [Tag Color  val={0001} ]King of Red
Lions[Tag Color  val={FFFF} ][Tag Color  val={0000} ]—the boat who speaks—who led you
to this place?[Tag Color  val={FFFF} ]";
"So it is true...



Then you have come here because you have
need of the [Tag Color  val={0001} ]pearl of the goddess[Tag Color  val={FFFF} ][Tag Color  val={0000} ]?[Tag Color  val={FFFF} ]";
"I see...
I knew there was a reason the monsters had
begun to congregate in the regions around
my wood. Now I understand it.
He has returned...
Ganon has returned...


In that case, we must make haste.";
"Koroks! Little children of the woods!
This traveler is not your enemy. Let your
hearts be at ease, and show yourselves!";
"What do you call yourself?



[Tag 1:11  ][Tag 2:0  ]?



Well, then, [Tag 2:0  ]...
These are the Koroks—the spirits of
the forest.

Once upon a time, long ago, the Koroks
took on human forms, but when they came
to live on the sea, they took these shapes.

Now they fear people...but to me, they will
ever be my cherished little children.";
"As it happens, you have come just in time
for a ceremony that the Koroks hold but
once every year. It is about to begin.

I shall grant the [Tag Color  val={0001} ]pearl[Tag Color  val={FFFF} ][Tag Color  val={0000} ] to you once their
ceremony is complete.


I must apologize for the brief delay, but if
the ceremony is not completed soon, an ill
fate could befall us.

So, let it begin! Are you ready, my children?[Tag Color  val={FFFF} ]";
"W-We are not, O Great Deku Tree!
Something terrible has happened!
It is Makar! Makar!";
"What is the matter, Linder?
You and Makar are always late...";
"N-No! It is not that, O Great Deku Tree!
Makar...fell into the [Tag Color  val={0001} ]Forbidden Woods[Tag Color  val={FFFF} ][Tag Color  val={0000} ]![Tag Color  val={FFFF} ]";
"[Tag Size  val={0096} ]WHAT?!
The [Tag Color  val={0001} ]Forbidden [Tag Size  val={0096} ]Woods[Tag Size  val={0096} ][Tag Color  val={FFFF} ][Tag Size  val={0064} ][Tag Size  val={0096} ][Tag Color  val={0000} ]?[Tag Color  val={FFFF} ][Tag Size  val={0064} ]";
"I told him to be careful! But still Makar
flew above the Forbidden Woods, and as he
drew close to it...";
"Foolish little Makar...";
"[Tag 1:11  ][Tag 2:0  ], you have heard all this?



The [Tag Color  val={0001} ]Forbidden Woods [Tag Color  val={FFFF} ][Tag Color  val={0000} ]are [Tag Color  val={FFFF} ][Tag Color  val={0001} ]right beside [Tag Color  val={FFFF} ][Tag Color  val={0000} ]the
hallowed island of our Forest Haven.[Tag 1:6 val={001E} ]
Those woods... The whole region is a vile
place that is home to evil beasts.
And now it seems they have taken a child
of the forest named [Tag Color  val={FFFF} ][Tag Color  val={0001} ]Makar[Tag Color  val={FFFF} ][Tag Color  val={0000} ]. 

...Your presence here is no mistake, I deem.
The King of Red Lions likely expects great
deeds of you—it is why he brought you here.
I am sorry to ask this of you, but can you
go rescue young Makar for me?[Tag Color  val={FFFF} ]";
"But, Great Deku Tree! ...People cannot
fly through the air...";
"Ah, yes... Thank you, child. You are right.
It is not possible to enter those woods
from the sea, is it...

[Tag 1:11  ][Tag 2:0  ], I would guess from your
size that you are heavier than my Korok
children...yet I think we may still be
able to solve this dilemma.
You must use the [Tag Color  val={0001} ]item I shall bestow
upon you[Tag Color  val={FFFF} ][Tag Color  val={0000} ] and fly through the sky![Tag Color  val={FFFF} ]";
"Hmmm?



What is this?
You seem to be quite bold.";
"Hmph!



Forgive me, [Tag 2:0  ], but could you
climb up to my crown and get the [Tag Color  val={0001} ]leaf
[Tag Color  val={FFFF} ][Tag Color  val={0000} ]from up there?[Tag Color  val={FFFF} ]";
"Ah, yes... For one like you to reach the
heights, it will be necessary to use the
[Tag Color  val={0001} ]Baba Buds[Tag Color  val={FFFF} ][Tag Color  val={0000} ] scattered around here.

Ask the little [Tag Color  val={FFFF} ][Tag Color  val={0001} ]Koroks[Tag Color  val={FFFF} ][Tag Color  val={0000} ] about how to use
them. They shall teach you all you need.[Tag Color  val={FFFF} ]";
"What is the matter?";
"If you cannot even reach that leaf, there is
no way you will be able to save Makar from
the monsters in the Forbidden Woods.";
"You will need [Tag Color  val={0001} ]magic power[Tag Color  val={FFFF} ][Tag Color  val={0000} ] to use my leaf.
You can find Magic Jars in [Tag Color  val={FFFF} ][Tag Color  val={0001} ]grass clumps[Tag Color  val={FFFF} ][Tag Color  val={0000} ]
and [Tag Color  val={FFFF} ][Tag Color  val={0001} ]vases[Tag Color  val={FFFF} ][Tag Color  val={0000} ] and after you defeat[Tag Color  val={FFFF} ][Tag Color  val={0001} ] monsters[Tag Color  val={FFFF} ][Tag Color  val={0000} ].[Tag Color  val={FFFF} ]";
"You must build up your reserves of magic
power and use [Tag Color  val={0001} ]that leaf[Tag Color  val={FFFF} ][Tag Color  val={0000} ] to fly from the
high cliffs of my Forest Haven over to
the Forbidden Woods![Tag Color  val={FFFF} ]";
"The Koroks can teach you how to fly.";
"Please take care of Makar!";
"Every year after the Koroks perform this
ceremony, they fly off to the distant
islands on the sea and plant my seeds
in the hopes that new forests will grow.";
"Forests hold great power—they can change
one tiny island into a much larger land.
Soon, a day will come when all the islands
are one, connected by earth and grove.
And the people who live on that great
island will be able to join hands and,
together, create a better world.

Such is my dream.";
"...But the one you are chasing is trying
to prevent that dream from ever coming
to pass.";
"[Tag 1:11  ][Tag 2:0  ]...



Already, your fate is tied to the fate of this
world. You must proceed with great care.";
"If ever you find yourself troubled or lost,
return to this haven...


I shall be waiting for you.";
"How are things in the world,
[Tag 2:0  ]?";
"As you can see, I am slowly growing older
and feebler. It seems only my wisdom is
full of vigor lately. But that is just the way
of life, child, and not cause for sadness.
If there is anything you wish to know,
just ask! I will aid you as I may.";
"What is it you wish to know?
[Tag 1:8  ]Tell me about the Koroks
Tell me about Forest Water
Nothing";
"What do you wish to learn about?
[Tag 1:8  ]The Koroks
The King of Red Lions
Nothing";
"What is the matter? Is there something else
you wish to ask me?";
"What do you wish to learn about?
[Tag 1:8  ]The island Koroks
The forest Koroks
Nothing";
"Are you concerned about the little Koroks
who left the safety of our Forest Haven?


It is indeed true that there are many islands
on the Great Sea that have grown dark and
dangerous. Who knows what perils might
await my children?
If it's not too much to ask,[Tag Color  val={0000} ] [Tag 2:0  ]...
Please, offer my children assistance
should their needs become dire.

Can I count on you to check on them
for me as you proceed with your quest?


I entrust their care to you...[Tag Color  val={FFFF} ]";
"If you encounter them out there in the world,
and they look like they are in circumstances
most grave... Please help them however you
can. I'm counting on you.";
"But do you not already know about the
Koroks who have left our haven?";
"You wish to know about the Koroks who
remain here in the Forest Haven?


Well, you can find [Tag Color  val={0001} ]Hollo [Tag Color  val={FFFF} ][Tag Color  val={0000} ]in that hole
over there, researching potions.[Tag Color  val={FFFF} ]";
"And as for [Tag Color  val={0001} ]Makar[Tag Color  val={FFFF} ][Tag Color  val={0000} ], well...just look!
He is right there![Tag Color  val={FFFF} ]";
"He is busy practicing a new song for next
year's ceremony.


He is already looking forward to it.";
"As for [Tag Color  val={0001} ]Makar[Tag Color  val={FFFF} ][Tag Color  val={0000} ], he is somewhere here in the
Forest Haven. But I do not know where.


...Outside[Tag 1:6 val={000A} ]...perhaps?[Tag Color  val={FFFF} ]";
"I am certain he is practicing his little
leaf cello somewhere. You should be able
to hear his music when you are near to him.";
"[Tag Color  val={0001} ]Makar[Tag Color  val={FFFF} ][Tag Color  val={0000} ]...?



Now that I think about it, I haven't seen
him of late. Perhaps he is hiding somewhere
preparing [Tag Color  val={FFFF} ][Tag Color  val={0001} ]a song for next year's ceremony[Tag Color  val={FFFF} ][Tag Color  val={0000} ].

At such times, he never allows himself to
be seen. It would be [Tag Color  val={FFFF} ][Tag Color  val={0001} ]useless to look for him[Tag Color  val={FFFF} ][Tag Color  val={0000} ].
But do not worry. I am certain he will return
before long.[Tag Color  val={FFFF} ]";
"Is there anything else you wish to ask?";
"I see. Well, if ever you wish to ask anything
else of me, you are welcome to do so.";
"The Forest Water?



So, you have learned the secret of our
Forest Haven?";
"The [Tag Color  val={0001} ]Forest Water[Tag Color  val={FFFF} ][Tag Color  val={0000} ] is a mystical and
powerful draught that fills the trees
with life and vitality.[Tag Color  val={FFFF} ]";
"With such water, it would even be possible
to return life to a battered, withered tree. ";
"And yet, the [Tag Color  val={0001} ]Forest Water[Tag Color  val={FFFF} ][Tag Color  val={0000} ] is quickly spoiled
by the air outside the Forest Haven. 


Once it leaves the borders of these woods,
it will lose its potency after just
[Tag Color  val={FFFF} ][Tag Color  val={0001} ]30 minutes[Tag Color  val={FFFF} ][Tag Color  val={0000} ] and become no different
from [Tag Color  val={FFFF} ][Tag Color  val={0001} ]ordinary water[Tag Color  val={FFFF} ][Tag Color  val={0000} ].[Tag Color  val={FFFF} ]";
"I suppose it is thanks to such water that
this gnarled, old tree has been able to
live for so many long years.

If you see the Koroks in trouble out there,
I hope you can aid them while the Forest Water
remains potent! I shall mark their locations
on your [Tag Color  val={0001} ]Sea Chart[Tag Color  val={FFFF} ].";
"When the worst of all possible events
comes to pass, and Ganon is revived
once again...

One shall seek the hero who is destined
to defeat the great evil...";
"That is the destiny the goddesses have
placed upon the [Tag Color  val={0001} ]King of Red Lions[Tag Color  val={FFFF} ][Tag Color  val={0000} ].[Tag Color  val={FFFF} ]";
"Since that day, he has been sailing the
Great Sea in search of a young hero not
unlike yourself.";
"But I cannot yet reveal to you the truth
behind who that boat really is.


Perhaps if you are able to defeat Ganon
as the hero of old once did...";
"Then, all will be revealed to you.";
"Until then, you must proceed in your quest,
[Tag 2:0  ]. Do not lose your way.";
"Word has reached me that you performed
admirably! Thanks to the miraculous effects
of the Forest Water, I can smell the trees
growing across vast distances.
Please accept the Koroks' and my sincerest
gratitude. We are eternally in your debt.";
"We Koroks pass most of our days far away
from our sacred Forest Haven, raising new
trees to foster healthy forests on the many
islands of the Great Sea.
Today is the day we were to return to our
home for our annual ceremony.";
"But poor Makar...";
"Please, great swordsman! Please save our
brother Makar!";
"If we are unable to hold our ceremony, we
will not be able to raise any new forests.";
"If that comes to pass, then evil days will
follow. The Great Deku Tree's power will
wane, and our power will wane with it...
We might even wither altogether...";
"The Forbidden Woods were once our home.
They were peaceful back then.";
"I would guess that our homes should still
exist somewhere deep within the woods.


If you have trouble anywhere in the forest,
just look for the [Tag Color  val={0001} ]stump-shaped houses[Tag Color  val={FFFF} ][Tag Color  val={0000} ].[Tag Color  val={FFFF} ]";
"[Tag Color  val={0001} ]High atop the Forest Haven[Tag Color  val={FFFF} ][Tag Color  val={0000} ] is a [Tag Color  val={FFFF} ][Tag Color  val={0001} ]branch
[Tag Color  val={FFFF} ][Tag Color  val={0000} ]that hangs out over the sea. If you take off
from there, you should be able to float to
and enter the [Tag Color  val={FFFF} ][Tag Color  val={0001} ]Forbidden Woods[Tag Color  val={FFFF} ][Tag Color  val={0000} ].
That is what you need the [Tag Color  val={FFFF} ][Tag Color  val={0001} ]Deku Leaf[Tag Color  val={FFFF} ][Tag Color  val={0000} ] for.[Tag Color  val={FFFF} ]";
"Wow! You're quite good at that, Mr. Knight!
Just keep doing that until you get all the
way up to the top!";
"If you shoot out facing the wrong direction,
don't panic! If you don't tilt [Tag 3:8  ] in
any direction, you'll land safely back in
the Baba Bud.";
"You're almost to the top! But be careful!
You don't want to fall now that you're so
close. It's only a little higher.";
"Do you know about [Tag Color  val={0001} ]this flower[Tag Color  val={FFFF} ][Tag Color  val={0000} ]? It's called
a [Tag Color  val={FFFF} ][Tag Color  val={0001} ]Baba Bud[Tag Color  val={FFFF} ][Tag Color  val={0000} ]. You can stand in front of it
and tilt [Tag Color  val={0000} ][Tag 3:13  ][Tag Color  val={0000} ] to jump into it.[Tag Color  val={FFFF} ]";
"Baba Buds have this peculiar habit of
[Tag Color  val={0001} ]shooting you up into the air[Tag Color  val={FFFF} ][Tag Color  val={0000} ] after you
jump into them. So you can use them to
[Tag Color  val={FFFF} ][Tag Color  val={0001} ]jump up[Tag Color  val={FFFF} ][Tag Color  val={0000} ] to hard-to-reach places.[Tag Color  val={FFFF} ]";
"As soon as you jump into a [Tag Color  val={0001} ]Baba Bud[Tag Color  val={FFFF} ][Tag Color  val={0000} ],
tilt [Tag Color  val={0000} ][Tag 3:18  ][Tag Color  val={0000} ] to align the direction you wish
to jump in.

Once you're in the air, you can use [Tag Color  val={0000} ][Tag 3:17  ][Tag Color  val={0000} ]
to adjust the length of your jump.[Tag Color  val={FFFF} ]";
"You're very talented, Mr. Swordsman!";
"See?! If you jump from Baba Bud to Baba
Bud like that, you can gradually make
your way to higher and higher branches.";
"We Koroks can fly through the sky using
our own [Tag Color  val={0001} ]Deku Leaves[Tag Color  val={FFFF} ][Tag Color  val={0000} ].[Tag Color  val={FFFF} ]";
"We Koroks are very light...
You look like you weigh a lot more than
we do. Do you think you'll be all right?";
"In order to [Tag Color  val={0001} ]fly[Tag Color  val={FFFF} ][Tag Color  val={0000} ] using the Great Deku Tree's
[Tag Color  val={FFFF} ][Tag Color  val={0001} ]Deku Leaf[Tag Color  val={FFFF} ][Tag Color  val={0000} ], you must have [Tag Color  val={FFFF} ][Tag Color  val={0001} ]magic power[Tag Color  val={FFFF} ][Tag Color  val={0000} ].[Tag Color  val={FFFF} ]";
"...You look a lot heavier than us Koroks,
so you probably need a lot of magic...";
"Now that I think about it, my friend [Tag Color  val={0001} ]Hollo
[Tag Color  val={FFFF} ][Tag Color  val={0000} ]is researching [Tag Color  val={FFFF} ][Tag Color  val={0001} ]potions that replenish
magic power[Tag Color  val={FFFF} ][Tag Color  val={0000} ]. You should go see him before
you leave here.[Tag Color  val={FFFF} ]";
"Very good, Mr. Swordsman! You've already
mastered using the [Tag Color  val={0001} ]Deku Leaf[Tag Color  val={FFFF} ][Tag Color  val={0000} ]![Tag Color  val={FFFF} ]";
"But...since you're so much heavier than
we are, you can't fly very far, can you? 
How unfortunate...

Well, anyway, this is the exit that leads
to the Forbidden Woods, where our brother
Makar is being held.";
"Please take care of Makar!";
"You need [Tag Color  val={0001} ]magic power [Tag Color  val={FFFF} ][Tag Color  val={0000} ]in order to use the
[Tag Color  val={FFFF} ][Tag Color  val={0001} ]Deku Leaf[Tag Color  val={FFFF} ][Tag Color  val={0000} ] to fly. Without magic power, it's
just a useless twig!
[Tag Color  val={FFFF} ][Tag Color  val={0001} ]
[Tag Color  val={FFFF} ][Tag Color  val={0000} ]You can find [Tag Color  val={FFFF} ][Tag Color  val={0001} ]Magic Jars hidden[Tag Color  val={FFFF} ][Tag Color  val={0000} ] in the
[Tag Color  val={FFFF} ][Tag Color  val={0001} ]grass[Tag Color  val={FFFF} ][Tag Color  val={0000} ] and [Tag Color  val={FFFF} ][Tag Color  val={0001} ]vases[Tag Color  val={FFFF} ][Tag Color  val={0000} ] around here, so be sure to
look for them when you run low.[Tag Color  val={FFFF} ]";
"Congratulations, swordsman!



It appears you've finally gotten the
Deku Leaf!";
"That eerie-looking island over there is home
to the [Tag Color  val={0001} ]Forbidden Woods[Tag Color  val={FFFF} ][Tag Color  val={0000} ]. Makar is trapped
somewhere within there.

You'll have to float over to the entrance
from here using your [Tag Color  val={FFFF} ][Tag Color  val={0001} ]Deku Leaf[Tag Color  val={FFFF} ][Tag Color  val={0000} ].


But...when you're flying with the [Tag Color  val={FFFF} ][Tag Color  val={0001} ]Deku Leaf[Tag Color  val={FFFF} ][Tag Color  val={0000} ],
you're at [Tag Color  val={FFFF} ][Tag Color  val={0001} ]the mercy of the wind[Tag Color  val={FFFF} ][Tag Color  val={0000} ]. If the wind
can't carry you there, you'll fall into the
sea before you land...[Tag Color  val={FFFF} ]";
"If only the [Tag Color  val={0001} ]wind[Tag Color  val={FFFF} ][Tag Color  val={0000} ] were blowing in the right
direction to carry you there...[Tag Color  val={FFFF} ]";
"You need [Tag Color  val={0001} ]lots and lots[Tag Color  val={FFFF} ][Tag Color  val={0000} ] of [Tag Color  val={FFFF} ][Tag Color  val={0001} ]magic power[Tag Color  val={FFFF} ][Tag Color  val={0000} ] to
float from here to the [Tag Color  val={FFFF} ][Tag Color  val={0001} ]Forbidden Woods[Tag Color  val={FFFF} ][Tag Color  val={0000} ].


My friend [Tag Color  val={FFFF} ][Tag Color  val={0001} ]Olivio[Tag Color  val={FFFF} ][Tag Color  val={0000} ] is on that tiny plateau
there to the [Tag Color  val={FFFF} ][Tag Color  val={0001} ]southwest[Tag Color  val={FFFF} ][Tag Color  val={0000} ].


You should be able to replenish your magic
power there, so you probably should fly
that way first. If only the [Tag Color  val={FFFF} ][Tag Color  val={0001} ]wind was blowing
in that direction[Tag Color  val={FFFF} ][Tag Color  val={0000} ]...[Tag Color  val={FFFF} ]";
"Too bad the wind isn't blowing to the
[Tag Color  val={0001} ]southwest[Tag Color  val={FFFF} ][Tag Color  val={0000} ]...[Tag Color  val={FFFF} ]";
"Wow! The wind is blowing just right!



Please! Ride this wind to the [Tag Color  val={0001} ]southwest[Tag Color  val={FFFF} ][Tag Color  val={0000} ], and
let it carry you to my friend [Tag Color  val={FFFF} ][Tag Color  val={0001} ]Olivio[Tag Color  val={FFFF} ][Tag Color  val={0000} ].[Tag Color  val={FFFF} ]";
"First, make sure your [Tag Color  val={0001} ]Deku Leaf[Tag Color  val={FFFF} ][Tag Color  val={0000} ] is set to
either [Tag 3:6  ], [Tag 3:5  ], or [Tag 3:4  ]. Then just jump from
here and immediately press the button.[Tag Color  val={FFFF} ]";
"Let this wind carry you to my friend
[Tag Color  val={0001} ]Olivio[Tag Color  val={FFFF} ][Tag Color  val={0000} ] on the [Tag Color  val={FFFF} ][Tag Color  val={0001} ]plateau to the southwest[Tag Color  val={FFFF} ][Tag Color  val={0000} ]!


Please bring Makar back to us![Tag Color  val={FFFF} ]";
"Nice job, swordsman! It looks like you've
already mastered using your [Tag Color  val={0001} ]Deku Leaf[Tag Color  val={FFFF} ][Tag Color  val={0000} ].
You're a quick study!

The first thing you should do is cut the
grass around here to [Tag Color  val={FFFF} ][Tag Color  val={0001} ]replenish [Tag Color  val={FFFF} ][Tag Color  val={0000} ]your
[Tag Color  val={FFFF} ][Tag Color  val={0001} ]magic power[Tag Color  val={FFFF} ][Tag Color  val={0000} ].[Tag Color  val={FFFF} ]";
"The entrance to the Forbidden Woods is
on a much higher level than the entrance
to our Forest Haven.

In order to get up to such a high place,
you'll have to catch the swirling [Tag Color  val={0001} ]updraft[Tag Color  val={FFFF} ][Tag Color  val={0000} ].
Can you see the updraft, swordsman?
The updrafts around here move swiftly.
You have to time your jump just right,
so that the wind will fill your Deku Leaf
and carry you into the updraft, giving you
the lift you need.
Once you're floating on high, just let the
wind take you to the entrance to the woods.[Tag Color  val={FFFF} ]";
"I don't think you can make it to the
[Tag Color  val={0001} ]Forbidden Woods [Tag Color  val={FFFF} ][Tag Color  val={0000} ]if the wind isn't blowing
to the [Tag Color  val={FFFF} ][Tag Color  val={0001} ]northwest[Tag Color  val={FFFF} ][Tag Color  val={0000} ]...

And that's not all. You also have to catch
the [Tag Color  val={FFFF} ][Tag Color  val={0001} ]updraft [Tag Color  val={FFFF} ][Tag Color  val={0000} ]just right...[Tag Color  val={FFFF} ]";
"It would be really helpful if the wind would
just blow to the [Tag Color  val={0001} ]northwest[Tag Color  val={FFFF} ][Tag Color  val={0000} ]...[Tag Color  val={FFFF} ]";
"This is great! The wind is perfect!



I'm amazed, swordsman! You can control
the wind? That's incredible!


Well, now you just need to time your jump
[Tag Color  val={0001} ]so the wind carries you into the updraft[Tag Color  val={FFFF} ][Tag Color  val={0000} ].
Fly, swordsman! To the [Tag Color  val={FFFF} ][Tag Color  val={0001} ]Forbidden Woods[Tag Color  val={FFFF} ][Tag Color  val={0000} ]![Tag Color  val={FFFF} ]";
"But be careful! The monsters flying around
the entrance to the Forbidden Woods might
try to stop you from getting there.

If they do, you can use the [Tag Color  val={0001} ]Deku Leaf[Tag Color  val={FFFF} ][Tag Color  val={0000} ] in
midair to [Tag Color  val={FFFF} ][Tag Color  val={0001} ]fend them off[Tag Color  val={FFFF} ][Tag Color  val={0000} ].[Tag Color  val={FFFF} ]";
"Just press the button you set the [Tag Color  val={0001} ]Deku Leaf
[Tag Color  val={FFFF} ][Tag Color  val={0000} ]to—[Tag 3:6  ], [Tag 3:5  ], or [Tag 3:4  ]—to create a [Tag Color  val={FFFF} ][Tag Color  val={0001} ]gust of air
that will fend off monsters[Tag Color  val={FFFF} ][Tag Color  val={0000} ]. Use it to
get by the monsters near the entrance.[Tag Color  val={FFFF} ]";
"Please find Makar!";
"Hello, swordsman! You seem to be in
high spirits!


As for me, I'm using the fruit of the forest
to create potions. I'm called [Tag Color  val={0001} ]Hollo[Tag Color  val={FFFF} ][Tag Color  val={0000} ].[Tag Color  val={FFFF} ]";
"I wish I could create a potion that would
help you, swordsman...";
"But the ones I have here only seem to work
on my fellow Koroks...";
"I know!



If you can somehow gain magic power,
swordsman, then you will surely need a
potion that can replenish it!";
"Then—if I can get the right ingredients—
I might be able to make a potion for you.";
"Oh! But I haven't seen the ingredients that
help recover magic power here in the forest.";
"If I had [Tag Color  val={0001} ]seeds from the flower monsters [Tag Color  val={FFFF} ][Tag Color  val={0000} ]in
the [Tag Color  val={FFFF} ][Tag Color  val={0001} ]Forbidden Woods[Tag Color  val={FFFF} ][Tag Color  val={0000} ], then maybe I could
make a potion for you...[Tag Color  val={FFFF} ]";
"Do you know about those seeds?";
"I need at least [Tag Color  val={0001} ]four Boko Baba Seeds[Tag Color  val={FFFF} ][Tag Color  val={0000} ]
in order to make a potion.


Well, that, and an [Tag Color  val={FFFF} ][Tag Color  val={0001} ]empty bottle[Tag Color  val={FFFF} ][Tag Color  val={0000} ]. You
mustn't forget that.[Tag Color  val={FFFF} ]";
"If only I had many of the [Tag Color  val={0001} ]flower-monster
seeds [Tag Color  val={FFFF} ][Tag Color  val={0000} ]from the Forbidden Woods, then I
could make a [Tag Color  val={FFFF} ][Tag Color  val={0001} ]potion that replenishes both
life energy and magic power[Tag Color  val={FFFF} ][Tag Color  val={0000} ] for you.[Tag Color  val={FFFF} ]";
"Don't you know about them?";
"What is that? Did you want me to
do something with it?";
"Oh! That's... That's a [Tag Color  val={0001} ]Boko Baba Seed[Tag Color  val={FFFF} ][Tag Color  val={0000} ]![Tag Color  val={FFFF} ]";
"That's it! That's what I need to make the
kind of [Tag Color  val={0001} ]super-replenishing potion [Tag Color  val={FFFF} ][Tag Color  val={0000} ]that
would help you, swordsman![Tag Color  val={FFFF} ]";
"That's a Boko Baba Seed, isn't it? If I mix
some of these up, I can make the kind of
[Tag Color  val={0001} ]super-replenishing potion[Tag Color  val={FFFF} ][Tag Color  val={0000} ] that would help
you, swordsman![Tag Color  val={FFFF} ]";
"Oh, but I'd need at least [Tag Color  val={0001} ]four[Tag Color  val={FFFF} ][Tag Color  val={0000} ] of these
[Tag Color  val={FFFF} ][Tag Color  val={0001} ]seeds [Tag Color  val={FFFF} ][Tag Color  val={0000} ]to make one helping of the potion.[Tag Color  val={FFFF} ]";
"I'm sorry.";
"In order to create a potion from [Tag Color  val={0001} ]Boko Baba
Seeds[Tag Color  val={FFFF} ][Tag Color  val={0000} ], I'll need at least [Tag Color  val={FFFF} ][Tag Color  val={0001} ]four[Tag Color  val={FFFF} ][Tag Color  val={0000} ] of them.


Return after you collect at least [Tag Color  val={FFFF} ][Tag Color  val={0001} ]four [Tag Color  val={FFFF} ][Tag Color  val={0000} ]seeds.[Tag Color  val={FFFF} ]";
"All right, I'm going to use four of your
seeds to create a super-replenishing potion.";
"Please wait just a moment.";
"Onjalla, manjalla, CHO-WAY![Tag 1:3 val={00E2} ]";
"Hah hah! It's ready. Here you go.";
"Come see me again after you gather
more seeds.";
"I'll be waiting.";
"Oh, but I can't give you any potion if you
don't have an [Tag Color  val={0001} ]empty bottle[Tag Color  val={FFFF} ][Tag Color  val={0000} ] to carry it in.[Tag Color  val={FFFF} ]";
"I'm sorry.";
"Please come back after you get an
[Tag Color  val={0001} ]empty bottle[Tag Color  val={FFFF} ][Tag Color  val={0000} ] to carry the potion in.[Tag Color  val={FFFF} ]";
"Swordsman! Thank you so much for bringing
Makar back to us!


And now that we have completed our
ceremony, I can go back to researching
my potions!";
"By the way, did you find any
[Tag Color  val={0001} ]Boko Baba Seeds[Tag Color  val={FFFF} ][Tag Color  val={0000} ]?


If you have any, set them to [Tag 3:6  ], [Tag Color  val={0000} ][Tag 3:5  ][Tag Color  val={0000} ], or [Tag Color  val={0000} ][Tag 3:4  ][Tag Color  val={0000} ]
and show them to me.[Tag Color  val={FFFF} ]";
"Swordsman! Thank you so much for bringing
Makar back to us!


I am [Tag Color  val={0001} ]Hollo[Tag Color  val={FFFF} ][Tag Color  val={0000} ]. I make potions from the fruits
of the forest.[Tag Color  val={FFFF} ]";
"Swordsman! Over here!";
"Please! You must fly from over there to
here using your [Tag Color  val={0001} ]Deku Leaf[Tag Color  val={FFFF} ][Tag Color  val={0000} ]![Tag Color  val={FFFF} ]";
"Swordsman... Are you the one who
rescued me?";
"You have my thanks!";
"When all went dark around me, I thought
my time on the earth was over.";
"But...why are you here, swordsman?";
"What? The Great Deku Tree sent you?!



Oh! Th-That's right! Today's the day of our
annual ceremony!


Oh, I'm in trouble! I shouldn't be here!
I must get out of here immediately!";
"Let's go! Quickly!";
"Thank you very much, swordsman. You must
find [Tag Color  val={0001} ][Tag 2:13  ] more [Tag Color  val={FFFF} ][Tag Color  val={0000} ]of my fellow Koroks.


If you pour that [Tag Color  val={FFFF} ][Tag Color  val={0001} ]Forest Water[Tag Color  val={FFFF} ][Tag Color  val={0000} ] on all of our
trees, then the trees will surely grow
strong again.[Tag Color  val={FFFF} ]";
"But remember: in just [Tag 2:14  ],
the [Tag Color  val={0001} ]Forest Water [Tag Color  val={FFFF} ][Tag Color  val={0000} ]you have will turn into
[Tag Color  val={FFFF} ][Tag Color  val={0001} ]plain water[Tag Color  val={FFFF} ][Tag Color  val={0000} ]. So hurry up and look for my
fellow Koroks![Tag Color  val={FFFF} ]";
"The [Tag Color  val={0001} ]Forest Water[Tag Color  val={FFFF} ][Tag Color  val={0000} ] you have will turn into
[Tag Color  val={FFFF} ][Tag Color  val={0001} ]plain water [Tag Color  val={FFFF} ][Tag Color  val={0000} ]in just [Tag 2:14  ]. Hurry! Please!
You must find my fellow Koroks![Tag Color  val={FFFF} ]";
"Swordsman! Come see how healthy my
forest tree has become! Wow! I'm so happy!
Thank you so much!";
"You should return once this tree has spread
its roots to create a large forest.


I'm certain it will be quite beautiful.";
"That's too bad...
Your [Tag Color  val={0001} ]Forest Water[Tag Color  val={FFFF} ][Tag Color  val={0000} ] turned into [Tag Color  val={FFFF} ][Tag Color  val={0001} ]plain water
[Tag Color  val={FFFF} ][Tag Color  val={0000} ]before you were able to pour it on all of
the wilting trees.[Tag Color  val={FFFF} ]";
"You have to water all the trees before the
[Tag Color  val={0001} ]Forest Water[Tag Color  val={FFFF} ][Tag Color  val={0000} ] loses its life-giving power.[Tag Color  val={FFFF} ]";
"The [Tag Color  val={0001} ]Great Deku Tree[Tag Color  val={FFFF} ][Tag Color  val={0000} ] probably knows where
the rest of my [Tag Color  val={FFFF} ][Tag Color  val={0001} ]fellow Koroks[Tag Color  val={FFFF} ][Tag Color  val={0000} ] are.


Please bring [Tag Color  val={FFFF} ][Tag Color  val={0001} ]Forest Water[Tag Color  val={FFFF} ][Tag Color  val={0000} ] for my tree
once again.[Tag Color  val={FFFF} ]";
"Hello, swordsman. I haven't seen you in
a while. How have you been?";
"I've come here to plant the Great Deku
Tree's seed...";
"But look!";
"Usually, the forest trees sprout quite
vigorously wherever you plant them, but
for some reason, this one has withered...";
"...I'd be willing to bet that the trees
my fellow Koroks have planted are
withering, as well.";
"It seems that when one tree fails to grow
from its seed, [Tag Color  val={0001} ]all [Tag Color  val={FFFF} ][Tag Color  val={0000} ]the [Tag Color  val={FFFF} ][Tag Color  val={0001} ]forest trees [Tag Color  val={FFFF} ][Tag Color  val={0000} ]from
that year's seeds [Tag Color  val={FFFF} ][Tag Color  val={0001} ]wither[Tag Color  val={FFFF} ][Tag Color  val={0000} ] and [Tag Color  val={FFFF} ][Tag Color  val={0001} ]fail [Tag Color  val={FFFF} ][Tag Color  val={0000} ]to grow
tall and mighty.[Tag Color  val={FFFF} ]";
"What are we to do? If we are not able to
nurse these trees to health, the forest will
never spread and the Great Deku Tree will
slowly wither and die...";
"...



Maybe if we could sprinkle the [Tag Color  val={0001} ]water [Tag Color  val={FFFF} ][Tag Color  val={0000} ]from
the [Tag Color  val={FFFF} ][Tag Color  val={0001} ]Forest Haven[Tag Color  val={FFFF} ][Tag Color  val={0000} ] on the tree... Maybe then
this sapling would be saved.

That water is the wellspring of the Great
Deku Tree's life force.[Tag Color  val={FFFF} ]";
"Swordsman! Could you go to the [Tag Color  val={0001} ]Forest
Haven[Tag Color  val={FFFF} ][Tag Color  val={0000} ] and get some of the [Tag Color  val={FFFF} ][Tag Color  val={0001} ]water [Tag Color  val={FFFF} ][Tag Color  val={0000} ]that flows
around the Great Deku Tree?

Could you get some and sprinkle it on this
poor [Tag Color  val={FFFF} ][Tag Color  val={0001} ]forest tree[Tag Color  val={FFFF} ][Tag Color  val={0000} ]?[Tag Color  val={FFFF} ]";
"Please? Please help me!";
"I will do what I can here to make sure this
forest tree does not wither any further.";
"Please, swordsman, go to the [Tag Color  val={0001} ]Forest Haven[Tag Color  val={FFFF} ][Tag Color  val={0000} ]
and bring back some of the [Tag Color  val={FFFF} ][Tag Color  val={0001} ]Forest Water[Tag Color  val={FFFF} ][Tag Color  val={0000} ].[Tag Color  val={FFFF} ]";
"Can you please help me?";
"Hello, swordsman! I haven't seen you in a
while. How have you been?";
"Huh?



You say the [Tag Color  val={0001} ]forest trees[Tag Color  val={FFFF} ][Tag Color  val={0000} ] my fellow Koroks
have planted are [Tag Color  val={FFFF} ][Tag Color  val={0001} ]withering[Tag Color  val={FFFF} ][Tag Color  val={0000} ]?[Tag Color  val={FFFF} ]";
"So, it's true! As you can see, the forest
tree I have planted is doing the same.";
"I can't help but think that this, too, is the
result of Ganondorf's evil plot. Could it be?";
"...Regardless, in order to bring the life
back into this poor withered sapling,
I will certainly need [Tag Color  val={0001} ]Forest Water[Tag Color  val={FFFF} ][Tag Color  val={0000} ].[Tag Color  val={FFFF} ]";
"Swordsman! Could you please go to the
[Tag Color  val={0001} ]Forest Haven[Tag Color  val={FFFF} ][Tag Color  val={0000} ] and bring back some of the
[Tag Color  val={FFFF} ][Tag Color  val={0001} ]water[Tag Color  val={FFFF} ][Tag Color  val={0000} ] that flows around the Great Deku
Tree? Could you sprinkle it on this tree?[Tag Color  val={FFFF} ]";
"Please? I beg of you!";
"Please, Mr. Swordsman. Could you please
go get [Tag Color  val={0001} ]Forest Water[Tag Color  val={FFFF} ][Tag Color  val={0000} ] once more and [Tag Color  val={FFFF} ][Tag Color  val={0001} ]take it[Tag Color  val={FFFF} ][Tag Color  val={0000} ]
to all [Tag Color  val={FFFF} ][Tag Color  val={0001} ]eight[Tag Color  val={FFFF} ][Tag Color  val={0000} ] of the Koroks who guard the
withered forest trees?[Tag Color  val={FFFF} ]";
"The tree is withering...";
"You poured Forest Water on it, but it still
has not recovered all of its vigor.";
"The tree has recovered all of its vigor!";
"You already have Forest Water in
one of your [Tag Color  val={0001} ]bottles[Tag Color  val={FFFF} ][Tag Color  val={0000} ].[Tag Color  val={FFFF} ]";
"Your [Tag Color  val={0001} ]Forest Water[Tag Color  val={FFFF} ][Tag Color  val={0000} ] has become [Tag Color  val={FFFF} ][Tag Color  val={0001} ]plain water[Tag Color  val={FFFF} ][Tag Color  val={0000} ].[Tag Color  val={FFFF} ]";
"There is no one playing music nearby.";
"There is no wind for you to conduct.";
"You can only call up cyclones when you
are in your boat on the sea.";
"An evil power seems to have blocked the
effects of the music you conducted!";
"There is nothing nearby that you can
control.";
"You can conduct this melody here, but it
will not do anything.";
"The effects of the tune you conducted can
only be seen in places where the [Tag Color  val={0001} ]sun [Tag Color  val={FFFF} ][Tag Color  val={0000} ]and
[Tag Color  val={FFFF} ][Tag Color  val={0001} ]moon[Tag Color  val={FFFF} ][Tag Color  val={0000} ] are visible.[Tag Color  val={FFFF} ]";
"Oh, Makar! You have returned safely!";
"I'm sorry, Great Deku Tree...



I know you warned us many times, but
still I did not listen...";
"Do not worry, Makar. You are safe now.
Just be more careful from now on.
You have done well, [Tag 2:0  ]. I must
thank you for your brave deeds.
Here is that which I have promised you.
Please accept it.";
"It is my hope that this [Tag Color  val={0001} ]pearl[Tag Color  val={FFFF} ][Tag Color  val={0000} ] shall lead you
to a fair destiny![Tag Color  val={FFFF} ]";
"All is well, Makar. Do not cry.



Please... Play your songs for me as you
always do.";
"Oh, that's right! We must begin our
ceremony soon, before the day ends!


I'm sorry to keep you all waiting.
Let the ceremony begin!";
"Oh, Great [Tag 2:0  ]...



As my thanks to you, I shall play even
harder than I normally do.


I hope you enjoy it!";
"Great Deku Tree! This year you have once
again produced some splendid seeds!";
"With these seeds, we will continue to
spread new forests across the Great Sea.";
"Let us go, Koroks! To the sea!";
"See you all next year!";
"Take care!";
"Farewell, great swordsman!
May the winds of chance bring us together
again someday!";
"Thank you, [Tag 2:0  ], for all that
you've done for me.


How was my performance? Did it suit your
tastes or no?";
"This instrument is the one the Great Deku
Tree gave to me on the day of my birth.


He said it is an instrument that [Tag Color  val={0001} ]people
[Tag Color  val={FFFF} ][Tag Color  val={0000} ]played long, long ago. It has taken many
long hours of practice for me to be able
to perform at the level I do now.[Tag Color  val={FFFF} ]";
"[Tag Color  val={0001} ]Eight[Tag Color  val={FFFF} ][Tag Color  val={0000} ] of my fellow Koroks have set out on
journeys to create new forests in the world.


But both Hollo, who studies the making of
potions, and I are always on this island.
Please come to see us here again. We'll be
waiting for you.[Tag Color  val={FFFF} ]";
"I'm going to practice much more so that
next year's performance will be spectacular.


I hope you'll come back to see us again
then. You will, won't you?";
"Oh! [Tag 1:11  ][Tag 2:0  ]! I haven't seen you in
quite some time, have I?


I'm surprised you were able to find me here.";
"Hmm? You're wondering why I'm all the
way down here?";
"I'm practicing a new song for next year's
ceremony. And I need privacy!


It isn't any fun if everyone knows in
advance what song I'll play.";
"What? You can hear my song outside?";
"Ruh[Tag 1:6 val={0014} ]-really...?
[Tag 1:6 val={000A} ]I thought the sound of the waterfall would
drown it out...";
"Perhaps I should play a little more softly
when I practice from now on.";
"Please, if you don't mind, keep the fact
that I'm practicing here a secret. I don't
want everyone to know about it.";
"Why, is that a conductor's baton?



[Tag 1:11  ][Tag 2:0  ]! Are you a maestro?!



That's incredible!";
"Are you going to conduct for me,
[Tag 2:0  ]?


What kind of song is it? I can't wait to
hear it! Please, conduct!";
"Oh! Are you going to conduct for me again?



Ooh, I can't wait! This will be so much fun!";
"Hmmm... That's a nice song.



[Tag Size  val={004B} ]Is that it? My songs are better than that...[Tag Size  val={0064} ]";
"Oh! I'm sorry! Did you hear that? I guess
that was kind of rude!";
"Huh? Are you done? Oh, that's too bad.
I was looking forward to your song.";
"Hmmm... Does it go something like...this?



Strange... Why does it feel like I already
know this song...?";
"[Tag 1:11  ][Tag 2:0  ]...";
"This sacred song that you've conducted has
awakened me... I know myself now!
I am the [Tag Color  val={0001} ]sage of the Wind Temple[Tag Color  val={FFFF} ][Tag Color  val={0000} ]...[Tag Color  val={FFFF} ]";
"It is my fate to return the [Tag Color  val={0001} ]power to repel
evil[Tag Color  val={FFFF} ][Tag Color  val={0000} ] to your [Tag Color  val={FFFF} ][Tag Color  val={0001} ]Master Sword[Tag Color  val={FFFF} ][Tag Color  val={0000} ].[Tag Color  val={FFFF} ]";
"...And to ease the regrets of my ancestors.
Oh, [Tag 2:0  ], please! You must take
me with you to the [Tag Color  val={0001} ]Wind Temple[Tag Color  val={FFFF} ][Tag Color  val={0000} ].[Tag Color  val={FFFF} ]";
"[Tag 1:11  ][Tag 2:0  ], I have fully [Tag Color  val={0001} ]restored[Tag Color  val={FFFF} ][Tag Color  val={0000} ] the
[Tag Color  val={FFFF} ][Tag Color  val={0001} ]power to repel evil [Tag Color  val={FFFF} ][Tag Color  val={0000} ]to your Master Sword.[Tag Color  val={FFFF} ]";
"...And my ancestors are most satisfied.";
"I shall continue praying to the gods here.



[Tag 1:11  ][Tag 2:0  ], please step into the [Tag Color  val={0001} ]light
[Tag Color  val={FFFF} ][Tag Color  val={0000} ]and return aboveground.[Tag Color  val={FFFF} ]";
"May the winds of fortune be at your back.";
"[Tag 1:11  ][Tag 2:0  ], what are you doing?



Please take me to the [Tag Color  val={0001} ]Wind Temple[Tag Color  val={FFFF} ][Tag Color  val={0000} ].
Quickly![Tag Color  val={FFFF} ]";
"[Tag 4:268  ][Tag 1:11  ][Tag 2:0  ]...



I don't think I have the power to aid
you much, [Tag 2:0  ]...


But I can at least plant a tree here in this
soft soil...


If you conduct me, I can use [Tag 3:0  ] to
sow [Tag Color  val={0001} ]seeds[Tag Color  val={FFFF} ][Tag Color  val={0000} ].


Use your [Tag Color  val={FFFF} ][Tag Color  val={0001} ]Wind Waker[Tag Color  val={FFFF} ][Tag Color  val={0000} ] to conduct me.[Tag Color  val={FFFF} ]";
"[Tag 4:269  ][Tag 1:11  ][Tag 2:0  ]! I'm over here!";
"[Tag 4:268  ][Tag 1:11  ][Tag 2:0  ]!";
"The stone that blocks the entrance seems
extremely heavy.


The only way you could move it,
[Tag 2:0  ], is if you were to become
as [Tag Color  val={0001} ]heavy[Tag Color  val={FFFF} ][Tag Color  val={0000} ] as the Great Deku Tree himself.[Tag Color  val={FFFF} ]";
"[Tag 4:268  ][Tag 1:11  ][Tag 2:0  ]!



[Tag 1:11  ][Tag 2:0  ], I think that the [Tag Color  val={0001} ]Hookshot
[Tag Color  val={FFFF} ][Tag Color  val={0000} ]you have can probably latch on to the
trees I planted. Give it a try![Tag Color  val={FFFF} ]";
"Ahh, if only the Great Deku Tree were
here right now...";
"Ohhh... Owwww...";
"[Tag 1:11  ][Tag 2:0  ]! You're all right?";
"What is this place...?";
"Hey! And [Tag Color  val={0001} ]Ganondorf[Tag Color  val={FFFF} ][Tag Color  val={0000} ]!
What happened to him?[Tag Color  val={FFFF} ]";
"[Tag 1:11  ][Tag 2:0  ]! What are you doing?";
"You must come now to the [Tag Color  val={0001} ]room[Tag Color  val={FFFF} ][Tag Color  val={0000} ] where you
got the [Tag Color  val={FFFF} ][Tag Color  val={0001} ]Master Sword[Tag Color  val={FFFF} ][Tag Color  val={0000} ]![Tag Color  val={FFFF} ]";
"[Tag Size  val={004B} ]Who is using that [Tag Color  val={0001} ]stone[Tag Color  val={FFFF} ][Tag Size  val={0064} ][Tag Size  val={004B} ][Tag Color  val={0000} ]...?[Tag Color  val={FFFF} ][Tag Size  val={0064} ]";
"Just who are you?";
"[Tag 1:11  ][Tag 2:0  ] and I are the only ones who
can speak through this stone!


How dare you use what's not yours?!";
"...Your name is Tetra, correct?";
"You must come with [Tag 2:0  ] to see
me at once!";
"Hmph! Well, don't you sound important!
...Fine. We're on our way. Just hold
your horses, whoever you are.";
"[Tag 1:11  ][Tag 2:0  ], what are you waiting for?
You heard the stone. You're supposed to
[Tag Color  val={0001} ]show me[Tag Color  val={FFFF} ][Tag Color  val={0000} ] how to get to where [Tag Color  val={FFFF} ][Tag Color  val={0001} ]that voice[Tag Color  val={FFFF} ][Tag Color  val={0000} ] is![Tag Color  val={FFFF} ]";
"What are you doing? Show me where
the owner of that voice is!";
"Are you him? Are you the one who was
speaking through my stone without my
permission? Answer me!";
"That stone is an enhanced version of the
Gossip Stones long spoken of in the legends
of the [Tag Color  val={0001} ]Hyrulean Royal Family[Tag Color  val={FFFF} ][Tag Color  val={0000} ]. I am the one
[Tag Color  val={FFFF} ][Tag Color  val={0001} ]who made it[Tag Color  val={FFFF} ][Tag Color  val={0000} ].[Tag Color  val={FFFF} ]";
"You made it?
[Tag 1:6 val={000A} ]The royal family's Gossip Stone?


I'm sorry, but I have no idea what you're
talking about.";
"Have neither of you heard the tales?



Tales of the [Tag Color  val={0001} ]kingdom[Tag Color  val={FFFF} ][Tag Color  val={0000} ] spoken of in the
legend of the great hero... The place where
the [Tag Color  val={FFFF} ][Tag Color  val={0001} ]power of the gods lies hidden[Tag Color  val={FFFF} ][Tag Color  val={0000} ]...[Tag Color  val={FFFF} ]";
"[Tag Color  val={0001} ]This place[Tag Color  val={FFFF} ][Tag Color  val={0000} ], where the two of you now
stand, is that kingdom.[Tag Color  val={FFFF} ]";
"And I am its [Tag Color  val={0001} ]king[Tag Color  val={FFFF} ][Tag Color  val={0000} ]:
Daphnes Nohansen Hyrule.[Tag Color  val={FFFF} ]";
"[Tag 1:11  ][Tag 2:0  ], do you not recognize
my voice?";
"Indeed, I am the one who guided you here.
I am the [Tag Color  val={0001} ]King of Red Lions[Tag Color  val={FFFF} ][Tag Color  val={0000} ].[Tag Color  val={FFFF} ]";
"There was no need for me to reveal my true
identity to you so long as that blade,
the Master Sword, could defeat Ganon...";
"But now...both of you must listen to me.";
"Once, long ago, this land of Hyrule was
turned into a world of shadows by [Tag Color  val={0001} ]Ganon[Tag Color  val={FFFF} ][Tag Color  val={0000} ],
who sought to obtain the [Tag Color  val={FFFF} ][Tag Color  val={0001} ]power of the
gods[Tag Color  val={FFFF} ][Tag Color  val={0000} ] for his own evil ends.[Tag Color  val={FFFF} ]";
"My power alone could not stop the fiend,
and our only choice was to leave the fate
of the kingdom in the hands of the gods...

When the [Tag Color  val={0001} ]gods[Tag Color  val={FFFF} ][Tag Color  val={0000} ] heard our pleas, they chose
to [Tag Color  val={FFFF} ][Tag Color  val={0001} ]seal away[Tag Color  val={FFFF} ][Tag Color  val={0000} ] not only [Tag Color  val={FFFF} ][Tag Color  val={0001} ]Ganon[Tag Color  val={FFFF} ][Tag Color  val={0000} ] but [Tag Color  val={FFFF} ][Tag Color  val={0001} ]Hyrule
[Tag Color  val={FFFF} ][Tag Color  val={0000} ]itself...and so, with a torrential downpour
of rains from the heavens...
Our fair kingdom was soon buried beneath
the waves, forgotten at the [Tag Color  val={FFFF} ][Tag Color  val={0001} ]bottom of
the ocean[Tag Color  val={FFFF} ][Tag Color  val={0000} ].[Tag Color  val={FFFF} ]";
"Yet all was not lost. For the gods knew
that to seal the people away with the
kingdom would be to grant Ganon's wish
for the destruction of the land.";
"So, before the sealing of the kingdom,
the gods chose those who would build a
new country and commanded them to take
refuge on the mountaintops.";
"Those people were your [Tag Color  val={0001} ]ancestors[Tag Color  val={FFFF} ][Tag Color  val={0000} ].[Tag Color  val={FFFF} ]";
"Hundreds of years have passed since then...



So long as Ganondorf was not revived,
Hyrule would remain below, never waking
from its slumber.";
"Tetra, come to me.";
"This [Tag Color  val={0001} ]necklace[Tag Color  val={FFFF} ][Tag Color  val={0000} ] you wear is part of a [Tag Color  val={FFFF} ][Tag Color  val={0001} ]sacred
treasure [Tag Color  val={FFFF} ][Tag Color  val={0000} ]called the [Tag Color  val={FFFF} ][Tag Color  val={0001} ]Triforce of Wisdom[Tag Color  val={FFFF} ][Tag Color  val={0000} ],
which has been passed down for many ages
within the royal family of Hyrule.[Tag Color  val={FFFF} ]";
"Your mother passed this down to you and
instructed you to treasure it...and to guard
it with your life.

Am I not correct?";
"The [Tag Color  val={0001} ]Triforce of Wisdom[Tag Color  val={FFFF} ][Tag Color  val={0000} ] is none other than
the sacred [Tag Color  val={FFFF} ][Tag Color  val={0001} ]power of the gods[Tag Color  val={FFFF} ][Tag Color  val={0000} ] that we have
kept from Ganon's clutches for so many
long years.
The gods placed upon your ancestors the
task of [Tag Color  val={FFFF} ][Tag Color  val={0001} ]protecting it from evil's grasp[Tag Color  val={FFFF} ][Tag Color  val={0000} ].[Tag Color  val={FFFF} ]";
"You, too, must abide by the [Tag Color  val={0001} ]laws of the
past[Tag Color  val={FFFF} ][Tag Color  val={0000} ]...and so the time has come for me to
teach you the fate into which you were
born—the very reason that you live.[Tag Color  val={FFFF} ]";
"My...[Tag 1:6 val={000A} ]fate...";
"You are the true heir of the royal family of
Hyrule...the last link in the bloodline.";
"...Zelda?[Tag 1:6 val={0014} ] I'm...[Tag 1:6 val={000A} ]a princess?";
"You are confused, aren't you?
I suppose such is to be expected.";
"[Tag 1:11  ][Tag 2:0  ]!



I am terribly sorry that you have been
caught up in these events.";
"But now that it is known that Tetra is
indeed Princess Zelda...


Ganon will be searching frantically for this
child in an attempt to get the [Tag Color  val={0001} ]power of the
gods[Tag Color  val={FFFF} ][Tag Color  val={0000} ] that she possesses. He will not rest
until he has found her.[Tag Color  val={FFFF} ]";
"If he succeeds, my ancient kingdom under
the sea will be turned into a land of
shadow and despair...and so will the world
you know above the waves.";
"[Tag 1:11  ][Tag 2:0  ], I need you to lend me your
strength in this dark hour.


I have a suspicion about what has caused
the Master Sword to [Tag Color  val={0001} ]lose its power[Tag Color  val={FFFF} ][Tag Color  val={0000} ].[Tag Color  val={FFFF} ]";
"I need for you to come with me back to the
lands above the water and return the
[Tag Color  val={0001} ]power to repel evil[Tag Color  val={FFFF} ][Tag Color  val={0000} ] to the Master Sword![Tag Color  val={FFFF} ]";
"Zelda...";
"It is far too dangerous for you to join us in
this task.";
"Fortunately, this sacred chamber is not yet
known to Ganon.


It is my wish that you wait here in hiding
until we return.";
"[Tag 1:11  ][Tag 2:0  ]! We must go!";
"[Tag 1:11  ][Tag 2:0  ]...[Tag 1:3 val={003C} ]";
"Everything that's happened to you and
your poor sister...
It's all been my fault.";
"[Tag 1:6 val={003C} ]...I'm so sorry.";
"[Tag 1:11  ][Tag 2:0  ]...



[Tag 1:6 val={001E} ]Be careful...";
"[Tag 1:6 val={001E} ]I don't know how to say this...";
"This is [Tag Color  val={0001} ]Hyrule[Tag Color  val={FFFF} ][Tag Color  val={0000} ]...[Tag Color  val={FFFF} ]";
"You are Princess Zelda.";
"[Tag 1:11  ][Tag 2:0  ], listen well...";
"The fact that the Master Sword lost the
power to repel evil suggests to me that
[Tag Color  val={0001} ]something has happened[Tag Color  val={FFFF} ][Tag Color  val={0000} ] to the [Tag Color  val={FFFF} ][Tag Color  val={0001} ]sages [Tag Color  val={FFFF} ][Tag Color  val={0000} ]who
infused the blade with the gods' power.[Tag Color  val={FFFF} ]";
"The sages should be here in [Tag Color  val={0001} ]Hyrule[Tag Color  val={FFFF} ][Tag Color  val={0000} ]...in the
[Tag Color  val={FFFF} ][Tag Color  val={0001} ]Wind Temple [Tag Color  val={FFFF} ][Tag Color  val={0000} ]to the [Tag Color  val={FFFF} ][Tag Color  val={0001} ]north[Tag Color  val={FFFF} ][Tag Color  val={0000} ] and the [Tag Color  val={FFFF} ][Tag Color  val={0001} ]Earth
Temple[Tag Color  val={FFFF} ][Tag Color  val={0000} ] to the [Tag Color  val={FFFF} ][Tag Color  val={0001} ]south[Tag Color  val={FFFF} ][Tag Color  val={0000} ], praying to the gods.[Tag Color  val={FFFF} ]";
"You must head for these [Tag Color  val={0001} ]two temples[Tag Color  val={FFFF} ][Tag Color  val={0000} ] to see
what has happened to the sages and
attempt to find a way to recover the
power to repel evil.[Tag Color  val={FFFF} ]";
"Unfortunately, Ganon seems to have erected
some sort of magical barrier down here in
Hyrule, blocking our path to the temples.";
"But...each [Tag Color  val={0001} ]temple [Tag Color  val={FFFF} ][Tag Color  val={0000} ]should have [Tag Color  val={FFFF} ][Tag Color  val={0001} ]another
entrance[Tag Color  val={FFFF} ][Tag Color  val={0000} ] high upon Hyrule's mountaintops,
which are now [Tag Color  val={FFFF} ][Tag Color  val={0001} ]islands [Tag Color  val={FFFF} ][Tag Color  val={0000} ]above the sea.[Tag Color  val={FFFF} ]";
"As always, I shall mark these places
on your [Tag Color  val={0001} ]Sea Chart[Tag Color  val={FFFF} ][Tag Color  val={0000} ].[Tag Color  val={FFFF} ]";
"Now then... If we stay here much longer,
we shall draw our enemy's attention to
Princess Zelda's whereabouts. We must
return to the surface immediately!";
"[Tag 1:11  ][Tag 2:0  ], do you know the legend
of the Hero of Time?";
"Once, long ago, he defeated Ganon and
brought peace to the Kingdom of Hyrule...


A piece of the [Tag Color  val={0001} ]Triforce [Tag Color  val={FFFF} ][Tag Color  val={0000} ]was given to the
Hero of Time, and he kept it safe, much as
Zelda kept hers.[Tag Color  val={FFFF} ]";
"That sacred piece is known as the
[Tag Color  val={0001} ]Triforce of Courage[Tag Color  val={FFFF} ][Tag Color  val={0000} ].


When the Hero of Time was called to
embark on another journey and left the
land of Hyrule, he was separated from the
elements that made him a hero.
It is said that at that time, the Triforce of
Courage was split into [Tag Color  val={FFFF} ][Tag Color  val={0001} ]eight shards[Tag Color  val={FFFF} ][Tag Color  val={0000} ] and
hidden throughout the land.[Tag Color  val={FFFF} ]";
"It seems you already have some knowledge
of these [Tag Color  val={0001} ]shards[Tag Color  val={FFFF} ]...


Having a [Tag Color  val={0001} ]chart[Tag Color  val={FFFF} ] that showed all of their
locations would make tracking them down
much easier...

I don't suppose you have heard
of one like that?";
"Even I do not know where they rest, but
this much I do know: [Tag Color  val={0001} ]they lie hidden
[Tag Color  val={FFFF} ][Tag Color  val={0000} ]somewhere in this [Tag Color  val={FFFF} ][Tag Color  val={0001} ]Great Sea[Tag Color  val={FFFF} ][Tag Color  val={0000} ].

[Tag Color  val={0000} ]Might you have crossed paths with someone
who knows much about [Tag Color  val={0000} ][Tag Color  val={0001} ]things that lie hidden
in the depths of the sea[Tag Color  val={0000} ][Tag Color  val={0000} ]?

Well, fret not if you can think of no one.
Though maybe you would come upon the
knowledge by asking around in a place where
many people gather?[Tag Color  val={0000} ][Tag Color  val={FFFF} ]";
"You have done well, [Tag 2:0  ].";
"It would seem the gods have acknowledged
you to be a true hero.";
"But this does not mean your trials have
ended here...";
"Once you take your first step into the world
beyond the ring of light you see shimmering
in the waves before you...

Your true trial will begin.";
"Are you ready, [Tag 2:0  ]?";
"Then hang on tightly!";
"You are probably wondering where we are,
aren't you?";
"Unfortunately, there is not enough time for
me to explain it to you now...";
"Once you are able to strike down Ganon
with the [Tag Color  val={0001} ]item[Tag Color  val={FFFF} ][Tag Color  val={0000} ] you obtain in this [Tag Color  val={FFFF} ][Tag Color  val={0001} ]castle[Tag Color  val={FFFF} ][Tag Color  val={0000} ]...


...All will be made clear to you.[Tag Color  val={FFFF} ]";
"Trust in my words! See what awaits you
in the castle!";
"[Tag 1:11  ][Tag 2:0  ], it is still too early for you
to come to this place.


Even though the power to repel evil has
been returned to the Master Sword, you
will not be able to return to [Tag Color  val={0001} ]Hyrule[Tag Color  val={FFFF} ][Tag Color  val={0000} ]
until the [Tag Color  val={FFFF} ][Tag Color  val={0001} ]Triforce[Tag Color  val={FFFF} ][Tag Color  val={0000} ] is [Tag Color  val={FFFF} ][Tag Color  val={0001} ]complete[Tag Color  val={FFFF} ][Tag Color  val={0000} ].[Tag Color  val={FFFF} ]";
"Quickly! You must now think only of finding
the [Tag Color  val={0001} ]eight shards [Tag Color  val={FFFF} ][Tag Color  val={0000} ]and completing the
Triforce of Courage.[Tag Color  val={FFFF} ]";
"You cannot defeat Ganon until the power to
repel evil has been returned to the
Master Sword.";
"I, too, am worried about Zelda, as you are...



But for now, you must focus on recovering
the Master Sword's power.";
"Hurry, [Tag 2:0  ]!";
"Well done, [Tag 2:0  ]. You must show
the Triforce piece you have assembled to
the gods.";
"Oh! What is this? There, on your hand—the
Triforce piece now [Tag Color  val={0001} ]dwells [Tag Color  val={FFFF} ][Tag Color  val={0000} ]within you![Tag Color  val={FFFF} ]";
"It is the Triforce of Courage—proof
that you are indeed the [Tag Color  val={0001} ]true hero[Tag Color  val={FFFF} ][Tag Color  val={0000} ].[Tag Color  val={FFFF} ]";
"You have controlled the wind and crossed
the seas, and here, near the end of your
quest, the power of the gods has been
bestowed upon you...
Surely, from this moment on, you shall be
known as the [Tag Color  val={0001} ]Hero of Winds[Tag Color  val={FFFF} ][Tag Color  val={0000} ]...[Tag Color  val={FFFF} ]";
"[Tag 1:11  ][Tag 2:0  ]! Hero of Winds!";
"Go forth!



To Hyrule! To Zelda's side!";
"Well done, [Tag 2:0  ]! With the shards
you have collected, the [Tag Color  val={0001} ]Triforce of Courage[Tag Color  val={FFFF} ]
is now complete at last! We must make for
[Tag Color  val={0001} ]Hyrule[Tag Color  val={FFFF} ], quickly!";
"[Tag 1:11  ][Tag 2:0  ], are you all right?



It would seem that the wind god [Tag Color  val={0001} ]Cyclos
[Tag Color  val={FFFF} ][Tag Color  val={0000} ]bears some ill will toward humans.


As you go forward, it would be wise to
try not to get sucked up by any [Tag Color  val={FFFF} ][Tag Color  val={0001} ]cyclones
[Tag Color  val={FFFF} ][Tag Color  val={0000} ]you see upon the seas.

Ah, but if only we could find a way to
harness the power of those cyclones...
Then it might be possible for us to [Tag Color  val={FFFF} ][Tag Color  val={0001} ]travel
across the ocean instantaneously[Tag Color  val={FFFF} ][Tag Color  val={0000} ].[Tag Color  val={FFFF} ]";
"You do not yet have [Tag Color  val={0001} ]an item that can pierce
distant targets[Tag Color  val={FFFF} ][Tag Color  val={0000} ]! If you did, you might be
able to obtain such a power. Keep that
in mind![Tag Color  val={FFFF} ]";
"If you use [Tag Color  val={0001} ]your item that can pierce distant
targets[Tag Color  val={FFFF} ][Tag Color  val={0000} ], you might be able to harness the
[Tag Color  val={FFFF} ][Tag Color  val={0001} ]power of the whirlwinds[Tag Color  val={FFFF} ][Tag Color  val={0000} ] that Cyclos has
control over.[Tag Color  val={FFFF} ]";
"Have you noticed, [Tag 2:0  ]? Morning
has not broken since we arrived at
Greatfish Isle—the land that was so ravaged
by monsters. It is as if time itself is frozen.
Perhaps this is the [Tag Color  val={0001} ]curse[Tag Color  val={FFFF} ][Tag Color  val={0000} ] that Valoo
spoke of?


Whatever the reason, if this night does not
end, then we need not worry about the
pirates overtaking us.

In fact, it might not be a bad idea for you
to visit your hometown and family again
after such a long time away.

We can speak with Jabun after you do.[Tag Color  val={FFFF} ]";
"I cannot say when you will again have
a chance to return to this island,
young [Tag 2:0  ].

It would be wise for you to show your
family members that you are alive and
healthy while you have the chance.";
"Are you ready?



If that is the case, then we must search
for the cave around the back side of Outset
where Jabun is said to hide.";
"From the sound of things, the cave where
Jabun is hiding must be blocked by some
sort of [Tag Color  val={0001} ]hard[Tag Color  val={FFFF} ][Tag Color  val={0000} ] [Tag Color  val={FFFF} ][Tag Color  val={0001} ]stone doorway[Tag Color  val={FFFF} ][Tag Color  val={0000} ].

Once we approach it, try using the[Tag Color  val={FFFF} ][Tag Color  val={0001} ] item you
obtained from the pirates[Tag Color  val={FFFF} ][Tag Color  val={0000} ].[Tag Color  val={FFFF} ]";
"[Tag 1:11  ][Tag 2:0  ]...
You must remember well the appearance
of this room.

[Tag Color  val={0001} ]The shape of the floor[Tag Color  val={FFFF} ][Tag Color  val={0000} ]... [Tag Color  val={FFFF} ][Tag Color  val={0001} ]The number of
items hanging on the walls[Tag Color  val={FFFF} ][Tag Color  val={0000} ]...
Such things are the keys to solving the
riddles that lie ahead.
Do not overlook anything![Tag Color  val={FFFF} ]";
"With the power you have now, you can
neither lift nor destroy that stone.


And yet, somewhere on this sea, the power
to do so lies waiting for one to find it.


You must seek it out.";
"This tower, which the pearls of the gods
have caused to appear, is a place that the
[Tag Color  val={0001} ]gods of the ancient world[Tag Color  val={FFFF} ][Tag Color  val={0000} ] prepared so that
they might test the courage of men.
Only one who is able to overcome the
trials that await here will be acknowledged
by the gods to be a true hero.

Only then will that hero be permitted to
wield the [Tag Color  val={FFFF} ][Tag Color  val={0001} ]power to destroy the great evil[Tag Color  val={FFFF} ][Tag Color  val={0000} ].


[Tag 1:11  ][Tag 2:0  ], that which you must obtain
now lies before you!


You must believe in your own courage,
which has led you to triumph over the
many hardships you have faced...and you
must triumph once again!
You must rise above the trial of the gods![Tag Color  val={FFFF} ]";
"You have done well to find your way
to this place.";
"Oh, chosen one...";
"Accept this final challenge...";
"The path can now be opened.";
"Oh, chosen one...";
"What will now come to pass is tied to your
fate—to the path that you have chosen.";
"Go forward with caution.";
"[Tag 1:11  ][Tag 2:0  ]?
[Tag 1:6 val={0014} ][Tag 1:11  ][Tag 2:0  ], is that you?";
"It is! I'm pleased to see you're OK.";
"[Tag 1:6 val={001E} ]I must say...



You've traveled far for one with no wings...";
"[Tag 1:6 val={001E} ]And your sister? Is she...";
"[Tag 1:6 val={001E} ]Is that so?
[Tag 1:6 val={001E} ]Well, don't worry too much.
I'm sure she'll hang in there.";
"I have an idea, [Tag 2:0  ].
Would you like to meet our [Tag Color  val={0001} ]chieftain[Tag Color  val={FFFF} ][Tag Color  val={0000} ]?


I've told my people here about you, and
all of us Rito are very concerned.


I'm certain the chieftain will befriend you
and lend you the aid of our aerie.


It's settled, then! I'll fly on ahead and let
everyone know you're coming.


Come inside, [Tag 2:0  ]!



I'll be waiting![Tag Color  val={FFFF} ]";
"Well? Have you discovered the cause of
the great Valoo's anger?";
"Ah. So, you are [Tag 2:0  ], are you?



[Tag Color  val={0001} ]Quill [Tag Color  val={FFFF} ][Tag Color  val={0000} ]has told me all about you.[Tag Color  val={FFFF} ][Tag Color  val={0001} ]



[Tag Color  val={FFFF} ][Tag Color  val={0000} ][Tag 1:6 val={000A} ]A troubling tale, indeed...[Tag Color  val={FFFF} ]";
"I insist that you let us know if there is
anything we can do to help you.


We shall do everything in our power to
assist you.";
"However, in the meantime, we have a
problem of our own to deal with...";
"When you arrived on the island, did you
notice the raging [Tag Color  val={0001} ]dragon [Tag Color  val={FFFF} ][Tag Color  val={0000} ]perched atop
the mountain?[Tag Color  val={FFFF} ]";
"As you can see, we of the [Tag Color  val={0001} ]Rito tribe [Tag Color  val={FFFF} ][Tag Color  val={0000} ]are
profoundly connected to the sky. We make
our livings on the airways.[Tag Color  val={FFFF} ]";
"We do so by the graces of the sky spirit,
[Tag Color  val={0001} ]Valoo[Tag Color  val={FFFF} ][Tag Color  val={0000} ]. When a Rito reaches adulthood, he
or she journeys to the top of[Tag Color  val={FFFF} ][Tag Color  val={0001} ] Dragon Roost[Tag Color  val={FFFF} ][Tag Color  val={0000} ]
to receive a [Tag Color  val={FFFF} ][Tag Color  val={0001} ]scale [Tag Color  val={FFFF} ][Tag Color  val={0000} ]from the great dragon.
It is this scale that enables the Rito to
grow his or her wings.[Tag Color  val={FFFF} ]";
"Recently, however, the once-gentle Valoo
has grown violent and unpredictable.


Sadly, we can no longer approach him.";
"If this continues, the [Tag Color  val={0001} ]fledglings [Tag Color  val={FFFF} ][Tag Color  val={0000} ]who are of
age will never be able to receive scales
from[Tag Color  val={FFFF} ][Tag Color  val={0001} ] Valoo [Tag Color  val={FFFF} ][Tag Color  val={0000} ]on[Tag Color  val={FFFF} ][Tag Color  val={0001} ] Dragon Roost[Tag Color  val={FFFF} ][Tag Color  val={0000} ].

They will remain [Tag Color  val={FFFF} ][Tag Color  val={0001} ]wingless[Tag Color  val={FFFF} ][Tag Color  val={0000} ], and in time,
our very way of life will be threatened.[Tag Color  val={FFFF} ]";
"As chieftain of the Rito, my first
responsibility is to solve this problem.


My apologies, but I must ask you to wait
for our assistance until this is done.
Will you do so?";
"Chieftain, what do you think of consulting
[Tag 2:0  ] with regards to your son,
[Tag Color  val={0001} ]Prince Komali[Tag Color  val={FFFF} ][Tag Color  val={0000} ]?

As you can see, [Tag 2:0  ] is a
gallant young lad!


I feel certain that Prince Komali would
open his heart to him and speak freely
of his fears and worries.[Tag Color  val={FFFF} ]";
"[Tag 1:6 val={001E} ][Tag Size  val={004B} ]That may be...[Tag Size  val={0064} ]";
"Let me be direct. My son,[Tag Color  val={0001} ] Komali[Tag Color  val={FFFF} ][Tag Color  val={0000} ], is[Tag Color  val={FFFF} ][Tag Color  val={0001} ] of the
age to earn his wings[Tag Color  val={FFFF} ][Tag Color  val={0000} ]...


Yet...he is weak, in some ways...and in light
of the current situation, he may just[Tag Color  val={FFFF} ][Tag Color  val={0001} ] give
up on ever getting them[Tag Color  val={FFFF} ][Tag Color  val={0000} ]...[Tag Color  val={FFFF} ]";
"What say you?



Will you share some of your courage
with my son?";
"Will you meet with my son?";
"I thank you!



We shall do our best to solve our problem
as quickly as possible, so that we may
better help you with yours.";
"I have[Tag Color  val={0001} ] something [Tag Color  val={FFFF} ][Tag Color  val={0000} ]I wish for you to[Tag Color  val={FFFF} ][Tag Color  val={0001} ] give to
my son[Tag Color  val={FFFF} ][Tag Color  val={0000} ].[Tag Color  val={FFFF} ][Tag Color  val={0001} ]


A young girl [Tag Color  val={FFFF} ][Tag Color  val={0000} ]named [Tag Color  val={FFFF} ][Tag Color  val={0001} ]Medli [Tag Color  val={FFFF} ][Tag Color  val={0000} ]is holding it for
me. Would you find her and take it?[Tag Color  val={FFFF} ]";
"I am counting on you!";
"Here, [Tag 2:0  ], take [Tag Color  val={0001} ]this [Tag Color  val={FFFF} ][Tag Color  val={0000} ]with you!



Who knows? It might come in handy.[Tag Color  val={FFFF} ]";
"You should find [Tag Color  val={0001} ]Medli [Tag Color  val={FFFF} ][Tag Color  val={0000} ]in one of the
[Tag Color  val={FFFF} ][Tag Color  val={0001} ]upper rooms[Tag Color  val={FFFF} ][Tag Color  val={0000} ].


Leave the great Valoo to us.



In the meanwhile, do your best to aid
[Tag Color  val={FFFF} ][Tag Color  val={0001} ]Prince Komali[Tag Color  val={FFFF} ][Tag Color  val={0000} ]![Tag Color  val={FFFF} ]";
"Ah, [Tag 2:0  ]!
I hoped I would get the chance to thank
you in person.

Medli told me everything. I am extremely
grateful for all that you have done.";
"It seems you have helped my son, Komali,
find his courage, as well.


You have done so much for us!";
"I thank you.";
"Tell us if there is anything the Rito can do
for you. Anything at all.";
"I believe your journey is far from over,
but no matter where you may go, we can
still reach you.

As you travel from island to island, be sure
to check the local [Tag Color  val={0001} ]postbox[Tag Color  val={FFFF} ][Tag Color  val={0000} ].


We shall be sure to deliver any [Tag Color  val={FFFF} ][Tag Color  val={0001} ]letters [Tag Color  val={FFFF} ][Tag Color  val={0000} ]or
[Tag Color  val={FFFF} ][Tag Color  val={0001} ]packages addressed to you [Tag Color  val={FFFF} ][Tag Color  val={0000} ]to the[Tag Color  val={FFFF} ][Tag Color  val={0001} ] postbox
[Tag Color  val={FFFF} ][Tag Color  val={0000} ]nearest to you.

Keep your eyes peeled for the [Tag Color  val={FFFF} ][Tag Color  val={0001} ]moving
postboxes[Tag Color  val={FFFF} ][Tag Color  val={0000} ], for they have mail within them. 

I trust that is clear.[Tag Color  val={FFFF} ]";
"We will deliver any letters or packages
[Tag Color  val={0001} ]addressed to you [Tag Color  val={FFFF} ][Tag Color  val={0000} ]to the[Tag Color  val={FFFF} ][Tag Color  val={0001} ] postbox [Tag Color  val={FFFF} ][Tag Color  val={0000} ]nearest
you. Without fail, I promise you.

You may continue your journey knowing this
to be true.[Tag Color  val={FFFF} ]";
"Ah, [Tag 2:0  ]!
I hoped I would get the chance to thank
you in person.

Medli told me everything. I am extremely
grateful for all that you have done.";
"It seems you have helped my son, Komali,
find his courage, as well.


You have done so much for us!";
"I thank you.";
"By the way, are you using our[Tag Color  val={0001} ] postboxes[Tag Color  val={FFFF} ][Tag Color  val={0000} ]?



Well, as you might know, since you left the
island, all[Tag Color  val={FFFF} ][Tag Color  val={0001} ] letters [Tag Color  val={FFFF} ][Tag Color  val={0000} ]and[Tag Color  val={FFFF} ][Tag Color  val={0001} ] packages addressed
to you [Tag Color  val={FFFF} ][Tag Color  val={0000} ]have been delivered to whatever
[Tag Color  val={FFFF} ][Tag Color  val={0001} ]postbox [Tag Color  val={FFFF} ][Tag Color  val={0000} ]was nearest you.
Of course, the system is not perfect—you
tend to move around a lot. So be sure to
check any moving postboxes you find in
your travels. Do not forget![Tag Color  val={FFFF} ]";
"We shall deliver any[Tag Color  val={0001} ] letters [Tag Color  val={FFFF} ][Tag Color  val={0000} ]or[Tag Color  val={FFFF} ][Tag Color  val={0001} ] packages
addressed to you [Tag Color  val={FFFF} ][Tag Color  val={0000} ]to the[Tag Color  val={FFFF} ][Tag Color  val={0001} ] postbox [Tag Color  val={FFFF} ][Tag Color  val={0000} ]nearest
your location.

You may continue your journey knowing this
to be true.[Tag Color  val={FFFF} ]";
"Ah, [Tag 2:0  ]!
So you have returned safely.


May I assume that you have been checking
our postboxes?";
"Since you left, our island has been beset
by a plague of monsters, which appear
after the setting of the sun.

Luckily, they have never come during
daylight hours, so you may rest safely. ";
"As you can see, when the sun goes down,
monsters appear outside...


Do not worry: the aerie's borders are
well protected, and they cannot get in here.
Please go and rest yourself.";
"Make yourself at home.";
"Ah, [Tag 2:0  ]!
It is good to see that you are looking
so hale and hearty.";
"Relax and rest your weary spirit.";
"Wow! You really DO have [Tag Color  val={0002} ]green clothes [Tag Color  val={FFFF} ][Tag Color  val={0000} ]and
a [Tag Color  val={FFFF} ][Tag Color  val={0002} ]strange-shaped hat[Tag Color  val={FFFF} ][Tag Color  val={0000} ]...


You're [Tag 2:0  ], aren't you?[Tag Color  val={FFFF} ]";
"Oh, me? I'm an attendant to the great sky
spirit, Valoo. My name is Medli.";
"[Tag 1:6 val={001E} ]Well, to tell the truth...[Tag 1:6 val={000A} ]
I'm not an attendant quite yet. I'm actually
still studying to be one.";
"Oh, what am I thinking? Here![Tag Color  val={0001} ] This [Tag Color  val={FFFF} ][Tag Color  val={0000} ]is from
the chieftain.


[Tag 1:11  ][Tag 2:0  ], he wants you to[Tag Color  val={FFFF} ][Tag Color  val={0001} ] give [Tag Color  val={FFFF} ][Tag Color  val={0000} ]this
directly to[Tag Color  val={FFFF} ][Tag Color  val={0001} ] Prince Komali[Tag Color  val={FFFF} ][Tag Color  val={0000} ].[Tag Color  val={FFFF} ]";
"The room way in the back on the first floor
is Prince Komali's room. You have to go
down a couple steps to get there.";
"By the way, ummmm...
[Tag 1:6 val={000A} ]Listen, [Tag 2:0  ]...


[Tag 1:6 val={000A} ]I have a small favor I'd like to ask
of you...";
"Could you please come to the[Tag Color  val={0001} ] entrance [Tag Color  val={FFFF} ][Tag Color  val={0000} ]of
[Tag Color  val={FFFF} ][Tag Color  val={0001} ]Dragon Roost Cavern [Tag Color  val={FFFF} ][Tag Color  val={0000} ]later?


...I'll explain everything then.[Tag Color  val={FFFF} ]";
"After you've spoken to Prince Komali,
please come to the [Tag Color  val={0001} ]entrance [Tag Color  val={FFFF} ][Tag Color  val={0000} ]of [Tag Color  val={FFFF} ][Tag Color  val={0001} ]Dragon
Roost Cavern[Tag Color  val={FFFF} ][Tag Color  val={0000} ]. It's really important.

I'll explain everything then, I promise.[Tag Color  val={FFFF} ]";
"[Tag 1:11  ][Tag 2:0  ]!
You came to rescue me!


Oh, thank you!";
"I have to tell you what I found out!
This is terrible!


...[Tag Color  val={0001} ]Some creature [Tag Color  val={FFFF} ][Tag Color  val={0000} ]is doing [Tag Color  val={FFFF} ][Tag Color  val={0001} ]awful [Tag Color  val={FFFF} ][Tag Color  val={0000} ]things to
the great [Tag Color  val={FFFF} ][Tag Color  val={0001} ]Valoo's tail[Tag Color  val={FFFF} ][Tag Color  val={0000} ]!


That's why he's so angry![Tag Color  val={FFFF} ]";
"The great Valoo's [Tag Color  val={0001} ]tail [Tag Color  val={FFFF} ][Tag Color  val={0000} ]hangs down [Tag Color  val={FFFF} ][Tag Color  val={0001} ]into the
room right below here[Tag Color  val={FFFF} ][Tag Color  val={0000} ].


There's got to be something in there...[Tag Color  val={FFFF} ]";
"I wonder if those mean monsters who
captured me have something to do with it...";
"We've got to do something! Now! Before it's
too late!";
"I'll go and tell everyone what's happening!";
"Here, [Tag 2:0  ]!
Use this to get out of here!


It's what I used to get this far.



It's a[Tag Color  val={0001} ] device [Tag Color  val={FFFF} ][Tag Color  val={0000} ]we Rito used [Tag Color  val={FFFF} ][Tag Color  val={0001} ]before we
evolved wings[Tag Color  val={FFFF} ][Tag Color  val={0000} ].[Tag Color  val={FFFF} ]";
"Here, [Tag 2:0  ]. Climb up on that
little ledge over there so I can show
you something.";
"Grab this branch with the [Tag Color  val={0001} ]Grappling Hook[Tag Color  val={FFFF} ][Tag Color  val={0000} ],
and you can swing over there to get out
of this area!

When you aim at a branch that you can
latch on to, [Tag Color  val={FFFF} ][Tag Color  val={0004} ][Tag 3:20  ] [Tag Color  val={FFFF} ][Tag Color  val={0000} ]will appear. Remember that!


Don't you worry about me, [Tag 2:0  ].
Get going![Tag Color  val={FFFF} ]";
"Hey, you actually came!



I'm really sorry for bringing you to such a
dangerous place. I had to! I wouldn't have
asked if I didn't need help desperately.";
"You see this place? There used to be a
spring here, surrounded by a beautiful
pond... It was peaceful and lovely...

But then the great Valoo...
He became so angry, and...


In his rage, he shook the mountain and this
boulder crashed down, plugging the [Tag Color  val={0001} ]spring[Tag Color  val={FFFF} ][Tag Color  val={0000} ].
You can see the result.

[Tag 1:6 val={001E} ]Oh, but where is my mind? Tell me,
how was Prince Komali?[Tag Color  val={FFFF} ]";
"[Tag Size  val={004B} ][Tag 1:6 val={001E} ]Oh... That doesn't sound right... Not at all...[Tag Size  val={0064} ]";
"I may be partially to blame for the bad
turn that Prince Komali's taken...";
"See, Prince Komali's grandmother was the
great Valoo's former[Tag Color  val={0001} ] attendant[Tag Color  val={FFFF} ][Tag Color  val={0000} ].


She was an amazing woman. I was honored
to have her as my teacher...


She was kind and brave, and unsurpassed
in her dealings with the great Valoo.
I'm not yet worthy of being mentioned
in the same breath as her.
If only I'd possessed some of her strength,
I'm sure Prince Komali would have felt
more secure.[Tag Color  val={FFFF} ]";
"[Tag 1:11  ][Tag 2:0  ], I'm sorry to ask this...
but I need your help!";
"I want to go to the[Tag Color  val={0001} ] small shrine [Tag Color  val={FFFF} ][Tag Color  val={0000} ]that's
near the peak of [Tag Color  val={FFFF} ][Tag Color  val={0001} ]Dragon Roost[Tag Color  val={FFFF} ][Tag Color  val={0000} ], but that
ledge over there is so high...

If I could get some [Tag Color  val={FFFF} ][Tag Color  val={0001} ]wind under my wings[Tag Color  val={FFFF} ][Tag Color  val={0000} ],
I'm sure I could get up there.[Tag Color  val={FFFF} ]";
"So...";
"Will you help me?
[Tag 1:7  ]Sure
I don't think so";
"Oh, please? I wouldn't ask if it wasn't
important! It's just that...I'm not that good
at [Tag Color  val={0001} ]flying [Tag Color  val={FFFF} ][Tag Color  val={0000} ]yet...[Tag Color  val={FFFF} ]";
"Whew... [Tag 1:6 val={000A} ][Tag 1:0  ]Thank you so much![Tag 1:1  ]";
"OK, [Tag Color  val={0001} ]pick me up[Tag Color  val={FFFF} ][Tag Color  val={0000} ].[Tag Color  val={FFFF} ]";
"Then face that [Tag Color  val={0001} ]ledge[Tag Color  val={FFFF} ][Tag Color  val={0000} ] and toss me![Tag Color  val={FFFF} ]";
"The atmospheric currents are really messed
up, so pay close attention to the [Tag Color  val={0001} ]direction
of the wind[Tag Color  val={FFFF} ][Tag Color  val={0000} ].[Tag Color  val={FFFF} ]";
"All right, I'm ready!
Don't hold back, now!
Throw me as hard as you can!";
"I'm... I'm fiiiine! That...didn't really hurt.
[Tag 1:6 val={000A} ]What was I saying? Oh, yeah! Once...
Once more! With the wind! Toss away!
Please!";
"OK, that didn't exactly work.
Let's try once more. Use the [Tag Color  val={0001} ]wind[Tag Color  val={FFFF} ][Tag Color  val={0000} ], and
[Tag Color  val={FFFF} ][Tag Color  val={0001} ]throw [Tag Color  val={FFFF} ][Tag Color  val={0000} ]me up to that [Tag Color  val={FFFF} ][Tag Color  val={0001} ]ledge[Tag Color  val={FFFF} ][Tag Color  val={0000} ]![Tag Color  val={FFFF} ]";
"Oh, thank goodness!



I had a bad feeling that you weren't going
to come back, [Tag 2:0  ].";
"Remember, [Tag Color  val={0001} ]use the wind [Tag Color  val={FFFF} ][Tag Color  val={0000} ]to launch me up to
the [Tag Color  val={FFFF} ][Tag Color  val={0001} ]top of that ledge[Tag Color  val={FFFF} ][Tag Color  val={0000} ]![Tag Color  val={FFFF} ]";
"Oh, thank you!";
"I think now I'll be able to climb [Tag Color  val={0001} ]Dragon
Roost [Tag Color  val={FFFF} ][Tag Color  val={0000} ]and meet with the great [Tag Color  val={FFFF} ][Tag Color  val={0001} ]Valoo[Tag Color  val={FFFF} ][Tag Color  val={0000} ]![Tag Color  val={FFFF} ]";
"Don't worry, I'll be fine!



I may be just an apprentice attendant, but
I can [Tag Color  val={0001} ]understand [Tag Color  val={FFFF} ][Tag Color  val={0000} ]some of the [Tag Color  val={FFFF} ][Tag Color  val={0001} ]great
Valoo's language[Tag Color  val={FFFF} ][Tag Color  val={0000} ].[Tag Color  val={FFFF} ]";
"[Tag Size  val={004B} ]I'm not exactly bursting with confidence, but...[Tag Size  val={0064} ]";
"Look, if anything happens to me...";
"Please look after Prince Komali!";
"[Tag Color  val={0001} ]This [Tag Color  val={FFFF} ][Tag Color  val={0000} ]is all I have to give you. I know it's
not much, but please take it![Tag Color  val={FFFF} ]";
"Oh, and please don't tell anyone that I'm
climbing [Tag Color  val={0001} ]Dragon Roost[Tag Color  val={FFFF} ][Tag Color  val={0000} ]!


It'll be our secret, OK?[Tag Color  val={FFFF} ]";
"Well, good luck!


...To both of us.";
"When you meet Prince Komali, please don't
get offended by his manner.


He has no bad intentions, I promise.";
"My, what beautiful stars!
Twinkle-twinkle...[Tag 3:22  ]


[Tag 1:6 val={000A} ]Where were we? Oh, yeah! Once...once more!
With the wind! Toss away, please!";
"Huh? Whuh?
[Tag 1:11  ][Tag 2:0  ]? Since when did you
become triplets?

No, I'm five... I mean, file... FINE!
[Tag 1:6 val={000A} ]C'mon! Don't hold back! Use the wimp...
er...WIND and really toss me!";
"Wow! You really DO have [Tag Color  val={0003} ]blue clothes[Tag Color  val={FFFF} ][Tag Color  val={0000} ]...
with a picture of a crawfish on them!


You're [Tag 2:0  ], right?[Tag Color  val={FFFF} ]";
"Huh? Who are you supposed to be?";
"What do you want from me, huh?
I... I don't want to talk to anyone right now!";
"What do you want me to do with that, huh?";
"A letter?
[Tag 1:6 val={001E} ]From my father?";
"Oh, sure, telling me to be brave is easy
enough for him...


It's not like he's the one who went through
that horrible experience... It's not like HE
still has to go get a scale from [Tag Color  val={0001} ]Valoo[Tag Color  val={FFFF} ][Tag Color  val={0000} ].[Tag Color  val={FFFF} ]";
"You're in this letter, too, you know...



Poking your nose in other people's
business... You're nosy, aren't you?";
"Sorry, but I really don't feel like going to
see Valoo right now.


I mean, how am I supposed to get a scale
from him when he's so upset?
";
"What? Are you trying to say that YOU can
calm Valoo down?


Psssssh! That's just a big, fat lie!
It's easy to SAY you can do anything!
Bragging doesn't cost a thing!

I'll tell you what: if you can find me
someone who can get past all the obstacles
on [Tag Color  val={0001} ]Dragon Roost [Tag Color  val={FFFF} ][Tag Color  val={0000} ]to get to [Tag Color  val={FFFF} ][Tag Color  val={0001} ]Valoo[Tag Color  val={FFFF} ][Tag Color  val={0000} ]...

THEN I'll listen to [Tag Color  val={FFFF} ][Tag Color  val={0001} ]anything [Tag Color  val={FFFF} ][Tag Color  val={0000} ]you say![Tag Color  val={FFFF} ]";
"What?";
"Oh, [Tag Color  val={0001} ]this[Tag Color  val={FFFF} ][Tag Color  val={0000} ]...?[Tag Color  val={FFFF} ]";
"It's strange... Holding this calms me down.
I forget all the bad things.";
"It's so pretty, isn't it? It's called [Tag Color  val={0001} ]Din's
Pearl[Tag Color  val={FFFF} ][Tag Color  val={0000} ]. My grandma gave it to me.[Tag Color  val={FFFF} ]";
"My grandma used to be Valoo's [Tag Color  val={0001} ]attendant[Tag Color  val={FFFF} ][Tag Color  val={0000} ].
She was the only person on the island who
understood [Tag Color  val={FFFF} ][Tag Color  val={0001} ]Valoo's language[Tag Color  val={FFFF} ][Tag Color  val={0000} ].[Tag Color  val={FFFF} ]";
"Oh, Grandma... If she were here, I know she
could calm Valoo down. I just know it...";
"But my father and the rest? No matter how
hard they try...they'll fail. I know it.


[Tag Color  val={0001} ]No one [Tag Color  val={FFFF} ][Tag Color  val={0000} ]else can [Tag Color  val={FFFF} ][Tag Color  val={0001} ]calm Valoo down[Tag Color  val={FFFF} ][Tag Color  val={0000} ].
It's impossible...[Tag Color  val={FFFF} ]";
"What? What is it, huh?
Listen, you can stare all you want, but
I'm not giving this to you.

This is MY treasure. You understand?



I'm not going to just hand it over to some
[Tag Color  val={0001} ]do-nothing [Tag Color  val={FFFF} ][Tag Color  val={0000} ]guy, am I?[Tag Color  val={FFFF} ]";
"What?";
"You can stop staring anytime now!
I'm not giving this to you!";
"There's no one out there who can get [Tag Color  val={0001} ]Valoo
[Tag Color  val={FFFF} ][Tag Color  val={0000} ]to [Tag Color  val={FFFF} ][Tag Color  val={0001} ]settle down[Tag Color  val={FFFF} ][Tag Color  val={0000} ]...so just go away and let
me be miserable by myself.[Tag Color  val={FFFF} ]";
"[Tag 1:11  ][Tag 2:0  ], you know Medli, don't you?";
"I think something weird happened to her...";
"It stinks, too, because I went to all the
trouble of picking this flower to surprise
her with! And now she's not around!";
"Tell me if you spot Medli, will you?";
"[Tag 1:11  ][Tag 2:0  ]...";
"[Tag 1:6 val={000A} ]My flower... [Tag 1:6 val={000A} ]It wilted...";
"The joy on Medli's face when she saw this
flower... [Tag 1:6 val={000A} ]I really wanted to see that...";
"Medli...
[Tag 1:6 val={000A} ]I wonder where she's gone...";
"Master [Tag 2:0  ], you really helped
us out of a pickle!";
"Am I right, Akoot?";
"You could not be MORE right, Skett!";
"You saved our tail feathers!";
"Master [Tag 2:0  ], I must thank you so
very much!";
"What are you, mute, Skett? Could you not
show a little appreciation?";
"I am working on it, Akoot!";
"Er... Thank you oh so very much.
Take care of yourself.";
"I believe that Prince Komali has gone to
Dragon Roost to study.";
"Is that not right?
Akoot! Look alive!";
"Yes! Yes, of course! I deem you are
absolutely correct, Skett.";
"He told us to give you his regards,
Master [Tag 2:0  ].";
"Master [Tag 2:0  ], Medli is busy with
her attendant studies.";
"Is that not correct, Skett?
...Skett?";
"Oh, that is quite correct, Akoot!";
"Please come back and see her some
other time.";
"Master [Tag 2:0  ], I believe that
Prince Komali has gone out...";
"Am I right or am I right, Akoot?";
"I believe you are right, Skett.";
"He should be returning before too much
longer, so do not worry.";
"Master [Tag 2:0  ], if you are looking
for Medli, I believe she is atop the cliff
just outside.";
"Do I speak the truth, Skett?";
"You do, Akoot, as usual! She is right in the
same old spot!";
"If you step outside near where she is,
you should be able to hear the song she
is playing.";
"Master [Tag 2:0  ], do not push yourself
too hard.";
"Akoot! Speak up! Is there nothing you want
to say to Master [Tag 2:0  ]?";
"Of course there is, Skett!
And that something is as follows...";
"Do your best!
We are with you all the way!";
"Master [Tag 2:0  ], you know Medli,
do you not?";
"Well, we cannot find her!
I am not lying, am I, Skett?";
"You most certainly are not, Akoot!";
"Now, I do not think there is any need for
alarm, but let us know if you see her.";
"As you're from off-island, allow me to tell
you about the [Tag Color  val={0001} ]Dragon Roost[Tag Color  val={FFFF} ][Tag Color  val={0000} ]. Even in the
best of times, it's a dangerous place with
all those [Tag Color  val={FFFF} ][Tag Color  val={0001} ]bomb flowers [Tag Color  val={FFFF} ][Tag Color  val={0000} ]growing everywhere.
...And now, it's even more perilous. It's so
bad that the [Tag Color  val={FFFF} ][Tag Color  val={0001} ]bomb flowers [Tag Color  val={FFFF} ][Tag Color  val={0000} ]themselves have
all [Tag Color  val={FFFF} ][Tag Color  val={0001} ]dried up[Tag Color  val={FFFF} ][Tag Color  val={0000} ]. The "great and wonderful
Valoo" has created quite a mess![Tag Color  val={FFFF} ]";
"We used to have to worry only about [Tag Color  val={0001} ]bomb
flowers[Tag Color  val={FFFF} ][Tag Color  val={0000} ] when we went to get our scales.


Now, climbing's not even an issue since we
can't even get close to the mountain.
You think I'm joking? Go and take a look
for yourself.
The [Tag Color  val={FFFF} ][Tag Color  val={0001} ]bomb flowers [Tag Color  val={FFFF} ][Tag Color  val={0000} ]that marked the entrance
to [Tag Color  val={FFFF} ][Tag Color  val={0001} ]Dragon Roost Cavern [Tag Color  val={FFFF} ][Tag Color  val={0000} ]have all wilted
because the earth is so dry. They're not
producing [Tag Color  val={FFFF} ][Tag Color  val={0001} ]bomb-fruit [Tag Color  val={FFFF} ][Tag Color  val={0000} ]at all. It's sad, really.[Tag Color  val={FFFF} ]";
"I guess it's to be expected in this heat, but
just take a look down there!
[Tag Color  val={0001} ]Dragon Roost Pond [Tag Color  val={FFFF} ][Tag Color  val={0000} ]is completely dried up![Tag Color  val={FFFF} ]";
"The pond came from this [Tag Color  val={0001} ]bubbling spring[Tag Color  val={FFFF} ][Tag Color  val={0000} ].
It was such a beautiful little pond...


Now it's so arid that even the [Tag Color  val={FFFF} ][Tag Color  val={0001} ]bomb flowers
[Tag Color  val={FFFF} ][Tag Color  val={0000} ]have completely dried up.


It's just so hot...
I'm sure the chieftain and those guys are
having a tough time checking things out,
but it's tough for us guards, too.[Tag Color  val={FFFF} ]";
"[Tag 1:11  ][Tag 2:0  ], do you know Medli?";
"Just now, some fellow told me that he
saw some unfamiliar [Tag Color  val={0001} ]creatures [Tag Color  val={FFFF} ][Tag Color  val={0000} ]near
[Tag Color  val={FFFF} ][Tag Color  val={0001} ]Dragon Roost Cavern[Tag Color  val={FFFF} ][Tag Color  val={0000} ]...

He said that they [Tag Color  val={FFFF} ][Tag Color  val={0001} ]grabbed [Tag Color  val={FFFF} ][Tag Color  val={0000} ]a girl that
looked like [Tag Color  val={FFFF} ][Tag Color  val={0001} ]Medli[Tag Color  val={FFFF} ][Tag Color  val={0000} ]...


...Which is odd, because I know Medli can't
fly well enough to get to the Dragon Roost
Cavern entrance by herself. So I figure it
must be some sort of mix-up.
It IS a bit disconcerting, though...[Tag Color  val={FFFF} ]";
"This whole business of someone resembling
[Tag Color  val={0001} ]Medli [Tag Color  val={FFFF} ][Tag Color  val={0000} ]getting[Tag Color  val={FFFF} ][Tag Color  val={0001} ] snatched [Tag Color  val={FFFF} ][Tag Color  val={0000} ]near [Tag Color  val={FFFF} ][Tag Color  val={0001} ]Dragon Roost
Cavern [Tag Color  val={FFFF} ][Tag Color  val={0000} ]has got to be some kind of mistake.

Still, I'm going to wait here for a while and
watch things extra carefully.


Don't worry, [Tag 2:0  ].



Just look after Prince Komali.[Tag Color  val={FFFF} ]";
"We used to have such nice breezes blowing
through here... Now the air is crazy.


I'm positive the strange winds are a result
of the[Tag Color  val={0001} ] wind god's [Tag Color  val={FFFF} ][Tag Color  val={0000} ]anger.


See, there's an important[Tag Color  val={FFFF} ][Tag Color  val={0001} ] shrine [Tag Color  val={FFFF} ][Tag Color  val={0000} ]below here
that got broken...and now we're paying
the price. What cursed luck...[Tag Color  val={FFFF} ]";
"We Rito cannot live without the wind.



Before we take to the skies, we always go
down and visit the [Tag Color  val={0001} ]wind god's shrine[Tag Color  val={FFFF} ][Tag Color  val={0000} ].
That's the way it's always been.[Tag Color  val={FFFF} ]";
"Every year, the Rito sponsor a Bird-Man
Contest on that island off to the east.


I wonder if we'll have one this year, what
with the current situation on the island...";
"No time to waste!



Everyone's so busy with the great Valoo
that we're running short of delivery
personnel. It's a madhouse!

Ah, well, back to work!";
"If you want to get to [Tag Color  val={0001} ]Dragon Roost Cavern[Tag Color  val={FFFF} ][Tag Color  val={0000} ],
I've got some bad news for you...


The bridge is out. There's no way to even
get inside. I'm sure you'll understand
once you've seen it for yourself.

As for [Tag Color  val={FFFF} ][Tag Color  val={0001} ]swimming [Tag Color  val={FFFF} ][Tag Color  val={0000} ]across, well...
You need water for that, and the pond's
all dried up...

No need to panic, though! I'm sure the
chieftain will think of something.[Tag Color  val={FFFF} ]";
"Sorry to tell you this, but you can no longer
get to [Tag Color  val={0001} ]Dragon Roost Cavern[Tag Color  val={FFFF} ][Tag Color  val={0000} ]. Even if you
were of a mind to swim across, the pond's
empty. That's right, it's bone dry...[Tag Color  val={FFFF} ]";
"Dragon Roost just up and stopped shaking!



I wonder if this means the great Valoo's
feeling better...";
"This is great news for the fledglings!
Now they can climb Dragon Roost and get
their scales!";
"Long time, no see.



How've you been?";
"Please, make yourself at home.";
"Long time, no see.



How've you been?";
"Don't want to stay outside, huh?



Well, make yourself at home.";
"I was just thinking that it hasn't been quite
so hot lately, and what do you know?
The pond's gone back to normal!";
"The pond's filled up again! We've got to get
busy repairing the bridge!";
"Hey! Welcome back!";
"Apparently there are still some weird things
up on Dragon Roost.";
"Oh, it's you...";
"The night's full of dangers, you know.
It's better to stay inside.";
"You can hear that song coming from [Tag Color  val={0001} ]up on
the cliff[Tag Color  val={FFFF} ][Tag Color  val={0000} ], can't you?


Mmmm... Such beautiful tone.
Medli's really gotten good.[Tag Color  val={FFFF} ]";
"[Tag Color  val={0001} ]The top of that cliff [Tag Color  val={FFFF} ][Tag Color  val={0000} ]is Medli's special spot.



That girl really is a hard worker. She's
beginning to fill the shoes of her teacher.[Tag Color  val={FFFF} ]";
"Wasn't Medli [Tag Color  val={0001} ]on top of that cliff outside[Tag Color  val={FFFF} ][Tag Color  val={0000} ]?[Tag Color  val={FFFF} ]";
"It's starting to get dark... Could you go and
tell her it's time to come inside?";
"It appears that the great Valoo is in much
better spirits.


Maybe we'll have our annual Bird-Man
Contest after all.";
"Ah, I'm off to do some more work!";
"We're holding our traditional Bird-Man
Contest on that [Tag Color  val={0001} ]little island [Tag Color  val={FFFF} ][Tag Color  val={0000} ]over there.
Why don't you give it a try?[Tag Color  val={FFFF} ]";
"Maybe I'll go ahead and take a break
myself...";
"You can go ahead and take a look at
Dragon Roost if you want.


They're still assessing the situation, though,
so I wouldn't go inside.";
"They're still checking to see if Dragon
Roost is safe. Wait just a bit more, please.";
"Ah, I heard of your trials. Nicely done.
You must be weary!";
"Be careful out there...";
"Ah, nicely done. You must be weary!";
"It's dangerous out at night, so be
extra careful.";
"Oh, you're the fledgling the chieftain
mentioned, aren't you?


I feel as though I should tell you, despite
what he may seem like right now, young
master Komali is quite a pleasant child...

His father, the chieftain, is quite busy, but
Komali's never once complained, though I'm
sure he's been lonely at times. He's the
chieftain's son through and through.
However, his grandmother passed recently,
and Komali seems lost. His confidence is...
gone. His grandmother was always with
him, you see. A great, great woman...
That sparkling [Tag Color  val={0001} ]ball [Tag Color  val={FFFF} ][Tag Color  val={0000} ]that the young master
keeps with him was actually a gift from the
great Valoo to Komali's grandmother.[Tag Color  val={FFFF} ]";
"When you meet young master Komali, ask
him about the [Tag Color  val={0001} ]ball [Tag Color  val={FFFF} ][Tag Color  val={0000} ]he's carrying.


That might just help break the ice.



It's a shame that I'm too busy to spend
more time with you. You seem to be a nice
enough fellow. Sorry.[Tag Color  val={FFFF} ]";
"Young master Komali went running back to
his chambers. He seemed very excited.


It's been a while since we've seen him
so energized...";
"The great Valoo has reverted to his
normal disposition?


Perhaps this will return things to normalcy.";
"Ah, it's a pleasure to see you again.



I thought things would be easier once the
problems with the great Valoo were solved,
but now I find we're busy trying to catch up
on regular business issues.";
"I can't be much in the way of company, but
I hope you can stay and rest awhile...";
"How nice to see you again.



There are no deliveries at night, but...
There's so much inside that needs to be
cleaned up and organized!";
"I can't be much in the way of company, but
it's dangerous outside, so why don't you sit
and stay awhile?";
"There appear to be markings that indicate
specific directions.";
"It's broken...";
"Yep! That's a miiiiiighty nice breeze!";
"The name's Zephos.
I'm the [Tag Color  val={0001} ]god of winds[Tag Color  val={FFFF} ][Tag Color  val={0000} ].


So, you're the new Wind Waker, are you?[Tag Color  val={FFFF} ]";
"Great, great. For a beginner, you've
got a nice wind sense about you.
I like you, kid!";
"That tune you just picked up?
Well, it gives you [Tag Color  val={0001} ]control [Tag Color  val={FFFF} ][Tag Color  val={0000} ]over
the [Tag Color  val={FFFF} ][Tag Color  val={0001} ]direction the wind blows[Tag Color  val={FFFF} ][Tag Color  val={0000} ].[Tag Color  val={FFFF} ]";
"Depending on how it's used, wind can be a
good thing...or a very bad thing. You want
an example of it being a bad thing, then
you should see my brother.";
"It saddens me to say that my brother,
[Tag Color  val={0001} ]Cyclos[Tag Color  val={FFFF} ][Tag Color  val={0000} ], is miffed about his monument here
being broken, and now he spends his time
creating cyclones to torment people with.[Tag Color  val={FFFF} ]";
"So if you encounter any cyclones at sea,
chastise my brother for me, will you?


And THAT...is my request for you!";
"That's a heck of an arm you've got there!";
"And what an eye! No one's ever been able
to spot me in there before now!";
"You obviously have mastery of the air.
And now that we've established that you're
quite the Wind Waker...";
"Let's see if you can handle this!";
"Bah! What's wrong? So! You can't keep up
with marvelous me after all, can you?
Oh, all right! Fine! I'll show it to
you one more time!";
"Waaaaa-hoooooooooooooo!



In the hands of a Wind Waker like you,
my adorable little [Tag Color  val={0001} ]cyclones [Tag Color  val={FFFF} ][Tag Color  val={0000} ]will be as
happy as can be![Tag Color  val={FFFF} ]";
"If you need to move like the wind over the
ocean deeps, just call on my [Tag Color  val={0001} ]cyclones[Tag Color  val={FFFF} ][Tag Color  val={0000} ]![Tag Color  val={FFFF} ]";
"Well, I guess I'll head for home now!
See you on down the road!";
"Foolish creature who does not fear the
gods! To the end of the sea with you!
Let the [Tag Color  val={0001} ]winds [Tag Color  val={FFFF} ][Tag Color  val={0000} ]of[Tag Color  val={FFFF} ][Tag Color  val={0001} ] Cyclos's [Tag Color  val={FFFF} ][Tag Color  val={0000} ]wrath blow
you away!!![Tag Color  val={FFFF} ]";
"[Tag 1:11  ][Tag 2:0  ]!";
"Well, Prince Komali? Don't you have
something you want to say?";
"Um, I heard everything from Medli...



[Tag 1:6 val={0014} ][Tag 1:11  ][Tag 2:0  ]... [Tag 1:6 val={0014} ]Thank you so much!
I'm sorry I mistrusted you!";
"I hope I can be like you someday,
[Tag 2:0  ].";
"[Tag 1:0  ]You will, Komali! I just know it![Tag 1:1  ]
[Tag 1:6 val={001E} ]Right, [Tag 2:0  ]?";
"So, [Tag 2:0  ]? ...Here!";
"I want you to take this, [Tag 2:0  ]!";
"Giving you the thing I value most will
give me the courage I need to stand up to
bad things!";
"The great Valoo is grateful to you,
[Tag 2:0  ].";
"O Hero! Thank you!
O Hero! Use the wind god's wind!";
"Use the [Tag Color  val={0001} ]wind god's[Tag Color  val={FFFF} ][Tag Color  val={0000} ]...wind?



That's what he said, but I don't understand.
I wonder what it means?[Tag Color  val={FFFF} ]";
"The wind god's wind... I wonder if what
he's talking about has anything to do with
the [Tag Color  val={0001} ]Wind Shrine [Tag Color  val={FFFF} ][Tag Color  val={0000} ]that's through that tunnel...[Tag Color  val={FFFF} ]";
"Oh, I almost forgot! The great Valoo also
names you, [Tag 2:0  ], a true [Tag Color  val={0001} ]hero[Tag Color  val={FFFF} ][Tag Color  val={0000} ].[Tag Color  val={FFFF} ]";
"I agree with him. As far as we're concerned,
[Tag 2:0  ], you really ARE a [Tag Color  val={0001} ]hero[Tag Color  val={FFFF} ][Tag Color  val={0000} ]![Tag Color  val={FFFF} ]";
"Well, I'm going to go and visit Valoo!



I'll come and see you sometime—with the
best pair of wings ever!";
"Hey! Prince Komali!";
"Thanks so much, [Tag 2:0  ].



See you again someday!";
"Hey! I know you! Yeah!



You're the adventure guy. Sailing from
island to island. Action! Excitement! Right?";
"So, with all the adventuring you do...
Did you happen to find a [Tag Color  val={0001} ]Golden Feather[Tag Color  val={FFFF} ][Tag Color  val={0000} ]?


My girlfriend, she's wanted one of those
things for the longest time.


And actually, I kind of promised that I'd
send one to her...[Tag Color  val={FFFF} ]";
"I have no idea why she wants a [Tag Color  val={0001} ]Golden
Feather[Tag Color  val={FFFF} ][Tag Color  val={0000} ], but you know how it is...[Tag Color  val={FFFF} ]";
"It doesn't matter why, really. I just want to
see her happy. To see her smile, you know?


...Which is why I told her I'd send her one...";
"I don't get to see her very often, and I know
she's been a bit lonely...


I just want to make her happy.";
"I'm really rooting for you, adventure guy!
Get out there and do your best!";
"I'm going to write a letter right away and
send this off!


Wow! I'm really excited! And if I'm excited,
then SHE'LL be ECSTATIC!";
"Aw, wow! That's spectacular!
Are you going to let me have it?


You really are a good guy, aren't you?
The best!";
"Hey! That's what my girlfriend wants!
A [Tag Color  val={0001} ]Golden Feather[Tag Color  val={FFFF} ][Tag Color  val={0000} ]![Tag Color  val={FFFF} ]";
"So, how many of those do you have?";
"Yeah, well, when you get [Tag Color  val={0001} ]20 [Tag Color  val={FFFF} ][Tag Color  val={0000} ]of those,
would you let me have them? I know she
only wanted one, but if I give my girl
20 of them, I'll be loving life!
I'd like to get out and gather them on my
own, but...


Well, you know, I've got guard duty and all.[Tag Color  val={FFFF} ]";
"So, are you really going to let me have
[Tag Color  val={0001} ]20 [Tag Color  val={FFFF} ][Tag Color  val={0000} ]of those?
[Tag 1:7  ]Sure
I don't think so[Tag Color  val={FFFF} ]";
"I guess I understand...
That's a bit too many, isn't it?


But I promised, and...I want to be able
to keep my word!";
"Really? Are you sure? Yessss!



I'm going to stick these little beauties in a
letter and send them off right away!


I'm going to tell her all about you, too!
I'm so happy! Seriously!";
"It's not much, but please accept this.";
"Whoa! You've got some cool stuff!";
"ヒサシブリダナ　ハイラルオウヨ";
"ツイニ　オソレテイタコトガ
ウゴキハジメタ　ヨウダナ";
"オマエガ　ワタシニアイニキタトイウコトハ
トキノユウシャヲ　ミツケルコトガ
デキタトイウコトダナ";
"デハ　オマエハ　ナニヲシニ
ワタシニ　アイニキタノダ";
"カノウセイ？



ソノカノウセイトヤラニ　ハイラルノ
ウンメイヲ　マカセヨウト　イウノダナ";
"ワカッタ
ソノモノノ　ユウキガ　シンノモノカ
ドウカハ　カミガ　ハンダンスルデアロウ";
"カミヘノミチシルベヲ　ウケトルガヨイ";
"コノチニ　カケラレタ　ガノンノ
ノロイハ　ソノ　ホウギョクガ
トイテクレルダロウ";
"トキニ　ハイラルオウ
オマエハ　ゼルダノ　チヲヒク　モノノ
ショザイヲ　ツカンデイルノカ？";
"ゼルダガ　ガノンノテニオチルコトハ
ダンジテ　フセガネバナラナイ


タノンダゾ！";
"アンシンスルノハ　マダハヤイ
ガノンハ　アレシキノコトデ
タオセルモノデハナイゾ";
"ソウカ・・・
デハ　タノンダゾ！";
"オマエノ　ソノカッコウ
モシヤ　デンセツノ　トキノユウシャカ？


コクオウハ　ツイニ　トキノユウシャヲ
ミツケタノカ？";
"ナンダ　ハイリアゴガ　
ワカラナイヨウダナ？


デハ　トキノユウシャデハ　ナイヨウジャナ";
"ユウシャヨ　カンシャスル
ユウシャヨ　カゼノカミノ
カゼヲ　アヤツレ";
"Dear [Tag 2:0  ],
 I recently received some [Tag Color  val={0001} ]Golden Feathers
 [Tag Color  val={FFFF} ][Tag Color  val={0000} ]from my boyfriend, who mentioned you.

 I'm something of a bird enthusiast, so I
 know how hard it must've been to get all
 of these feathers.

 I want you to be as happy as we are,
 [Tag 2:0  ], so I'm sending you this
 [Tag Color  val={FFFF} ][Tag Color  val={0001} ][Tag 3:21  ] [Tag Color  val={FFFF} ][Tag Color  val={0000} ]as a token of our affection.[Tag Color  val={FFFF} ]";
"Oh, [Tag 2:0  ]!
You're OK!";
"You know, Prince Komali's been asking me
all about your adventures, [Tag 2:0  ].";
"I can rest easy now that I've seen you safe
and sound with my own eyes.";
"Prince Komali's turned into a fine young
adult, hasn't he?


Recently, he's even begun doing things on
his own, without my guidance.


...Every conversation still ends up centered
on you, though, [Tag 2:0  ].";
"Watching Prince Komali grow up fills me
with pride...but it makes me a little sad,
as well...";
"I wonder if this is how a mother feels...

";
"Oh, but just listen to me go on!
How weird I must sound!
[Tag 1:6 val={0014} ][Tag Size  val={004B} ]Hee hee...[Tag Size  val={0064} ]";
"Well, I'd better continue practicing so that I
can be useful around here, too!";
"Performing music like this is an important
duty of an attendant.";
"This [Tag Color  val={0001} ]instrument [Tag Color  val={FFFF} ][Tag Color  val={0000} ]is called one of fate's tools.[Tag Color  val={FFFF} ]";
"Prince Komali's grandmother saw me
carrying it one day and called out to
me to stop. She'd seen my fate in the
curves of the instrument, you see.";
"She eventually became my teacher, and
that's how I became the attendant you
see before you today.";
"So, now you understand why I need to hurry
and improve my skills, so that I may help
the aerie.";
"Hey, is that the [Tag Color  val={0001} ]Wind Waker[Tag Color  val={FFFF} ][Tag Color  val={0000} ]?! Wow![Tag Color  val={FFFF} ]";
"[Tag 1:11  ][Tag 2:0  ], will you conduct me?";
"I wonder how I'll do...";
"What song shall we perform?";
"Incredible, [Tag 2:0  ]!



How was my performance?";
"[Tag 1:11  ][Tag 2:0  ], let's play another song.";
"Are you finished? Is that it?
Oh, that's too bad.";
"Hmm... What a mysterious song...
It sounds so...familiar.


It's almost as if something I've forgotten
is trying to be [Tag 1:6 val={0014} ]remembered...";
"Oh... I feel...[Tag 1:3 val={001E} ]";
"Just now, a sage spoke to me.
She spoke so gently...";
"There's something...something that
I must do.";
"[Tag 1:11  ][Tag 2:0  ]...



Thanks to you, I've been awakened to the
knowledge that I'm a [Tag Color  val={0001} ]sage of the Earth Temple[Tag Color  val={FFFF} ][Tag Color  val={0000} ].[Tag Color  val={FFFF} ]";
"[Tag 1:6 val={0014} ]There's actually something that I can do to
help this world. It's incredible...";
"[Tag 1:6 val={0014} ]I bet my teacher knew all about this...";
"[Tag 1:11  ][Tag 2:0  ], please... You must take me
to the [Tag Color  val={0001} ]Earth Temple[Tag Color  val={FFFF} ][Tag Color  val={0000} ].[Tag Color  val={FFFF} ]";
"We must hurry and wake the [Tag Color  val={0001} ]power to repel
evil [Tag Color  val={FFFF} ][Tag Color  val={0000} ]that sleeps within the Master Sword.[Tag Color  val={FFFF} ]";
"Let's go now, quickly and quietly.";
"Oh, Komali... I just want him to remember
me as a simple attendant...";
"[Tag 1:11  ][Tag 2:0  ], the [Tag Color  val={0001} ]power to repel evil [Tag Color  val={FFFF} ][Tag Color  val={0000} ]is
not yet fully awakened.[Tag Color  val={FFFF} ]";
"To complete the awakening of the Master
Sword, you must go to the [Tag Color  val={0001} ]Wind Temple [Tag Color  val={FFFF} ][Tag Color  val={0000} ]for
one more prayer.[Tag Color  val={FFFF} ]";
"Now, [Tag 2:0  ]...



Step into the [Tag Color  val={0001} ]light [Tag Color  val={FFFF} ][Tag Color  val={0000} ]behind you, and return to
the surface. Your next duty is to find the
[Tag Color  val={FFFF} ][Tag Color  val={0001} ]sage [Tag Color  val={FFFF} ][Tag Color  val={0000} ]of the [Tag Color  val={FFFF} ][Tag Color  val={0001} ]Wind Temple[Tag Color  val={FFFF} ][Tag Color  val={0000} ].[Tag Color  val={FFFF} ]";
"I will remain here and continue to pray.



You must hurry!";
"...And, [Tag 2:0  ]!";
"Um... [Tag 1:6 val={001E} ]About Prince Komali...
[Tag 1:6 val={0014} ]Please watch over him for me.";
"[Tag 1:11  ][Tag 2:0  ], what's going on?



We must hurry to reach the [Tag Color  val={0001} ]Earth Temple[Tag Color  val={FFFF} ][Tag Color  val={0000} ]![Tag Color  val={FFFF} ]";
"[Tag 4:228  ]Well, [Tag 2:0  ]...



I'm not very confident, but I think I should
try to fly...


I'll fly where you tell me to... 
Just tap [Tag 3:0  ] to keep me airborne!


OK, whenever you're ready... Just use the
[Tag Color  val={0001} ]Wind Waker [Tag Color  val={FFFF} ][Tag Color  val={0000} ]to guide me.[Tag Color  val={FFFF} ]";
"[Tag 1:11  ][Tag 2:0  ], I'm feeling a bit more
confident now.


I'm not sure how high I can fly while
carrying you, [Tag 2:0  ], but I'll
do the best that I can.

Just pick me up and[Tag Color  val={0001} ] jump[Tag Color  val={FFFF} ][Tag Color  val={0000} ], OK?[Tag Color  val={FFFF} ]";
"It seems like the [Tag Color  val={0001} ]instrument [Tag Color  val={FFFF} ][Tag Color  val={0000} ]I'm carrying
can [Tag Color  val={FFFF} ][Tag Color  val={0001} ]reflect [Tag Color  val={FFFF} ][Tag Color  val={0000} ]light!


This can help, I think! Instruct me where to
reflect the light, and use [Tag 3:0  ] to [Tag Color  val={FFFF} ][Tag Color  val={0001} ]face [Tag Color  val={FFFF} ][Tag Color  val={0000} ]my
instrument in that direction.

Use the [Tag Color  val={FFFF} ][Tag Color  val={0001} ]Wind Waker [Tag Color  val={FFFF} ][Tag Color  val={0000} ]to guide me, OK?[Tag Color  val={FFFF} ]";
"[Tag 4:277  ][Tag 1:11  ][Tag 2:0  ]!!
I'm over here!";
"[Tag 4:228  ]Well... I just thought of something.



If we use your [Tag Color  val={0001} ]shield [Tag Color  val={FFFF} ][Tag Color  val={0000} ]and my [Tag Color  val={FFFF} ][Tag Color  val={0001} ]instrument
[Tag Color  val={FFFF} ][Tag Color  val={0000} ]together, I think we can reflect light onto
two different places at once.

Do you think that'd be useful?[Tag Color  val={FFFF} ]";
"[Tag 4:228  ]Well, I'm not sure how to...explain this...



I think the[Tag Color  val={0001} ] light [Tag Color  val={FFFF} ][Tag Color  val={0000} ]that I reflect off of my
[Tag Color  val={FFFF} ][Tag Color  val={0001} ]instrument [Tag Color  val={FFFF} ][Tag Color  val={0000} ]can be redirected using
your [Tag Color  val={FFFF} ][Tag Color  val={0001} ]shield[Tag Color  val={FFFF} ][Tag Color  val={0000} ], [Tag 2:0  ]...

Do you think this could prove useful?



I hope you're not offended by my
suggestions. I just want to be helpful...[Tag Color  val={FFFF} ]";
"Uh, [Tag 2:0  ]...";
"Were you listening to that?
Oh, how embarrassing...


I may have spoken to you about this
before, [Tag 2:0  ], but...";
"[Tag 1:11  ][Tag 2:0  ]!
That's a [Tag Color  val={0001} ]Golden Feather[Tag Color  val={FFFF} ][Tag Color  val={0000} ], isn't it?


Of course I recognize it!
All Rito girls idolize those things![Tag Color  val={FFFF} ]";
"Actually, I recognized it the last time
you showed it to me.";
"I just thought it would be unseemly if I got
too excited and went on and on about it.";
"But now I'm dedicated to the pursuit of
knowledge, and I have my instrument, so
I have no need for such things...";
"[Tag 1:11  ][Tag 2:0  ]!
That's a [Tag Color  val={0001} ]Golden Feather[Tag Color  val={FFFF} ][Tag Color  val={0000} ], isn't it?


Of course I recognize it!
All Rito girls idolize those things![Tag Color  val={FFFF} ]";
"You really have one! That's amazing...";
"I'd be lying if I told you it held no interest
for me, but...";
"For now, I think mastering this instrument
is more important than my fascination with
such things. Don't you think?";
"That [Tag Color  val={0001} ]Golden Feather[Tag Color  val={FFFF} ][Tag Color  val={0000} ]...
Now that I think about it, I'm pretty sure
Hoskit's girlfriend has been asking him for
one. He's on guard duty right now.[Tag Color  val={FFFF} ]";
"Oh, this is no good!



I must [Tag 1:6 val={000A} ]practice! [Tag 1:6 val={000A} ]Practice!";
"Well, now! I've not seen your young face
before. Nope. Don't believe so.";
"Hmm?



You wouldn't be here in response to our
posting for some part-time help, would you?


[Tag 1:7  ]Yes
No";
"No? Well, too bad for us, I guess.
Can't say I'm happy to hear that.


With everyone out patrolling the island at
night, we've been a bit shorthanded.";
"No? Well, that's not any kind of good
news. In fact, it's bad.


The thing is, this hoopla with the great
Valoo has left me without enough help.";
"Ooh, excellent. That's good. But first,
to see if I can use you or not, I need to
give you a little test. Just a small one.";
"Match the [Tag Color  val={0001} ]seal [Tag Color  val={FFFF} ][Tag Color  val={0000} ]on the envelope with the
[Tag Color  val={FFFF} ][Tag Color  val={0001} ]same icon [Tag Color  val={FFFF} ][Tag Color  val={0000} ]on the shelf, and throw the letter
onto that shelf. Real easy. Simple.

Use [Tag 3:8  ] to select a shelf, and press [Tag 3:0  ] to
throw a letter. Like I said: simple.[Tag Color  val={FFFF} ]";
"Is that clear?
[Tag 1:7  ]Sure
Not really";
"OK, now listen up...";
"[Tag Color  val={0001} ]Before time runs out[Tag Color  val={FFFF} ][Tag Color  val={0000} ], you have to sort at
least [Tag Color  val={FFFF} ][Tag Color  val={0001} ]ten letters[Tag Color  val={FFFF} ][Tag Color  val={0000} ]![Tag Color  val={FFFF} ]";
"Give it your best shot!";
"[Tag Color  val={0001} ][Tag 2:10  ] letters[Tag Color  val={FFFF} ][Tag Color  val={0000} ]! Great! Good! Terrific!



You pass![Tag Color  val={FFFF} ]";
"OK, you get [Tag Color  val={0001} ]one Rupee [Tag Color  val={FFFF} ][Tag Color  val={0000} ]for every two letters,
so that comes to a grand total of [Tag Color  val={FFFF} ][Tag Color  val={0001} ][Tag 2:11  ][Tag Color  val={FFFF} ][Tag Color  val={0000} ],
am I right?[Tag Color  val={FFFF} ]";
"Come back anytime. I mean it. Anytime.
The more letters you sort, the more you'll
earn! Not a bad deal. For both of us.";
"Hmm, not even one... Shocking. Crazy.



Sorry, but it seems you're not cut out for
this sort of work. You can always try again
some other time, though. It's almost
guaranteed you'll do better than this.";
"One letter... Yikes.



Sorry, but it seems you're not cut out for
this sort of work. You can always try again
some other time, though. I'm sure you'll do
better than this.";
"[Tag Color  val={0001} ][Tag 2:10  ] letters[Tag Color  val={FFFF} ][Tag Color  val={0000} ]... [Tag 1:6 val={0014} ]Too bad. Unfortunate.



Luck wasn't with you this time, I'm afraid.
Try again some other time.[Tag Color  val={FFFF} ]";
"Are you looking for work?
[Tag 1:7  ]Yes
No";
"No?



Well, we're looking for help, so tell anyone
you know who needs work, will you?";
"Are you looking for work?
[Tag 1:7  ]Yes
No";
"Oh, I see... Disappointing. Sad.
Think it over, will you?";
"You've got spirit! Excellent! Great!



Well, I'm going to give you that simple
test again... You know the drill.";
"Match the [Tag Color  val={0001} ]seal [Tag Color  val={FFFF} ][Tag Color  val={0000} ]on the envelope with the
[Tag Color  val={FFFF} ][Tag Color  val={0001} ]same icon [Tag Color  val={FFFF} ][Tag Color  val={0000} ]on the shelf, and throw the letter
onto that shelf. Real easy. Simple.

Use [Tag 3:8  ] to select a shelf, and press [Tag 3:0  ] to
throw a letter. Like I said: simple.[Tag Color  val={FFFF} ]";
"You got that, right?
[Tag 1:7  ]Uh-huh
Nope";
"Hey! You ready for work?
[Tag 1:7  ]Yes
No";
"Oh, OK... I suppose I understand.
Well, stop by again when you have time!";
"You already understand what you need to
do, am I right?
[Tag 1:7  ]Yup
Nope";
"Match the [Tag Color  val={0001} ]seal [Tag Color  val={FFFF} ][Tag Color  val={0000} ]on the envelope with the
[Tag Color  val={FFFF} ][Tag Color  val={0001} ]same icon [Tag Color  val={FFFF} ][Tag Color  val={0000} ]on the shelf, and throw the letter
onto that shelf. Real easy. Simple.

Use [Tag 3:8  ] to select a shelf, and press [Tag 3:0  ] to
throw a letter. Like I said: simple.[Tag Color  val={FFFF} ]";
"Now you've got it, right?
[Tag 1:7  ]Sure do
Nope";
"You still don't get it?";
"OK! If you can sort [Tag Color  val={0001} ]20 or more letters[Tag Color  val={FFFF} ][Tag Color  val={0000} ],
you'll see some nice financial gain![Tag Color  val={FFFF} ]";
"Go ahead and get started.";
"That's [Tag Color  val={0001} ][Tag 2:10  ] letters[Tag Color  val={FFFF} ][Tag Color  val={0000} ]! Splendid! Super![Tag Color  val={FFFF} ]";
"Hmm... Your salary this time is [Tag Color  val={0001} ]one Rupee[Tag Color  val={FFFF} ][Tag Color  val={0000} ]
per letter, so I need to pay you [Tag Color  val={FFFF} ][Tag Color  val={0001} ][Tag 2:11  ][Tag Color  val={FFFF} ][Tag Color  val={0000} ].[Tag Color  val={FFFF} ]";
"Come on by anytime. I mean it. Anytime.



The better you do, the [Tag Color  val={0001} ]higher [Tag Color  val={FFFF} ][Tag Color  val={0000} ]your salary
will become! That's economics.[Tag Color  val={FFFF} ]";
"What? You didn't even get one? That's sort
of distressing. Disturbing. Bad.


Are you feeling a bit under the weather?";
"Ooh... Only [Tag Color  val={0001} ]one letter[Tag Color  val={FFFF} ][Tag Color  val={0000} ]... That's really
not very good. Poor. Substandard.[Tag Color  val={FFFF} ]";
"Too bad. Really, just unfortunate.
You have to sort [Tag Color  val={0001} ]fifteen letters or more[Tag Color  val={FFFF} ][Tag Color  val={0000} ],
or you don't get paid.[Tag Color  val={FFFF} ]";
"[Tag Color  val={0001} ][Tag 2:10  ] letters[Tag Color  val={FFFF} ][Tag Color  val={0000} ].[Tag Color  val={FFFF} ]";
"Let's see... I owe you [Tag Color  val={0001} ]one Rupee [Tag Color  val={FFFF} ][Tag Color  val={0000} ]for every
two letters, so that's [Tag Color  val={FFFF} ][Tag Color  val={0001} ][Tag 2:11  ][Tag Color  val={FFFF} ][Tag Color  val={0000} ].[Tag Color  val={FFFF} ]";
"You need some work?
[Tag 1:7  ]Yes
No";
"If you can sort [Tag Color  val={0001} ]twenty-five letters or more[Tag Color  val={FFFF} ][Tag Color  val={0000} ],
your salary will really [Tag Color  val={FFFF} ][Tag Color  val={0001} ]jump[Tag Color  val={FFFF} ][Tag Color  val={0000} ]! I mean it![Tag Color  val={FFFF} ]";
"All right! Get to work!";
"[Tag Size  val={0096} ][Tag Color  val={0001} ][Tag 2:10  ] letters[Tag Color  val={FFFF} ][Tag Size  val={0064} ][Tag Color  val={0000} ]!
[Tag 1:6 val={0014} ][Tag Size  val={0064} ]You have amazing coordination!


Seriously, I'm stupefied! Incredulous!
We veterans do this all day long, and even
we have a hard time reaching that amount![Tag Size  val={0064} ][Tag Color  val={FFFF} ]";
"I've got to give you more money! Got to!



[Tag Color  val={0001} ]Three Rupees [Tag Color  val={FFFF} ][Tag Color  val={0000} ]per letter comes to [Tag Color  val={FFFF} ][Tag Color  val={0001} ][Tag 2:11  ][Tag Color  val={FFFF} ][Tag Color  val={0000} ].
How's that sound?[Tag Color  val={FFFF} ]";
"Hey, your name wouldn't happen to be
[Tag Color  val={0001} ][Tag 2:0  ][Tag Color  val={FFFF} ][Tag Color  val={0000} ], would it?


[Tag 1:0  ]It is, isn't it?[Tag 1:1  ][Tag Color  val={FFFF} ]";
"Mmm-hmm. I thought you looked like the
lad the chieftain was talking about.


In that case, I should have expected you to
be able to pull off something like this.";
"I've heard all about you. Yes, I sure have.
You've had a rough time, [Tag 2:0  ].
I feel bad making you help us...

But hey, things are looking up! Our new
helper's just arrived.


Maybe you can give him some advice the
next time you come by. ";
"You must be tired. Exhausted. Sleepy.
You should try to get to bed earlier.";
"Ouch! Only [Tag Color  val={0001} ]one letter[Tag Color  val={FFFF} ][Tag Color  val={0000} ]...[Tag Color  val={FFFF} ]";
"Oh! You're getting a pretty good wage here,
so you need to get [Tag Color  val={0001} ]at least twenty letters[Tag Color  val={FFFF} ][Tag Color  val={0000} ].
That's just how it's got to be.[Tag Color  val={FFFF} ]";
"The more letters you sort, the higher your
salary gets. Come back and try again!";
"[Tag Color  val={0001} ][Tag 2:10  ] letters[Tag Color  val={FFFF} ][Tag Color  val={0000} ].[Tag Color  val={FFFF} ]";
"Well, your salary was [Tag Color  val={0001} ]one Rupee [Tag Color  val={FFFF} ][Tag Color  val={0000} ]per letter,
so you get [Tag Color  val={FFFF} ][Tag Color  val={0001} ][Tag 2:11  ][Tag Color  val={FFFF} ][Tag Color  val={0000} ]![Tag Color  val={FFFF} ]";
"[Tag 1:11  ][Tag 2:0  ]! Be a pal, and give our new
helper some pointers the next time you're
around! Just a few! Even one!";
"Hello there, [Tag 2:0  ]!
Are you holding up all right throughout
your travels? Not too weary? ";
"So, do you want to give it a go?
[Tag 1:7  ]Sure
Nope";
"OK! Come on by if you change your mind.";
"[Tag 1:11  ][Tag 2:0  ]!";
"OK, if you can sort[Tag Color  val={0001} ] more than [Tag 2:24  ] letters[Tag Color  val={FFFF} ][Tag Color  val={0000} ],
I'll give you [Tag Color  val={FFFF} ][Tag Color  val={0001} ]one Rupee [Tag Color  val={FFFF} ][Tag Color  val={0000} ]per [Tag Color  val={FFFF} ][Tag Color  val={0001} ]letter[Tag Color  val={FFFF} ][Tag Color  val={0000} ]![Tag Color  val={FFFF} ]";
"Get to it!";
"[Tag 1:6 val={000A} ]You must still be tired from all your
traveling. Spent. Bushed. Tuckered.
Am I right?";
"Hmm... [Tag Color  val={0001} ]One letter[Tag Color  val={FFFF} ][Tag Color  val={0000} ]... Youch.[Tag Color  val={FFFF} ]";
"[Tag Color  val={0001} ][Tag 2:10  ] letters[Tag Color  val={FFFF} ][Tag Color  val={0000} ].
Aw, too bad! Really unfortunate.[Tag Color  val={FFFF} ]";
"Well, you can always come back later!";
"[Tag Color  val={0001} ][Tag 2:10  ] letters[Tag Color  val={FFFF} ][Tag Color  val={0000} ]![Tag Color  val={FFFF} ][Tag Color  val={0001} ]
[Tag Color  val={FFFF} ][Tag Color  val={0000} ][Tag 1:6 val={000A} ]Just as good as ever!


You give me goose bumps!
You know that?[Tag Color  val={FFFF} ]";
"So, at the rate of [Tag Color  val={0001} ]one Rupee[Tag Color  val={FFFF} ][Tag Color  val={0000} ] per letter,
you get [Tag Color  val={FFFF} ][Tag Color  val={0001} ][Tag 2:11  ][Tag Color  val={FFFF} ][Tag Color  val={0000} ]![Tag Color  val={FFFF} ]";
"How high do you think you can push your
record? The sky's the limit!


You're the real deal! Yes, you are! ";
"Hey, man! I'm the new part-timer!";
"Green clothes...and a green hat?";
"Pardon me for asking, but you're
[Tag 2:0  ], aren't you?
[Tag 1:7  ]Yes
No";
"[Tag Size  val={0096} ]Ah-hah! I knew it![Tag Size  val={0064} ]";
"You're a legend among the part-timers here!



I really admire you, man!";
"Just once, I'd love to see the legendary
[Tag Color  val={0001} ]twenty-five-letter [Tag Color  val={FFFF} ][Tag Color  val={0000} ]sort! [Tag Color  val={FFFF} ]";
"Do your best, man!";
"[Tag Size  val={0096} ]Oh...my...gosh!
[Tag Size  val={0064} ][Tag Size  val={0064} ][Tag Color  val={0001} ][Tag 2:10  ] letters[Tag Color  val={FFFF} ][Tag Size  val={0064} ][Tag Color  val={0000} ]!
Amazing, man![Tag Color  val={FFFF} ]";
"I'm so impressed! Seriously, man!



I've gotta tell my mom back home all about
this. I just gotta!";
"[Tag 1:0  ]I've got a favor to ask of you, man.[Tag 1:1  ]



I'm still new here, so I'm not allowed to
leave. So, would you mind putting this
[Tag Color  val={0001} ]letter [Tag Color  val={FFFF} ][Tag Color  val={0000} ]to my mom in the [Tag Color  val={FFFF} ][Tag Color  val={0001} ]postbox [Tag Color  val={FFFF} ][Tag Color  val={0000} ]for me?[Tag Color  val={FFFF} ]";
"Thanks a lot, man!";
"I guess I could just throw it in here with
all the other letters, but...


I just can't bring myself to do it!
It's against the rules, man!";
"[Tag 1:6 val={003C} ][Tag Color  val={0001} ]Zero[Tag Color  val={FFFF} ][Tag Color  val={0000} ]...



Man...[Tag Color  val={FFFF} ]";
"[Tag Color  val={0001} ]One letter[Tag Color  val={FFFF} ][Tag Color  val={0000} ]...



Man, you must be really, really tired.
I hope you'll try again later, though.[Tag Color  val={FFFF} ]";
"[Tag Color  val={0001} ][Tag 2:10  ] letters[Tag Color  val={FFFF} ][Tag Color  val={0000} ].



Man, you must be bushed. Can't wait to see
you try again, though![Tag Color  val={FFFF} ]";
"Huh? Oh, really...?
My mistake, man.";
"C'mon... You really ARE
[Tag 2:0  ], aren't you?
[Tag 1:7  ]Yes
No";
"Really? Truly, man?";
"Just go ahead and put that in the
[Tag Color  val={0001} ]postbox[Tag Color  val={FFFF} ][Tag Color  val={0000} ], man. Thanks.[Tag Color  val={FFFF} ]";
"Hey, there! Long time no see, man!";
"What's up, man?";
"What's up, man?";
"Look, man, I have a big favor to ask of you.
You have just GOT to show me the
legendary [Tag Color  val={0001} ]twenty-five-letter sort[Tag Color  val={FFFF} ][Tag Color  val={0000} ]! Pleeease![Tag Color  val={FFFF} ]";
"So, what do you say, man?
[Tag 1:7  ]Yes
No";
"Seriously?!?";
"I just really wanted to see it, man...";
"Ummm... Have you had a chance to mail
that letter to my mom?


I'm counting on you, man!";
"You got something from my mom?



After I told her not to bug you and
everything! Sheesh!";
"My coworkers let me in on your little
secret, man...


All letters addressed to you are specially
delivered to the [Tag Color  val={0001} ]postbox [Tag Color  val={FFFF} ][Tag Color  val={0000} ]closest to you!
No matter what island you happen to be on!

[Tag 1:0  ]That's so cool, man![Tag 1:1  ]
[Tag Color  val={FFFF} ]";
"I've heard all about the work you did here.



You've really been through some rough
times, man. Way to go.";
"To my son's superior,



 Thank you very much for looking after my
 boy. This isn't much, but I hope you'll
 accept it all the same.

 I politely request your continued kindness
 toward my son.
                                    Kashiko
                                (Baito's mother)";
"Listen, man, you're not one of the native
islanders, are you?";
"My problem is, I just have no idea how I'm
supposed to get up there, and I have a job
interview...";
"I've got a bad feeling about this, man.



How am I supposed to get up there?";
"See the letters in your mind's eye!
Focus! Concentrate! Be the mail!


C'mon, man, join in! You know the words!";
"There's so much going on, man! Things are
really crazy around here.


By the way, I've heard that they want you
to come back and[Tag Color  val={0001} ] help sort letters [Tag Color  val={FFFF} ][Tag Color  val={0000} ]once
things have settled down a bit.

How cool is that, man? They absolutely
LOVE you here! I hope they'll be saying that
about me someday soon![Tag Color  val={FFFF} ]";
"[Tag Size  val={004B} ]Blue clothes...and a crawfish design?[Tag Size  val={0064} ]";
"Look, don't be mad at us! It's not our fault
that we absolutely gotta have [Tag Color  val={0001} ]bombs[Tag Color  val={FFFF} ][Tag Color  val={0000} ] to
get the treasure we're after!

How about you just think of it as payback
for the nasty little monopoly you've been
running here, yeah?[Tag Color  val={FFFF} ]";
"So I bet you're thinking it was foolhardy to
ask pirates to pay such an outrageous
price, huh?[Tag 1:6 val={000A} ] Yup. I bet you are.";
"...You know, Gonzo, I still can't get over
that bit of fast-talking you pulled to get
that information out of the postman!";
"Huh? ...Oh! Oh, yeah! That was smooth!";
"I tell you, the minute I set my eyes on that
[Tag 2:0  ], I just knew he was hiding
something back at [Tag Color  val={0001} ]Outset[Tag Color  val={FFFF} ][Tag Color  val={0000} ], yeah?

So when I saw that postman, I just
pretended like I was all worried about
the kid and stuff...

And presto! He spills the beans![Tag Color  val={FFFF} ]";
"Good work, Gonzo! Really! Just top notch!
It's funny, though... I'm thinking this is
maybe the first time you've shown such
wit... Such cunning...";
"...You know, with your cunning and Miss
Tetra's smarts... If you two got married and
had a kid...

...That kid would be the greatest pirate to
ever sail the seas! Yup! The greatest!";
"You[Tag 1:6 val={000A} ] idiot!
[Tag 1:6 val={000A} ]Keep your mouth shut, yeah?
[Tag 1:6 val={000A} ]Don't be so stupid!";
"Miss Tetra! Are you listening to this nitwit?[Tag 1:6 val={000A} ]
Can't you dock him some pay or something?";
"Quit goofing off, both of you!";
"Keep your childish jokes to yourselves, and
get those [Tag Color  val={0001} ]bombs[Tag Color  val={FFFF} ][Tag Color  val={0000} ] back to the ship!


The second you're done loading them up,
we're setting sail for [Tag Color  val={FFFF} ][Tag Color  val={0001} ]Outset Island[Tag Color  val={FFFF} ][Tag Color  val={0000} ]![Tag Color  val={FFFF} ]";
"Whaaat!? Miss! We have to leave immediately?
But it's been so long since we were onshore!";
"We need to fill our bellies with some good
eating, yeah? How about we grub tonight
and shove off tomorrow morning instead?";
"I mean... Uh, I-I'm fine either way, of course!
[Tag 1:6 val={000A} ][Tag 1:0  ]Whatever you say is fine, Miss, is what I
mean to say![Tag Color  val={0000} ][Tag 1:1  ][Tag Color  val={FFFF} ]";
"...It's just that the boys were so excited
to come to town, yeah? And I can't help but
think it would be awful hard on them to
leave so soon without a proper layover.";
"So, what say we set sail tomorrow, yeah?
What do you say, Miss?
[Tag 1:6 val={000A} ]That treasure isn't going anywhere!";
"You're with me, right, boys?!
Who's for a night of fun?";
"[Tag Size  val={0096} ].........[Tag Size  val={0064} ]";
"You're all fools, do you know that?
You saw that demolished island!
You saw the senseless destruction.

We have to hurry on to Outset, or the
same thing could happen there!";
"Huh?



Not to be disrespectful, but by the sound of
things, you're worried more about that
island than the treasure, Miss...";
"Don't be ridiculous!
I want, you know...
[Tag Size  val={004B} ]the treasure...[Tag Size  val={0064} ]";
"All right! Fine! Have it your way! We can
leave town tomorrow, you big babies.


But we're setting sail at first light, so no
sleeping in! Understood?";
"[Tag Size  val={0096} ]Aye, aye![Tag Size  val={0064} ]";
"Say there, brother, what was
[Tag Color  val={0001} ]today's password[Tag Color  val={FFFF} ][Tag Color  val={0000} ], again?[Tag Color  val={FFFF} ]";
"Mako! Are you serious? You forgot already?
You're so useless.";
"Today's password is [Tag Color  val={0001} ][Tag 2:9  ][Tag Color  val={FFFF} ][Tag Color  val={0000} ], yeah?
Remember?[Tag Color  val={FFFF} ]";
"You know that Niko won't let you in if you
don't say it exactly right!
[Tag Size  val={004B} ]And he's real picky about it...
So I'll say it once more...[Tag Size  val={0064} ]";
"Today's password is
[Tag Color  val={0001} ][Tag 2:9  ][Tag Color  val={FFFF} ][Tag Color  val={0000} ], yeah?[Tag Color  val={FFFF} ]";
"[Tag Color  val={0001} ][Tag 2:9  ][Tag Color  val={FFFF} ][Tag Color  val={0000} ], eh?[Tag Color  val={FFFF} ]";
"Right, right! You may enter!";
"No! No! That's completely wrong!
Now scram, nonpirate!";
"[Tag Size  val={0096} ]Who can't walk the plank?[Tag Size  val={0064} ]";
"[Tag Size  val={0096} ]What do pirates love
more than the sea?[Tag Size  val={0064} ]";
"[Tag Size  val={0096} ]The ship's only tooth is a...?[Tag Size  val={0064} ]";
"[Tag Size  val={0096} ]Who cleans pirates' ears?[Tag Size  val={0064} ]";
"[Tag Size  val={0096} ]How do you treat a shark?[Tag Size  val={0064} ]";
"[Tag Size  val={0096} ]I can sail upon the water
or be filled with it. I am a...[Tag Size  val={0064} ]";
"Oh! [Tag 1:11  ][Tag 2:0  ]!
My old swabbie, [Tag 2:0  ]!";
"So you're alive?



All the other pirates said you got done
in by that bird monster in the Forsaken
Fortress, so I thought...

Never mind what I thought! You're alive!";
"Oh, I get it now! You came back because
you missed me so much!


I had no idea you wanted to be my swabbie
so badly! I see, I see...";
"Well, after you left, I went back to being
the bottom rung on the ladder...which is
why I'm stuck here while everyone else is in
town having fun and eating and stuff...";
"But...I guess being so worshiped by my
swabbie ought to cheer me up!


All right! Why don't we set you to your next
test, huh? This one is harder than the last!
Good luck! You'll need it, swabbie!";
"You can see there are [Tag Color  val={0001} ]lanterns hanging
[Tag Color  val={FFFF} ][Tag Color  val={0000} ]throughout the room, right?


Well, last time when you pressed the
switch, [Tag Color  val={FFFF} ][Tag Color  val={0001} ]platforms[Tag Color  val={FFFF} ][Tag Color  val={0000} ] rose up for you to jump
onto, right? Yeah, well, this time, there
[Tag Color  val={FFFF} ][Tag Color  val={0001} ]aren't any[Tag Color  val={FFFF} ][Tag Color  val={0000} ]!
Which means you have to [Tag Color  val={FFFF} ][Tag Color  val={0001} ]jump[Tag Color  val={FFFF} ][Tag Color  val={0000} ] from [Tag Color  val={FFFF} ][Tag Color  val={0001} ]one
rope[Tag Color  val={FFFF} ][Tag Color  val={0000} ] to [Tag Color  val={FFFF} ][Tag Color  val={0001} ]the next rope[Tag Color  val={FFFF} ][Tag Color  val={0000} ]! Pretty tough...[Tag Color  val={FFFF} ]";
"And that's not all! This time, I've put a
[Tag Color  val={0001} ]gate[Tag Color  val={FFFF} ][Tag Color  val={0000} ] on this [Tag Color  val={FFFF} ][Tag Color  val={0001} ]door[Tag Color  val={FFFF} ][Tag Color  val={0000} ], too!


The switch opens the [Tag Color  val={FFFF} ][Tag Color  val={0001} ]gate[Tag Color  val={FFFF} ][Tag Color  val={0000} ], but it'll [Tag Color  val={FFFF} ][Tag Color  val={0001} ]close[Tag Color  val={FFFF} ][Tag Color  val={0000} ] if
you don't get here [Tag Color  val={FFFF} ][Tag Color  val={0001} ]before time runs out[Tag Color  val={FFFF} ][Tag Color  val={0000} ].
Run out of time, and you'll have to try it
again, little swabbie![Tag Color  val={FFFF} ]";
"The [Tag Color  val={0001} ]switch[Tag Color  val={FFFF} ][Tag Color  val={0000} ] that opens the gate is in the
same place as before, so go step on it.


If you get all the way to [Tag Color  val={FFFF} ][Tag Color  val={0001} ]this side[Tag Color  val={FFFF} ][Tag Color  val={0000} ] before
time runs out, I'll give you the [Tag Color  val={FFFF} ][Tag Color  val={0001} ]bombs[Tag Color  val={FFFF} ][Tag Color  val={0000} ] we
got in town! Yeah, you heard me!

Give it your best shot, swabbie![Tag Color  val={FFFF} ]";
"What?! You've gotta be...
You did it already?!";
"You're... You're incredible!";
"[Tag Size  val={004B} ]This isn't good... I've never even passed this test...
How could he do it so quickly...?
And make it look so easy?!?[Tag Size  val={0064} ]";
"[Tag Size  val={004B} ]And if I give this to him, everyone will
know for sure... Oh, I'll be so busted...[Tag Size  val={0064} ]";
"Uh...OK!";
"You're the best swabbie of all time!
So...I guess I'll just give you the [Tag Color  val={0001} ]bombs[Tag Color  val={FFFF} ][Tag Color  val={0000} ]!
Go on! Take 'em![Tag Color  val={FFFF} ]";
"Just don't tell anyone, OK? I'm serious!
Really serious! OK? OK!?!";
"That's mighty courageous of you...trying to
steal treasure from pirates.";
"I suppose I should be shocked...but I'm more
amazed that you managed to survive after
being tossed out of that tower...";
"From the look on your face, I have to guess
you haven't saved your sister yet, huh?


You don't give things much thought, do
you? You just rush in, never thinking how
badly things could go for you.

Like just now... The only reason you got
what you did was because we left a
simpleminded little rat like Niko behind to
look after things.
No one else would have parted with our
treasure so easily, I assure you!";
"And just how do you intend to use those
[Tag Color  val={0001} ]bombs[Tag Color  val={FFFF} ][Tag Color  val={0000} ], anyway?


Don't tell me you're going after Jabun's
treasure, too...[Tag Color  val={FFFF} ]";
"Right now, [Tag Color  val={0001} ]Jabun [Tag Color  val={FFFF} ][Tag Color  val={0000} ]is hiding in a [Tag Color  val={FFFF} ][Tag Color  val={0001} ]cave at the
back [Tag Color  val={FFFF} ][Tag Color  val={0000} ]of the [Tag Color  val={FFFF} ][Tag Color  val={0001} ]island you were born on[Tag Color  val={FFFF} ][Tag Color  val={0000} ].


But the [Tag Color  val={FFFF} ][Tag Color  val={0001} ]entrance[Tag Color  val={FFFF} ][Tag Color  val={0000} ] is blocked by a [Tag Color  val={FFFF} ][Tag Color  val={0001} ]giant
stone doorway[Tag Color  val={FFFF} ][Tag Color  val={0000} ]. You can't get in without
[Tag Color  val={FFFF} ][Tag Color  val={0001} ]breaking down[Tag Color  val={FFFF} ][Tag Color  val={0000} ] the door.[Tag Color  val={FFFF} ]";
"We're going to relax in town and eat our
fill of whatever this town has to offer,
but we'll be leaving for Outset first thing in
the morning.
If you manage to find Jabun[Tag Color  val={0001} ] tonight[Tag Color  val={FFFF} ][Tag Color  val={0000} ], then I
guess you win.


But if you take too long, we'll come sailing
right by you tomorrow morning! And believe
me, you didn't get ALL of our bombs.

You'd better be quick, kid![Tag Color  val={FFFF} ]";
"Wow! Awesome! You have a stone just like
the one that Miss Tetra has!


Hey, how do you use that thing? Can you
talk to Miss Tetra through that?!
Man! You're so lucky!";
"If you give me that stone, I'll be your
swabbie! I swear I will!


Come on, please! Please give me that stone!
Please! I'm begging here!";
"[Tag Color  val={0001} ]Plankton[Tag Color  val={FFFF} ]";
"[Tag Color  val={0001} ]Treasure[Tag Color  val={FFFF} ]";
"[Tag Color  val={0001} ]Barnacle[Tag Color  val={FFFF} ]";
"[Tag Color  val={0001} ]Swabbies[Tag Color  val={FFFF} ]";
"[Tag Color  val={0001} ]Chummily[Tag Color  val={FFFF} ]";
"[Tag Color  val={0001} ]Schooner[Tag Color  val={FFFF} ]";
"[Tag 1:0  ]OH! Oh, if you please![Tag 1:1  ]
Young boy, there!
Please help me!

Please listen to my tale of woe![Tag 1:6 val={0005} ]
[Tag 1:7  ]Uh, OK
Eww, no!";
"Ooh, hoo hoo![Tag 1:6 val={000A} ] My sweet, sweet daughter!
My only daughter! Poor [Tag Color  val={0001} ]Maggie[Tag Color  val={FFFF} ][Tag Color  val={0000} ]... She was
captured by a bunch of villains and taken
to the Forsaken Fortress!
What on earth could those scoundrels want
with her? Are they just roaming around
looking for young maidens? Are they just
evil creatures who delight in mischief?[Tag 1:6 val={001E} ][Tag Color  val={FFFF} ]";
"Please! Please save my poor daughter![Tag 1:6 val={0005} ]
I beg of you! Here I stand, begging!";
"Young boy! Oh, brave young boy who
promised to rescue my daughter, [Tag Color  val={0001} ]Maggie[Tag Color  val={FFFF} ][Tag Color  val={0000} ]...
[Tag 1:0  ]Hurry![Tag 1:1  ] You must[Tag 1:6 val={000F} ] hurry![Tag 1:6 val={000F} ] You can't dawdle!

I'm so very worried about my daughter.
I can't even sleep at night.[Tag 1:6 val={000A} ].[Tag 1:6 val={000A} ].[Tag 1:6 val={000A} ][Tag Color  val={FFFF} ]";
".[Tag 1:6 val={000F} ].[Tag 1:6 val={000F} ].[Tag 1:6 val={000F} ][Tag 1:0  ]That's terrible![Tag 1:1  ] Why, that's just...AWFUL!
[Tag 1:0  ]TERRIBLE! You...mean child![Tag 1:1  ]


What harm could it possibly do you to
simply listen to the request of a poor and
miserable man like myself.[Tag 1:6 val={0002} ].[Tag 1:6 val={0002} ].[Tag 1:6 val={0002} ]?
What harm, I ask you?!";
"[Tag 1:0  ]Eh?![Tag 1:1  ] Then...fine! Begone with you, you
wretch! I will find another to ask!";
"Please! Whatever you can do! Anything!
I beg of you! I PLEAD of you! Please!
I'm counting on you!";
"Go away![Tag 4:36  ] Ptheh![Tag 1:6 val={0014} ] Ptheh![Tag 1:3 val={003C} ]";
"[Tag 1:0  ]Well, crud![Tag 1:1  ][Tag 1:6 val={001E} ]
Having a kidnapped daughter doesn't get
you a single Rupee, you know[Tag 1:6 val={0005} ].[Tag 1:6 val={0005} ].[Tag 1:6 val={0005} ].[Tag 1:6 val={0005} ]!";
"I hope you'll give those scoundrels in the
[Tag Color  val={0001} ]Forsaken Fortress[Tag Color  val={FFFF} ][Tag Color  val={0000} ] a good scare! They'll
pay for what they've done! Oh, yes! Pay![Tag Color  val={FFFF} ]";
"[Tag 4:270  ]Don't touch me with those filthy hands,
you mischievous little scamp!";
"Eh-HEM! This [Tag Color  val={0001} ]cabana[Tag Color  val={FFFF} ][Tag Color  val={0000} ] belongs to the
master, and the master alone!


You grimy, trespassing little scoundrel!
Away with you! AWAY, I say![Tag Color  val={FFFF} ]";
"...And just what do you want me to do
with that bit of rubbish!?[Tag 1:6 val={0014} ]
[Tag 1:0  ]You disrespectful, unwashed imp![Tag 1:1  ]";
"[Tag 4:270  ]Ewww! Unclean! Most foul!
Don't lay those grungy hands...";
"Wait... Tha...?
Tha... That's—!?!";
"Why that's the...
Are you... Are you the new master?!
...Are you Master [Tag Color  val={0001} ][Tag 2:0  ][Tag Color  val={FFFF} ][Tag Color  val={0000} ]?

[Tag 4:272  ]Ah...
I am so pleased to hear that name![Tag Color  val={FFFF} ]";
"Master [Tag Color  val={0001} ][Tag 2:0  ][Tag Color  val={FFFF} ][Tag Color  val={0000} ]...



Please be gentle on this fine door[Tag Color  val={0000} ]![Tag Color  val={0000} ][Tag Color  val={FFFF} ][Tag Color  val={0000} ][Tag Color  val={0000} ][Tag 4:271  ][Tag Color  val={0000} ][Tag 3:21  ][Tag Color  val={FFFF} ]";
"I must apologize. It will take me just a
moment to prepare the next picture.
Please, if you could briefly wait outside...";
"[Tag 4:273  ]Ah, Master! Do you have an interest in the
[Tag Color  val={0001} ]amusements of nobility[Tag Color  val={FFFF} ][Tag Color  val={0000} ]?
[Tag 1:7  ]I do, indeed
Not in the least[Tag Color  val={FFFF} ]";
"Well, in that case, would you care to hear
an explanation of the game?
[Tag 1:7  ]Indeed I would
No, thank you";
"[Tag 4:274  ]Bzzzt! Of course! Bzzzt!
Sorry to bother you with such trifling
things, Master! Awfully sorry!";
"Very good, Master. Please enjoy yourself.";
"Please tilt [Tag 3:8  ] up, down, left, or right
to move the panels and try to arrange the
picture. I will place the final panel in the
[Tag Color  val={0001} ]top-right space[Tag Color  val={FFFF} ][Tag Color  val={0000} ] to complete the painting.
Oh, and, Master! Please bear in mind that
this game is for amusement only. If you are
successful, all I can offer as a reward is
money! Do remember that![Tag Color  val={FFFF} ]";
"Do you understand the game?
[Tag 1:7  ]Most certainly
The rules escape me";
"My goodness gracious...
Master has some difficulty circulating blood
to his brain, does he not? Most unfortunate.
I shall explain again, Master.";
"Do you wish to quit?
[Tag 1:7  ]I will continue
Sadly, I must quit";
"[Tag 4:274  ]I am sorry to have bothered you with such
a trifling thing! Most terribly sorry!


Ah! All of a sudden, I have become
painfully aware of my existence as a door.[Tag 1:6 val={0014} ]
[Tag 4:275  ]Wah! Waaaaaah!";
"Well done, Master... Well done, indeed!
You are among the most talented
gamesmiths of the noble classes!

I offer you this as an expression of my
respect and admiration of your skills.
Please accept it!";
"Use it wisely. [Tag 4:276  ][Tag Color  val={0001} ][Tag 3:21  ][Tag Color  val={FFFF} ]";
"Hmmm...[Tag 1:6 val={000F} ]
I wonder...[Tag 1:6 val={000F} ]
[Tag 4:52  ]I wonder if a boy like you will do...";
"...It's difficult to tell. Yes. Difficult.[Tag 1:6 val={0005} ]
You see, my one and only daughter, [Tag Color  val={0001} ]Mila[Tag Color  val={FFFF} ][Tag Color  val={0000} ],
was taken away from me to a frightening
place called the [Tag Color  val={FFFF} ][Tag Color  val={0001} ]Forsaken Fortress[Tag Color  val={FFFF} ][Tag Color  val={0000} ]...[Tag 1:6 val={0005} ]
I have asked many to rescue her, but it
seems to be a difficult voyage to that
cursed place.[Tag 1:6 val={001E} ].[Tag 1:6 val={001E} ].[Tag 1:6 val={001E} ][Tag Color  val={FFFF} ]";
"I [Tag 1:6 val={0002} ]sincerely[Tag 1:6 val={0002} ] wonder[Tag 1:6 val={0002} ] about the wisdom of
asking a boy like you to do this...[Tag 1:6 val={001E} ]


But would you lend a hand to help rescue
my precious daughter?
[Tag 1:7  ]Sure
No way";
"[Tag 1:0  ]You are a brave boy to take on this task.[Tag 1:1  ][Tag 1:6 val={0014} ]
I assure you, if you do rescue her, I will
pay you.[Tag 1:6 val={001E} ].[Tag 1:6 val={001E} ].[Tag 1:6 val={001E} ]as much money as it takes.[Tag 1:6 val={0014} ]
I'd give [Tag 1:6 val={0014} ]my entire fortune for her safety![Tag 1:6 val={0014} ]";
"[Tag 1:0  ]Ugghhh...[Tag 1:1  ] My life cannot get worse.[Tag 1:6 val={003C} ]



And my back has been aching fiercely of
late... If only I were ten years younger.";
"By the way,[Tag 1:6 val={000F} ] it might interest you to know
that I've been renting out the first floor of
my home as a so-called [Tag Color  val={0001} ]auction house[Tag Color  val={FFFF} ][Tag Color  val={0000} ].[Tag 1:6 val={000F} ]

Of course, the auctions are held in the
evenings, after dark. Ho[Tag 1:6 val={0005} ] ho[Tag 1:6 val={0005} ] ho[Tag 1:6 val={0005} ]![Tag 1:6 val={000A} ]
Do I sense more than a little interest?
Do you wish to join in as well?[Tag Color  val={FFFF} ]";
"Well? What do you think of the chances for
my daughter's rescue? They say the place
is called the [Tag Color  val={0001} ]Forsaken Fortress[Tag Color  val={FFFF} ][Tag Color  val={0000} ]. Go now!
My daughter, [Tag Color  val={FFFF} ][Tag Color  val={0001} ]Mila[Tag Color  val={FFFF} ][Tag Color  val={0000} ], waits for a hero![Tag Color  val={FFFF} ]";
"Hmm? What is it?[Tag 1:6 val={000F} ] ...You look like you want
something.[Tag 1:6 val={000F} ] Don't tell me...you need some
funds to get you started?!
[Tag 1:7  ]Yes, I do
I suppose not";
"Is that so? Speak up! I don't need any
timid heroes, boy!";
"You do want money? Oh, is that a fact?
Money,[Tag 1:6 val={000A} ] huh?";
"In that case[Tag 1:6 val={001E} ].[Tag 1:6 val={001E} ].[Tag 1:6 val={001E} ].[Tag 1:6 val={001E} ][Tag Color  val={0001} ]I must first test
your resolve[Tag Color  val={FFFF} ][Tag Color  val={0000} ]![Tag 1:6 val={001E} ][Tag Color  val={FFFF} ]";
"Wait just one moment![Tag 1:6 val={001E} ]";
"Let me see now...[Tag 1:6 val={000F} ]
That comes to a total of[Tag 1:6 val={0005} ].[Tag 1:6 val={0005} ].[Tag 1:6 val={0005} ].[Tag 1:6 val={000F} ]

[Tag 1:6 val={000F} ][Tag Color  val={0006} ][Tag 2:2  ][Tag Color  val={FFFF} ][Tag Color  val={0000} ]![Tag 1:6 val={000F} ][Tag Color  val={FFFF} ]";
"[Tag 1:6 val={000F} ][Tag Color  val={0001} ]I shall accept your payment[Tag Color  val={FFFF} ][Tag Color  val={0000} ]![Tag 1:6 val={000F} ][Tag Color  val={FFFF} ]";
"Don't stand around looking like you've
been [Tag Color  val={0001} ]swindled[Tag Color  val={FFFF} ][Tag Color  val={0000} ]...[Tag 1:6 val={0014} ]


Be on your way![Tag Color  val={FFFF} ]";
"...What's this nonsense?![Tag 1:6 val={0014} ]
Why, this is ridiculous![Tag 1:6 val={0014} ]
You don't have enough money!";
"[Tag 1:0  ]Be on your way![Tag 1:1  ]";
"...When you break someone else's vases,
it's only natural that you [Tag Color  val={0001} ]compensate[Tag Color  val={FFFF} ][Tag Color  val={0000} ] them
for the loss! You, my boy, are in the wrong
because of your destructive tomfoolery![Tag 1:6 val={001E} ]
And now, because of you, I'm going to be
even richer...and I was quite rich before![Tag 1:6 val={001E} ]
The world is a cruel place, isn't it?[Tag Color  val={FFFF} ]";
"Oh, to see my sweet [Tag Color  val={0001} ]Mila[Tag Color  val={FFFF} ][Tag Color  val={0000} ] again...
My precious little daughter...
I worry so over her welfare. I can't recall
the last time I slept more than a wink![Tag Color  val={FFFF} ]";
"[Tag 1:0  ]Hrrrgh! Of all the cheekiness![Tag 1:1  ]
I can't BELIEVE you'd go around breaking
people's vases when you so clearly lack the
money to pay for them! Such rudeness!";
"Do you think you can just break someone's
vases and leave without paying for them?
I must chortle at your naivete! Ho ho![Tag 1:6 val={001E} ]

Those happen to be extremely high-class
[Tag Color  val={0001} ]bone-china [Tag Color  val={FFFF} ][Tag Color  val={0000} ]vases that run a minimum of
[Tag Color  val={FFFF} ][Tag Color  val={0001} ]10 Rupees each[Tag Color  val={FFFF} ][Tag Color  val={0000} ]![Tag 1:6 val={001E} ][Tag Color  val={FFFF} ]";
"Most assuredly,[Tag 1:6 val={001E} ] I shall now accept
[Tag Color  val={0001} ]compensation[Tag Color  val={FFFF} ][Tag Color  val={0000} ] for them![Tag 1:6 val={000F} ][Tag Color  val={FFFF} ]";
"As you can see, I've placed [Tag Color  val={0001} ]Red Rupees [Tag Color  val={FFFF} ][Tag Color  val={0000} ]in
three of my vases downstairs. So...
Which vases are they in?[Tag Color  val={FFFF} ]";
"You little WEASEL!!!";
"Well, thank you SO much for coming into my
home and breaking my high-priced vases!


...If you break any more, I assure you that I
shall not let it go lightly! No, sir! Not at
all! I shall require [Tag Color  val={0001} ]compensation[Tag Color  val={FFFF} ][Tag Color  val={0000} ]![Tag Color  val={FFFF} ]";
"It would seem that there won't be an
auction this evening, wouldn't you say?
Not in a storm like this, there won't!";
"Oh! Hi! We meet again!
[Tag 1:6 val={0005} ].[Tag 1:6 val={0005} ].[Tag 1:6 val={0005} ].[Tag 1:6 val={0005} ]What?! Of course![Tag 1:6 val={0005} ] Honestly![Tag 1:6 val={0005} ]
I'm working! How dare you suggest that!

I'm done with all that sneaking around in
the dark. In fact, I head off to a faraway
island to work in the evenings now, so I
won't be seeing you at night anymore!";
"All right?[Tag 1:6 val={0005} ] Well, all right.
Now, you're keeping me from doing my job,
so could you please step aside?";
"This way to the only [Tag Color  val={0001} ]stall[Tag Color  val={FFFF} ][Tag Color  val={0000} ] with extra-fun,
happy things for sale! Your happiness is
guaranteed! Fun awaits you![Tag 1:6 val={001E} ]

Step right up! Stop by![Tag Color  val={FFFF} ]";
"Hey, you! Come on! Use your head![Tag 1:6 val={000F} ]
You can't just stand there like that!
You're in my way![Tag 1:6 val={000F} ] Can't you move?[Tag 1:6 val={000F} ]";
"Oops![Tag 1:6 val={000F} ] That won't do! That won't do at all!
Already I'm back to my old habits...[Tag 1:6 val={000F} ]
I'm terribly sorry! Really, I am!";
"Umm...";
"[Tag 1:0  ]Shh![Tag 1:1  ] [Tag 1:0  ]Shhh![Tag 1:1  ][Tag 1:6 val={0014} ]";
"Y-Y-You startled me...!
[Tag 4:42  ]Wh-Wh-What do you want?


M-M-My heart is racing! You scared me!";
"Wait... Are you...?



...The kind of creep who goes around at
night scaring people?! That's just plain
mean!";
"Just who do you think you are, anyway?!
[Tag 1:7  ]An ally of justice!
A night-creeping rascal!";
"A...what!?!
An... An [Tag Color  val={0001} ]ally of justice[Tag Color  val={FFFF} ][Tag Color  val={0000} ]?!


I-I'm not a [Tag Color  val={FFFF} ][Tag Color  val={0001} ]thief[Tag Color  val={FFFF} ][Tag Color  val={0000} ]! I swear! I haven't
stolen anything![Tag 1:6 val={0005} ] Well, yet.
Please let me go![Tag 1:6 val={0014} ] It was just an impulse!
That's all! Just a bad idea![Tag Color  val={FFFF} ]";
".[Tag 1:6 val={0005} ].[Tag 1:6 val={0005} ].[Tag 1:6 val={0005} ]Why won't you say anything?
Does this mean you're mad at me?


Could you at least listen to the
circumstances in my life that led up to this
moment? Please, you owe me that much!
[Tag 1:7  ]Sure
Quiet, you!";
"...What?! Why, that's just cruel! You awful
boy! Sometimes there are odd circumstances
that make people do what they do![Tag 1:6 val={0014} ]
How could you be so close minded?";
"I...was once the richest little debutante
in this town. Did you know that?[Tag 1:6 val={0014} ]


But one day, a monstrous bird came and
took me away to a terrible place called
the [Tag Color  val={0001} ]Forsaken Fortress[Tag Color  val={FFFF} ][Tag Color  val={0000} ], where I was locked
up and held captive. Oh, it was awful!
My father spent every last Rupee in his
coffers in an attempt to get me rescued.[Tag Color  val={FFFF} ]";
"That's right![Tag 1:6 val={000A} ] Every last bit of our family
fortune, gone.[Tag 1:6 val={000A} ].[Tag 1:6 val={000A} ].


That was when my life of poverty began.[Tag 1:6 val={001E} ]



Now, every day, from morning until night,
I'm busy working for the open-air shop.
So, as you can see, at least I'm trying
to settle into my poor lifestyle.
Doesn't that just tug at your heartstrings?
What do you say about the tragic events
in my pitiable life?
[Tag 1:7  ]That's terrible
That's kind of funny";
"......[Tag 1:6 val={001E} ]";
"And to make matters worse, for some reason
I still can't figure out, that slob [Tag Color  val={0001} ]Maggie[Tag Color  val={FFFF} ][Tag Color  val={0000} ],
who was the poorest girl in town, suddenly
got filthy rich! Maggie, of all people![Tag 1:6 val={001E} ]
It makes me so mad that I want to do
something terrible! Grrrr![Tag Color  val={FFFF} ]";
"Do you understand my plight?
[Tag 1:7  ]Very well
Not at all";
"...Then you'll let me go?!
[Tag 1:7  ]Unfortunately, no
I'll let you go";
"But...why not?!?
[Tag 1:7  ]Because I'm honest
Because I like you";
"...Hah! You awful boy![Tag 1:6 val={0014} ]
I was honest with you, too!
[Tag 4:44  ]And now I'm just angry!

Good-bye!";
"...Ah hee hee hee hee!



I'm sorry! I guess it was a little too
complicated for a KID to understand!";
".[Tag 1:6 val={0005} ].[Tag 1:6 val={0005} ].[Tag 1:6 val={0005} ]Oh. That's...really annoying![Tag 1:6 val={000A} ]



You know? I just remembered! I have
something very important that I'm supposed
to be doing. I'll be RIGHT back, so can you
just wait here for me?
It'll only take a second!";
"It's true... I know I'm quibbling over
nothing...[Tag 1:6 val={000A} ] But being so poor weakens
a person's very soul...

But...it's time I quit making silly excuses
for myself!";
"Thank you so much...[Tag 1:6 val={001E} ]";
"Let me at least thank you.
Please take this!";
"Don't look at me like that! I didn't steal
it! It washed up on the shore, so I picked
it up. Don't tease me like that!

It's a tiny bottle made of crystal-clear
glass... It's so beautiful.


[Tag Size  val={004B} ]I wish my soul could be that beautiful...[Tag Size  val={0064} ]";
"Oh! What am I saying?



When you live in poverty, you can say the
cheesiest things without blinking an eye.
...Hmph!";
"So, umm...I guess I should go soon.
My father will start worrying.";
"Good-bye, little ally of justice!



[Tag Size  val={004B} ]...And good luck to you.[Tag Size  val={0064} ]";
"...Hmph! That's not funny, you know. I can't
believe you'd try to make a joke out of
this! You're an awful boy!";
"This way to the only [Tag Color  val={0001} ]stall[Tag Color  val={FFFF} ][Tag Color  val={0000} ] with extra-fun,
happy things for sale![Tag 1:6 val={001E} ][Tag Color  val={FFFF} ]";
"Step right up! Please stop by!";
"Welcome to you, sir![Tag 1:6 val={001E} ]
This way to [Tag Color  val={0001} ]Windfall's outdoor shop[Tag Color  val={FFFF} ][Tag Color  val={0000} ],
chock full of fun and happy products![Tag Color  val={FFFF} ]";
"Thanks to you, I didn't have to sink down
to the level of a common [Tag Color  val={0001} ]thief[Tag Color  val={FFFF} ][Tag Color  val={0000} ].


I will never do anything like that again!
Ahhhh... What an amazing feeling!
I've let all of my worries out of my
heart. Wow! I actually feel refreshed![Tag Color  val={FFFF} ]";
"Bye! Thanks for tonight!";
"Take off! Go away![Tag 1:4 val={002D} ]";
"Who's there?!";
"...Who's that?";
"[Tag 1:11  ][Tag 2:0  ]";
"Yes, yes, yes! First, let me thank all of you
bargain-loving people for joining us this
evening! Dear me, what a turnout![Tag 1:6 val={0014} ]

The [Tag Color  val={0001} ]auction[Tag Color  val={FFFF} ][Tag Color  val={0000} ] is about to begin. Yes!
And what do you suppose will pop up
as our item of the evening?![Tag 1:6 val={0014} ]

Oh, dear me! I'm so excited, I can't stop
sniffling! The calm before the auction storm
always makes my nose run![Tag Color  val={FFFF} ]";
"Let's get to it! This evening, our glorious
[Tag Color  val={0001} ]auction item [Tag Color  val={FFFF} ][Tag Color  val={0000} ]is...[Tag 1:6 val={0014} ]

[Tag 1:0  ]This![Tag 1:1  ][Tag Color  val={FFFF} ]";
"A fabulous [Tag Color  val={0001} ][Tag 2:4  ][Tag Color  val={FFFF} ][Tag Color  val={0000} ]!!![Tag 1:6 val={001E} ][Tag 4:70  ][Tag Color  val={FFFF} ]";
"...Oh, my dear, what a prize! At last, the
suspense is over. But all drama aside, you
should know it is extremely rare to even get
a chance to own a fabulous item like this!
It is precious! Quite dear! Very valuable![Tag 1:6 val={0014} ]
Yes, yes, yes! Listen well, for I do not lie!";
"My dear! Oh my dear me! As you no doubt
see, this is the item that [Tag Color  val={0001} ][Tag 2:3  ][Tag Color  val={FFFF} ][Tag Color  val={0000} ]
won in our last auction...[Tag 1:6 val={0014} ]

...And yet, for reasons I cannot fathom,
[Tag Color  val={FFFF} ][Tag Color  val={0001} ][Tag 2:3  ][Tag Color  val={FFFF} ][Tag Color  val={0000} ] has since parted with this
fine item, and thus it is once again
appearing in our auction!
But do not worry! This certainly does not
mean the item is subpar. It just means that
clearly this item is worth far more than the
original amount it was purchased for![Tag 1:6 val={0014} ]
But just listen to me delay! Enough with
the long-winded explanation...[Tag Color  val={FFFF} ]";
"Let the auction begin![Tag 1:6 val={001E} ]
Let's open the bidding at [Tag Color  val={0001} ][Tag 2:6  ][Tag Color  val={FFFF} ][Tag Color  val={0000} ]![Tag Color  val={FFFF} ]";
"AAAAAAA[Tag 1:6 val={0005} ]NNNNNNN[Tag 1:6 val={0005} ]DDDDDDD[Tag 1:6 val={0005} ]...[Tag 1:6 val={0005} ]...
[Tag 1:6 val={000F} ].[Tag 1:6 val={000F} ].[Tag 1:6 val={000F} ].[Tag 1:6 val={000F} ][Tag Color  val={0001} ]Begin[Tag Color  val={FFFF} ][Tag Color  val={0000} ]!!![Tag 1:3 val={0014} ][Tag Color  val={FFFF} ]";
"[Tag Color  val={0001} ][Tag 2:3  ][Tag Color  val={FFFF} ][Tag Color  val={0000} ]:
[Tag 2:5  ]![Tag Color  val={FFFF} ]";
"How much will you [Tag Color  val={0001} ]bid[Tag Color  val={FFFF} ][Tag Color  val={0000} ]?
[Tag 2:7  ][Tag Color  val={FFFF} ]";
"Oh, dear! You don't have enough [Tag Color  val={0001} ]Rupees[Tag Color  val={FFFF} ][Tag Color  val={0000} ]![Tag Color  val={FFFF} ]";
"Do you wish to quit?
[Tag 1:7  ]Yes!
Not yet!";
"Yes, yes, yes! Our current top bidder is none
other than the esteemed [Tag Color  val={0001} ][Tag 2:3  ][Tag Color  val={FFFF} ][Tag Color  val={0000} ]! 
The bid is [Tag 2:5  ]!
But come now, friends!
I hope you won't let it stop there![Tag Color  val={FFFF} ]";
"Yes, yes, yes! Our current top bidder is the
worthy [Tag Color  val={0001} ][Tag 2:3  ][Tag Color  val={FFFF} ][Tag Color  val={0000} ]! The bid is [Tag 2:5  ]!


Do I hear another bid? Come on, my dear
people! Let loose! Let loose![Tag Color  val={FFFF} ]";
"Our top bid is [Tag Color  val={0001} ][Tag 2:3  ]'s[Tag Color  val={FFFF} ][Tag Color  val={0000} ], a bold and
spine-tingling offering of [Tag 2:5  ]!
But dear me! Isn't there a lady or gentleman
here willing to bid more than [Tag 2:5  ]?
Loosen up those purse strings, good people!
Cast caution to the wind, and bid away![Tag Color  val={FFFF} ]";
"[Tag 2:5  ]! Very nice! But are you all going
to let [Tag Color  val={0001} ][Tag 2:3  ][Tag Color  val={FFFF} ][Tag Color  val={0000} ] run away with the
prize for a mere [Tag 2:5  ]!?[Tag 1:6 val={001E} ]?! Truly?!

Dear me, can this be it? Are there any more
bids? Speak up, people! Going once![Tag Color  val={FFFF} ]";
"Time is running out, dear friends!";
"There isn't much time left, good people![Tag 1:6 val={001E} ]
Are you done bidding?";
"Yes, yes, yes, yes! Only [Tag Color  val={0001} ]five seconds[Tag Color  val={FFFF} ][Tag Color  val={0000} ] remain![Tag 1:6 val={001E} ]
Are you all done? Is this the end?!?[Tag Color  val={FFFF} ]";
"Aaannnddd SOLD![Tag 1:6 val={001E} ]
Here ends the auction!";
"Tonight's fabulous [Tag Color  val={0001} ][Tag 2:4  ][Tag Color  val={FFFF} ][Tag Color  val={0000} ]
goes to...[Tag 1:6 val={001E} ]


[Tag Color  val={FFFF} ][Tag Color  val={0001} ][Tag 2:3  ][Tag Color  val={FFFF} ][Tag Color  val={0000} ] for the price of
[Tag Color  val={FFFF} ][Tag Color  val={0001} ][Tag 2:5  ][Tag Color  val={FFFF} ][Tag Color  val={0000} ]![Tag 1:6 val={001E} ]


Dear me...[Tag 1:6 val={001E} ] Let me just say...
Con[Tag 1:6 val={000F} ]GRA[Tag 1:6 val={000F} ]TU[Tag 1:6 val={000F} ]LATIONS![Tag 1:6 val={001E} ][Tag Color  val={FFFF} ]";
"My dear! How incredible that such a
youngster walked away with the prize![Tag 1:6 val={000F} ]
I've never seen such a fat wallet! That kid
was a bidding machine right up to the end!";
"...But now then! On to business.



For you lucky ones out there, and yes, yes,
also for you not so lucky ones... Let me say
thank you for your participation![Tag 1:6 val={001E} ]
I must bring tonight's auction to an end.
Dear me, such excitement...[Tag 1:6 val={001E} ]";
"Dear people![Tag 1:6 val={001E} ] Thank you VERY MUCH!";
"[Tag Color  val={0001} ]Joy Pendant[Tag Color  val={FFFF} ]";
"[Tag Color  val={0001} ]Treasure Chart[Tag Color  val={FFFF} ]";
"[Tag Color  val={0001} ]Treasure Chart[Tag Color  val={FFFF} ]";
"[Tag Color  val={0001} ]Piece of Heart[Tag Color  val={FFFF} ]";
"[Tag Color  val={0001} ]Swift Sail[Tag Color  val={FFFF} ]";
"You can bid [Tag Color  val={0001} ]at least[Tag Color  val={FFFF} ] [Tag Color  val={0000} ][Tag 2:5  ]!
If you don't, you won't win![Tag Color  val={FFFF} ]";
"Yes, yes, yes, [Tag 2:0  ]! Fine!
Time to go! Run along now!


Thank you,[Tag 1:6 val={0005} ] thank you,[Tag 1:6 val={0005} ] thank you![Tag 1:6 val={000A} ]";
"Oh, dear me![Tag 1:6 val={001E} ] [Tag 1:11  ][Tag 2:0  ] [Tag Color  val={0001} ]bids[Tag Color  val={FFFF} ][Tag Color  val={0000} ] [Tag 2:5  ]!
And the crowd of auctiongoers reels!
I see nothing but stunned faces![Tag Color  val={FFFF} ]";
"Ohhhhhhh! Oh, dearest me! Incredible![Tag 1:6 val={001E} ]
The drama! Everyone is struck speechless
at [Tag 2:0  ]'s [Tag Color  val={0001} ]bid[Tag Color  val={FFFF} ][Tag Color  val={0000} ]![Tag Color  val={FFFF} ]";
"Ohhhhhhh! Dear me! The spectacle of it all![Tag 1:6 val={001E} ]
[Tag 1:11  ][Tag 2:0  ]! What an incredible [Tag Color  val={0001} ]bid[Tag Color  val={FFFF} ][Tag Color  val={0000} ]!
You've sent shock waves through the auction
house! Can these dear people recover?[Tag Color  val={FFFF} ]";
"Incredible! Such passion! Such bidding![Tag 1:6 val={001E} ]
[Tag 1:11  ][Tag 2:0  ] steps up with a tremendous
[Tag Color  val={0001} ]bid[Tag Color  val={FFFF} ][Tag Color  val={0000} ]![Tag 1:6 val={001E} ] He's frozen everyone! Never have I seen
such a powerful display of bidding power![Tag Color  val={FFFF} ]";
"Ohhhhhhhh![Tag 1:6 val={000F} ] This is incredible![Tag 1:6 val={000F} ]
I never thought it possible, but the bid has
reached the ceiling for this item![Tag 1:6 val={000F} ]
No higher [Tag Color  val={0001} ]bids[Tag Color  val={FFFF} ][Tag Color  val={0000} ] can be accepted! Dear me![Tag 1:6 val={000F} ][Tag Color  val={FFFF} ]";
"Nooooo! Whyyyyy??? How??
It's not fair!";
"Yessss! I won! I won! I'm the winner!
I'm the one who won! I'm number one!";
"Grrrrrrgh! 
...Next time, I'm definitely winning!";
"Well, honestly! Where on that tiny body
could he be hiding all that cash?";
"Oh, I've never been happier! [Tag Color  val={0001} ][Tag 3:21  ][Tag 3:21  ][Tag 3:21  ][Tag Color  val={FFFF} ]";
"That...is so annoying!
...Next time, the prize is mine!";
"Where would a kid get that much money...?
That's crazy! I can't even match funds with
a child!? Talk about humiliating...";
"This is the best feeling I've ever had in
my entire life!!! I am the all-time-greatest
auction-bidding guy in the whole world!!!";
"That is just not fair...";
"Just look at how young this kid is! The way
he handles his money is so...reckless!
Young sir, you are my hero tonight!";
"Hooo... I can't believe it! At long last,
spring has arrived in my wintry world!";
"Grrrrrrgh! I can't stand it! I was right in
the thick of it! I was in the mix! Everything
was going according to plan! Yaaargh!";
"Kid... Well done, I guess.";
"You won't catch me losing to some kid!";
"Whuh?! This is terrible! Ahem! AAAA-HEM!
...Clearly there's been some kind of awful
mistake here! I demand an investigation!";
"The key to winning the auction is to be
right in the thick of all the [Tag Color  val={0001} ]bidding[Tag Color  val={FFFF} ][Tag Color  val={0000} ].
Be aggressive! It's the only way![Tag Color  val={FFFF} ]";
"For example, try upping the [Tag Color  val={0001} ]bid [Tag Color  val={FFFF} ][Tag Color  val={0000} ]by more
than just a few Rupees. You need pretty
deep pockets, of course, but...

If you play it right, your move may just be
such a mental shock to the other bidders
that they don't know what to do![Tag Color  val={FFFF} ]";
"If you manage to shock them, they won't
be able to bid until they snap out of it.
Then you can get things for cheaper than
they would normally go! Neat trick, huh?";
"What? You already knew all that? Well.
...I guess I underestimated you. Sorry.";
"So, I guess the objective would be to raise
it by [Tag Color  val={0001} ]10 percent[Tag Color  val={FFFF} ][Tag Color  val={0000} ]...or maybe even [Tag Color  val={FFFF} ][Tag Color  val={0001} ]20 percent[Tag Color  val={FFFF} ][Tag Color  val={0000} ]?[Tag Color  val={FFFF} ]";
"(...Sheesh! THIS guy?!)";
"(What's THIS craziness?!?)";
"(This is nuts! That wallet is bottomless!)";
"(...EXCUSE me?)";
"(No! ...I can't lose! I just can't!)";
"(What's with this kid? And just how much
 of an allowance does he get, I wonder?)";
"(Hmph! Not bad for a kid!)";
"(...Urghhh!)";
"(Gah! How did I get stuck competing with
 this annoying little rich boy?! Drat it!)";
"(...WHAT did he say?!)";
"(Cripes! I'll get him for this!)";
"(But he's just an innocent little boy...
 How did I let him trick me like that?!)";
"(...Uh-oh! This kid means business!)";
"(What?! ...Now?!)";
"(Ack!!! Is he serious?! What a brat!)";
"(My word!)";
"(Oh, no! Another bid...)";
"(Ahhhhhh... I can't believe this!
 The kid's rolling in dough!)";
"Hey. Welcome.";
"Eh?";
"You here again?";
"You must like this place, eh?";
"Eh? Haven't seen you in a while, buckaroo.
You been busy or what?
[Tag 1:6 val={001E} ]Don't tell me you been playing some other
games... Seriously, have you?
Well, don't! You oughta know better.
My game is the funnest!";
"It's [Tag Color  val={0006} ]10 Rupees[Tag Color  val={FFFF} ][Tag Color  val={0000} ] per game for kids.
You wanna play or what?
[Tag 1:7  ]Yeah
No thanks[Tag Color  val={FFFF} ]";
"No?! Whatever. Come back soon.
Or not.";
"It's [Tag Color  val={0006} ]10 Rupees[Tag Color  val={FFFF} ][Tag Color  val={0000} ] per game...[Tag Color  val={FFFF} ]";
"Yeah, OK. Then, uh... AHEM!";
"Velcome to zee fleet! I am zee great
Admiral Dolvalski! Look sharp, for vee
are zee sole protectors of zis island!";
"Admiral! [Tag 1:0  ]Red alert! All hands on deck![Tag 1:1  ]



Sonar shows that schools of deadly giant
squid are approaching! All ships prepare
for battle!";
"[Tag 4:140  ][Tag Size  val={0096} ]VAT?!? VERE?!?
[Tag 1:6 val={001E} ][Tag 4:141  ][Tag Size  val={0064} ][Tag Size  val={0064} ]Ah! Hoo![Tag 1:6 val={001E} ] I see! Zee fiends approach![Tag Size  val={0064} ]";
"Zere are [Tag Color  val={0001} ]three squid groups[Tag Color  val={FFFF} ][Tag Color  val={0000} ]: a [Tag Color  val={FFFF} ][Tag Color  val={0001} ]large one[Tag Color  val={FFFF} ][Tag Color  val={0000} ], a
[Tag Color  val={FFFF} ][Tag Color  val={0001} ]medium one[Tag Color  val={FFFF} ][Tag Color  val={0000} ], und a [Tag Color  val={FFFF} ][Tag Color  val={0001} ]small one[Tag Color  val={FFFF} ][Tag Color  val={0000} ]! If vee allow
zem to come any closer, zee children on zee
island vill be in grave danger!
Sailor! Take command of our [Tag Color  val={FFFF} ][Tag Color  val={0001} ]new radar
system[Tag Color  val={FFFF} ][Tag Color  val={0000} ] to seek out and sink all of zese
fiendishly hidden enemies!

But be varned...you haff only [Tag Color  val={FFFF} ][Tag Color  val={0001} ]24
cannonballs[Tag Color  val={FFFF} ][Tag Color  val={0000} ] zat you can fire.


To destroy zee marauding squid pods, you
must score [Tag Color  val={FFFF} ][Tag Color  val={0001} ]four direct hits [Tag Color  val={FFFF} ][Tag Color  val={0000} ]on zee [Tag Color  val={FFFF} ][Tag Color  val={0001} ]large[Tag Color  val={FFFF} ][Tag Color  val={0000} ],
[Tag Color  val={FFFF} ][Tag Color  val={0001} ]three[Tag Color  val={FFFF} ][Tag Color  val={0000} ] on zee [Tag Color  val={FFFF} ][Tag Color  val={0001} ]medium[Tag Color  val={FFFF} ][Tag Color  val={0000} ], und [Tag Color  val={FFFF} ][Tag Color  val={0001} ]two[Tag Color  val={FFFF} ][Tag Color  val={0000} ] on zee [Tag Color  val={FFFF} ][Tag Color  val={0001} ]small[Tag Color  val={FFFF} ][Tag Color  val={0000} ]!

Use [Tag 3:8  ] to move zee cursor, und
press [Tag 3:0  ] to fire a cannon blast!
May your aim be true! Zat is all!
[Tag 1:6 val={001E} ][Tag 1:0  ]Zat is all zee instruction you need![Tag 1:1  ][Tag Color  val={FFFF} ]";
"Is zat clear, sailor?
[Tag 1:7  ]Aye, aye, sir!
What's going on...?";
"Eh...?";
"Excellent! So far, our best sailor has
managed to destroy all of zee giant squid
using only [Tag Color  val={0001} ][Tag 2:1  ] cannonballs[Tag Color  val={FFFF} ][Tag Color  val={0000} ]!
[Tag 1:0  ]May you fight as bravely![Tag 1:1  ][Tag Color  val={FFFF} ]";
"Oh, bad news, uh...sailor. The enemies...
have retreated. Or something...";
"It's [Tag Color  val={0006} ]10 Rupees[Tag Color  val={FFFF} ][Tag Color  val={0000} ] per game for kids...



Wanna try again?
[Tag 1:7  ]Yes!
No thanks
[Tag Color  val={FFFF} ]";
"Excellent vork, sailor! Your deeds haff
successfully protected zee peace on zis
fair island! Vee are so very proud!

Zee children on zee island vould like to
thank you, sailor.";
"[Tag 1:6 val={002D} ][Tag 4:142  ]Hoorayyy! Yayyy! Yayyy!
[Tag 1:6 val={000A} ]Oh, thank you, Mr. Sailor!


Please take this [Tag Color  val={0001} ]Piece of Heart[Tag Color  val={FFFF} ][Tag Color  val={0000} ] as a sign
of our gratitude. You are soooooo GREAT![Tag Color  val={FFFF} ]";
"[Tag 1:6 val={002D} ][Tag 4:142  ]Hoorayyy! Yayyy! Yayyy!
[Tag 1:6 val={000A} ]Oh, thank you so much, Mr. Sailor!


This is our thanks to you! It's been passed
down on our island for many years, so
don't tell the island elder, OK? Here...[Tag Color  val={0001} ][Tag 3:21  ]
[Tag Color  val={FFFF} ][Tag Color  val={0000} ]Please accept this [Tag Color  val={FFFF} ][Tag Color  val={0001} ]Treasure Chart[Tag Color  val={FFFF} ][Tag Color  val={0000} ]![Tag Color  val={FFFF} ]";
"[Tag 1:6 val={002D} ][Tag 4:142  ]Yayyy! Yayyy! Yayyy!
[Tag 1:6 val={000A} ]Oh, thank you, Mr. Sailor!


Please accept all of our combined
allowances! Take these [Tag Color  val={0001} ]50 Rupees[Tag Color  val={FFFF} ][Tag Color  val={0000} ] as
your reward! Hooray for money![Tag Color  val={FFFF} ]";
"Whoa. Wait a sec. [Tag Color  val={0001} ][Tag 2:1  ][Tag Color  val={FFFF} ][Tag Color  val={0000} ]?!
Hey, that's a new record...


So, uh, you get this, too.[Tag Color  val={FFFF} ]";
"So, uh, thanks for playing and all that.
I can't tell you how fun it's been for me.
[Tag 1:6 val={001E} ]And, uh, don't forget your umbrella or
nothing on your way out the door.";
"Hello, hello, and hello! You are standing
in the one and only [Tag Color  val={0001} ]Chu Jelly Juice Shop[Tag Color  val={FFFF} ][Tag Color  val={0000} ]![Tag Color  val={FFFF} ][Tag Color  val={0001} ]

[Tag Color  val={FFFF} ][Tag Color  val={0000} ]
You must have heard! Our potions are the
best! I'm telling you! They're TOO good,
in fact! ...They're absolutely incredible![Tag Color  val={FFFF} ]";
"Hrm...? What's that? What's [Tag Color  val={0001} ]Chu Jelly[Tag Color  val={FFFF} ][Tag Color  val={0000} ],
you ask, looking somewhat bewildered?


Oh, sir! You simply must be joking!
You don't know what [Tag Color  val={FFFF} ][Tag Color  val={0001} ]Chu Jelly[Tag Color  val={FFFF} ][Tag Color  val={0000} ] is?[Tag Color  val={FFFF} ]";
"Well, just ask yourself this, good sir!
What is a robustly nourishing element?
What is a mystical substance that is good
for the body and mind? Ask yourself!!
The words [Tag Color  val={0001} ]Chu Jelly [Tag Color  val={FFFF} ][Tag Color  val={0000} ]roar out in answer to
these questions, proclaiming themselves to
be true! ...Why, it is the key ingredient
in the most effective potions around![Tag Color  val={FFFF} ]";
"All you have to do is bring an [Tag Color  val={0001} ]empty bottle
[Tag Color  val={FFFF} ][Tag Color  val={0000} ]to my little juice shop here, and I'll let you
have a taste. Which begs the question...sir,
do YOU have an [Tag Color  val={FFFF} ][Tag Color  val={0001} ]empty bottle[Tag Color  val={FFFF} ][Tag Color  val={0000} ]?[Tag Color  val={FFFF} ]";
"Have a look! Use [Tag 3:16  ] to see my wares.";
"Our restorative juices are specially made
with plentiful portions of [Tag Color  val={0001} ]Chu Jelly[Tag Color  val={FFFF} ][Tag Color  val={0000} ]!


If you get your hands on any [Tag Color  val={FFFF} ][Tag Color  val={0001} ]Chu Jelly[Tag Color  val={FFFF} ][Tag Color  val={0000} ],
please! I beg of you! Bring it to my shop![Tag Color  val={FFFF} ]";
"...Hrm? What might that be?![Tag 1:6 val={0014} ]
Why, sir, that's no potion ingredient!";
"Gasp! Is that...? Could it possibly be?!?[Tag 1:6 val={0014} ]
Did you, by chance, bring me [Tag Color  val={0001} ]Chu Jelly[Tag Color  val={FFFF} ][Tag Color  val={0000} ]?!?[Tag 1:6 val={0014} ][Tag Color  val={FFFF} ]";
"It's quite clever of you to be bringing such
quality ingredients to me! I'll take [Tag Color  val={0001} ]five [Tag Color  val={FFFF} ][Tag Color  val={0000} ]of
them, if you can spare them![Tag 1:6 val={001E} ]

And to thank you, I'll give you [Tag Color  val={FFFF} ][Tag Color  val={0001} ]one free
serving[Tag Color  val={FFFF} ][Tag Color  val={0000} ]! Not a bad deal, no sir.[Tag Color  val={FFFF} ]";
"...At least, I WOULD if you had an [Tag Color  val={0001} ]empty
bottle[Tag Color  val={FFFF} ][Tag Color  val={0000} ], but unfortunately, you don't!
...Too bad for you.[Tag Color  val={FFFF} ]";
"For every [Tag Color  val={0001} ]five[Tag Color  val={FFFF} ][Tag Color  val={0000} ] glops of Chu Jelly you
bring me, I'll give you [Tag Color  val={FFFF} ][Tag Color  val={0001} ]one free potion[Tag Color  val={FFFF} ][Tag Color  val={0000} ].
Come back after you collect more of that
wonderful, gooey, potion-making stuff![Tag Color  val={FFFF} ]";
"But now that I look at your supplies, I can't
help but notice that you only have a little
bit of jelly, hrm? Not much at all, really.
Barely enough to mention, I might say.
That doesn't surprise me. Of course, not
many things do. For I am a genius.";
"Hrrrmmmmmm... Oh hohhhhhhh... Ahhhhhh...
This is an extremely rare color of Chu Jelly!
...Perhaps it indicates a new breed!?
What a fascinating jelly development!
I've never seen one of this particular hue
on Pawprint Isle, a small atoll famous for
its robust [Tag Color  val={0001} ]Chu [Tag Color  val={FFFF} ][Tag Color  val={0000} ]population...

But I digress, and the game is afoot! For
when it comes to making potions, I am a
true artist! I have been shown something
rare! [Tag Color  val={FFFF} ][Tag Color  val={0001} ]Inspiration[Tag Color  val={FFFF} ][Tag Color  val={0000} ] bubbles up from within me![Tag Color  val={FFFF} ]";
"Oh...[Tag 1:6 val={000A} ] Wait for it... [Tag 1:6 val={000A} ]Here it comes...[Tag 1:6 val={000A} ] OHH!?[Tag 1:6 val={000F} ]
.[Tag 1:6 val={0014} ].[Tag 1:6 val={0014} ].[Tag 1:6 val={0014} ][Tag 1:0  ][Tag 4:135  ]That's it![Tag 1:1  ][Tag 1:6 val={000F} ]";
"That's it![Tag 1:6 val={0005} ] That's it![Tag 1:6 val={0005} ] That's it![Tag 1:6 val={0005} ] That's it![Tag 1:6 val={0005} ]
That's it![Tag 1:6 val={0005} ] That's it![Tag 1:6 val={0005} ] That's it!
That's the sparkle I was looking for![Tag 1:6 val={000F} ]
That sudden burst of inspiration! Eureka![Tag 1:6 val={000F} ]
I'm going to use this [Tag Color  val={0001} ]Chu Jelly[Tag Color  val={FFFF} ][Tag Color  val={0000} ] to create a
brand-new, unheard-of kind of potion![Tag 1:6 val={000F} ]


It's been ten years since I began my now-
legendary studies of the Chu Jelly. I must
begin mixing this [Tag Color  val={FFFF} ][Tag Color  val={0001} ]new potion[Tag Color  val={FFFF} ][Tag Color  val={0000} ] before my first
new inspiration in years vanishes![Tag Color  val={FFFF} ]";
"...[Tag 1:6 val={000F} ]It...[Tag 1:6 val={000F} ] It's ready at last.[Tag 1:6 val={000F} ]
My new...[Tag 1:6 val={000F} ][Tag Color  val={0001} ]Chu Jelly[Tag Color  val={FFFF} ][Tag Color  val={0000} ] concoction.


It's still piping hot! And I want you to have
this first batch, my fellow jelly connoisseur![Tag Color  val={FFFF} ]";
"...Hrm? What's this?[Tag 1:6 val={001E} ]



Nooooooooooooo! Oh, what a travesty!
You don't have an [Tag Color  val={0001} ]empty bottle[Tag Color  val={FFFF} ][Tag Color  val={0000} ]!
I can't give you any potion![Tag Color  val={FFFF} ]";
"La[Tag 1:6 val={000F} ] di[Tag 1:6 val={000F} ] do![Tag 1:6 val={000F} ]
My next project is to create a gripping
advertisement for my new potion!
You come back anytime!";
"[Tag 4:134  ]Hrm...[Tag 1:6 val={001E} ] Hm...[Tag 1:6 val={001E} ] Hrrrrm???";
"...Whoa whoa WHOA![Tag 1:6 val={0014} ]
For a second there I thought we were all
square, but now it seems quite clear that
you [Tag Color  val={0001} ]don't have enough[Tag Color  val={FFFF} ][Tag Color  val={0000} ].[Tag Color  val={FFFF} ]";
"[Tag Color  val={0001} ]Red Potion    20 Rupees[Tag Color  val={FFFF} ][Tag Color  val={0000} ]
Drink it to replenish your life energy.
One drink washes away all weariness![Tag Color  val={FFFF} ]";
"[Tag Color  val={0001} ]Green Potion 10 Rupees[Tag Color  val={FFFF} ][Tag Color  val={0000} ]
This completely refills your Magic Meter!
Take a swig of it to ease your heart.[Tag Color  val={FFFF} ]";
"[Tag Color  val={0001} ]Blue Potion    60 Rupees[Tag Color  val={FFFF} ][Tag Color  val={0000} ]
This powerful potion replenishes both life
energy and magic power. It's an incredibly
effective dose of medicine![Tag Color  val={FFFF} ]";
"[Tag Color  val={0001} ]Red Potion   20 Rupees[Tag Color  val={FFFF} ][Tag Color  val={0000} ]
[Tag 1:7  ]I'll buy it
No thanks[Tag Color  val={FFFF} ]";
"[Tag Color  val={0001} ]Green Potion   10 Rupees[Tag Color  val={FFFF} ][Tag Color  val={0000} ]
[Tag 1:7  ]I'll buy it
No thanks[Tag Color  val={FFFF} ]";
"[Tag Color  val={0001} ]Blue Potion   60 Rupees[Tag Color  val={FFFF} ][Tag Color  val={0000} ]
[Tag 1:7  ]I'll buy it
No thanks[Tag Color  val={FFFF} ]";
"Hrm?! What!? Don't tell me you don't have
an [Tag Color  val={0001} ]empty bottle[Tag Color  val={FFFF} ][Tag Color  val={0000} ]! I can't sell you any potion
if you don't have something to carry it in!
It's not my law...it's the law of physics![Tag Color  val={FFFF} ]";
"...Your bottle is full! Sir, I can't sell you
any potion if you don't have an [Tag Color  val={0001} ]empty
bottle[Tag Color  val={FFFF} ][Tag Color  val={0000} ] to keep it in. Sorry, but two potions
can't occupy the same space at one time![Tag Color  val={FFFF} ]";
"...Sir! You don't have enough [Tag Color  val={0001} ]Rupees[Tag Color  val={FFFF} ][Tag Color  val={0000} ].[Tag 1:6 val={001E} ]
I'm sorry, but I don't just give potions
away. That's just bad business.[Tag Color  val={FFFF} ]";
"La di do! Thank you muchly!";
"Hello, hello, and hello again! This is the
[Tag Color  val={0001} ]Chu Jelly Juice Shop[Tag Color  val={FFFF} ][Tag Color  val={0000} ]! We use only 100%
natural [Tag Color  val={FFFF} ][Tag Color  val={0001} ]Chu Jelly[Tag Color  val={FFFF} ][Tag Color  val={0000} ] here, I assure you![Tag Color  val={FFFF} ]";
"Farewell!";
"Zounds!! Whuh-what?!";
"I'm sorry, but could you bring these to me
in groups of...oh, say, about [Tag Color  val={0001} ]fifteen[Tag Color  val={FFFF} ][Tag Color  val={0000} ]?


You see, I can't make any potion without a
specific minimum amount of Chu Jelly...
and I can't accept any until you've got
enough for me. Sorry. Really, I am.[Tag Color  val={FFFF} ]";
"You there! Halt!";
"...Oh, you're just some wretched street
urchin. I thought you were the [Tag Color  val={0001} ]postman[Tag Color  val={FFFF} ][Tag Color  val={0000} ].[Tag Color  val={FFFF} ]";
"Be thankful, because if you WERE the
[Tag Color  val={0001} ]postman[Tag Color  val={FFFF} ][Tag Color  val={0000} ], I would have shooed you out of
here before you could say "boo"![Tag Color  val={FFFF} ]";
"But say... You look rather familiar for
a street urchin. Have we perhaps met
before someplace?";
"...What? Whatever do you mean? You
don't mean MY daughter, do you? Because
MY daughter has already been rescued
from the Forsaken Fortress.
Why, she even returned with a huge load
of lovely, glittering, delicious treasure.[Tag 1:6 val={0014} ]
Thanks to her little incident, we've become
filthy rich overnight! And I mean FILTHY!";
"Why, there isn't a girl in the world
who's as good a child as my [Tag Color  val={0001} ]Maggie[Tag Color  val={FFFF} ][Tag Color  val={0000} ]![Tag Color  val={FFFF} ]";
"You may not have been able to help me...
but there's no harm done. I'm sure you'll
accomplish something in life...someday.

In the meanwhile, my daughter has
blossomed into quite the little beauty.
Run along! Go spend some time with her!";
"Eeeyeh heh heh heh heh!!!";
"I'm telling you for the last time, we don't
allow [Tag Color  val={0001} ]postmen[Tag Color  val={FFFF} ][Tag Color  val={0000} ] here![Tag 1:6 val={001E} ]


...Oh! I'm sorry! My mistake![Tag Color  val={FFFF} ]";
"Money for this! Money for that! A little
money over here! A little money over there!
Money, money, money...[Tag 1:6 val={001E} ]

[Tag 4:84  ]Grah ha ha ha ha ha HAR!
Money makes the world go round!";
"What do you need, little urchin?";
"[Tag 1:0  ]Eh?![Tag 1:1  ][Tag 1:6 val={0014} ]
This is one of those [Tag Color  val={0001} ]Skull Necklaces[Tag Color  val={FFFF} ][Tag Color  val={0000} ] that
my daughter, [Tag Color  val={FFFF} ][Tag Color  val={0001} ]Maggie[Tag Color  val={FFFF} ][Tag Color  val={0000} ], brought back from
the Forsaken Fortress![Tag Color  val={FFFF} ]";
"These sell quite well at antique shops...
In fact, it was thanks to these beauties that
I became so [Tag Color  val={0001} ]filthy rich[Tag Color  val={FFFF} ][Tag Color  val={0000} ] overnight...[Tag 1:6 val={001E} ][Tag Color  val={FFFF} ]";
"Eh? And from the looks of it, I'd say you
have about [Tag Color  val={0001} ]twenty[Tag Color  val={FFFF} ][Tag Color  val={0000} ] of these, don't you?
They aren't easy to come by, either.
Frankly, I'm amazed you found so many![Tag Color  val={FFFF} ]";
"[Tag Color  val={0001} ]Twenty[Tag Color  val={FFFF} ][Tag Color  val={0000} ] of them... If you bring me [Tag Color  val={FFFF} ][Tag Color  val={0001} ]twenty
[Tag Color  val={FFFF} ][Tag Color  val={0000} ]of them, I'll give you quite a gift!
...I don't suppose an urchin like yourself
could scrape up a few more for me...?[Tag Color  val={FFFF} ]";
"Eeyeh heh heh heh heh heh![Tag 1:6 val={001E} ]
I'll be bathing in money yet again!
The money bath! The only bath that gets
you filthy...filthy RICH!!!!";
"All right, boy... I'll give you this as a tip!
Now, I'm not thanking you or anything.[Tag 1:6 val={000F} ]
I'm just feeling good today!";
"I was once quite poor myself, you know.
Back then, I used to dream of owning a
boat... A boat I could use to go off in
search of treasure...";
"And now look at my filthy richness!
Chase your dreams, little urchin![Tag 1:6 val={001E} ]
[Tag 4:84  ]Eeeyeh heh heh heh heh!";
"Oh! A [Tag Color  val={0001} ]Skull Necklace[Tag Color  val={FFFF} ][Tag Color  val={0000} ]! And not just one!
You brought me [Tag Color  val={FFFF} ][Tag Color  val={0001} ]twenty[Tag Color  val={FFFF} ][Tag Color  val={0000} ] of them?![Tag 1:6 val={001E} ]


You're a resourceful little urchin, huh?
Well, thank you so much! Allow me to take
them off your grubby little hands![Tag Color  val={FFFF} ]";
"Oh! Did you bring me more? It looks like
they're a bit worn... That's a good sign. It
shows personality! Antique shops love that.";
"Don't worry, my little gutter urchin. I'll take
them all off your hands. I'd hate for you to
have come all this way for nothing!";
"Here's your tip: [Tag Color  val={0001} ]20 Rupees[Tag Color  val={FFFF} ][Tag Color  val={0000} ]![Tag Color  val={FFFF} ]";
"Here's your tip: [Tag Color  val={0001} ]40 Rupees[Tag Color  val={FFFF} ][Tag Color  val={0000} ]![Tag Color  val={FFFF} ]";
"Here's your tip: [Tag Color  val={0001} ]60 Rupees[Tag Color  val={FFFF} ][Tag Color  val={0000} ]![Tag Color  val={FFFF} ]";
"Eeeyeh heh heh heh heh!
Keep picking them up, little urchin![Tag 1:3 val={0050} ]";
"Hmm? Are you actually bragging about
whatever that is?


Well, I suppose being poor does impair
one's judgment...";
"You're pretty bright for a grubby urchin!
Not many people your age can see the
value in these [Tag Color  val={0001} ]Skull Necklaces[Tag Color  val={FFFF} ][Tag Color  val={0000} ]!

...But you know what? If this is all you've
got, it's not quite enough for me. Sorry![Tag Color  val={FFFF} ]";
"Oh, that [Tag Color  val={0001} ]Moe[Tag Color  val={FFFF} ][Tag Color  val={0000} ]...[Tag 1:6 val={0014} ]
I just adore [Tag Color  val={FFFF} ][Tag Color  val={0001} ]Moe's[Tag Color  val={FFFF} ][Tag Color  val={0000} ] messy handwriting.
Ooh di loo la la! [Tag 3:22  ][Tag 1:6 val={0014} ]

It's so dashing...and wild...and dangerous![Tag 1:6 val={0014} ]
But enough of writing! Tomorrow I travel!
Troo di loo la la! [Tag 3:22  ]

...To where [Tag Color  val={FFFF} ][Tag Color  val={0001} ]Moe[Tag Color  val={FFFF} ][Tag Color  val={0000} ] waits for me...[Tag Color  val={FFFF} ]";
"Whenever I think of my dear father,
I lose my resolve to leave home...[Tag 1:6 val={0014} ]";
"He's so infatuated with money and precious
objects. And I am quite precious, you know.
I guess I just have to stay here with him![Tag 1:6 val={0014} ]
...By the way...";
"Lately he's been so obsessed with a
particular kind of strange necklace...
Yes, he fancies those [Tag Color  val={0001} ]Skull Necklaces[Tag Color  val={FFFF} ][Tag Color  val={0000} ]!

That day I used [Tag 3:6  ], [Tag Color  val={0000} ][Tag 3:5  ][Tag Color  val={0000} ], and [Tag Color  val={0000} ][Tag 3:4  ][Tag Color  val={0000} ] to show him
all of mine, he just...[Tag 1:6 val={0014} ][Tag Color  val={FFFF} ]";
"Oh, [Tag Color  val={0001} ]Moe[Tag Color  val={FFFF} ][Tag Color  val={0000} ]... My dear, sweet, burly [Tag Color  val={FFFF} ][Tag Color  val={0001} ]Moe[Tag Color  val={FFFF} ][Tag Color  val={0000} ]...
When, oh when,[Tag 1:6 val={0014} ] will you respond to me?
Troo di loo la la![Tag Color  val={FFFF} ]";
"My father has been so strict with me lately.
He won't let me out of the house!";
"That's why I need you to take this
letter[Tag 1:6 val={0014} ]—this note to [Tag Color  val={0001} ]Moe[Tag Color  val={FFFF} ][Tag Color  val={0000} ]—and drop it into
the [Tag Color  val={FFFF} ][Tag Color  val={0001} ]postbox[Tag Color  val={FFFF} ][Tag Color  val={0000} ] for me. Please, troo di loo la![Tag Color  val={FFFF} ]";
"Ohhh...[Tag 1:6 val={0014} ] To think that I would survive my
ordeal and return to this town...[Tag 1:6 val={0014} ]


And to think that I would ever be able to
live in such a beautiful, opulent house...
It's like a dream come true![Tag 1:6 val={0014} ]";
"Hmmmm...[Tag 1:6 val={000A} ] But no![Tag 1:6 val={0014} ] NO! It's a nightmare!
Without HIM by my side, it's like a
rainstorm rages in my heart...[Tag 1:6 val={0014} ]

He was so kind to me in the [Tag Color  val={0001} ]Forsaken
Fortress[Tag Color  val={FFFF} ][Tag Color  val={0000} ]. That sweet boy who gave me all
those expensive necklaces when I fled from
that cursed island...[Tag 1:6 val={0014} ][Tag Color  val={FFFF} ]";
"Just hearing his name lifts my spirits...[Tag 1:6 val={0014} ]
[Tag Color  val={0001} ]Moe[Tag Color  val={FFFF} ][Tag Color  val={0000} ]... The wonderful [Tag Color  val={FFFF} ][Tag Color  val={0001} ]Moblin [Tag Color  val={FFFF} ][Tag Color  val={0000} ]from the
[Tag Color  val={FFFF} ][Tag Color  val={0001} ]Forsaken Fortress[Tag Color  val={FFFF} ][Tag Color  val={0000} ]![Tag 1:6 val={0014} ]

[Tag 4:87  ]...Oh, [Tag Color  val={FFFF} ][Tag Color  val={0001} ]Moe[Tag Color  val={FFFF} ][Tag Color  val={0000} ]! Why, [Tag Color  val={FFFF} ][Tag Color  val={0001} ]Moe[Tag Color  val={FFFF} ][Tag Color  val={0000} ]?[Tag Color  val={FFFF} ]";
"I'm always writing heartfelt letters filled
with my overflowing emotions, but why
don't you answer me, [Tag Color  val={0001} ]Moe[Tag Color  val={FFFF} ][Tag Color  val={0000} ]?[Tag 1:6 val={0014} ][Tag Color  val={FFFF} ]";
".[Tag 1:6 val={000A} ].[Tag 1:6 val={000A} ].[Tag 1:6 val={000A} ][Tag 1:0  ]Agh![Tag 1:1  ][Tag 1:6 val={001E} ]



This is bad! Oh, terribly bad![Tag 1:6 val={0014} ]
I've already drifted off into my own
dream world! ";
"...Oh, by the way, I have a request for you.[Tag 1:6 val={0014} ]
Could you take the letter I've just finished
inking and deliver it to the [Tag Color  val={0001} ]postbox[Tag Color  val={FFFF} ][Tag Color  val={0000} ] for me?

Please? I beg of you!
[Tag 1:7  ]Sure
No way[Tag Color  val={FFFF} ]";
"Eeeeee!";
"What?[Tag 1:6 val={0014} ]
Really?[Tag 1:6 val={0014} ]
You're such a dear!
...You've made [Tag Color  val={0001} ]Maggie [Tag Color  val={FFFF} ][Tag Color  val={0000} ]so happy![Tag Color  val={FFFF} ]";
"The [Tag Color  val={0001} ]postbox[Tag Color  val={FFFF} ][Tag Color  val={0000} ]! Don't you dare forget![Tag 1:6 val={0014} ]
...But you must promise not to read it!
The secrets of a girl's heart are to be
shared only when she so desires![Tag Color  val={FFFF} ]";
"Love is so very painful...[Tag 1:6 val={0014} ]



When I think of my precious little [Tag Color  val={0001} ]Moe[Tag Color  val={FFFF} ][Tag Color  val={0000} ]...
Troo di loo la la! I can't sleep at night...[Tag 1:6 val={0014} ]
Why doesn't he write me back?[Tag Color  val={FFFF} ]";
"Is... Is that...?! Could it be?
The letter from [Tag Color  val={0001} ]Moe[Tag Color  val={FFFF} ][Tag Color  val={0000} ] that I saw in
my dreams?![Tag 1:6 val={0014} ]

...[Tag 1:0  ]Let me read it this instant!!![Tag 1:1  ][Tag 1:6 val={000F} ][Tag Color  val={FFFF} ]";
"[Tag Size  val={004B} ]Umm[Tag 1:6 val={000A} ].[Tag 1:6 val={000A} ].[Tag 1:6 val={000A} ].[Tag 1:6 val={0014} ][Tag Size  val={0064} ]";
""This is [Tag Color  val={0001} ]Moe[Tag Color  val={FFFF} ][Tag Color  val={0000} ]."[Tag 1:6 val={0014} ][Tag Color  val={FFFF} ]";
""I...like...you...
 ...[Tag Color  val={0001} ]Ma[Tag Color  val={FFFF} ][Tag Color  val={0000} ]...[Tag Color  val={FFFF} ][Tag Color  val={0001} ]ggie[Tag Color  val={FFFF} ][Tag Color  val={0000} ]...


 ...so...much...that...
 ...I...want...to...
 ...eat you...for dinner."[Tag Color  val={FFFF} ]";
"......[Tag 1:6 val={0014} ]";
"Did you hear that? Those words?[Tag 1:6 val={0014} ]
This means... I mean, it must mean...
Can it be...?!?[Tag 1:6 val={003C} ]

[Tag 4:91  ][Tag 1:0  ]Is this his marriage proposal?[Tag 1:1  ][Tag 1:6 val={001E} ]



It must be! At last, my feelings have
been conveyed to [Tag Color  val={0001} ]Moe[Tag Color  val={FFFF} ][Tag Color  val={0000} ]! At last he
understands how I feel![Tag Color  val={FFFF} ]";
"This is the happiest day of my life![Tag 1:6 val={0014} ]
Troo di doo di loo la LAAAAAAAA!
From here on out, today will be the[Tag Color  val={0001} ]
anniversary of true love for me and Moe[Tag Color  val={FFFF} ][Tag Color  val={0000} ]...[Tag Color  val={FFFF} ]";
"Oh! It completely slipped my mind![Tag 1:6 val={0014} ]
I must thank you for your role in this![Tag 1:6 val={0014} ]
To commemorate my anniversary of true
love...I give you this!";
"Troo di loo hoo![Tag 1:6 val={0014} ]
Treasure it always!";
"What's the matter?[Tag 1:6 val={0014} ]
Hang it up proudly!";
"Why, this trinket is just like...[Tag 1:6 val={0014} ]
This is one of the necklaces that [Tag Color  val={0001} ]Moe[Tag Color  val={FFFF} ][Tag Color  val={0000} ] gave
me so many of when I was stuck in the
[Tag Color  val={FFFF} ][Tag Color  val={0001} ]Forsaken Fortress[Tag Color  val={FFFF} ][Tag Color  val={0000} ]![Tag 1:6 val={0014} ]
It was by selling these for lots of cash that
my father and I were finally able to escape
from poverty![Tag Color  val={FFFF} ]";
"...Honestly![Tag 1:6 val={000A} ] You just don't understand,
do you?! Open up your ears!";
"Silence![Tag 1:6 val={0014} ] I'm telling you we don't allow
postmen here![Tag 1:6 val={0014} ] Begone! Begone!";
"Don't be ridiculous![Tag 1:6 val={0014} ]



I went through great trials and
tribulations to go all the way to the
Forsaken Fortress and return with
[Tag Color  val={0001} ]Moe's[Tag Color  val={FFFF} ][Tag Color  val={0000} ] [Tag Color  val={FFFF} ][Tag Color  val={0001} ]letter[Tag Color  val={FFFF} ][Tag Color  val={0000} ]...[Tag Color  val={FFFF} ]";
"[Tag Size  val={0096} ][Tag 1:0  ]SILENCE![Tag 1:1  ][Tag 1:6 val={0014} ] Begone! Begone![Tag Size  val={0064} ]";
"Then, please! Be reasonable! Can you at
least sign for the letter?!";
"[Tag Size  val={0096} ][Tag 1:0  ]SILENCE![Tag 1:1  ][Tag 1:6 val={0014} ] Begone! Begone![Tag Size  val={0064} ]";
"[Tag Size  val={0096} ]Just acknowledge I was here![Tag Size  val={0064} ]";
"[Tag Size  val={0096} ][Tag 1:0  ]SILENCE![Tag 1:1  ][Tag 1:6 val={0014} ] Begone! Begone![Tag Size  val={0064} ]";
"RAAAAAAWRK! Foolish man! Now you've
made me angry![Tag 1:6 val={0014} ] I cannot even look you in
the face any longer, or I fear I might...

...I must go somewhere to cool my feathers!";
"...Well, what a wretched, unruly postman![Tag 1:6 val={0014} ]
I don't know anything about any [Tag Color  val={0001} ]Mr. Moe
[Tag Color  val={FFFF} ][Tag Color  val={0000} ]in any Forsaken Fortress! And yet he
always comes here bringing his [Tag Color  val={FFFF} ][Tag Color  val={0001} ]letters[Tag Color  val={FFFF} ][Tag Color  val={0000} ]![Tag Color  val={FFFF} ]";
"Does this Moe think I'll let him lay a hand
on my one and only daughter, [Tag Color  val={0001} ]Maggie[Tag Color  val={FFFF} ][Tag Color  val={0000} ]?![Tag 1:6 val={0014} ]
I don't care whose [Tag Color  val={FFFF} ][Tag Color  val={0001} ]letters[Tag Color  val={FFFF} ][Tag Color  val={0000} ] they are; they'll
never reach her on my watch![Tag Color  val={FFFF} ]";
"Oh! It's you! I'm sorry you had to witness
me fly off the handle like that at
[Tag Color  val={0001} ]Maggie's[Tag Color  val={FFFF} ][Tag Color  val={0000} ] house. I'm most embarrassed.
That man just...never mind.[Tag Color  val={FFFF} ]";
"To tell you the truth, though...



I came to deliver a letter addressed to
[Tag Color  val={0001} ]Maggie[Tag Color  val={FFFF} ][Tag Color  val={0000} ] from a Moblin named [Tag Color  val={FFFF} ][Tag Color  val={0001} ]Moe[Tag Color  val={FFFF} ][Tag Color  val={0000} ], but as
you saw, the girl's stubborn father won't
permit me to give it to her.
What a stubborn, meddling old man...
Refusing to accept letters from the
postman? Who's heard of such nonsense!?[Tag Color  val={FFFF} ]";
"I went to great trouble to go all the way to
the Forsaken Fortress, and it was a most
frightening ordeal, let me tell you![Tag 1:6 val={000F} ]

[Tag Size  val={004B} ]...[Tag 1:6 val={000F} ]If I don't deliver this letter, then I am a failure of
the delivery trade...[Tag 1:6 val={0014} ]


[Tag Size  val={0064} ][Tag Size  val={0064} ]But...[Tag 1:6 val={0014} ][Tag Size  val={0064} ]";
"I have other deliveries waiting to be made.
I cannot mope here forever!";
"Actually, though...



I have an idea. That old fool may not
permit postmen on his premises...


But surely he would allow YOU in the place,
would he not? Could you deliver this [Tag Color  val={0001} ]letter[Tag Color  val={FFFF} ][Tag Color  val={0000} ]
to [Tag Color  val={FFFF} ][Tag Color  val={0001} ]Maggie[Tag Color  val={FFFF} ][Tag Color  val={0000} ] in my stead?[Tag Color  val={FFFF} ]";
"What do you say?
[Tag 1:7  ]I'll do it
Actually, I'm busy";
"Honestly? You, young man, are a lifesaver.
...It truly never hurts to ask!
I shall leave this letter in your care!";
"I'm counting on you to put this in
[Tag Color  val={0001} ]Maggie's[Tag Color  val={FFFF} ][Tag Color  val={0000} ] hands. And I thank you.[Tag Color  val={FFFF} ]";
"Alas...
Is there no one to take my place?
The life of a postman is so hard...";
"Ahhhh, that lessens the weight on my
shoulders by quite a bit! How nice!
Perhaps I'll do a little sightseeing here
in town before I go!
...Although I do have other deliveries
waiting to be made...";
"Ohhhhhh...[Tag 1:6 val={001E} ] No, that's not it—that's just
NOT it![Tag 1:6 val={001E} ] And the problem is, even though
THAT'S not it, THIS isn't it, either...";
" ! [Tag 1:6 val={001E} ]";
"Say, guy, you know what I was just
reminded of?


Long ago, I met this delightful little
guy who performed the most dazzling
[Tag Color  val={0001} ]magic dance[Tag Color  val={FFFF} ][Tag Color  val={0000} ]... A dance that turned night
into day right before my very eyes![Tag Color  val={FFFF} ]";
"I can remember those fabulous dance
moves, but I just CAN'T seem to get
that intricate rhythm down...";
"Do you think you know the rhythm, guy?";
"That [Tag Color  val={0001} ]magical dance [Tag Color  val={FFFF} ][Tag Color  val={0000} ]that changes day into
night and night into day...


If I could only recall the rhythm. Oh, the
RHYTHM! Then I could dance it perfectly![Tag Color  val={FFFF} ]";
"Why! Why does my dancing do nothing to
the skies?! Why am I cursed so? Just where
am I lacking, guy? What is WRONG with
me? I must know!";
"Unh, unh, CHA![Tag 1:6 val={0005} ]
Unh, unh, CHA![Tag 1:6 val={0005} ]
That's...[Tag 1:6 val={0005} ]
That's it!
That's the rhythm I've been trying to recall!
OH! I can feel it! I can FEEL it, guy!";
"AUGGGHHH!!![Tag 1:6 val={000F} ]
No! No! No! That's ALL wrong, guy!
Watch me! Watch me DANCE!";
"That's it! That's IT, and it's PERFECT!
I'M PERFECT! Now bring on the night!";
"That's it! That's IT, and it's PERFECT!
I'M PERFECT! Now let the sun SHINE ON!";
"[Tag 1:6 val={000A} ].[Tag 1:6 val={000A} ].[Tag 1:6 val={000A} ].[Tag 1:6 val={000A} ][Tag 1:0  ]Hey!!![Tag 1:1  ][Tag 1:6 val={000F} ]
What's the matter?[Tag 1:6 val={000F} ]
Nothing happened... Nothing AT ALL!
[Tag 1:6 val={000F} ]WHYYYYY???";
"Oh! Are you giving up already, guy?
[Tag 1:6 val={000F} ]...But you haven't done enough!";
"Oh, dear! Pardon me. Pardon ME, guy![Tag 1:6 val={001E} ]
I was so fully and wholly absorbed in my
dancing that I didn't even notice little old
you standing there!";
"I[Tag 1:6 val={0005} ] am [Tag Color  val={0001} ]Tott[Tag Color  val={FFFF} ][Tag Color  val={0000} ].[Tag 1:6 val={001E} ]
I love dancing more than I love three meals
a day. You will come to know me as the
World's Charismatic Dancer Extraordinaire![Tag Color  val={FFFF} ]";
"Ready, guy?[Tag 1:6 val={000F} ]
One! Two![Tag 1:6 val={000F} ] One! Two![Tag 1:6 val={001E} ]";
"Yeah!



You're the coolest, bud!";
"Huh huh!
How ya doin'?";
"You ain't bad!";
"You're amazin', bud!
You're the greatest!";
"Yarrrrrgh!
Ya got me!";
"Aww... Lame!";
"You're awesome!";
"Gaaaaaahhhhhh!
Ya got me!";
"No wayyyyyyy!!!";
"Huh huh huh huh huh!
You ain't caught everybody yet!";
"Wow! You're pretty good, bud. But I'm
wonderin' if you can catch four of us at
this rate...";
"You ain't nice!";
"Heyyyyyyyyyy!



It's just 'cause you're older! Don't think
it makes you tough or anythin'!";
"Huh huh huh!
Are you a hick or somethin'?";
"...Why are you wanderin' around here
lookin' so sad? You think it's fun to go
walkin' through town lookin' all pathetic?
You think that makes you a big man?";
"You look like a Goody Two-shoes! And we
hate Goody Two-shoes! You can't go walkin'
around our town pretendin' to be all big!";
"This town is our turf—the turf of the world-
famous [Tag Color  val={0001} ]Killer Bees[Tag Color  val={FFFF} ][Tag Color  val={0000} ]! Don't mess with us![Tag Color  val={FFFF} ]";
"Yeahhhhhhhh! Buzz! Buzz!";
"What're you lookin' at, bud?";
"...Huh huh huh! Hey, bud, what are you?
Some kinda country rube? I mean, look at
that outfit! What a getup!";
"...Are you all alone or what?";
"You must feel pretty lonely walkin' around
a place like this all by yourself. What
are you doin', anyway?";
"You stink, mister!";
"We ain't seen your face around here
before, bud!";
"Yeahhhhhhhh!";
"Yo, bud![Tag 1:6 val={000F} ] You got a problem with us
[Tag Color  val={0001} ]Killer Bees[Tag Color  val={FFFF} ][Tag Color  val={0000} ]? Huh? DO YA?[Tag Color  val={FFFF} ]";
"Don't tell me it's that annoyin' hag of a
teacher again...[Tag 1:6 val={0014} ] Is it?


You came here to give us a talkin'-to
'cause [Tag Color  val={0001} ]Mrs. Marie[Tag Color  val={FFFF} ][Tag Color  val={0000} ] asked you to, right?[Tag 1:6 val={0014} ]


Tell us not to skip school, right, bud?[Tag 1:6 val={000F} ]
Tell us not to be "tardy," right, bud?[Tag 1:6 val={000F} ][Tag Color  val={FFFF} ]";
"Well, forget about all that![Tag 1:6 val={000F} ]
We're the mighty and invincible gang of
four—the [Tag Color  val={0001} ]Killer Bees[Tag Color  val={FFFF} ][Tag Color  val={0000} ]! Do you think we'd
listen to a chump like you?![Tag 1:6 val={000F} ][Tag Color  val={FFFF} ]";
"But...I'll tell you what, bud! If you wanna
challenge us to a competition, then we'll
think about maybe listenin' a little bit!";
"What do you say, bud? Do you want to
challenge us?
[Tag 1:7  ]I'll take you on!
Leave me alone";
"...![Tag 1:6 val={000F} ]";
"You[Tag 1:6 val={0005} ] wimpy i[Tag 1:6 val={0001} ]i[Tag 1:6 val={0001} ]i[Tag 1:6 val={0001} ]i[Tag 1:6 val={0001} ]i[Tag 1:6 val={0001} ]i[Tag 1:6 val={0001} ]i[Tag 1:6 val={0001} ]i[Tag 1:6 val={0001} ]i[Tag 1:6 val={0001} ]i[Tag 1:6 val={0001} ]diot!";
"OK! Your funeral, bud! The rules are simple!



We're gonna go hide somewhere, and if
you find us, we're gonna run! You gotta
try to catch us. Easy as that, bud!

[Tag Color  val={0001} ]We won't hide indoors[Tag Color  val={FFFF} ][Tag Color  val={0000} ] or nothin', and [Tag Color  val={FFFF} ][Tag Color  val={0001} ]we
won't leave this island[Tag Color  val={FFFF} ][Tag Color  val={0000} ], so look for us
around in the shadows and behind
buildings and stuff.[Tag Color  val={FFFF} ]";
"If you catch [Tag Color  val={0001} ]all four of us[Tag Color  val={FFFF} ][Tag Color  val={0000} ], we lose.
You got it, bud?
Ready...[Tag Color  val={FFFF} ]";
"Go[Tag 1:6 val={0001} ]o[Tag 1:6 val={0001} ]o[Tag 1:6 val={0001} ]o[Tag 1:6 val={0001} ]o[Tag 1:6 val={0001} ]o[Tag 1:6 val={0001} ]!!![Tag 1:3 val={000F} ]";
"Arrrrrrrrrrrrrrrrrrgh!
I can't believe it. You found all four of us...
and you caught us all, too!
Talk about utter defeat!";
"Looks like we lost our touch, Killer Bees.



I guess maybe it's time we chilled out.
From now on, we won't cause no more
trouble for anyone...";
"And to reward your hide-and-seekin' skills...
Here! Take this, bud!";
"Uh, this is our favorite possession, but
you've proven that you're worthy.";
"To our bud—the hide-and-seek master!";
"Oh, and one more thing... We need you to
apologize to [Tag Color  val={0001} ]Mrs. Marie[Tag Color  val={FFFF} ][Tag Color  val={0000} ] for us. All right?
We're countin' on you, bud![Tag Color  val={FFFF} ]";
"Yo, bud! Are you lookin' for a [Tag Color  val={0001} ]Picto Box
[Tag Color  val={FFFF} ][Tag Color  val={0000} ]or somethin'?


Yeahhhhhhhhhhh![Tag 1:6 val={000F} ] Thought so!
There ain't nothin' in this town that we
[Tag Color  val={FFFF} ][Tag Color  val={0001} ]Killer Bees[Tag Color  val={FFFF} ][Tag Color  val={0000} ] don't know![Tag Color  val={FFFF} ]";
"Boss! I heard about this from my dad!



A while back, this thief stole a [Tag Color  val={0001} ]Picto Box[Tag Color  val={FFFF} ][Tag Color  val={0000} ],
and he was held in the town jail for a
long, long time! Yeah, real long![Tag Color  val={FFFF} ]";
"That thief managed to get free after a
while, but the box he stole never got found.";
"Huh huh huh!
Maybe it's still hidden somewhere in the
jail cell! Don't you think? Maybe?";
"Gimme a break!
...How stupid would that be!
Real stupid, that's how stupid.";
"Hey, sounds like you apologized to
Teach' for us! Good ol' Mrs. Marie!
...And speakin' of, bud, did you know it's
gonna be [Tag Color  val={0001} ]Mrs. Marie's[Tag Color  val={FFFF} ][Tag Color  val={0000} ] birthday soon?[Tag Color  val={FFFF} ]";
"Boss! Ooh! Boss!
You think maybe we should give her
some kinda present or something?";
"Don't be stupid! We're the [Tag Color  val={0001} ]Killer Bees[Tag Color  val={FFFF} ][Tag Color  val={0000} ]!
We ain't no teacher's pets![Tag Color  val={FFFF} ]";
"Yeah, but Teach' loves jewelry and junk
more than anythin' else in the world!


What's she into these days?
What'd she call 'em? [Tag Color  val={0001} ]Joy Pendants[Tag Color  val={FFFF} ][Tag Color  val={0000} ]?[Tag Color  val={FFFF} ]";
"Really? Where do you find 'em? Are they
just lyin' around? If we could just find
some, we could give 'em to Teach' as a
present, and she'd be all happy...";
"Hey... Now that I think about it, when I was
climbin' trees the other day, I saw some
[Tag Color  val={0001} ]sparkly light up on top of some tree[Tag Color  val={FFFF} ][Tag Color  val={0000} ]
in town. Where was that...?[Tag Color  val={FFFF} ]";
"Maybe that's one of them pendants!
What d'ya think, Boss...?
Nah! That's crazy talk!";
"Yo, bud! Looks like you found yourself
a [Tag Color  val={0001} ]Joy Pendant[Tag Color  val={FFFF} ][Tag Color  val={0000} ]! Solid work![Tag Color  val={FFFF} ]";
"Actually, I gotta admit, we hid that thing
up in the tree. We thought you might find it!";
"Listen up! It's gonna be [Tag Color  val={0001} ]Mrs. Marie's
[Tag Color  val={FFFF} ][Tag Color  val={0000} ]birthday soon. We were thinkin' of givin'
her a present, so it was good that we
finally got our hands on that thing...[Tag Color  val={FFFF} ]";
"...But we can't be goin' around givin'
presents to people! No way! That just
don't fit the Killer Bees' style!";
"Come on, bud! Can't you give it to Teach'
for us? Can't you?";
"And it's not like we could ask just anybody
to do it for us, neither. It's gotta be
someone reliable, who can keep a secret...
You're the only one we could ask, bud!";
"Welcome to [Tag Color  val={0001} ]Mrs. Marie's School of Joy[Tag Color  val={FFFF} ][Tag Color  val={0000} ]!



I don't think I've ever seen your face around
here before, my young scholar...
Are you a new pupil?[Tag Color  val={FFFF} ]";
"What can I do for you on this fine day?
[Tag 1:7  ]We need to talk
Nothing";
"Oh, you're the fine young gentleman who
gave me a [Tag Color  val={0001} ]Joy Pendant[Tag Color  val={FFFF} ][Tag Color  val={0000} ] present! How could I
forget? How many did you give me again?
[Tag Color  val={FFFF} ][Tag Color  val={0001} ][Tag 2:19  ][Tag Color  val={FFFF} ][Tag Color  val={0000} ]? My, but wasn't that nice!
So! What can I do for you, young man?
[Tag 1:7  ]Talk to me
Nothing[Tag Color  val={FFFF} ]";
"I see...";
"I know I may look a bit flashy for a
teacher, but I assure you I am one. How
long has it been since I opened my school
here on Windfall Island? Twenty years?
Ever since then, I've been teaching the
children of this island about true joy!";
"But I do have a rather joyless problem...
There's this delinquent gang of four young
boys who never listen to a word I say.

Even though I wait patiently for those boys
to show up, they never come. It's as if they
don't want joy in their hearts!

Could you please catch their leader, that
little boy named [Tag Color  val={0001} ]Ivan[Tag Color  val={FFFF} ][Tag Color  val={0000} ], and talk some sense
into him for me?[Tag Color  val={FFFF} ]";
"Please, young man? For me?
[Tag 1:7  ]Yes, ma'am
Sorry, lady";
"...Oh! That does NOT make me joyful!";
"Oh, thank you so much! You're such a dear.
They're such troublesome little boys. I'm at
my wit's end over how to handle them...";
"But they won't be so mean to a boy their
own age, will they? I should think not.";
"Good luck, young man!";
"Those four little troublemakers are out
running around in the plaza again today.
I'm counting on you to talk to them!";
"You did it, didn't you...?
You said something to those delinquents
for me, didn't you, dear?";
"You can't fool me! I watched it all from the
shadow of my door! You really are a dear!
You fill me with joy! I have to reward you...
so here's a little spare change!";
"When it comes to children, my eyes never
deceive me. Someday, dear, you will grow
up to be a fine young man, and your name
will go down in history...";
"That's what I think, dear!";
"...What terrible weather we have today.
Little boys shouldn't be out wandering
around at a time like this! My, no!";
"Well! What would you like to talk about?
[Tag 1:8  ]Pendants
Volunteering
The kids";
"Although I may be a schoolteacher, I have
a certain...flair about me, don't you think?
And let me tell you, I love jewelry more
than anything else in the world!
Hoo hoo! And why not? It's not like I can't
afford it! Why, I have so much cash, I can even
afford my own oasis [Tag Color  val={0001} ]cabana[Tag Color  val={FFFF} ][Tag Color  val={0000} ]! But...I happen to
be after a very particular kind of jewelry.[Tag Color  val={FFFF} ]";
"You see, lately I have been rather taken
with collecting [Tag Color  val={0001} ]Joy Pendants[Tag Color  val={FFFF} ][Tag Color  val={0000} ]! Those are
very rare trinkets that you can't buy at any
store. They're quite amazing.
Why, their color...and their shape...
I feel as if I was destined to gather them!


If you have any, please show them to me.
Just set them to [Tag 3:6  ], [Tag Color  val={0000} ][Tag 3:5  ][Tag Color  val={0000} ], or [Tag Color  val={0000} ][Tag 3:4  ][Tag Color  val={0000} ]![Tag Color  val={FFFF} ]";
"Tell me, dear, do you know about the
Joyous Volunteer Association and the work
they do?

The association's objective is to decorate
our little town of Windfall with flowers and
other small decorative items to make our
town a better, more joyous place.";
"If you must know, the society came into
being when the shop master [Tag Color  val={0001} ]Zunari[Tag Color  val={FFFF} ][Tag Color  val={0000} ] arrived
here. He heard about my efforts to spread
joy, and it moved him deeply.[Tag Color  val={FFFF} ]";
"He asked himself, "Is there nothing a poor,
worthless merchant such as myself might
do to make this a better place?" And then,
suddenly, his eyes were opened!
That's when I gave him a little advice:
"Do something that only YOU can do!"
...Yes, that's what I told him, dear!";
"It was after that that he began to show an
interest in volunteer activities...


He apparently came from a very cold place,
but let me tell you something: despite his
appearance, that [Tag Color  val={0001} ]Zunari[Tag Color  val={FFFF} ][Tag Color  val={0000} ] is definitely one
hot volunteer![Tag Color  val={FFFF} ]";
"You've seen that rascally gang of four
walking around the plaza out there as
if they own the place, haven't you, dear?";
"Apparently, they came up with the most
suitable of names for their little gang...
or so I've heard.";
""We be tough!" "We be bad!" "We be the
toughest, baddest boys in town!"
"...Yeah! We're the [Tag Color  val={0001} ]Killer Bees[Tag Color  val={FFFF} ][Tag Color  val={0000} ]!"
...It went something like that.
I guess they were looking for something
of a fierce name for themselves. They sort
of failed spectacularly, if you ask me.[Tag Color  val={FFFF} ]";
"It must be nice...[Tag 1:6 val={0014} ]to be young!";
"Oh, dear! You needn't show off like that!
I get it! I get it! You're incredible, dear!";
"My dear!
That's...";
"A [Tag Color  val={0001} ]Joy Pendant[Tag Color  val={FFFF} ][Tag Color  val={0000} ]!!![Tag Color  val={FFFF} ]";
"To tell you the truth, I love jewelry above
all else! And that... Why, that is extremely
rare and hard to come by. It's the hottest
thing around, dear!";
"Oh my, yes! I will happily take a single one
from you! No, no! I insist! Only one.


To tell you the truth, [Tag Color  val={0001} ]I'd actually like about
20 of them[Tag Color  val={FFFF} ][Tag Color  val={0000} ]. But that would probably only
happen in my wildest of dreams.[Tag Color  val={FFFF} ]";
"How many [Tag Color  val={0001} ]Joy Pendants[Tag Color  val={FFFF} ][Tag Color  val={0000} ] do you have right
now? [Tag 2:18  ]...?[Tag Color  val={FFFF} ]";
"Hmmm... Well, that's not quite enough...
I know! If you could collect [Tag Color  val={0001} ]20[Tag Color  val={FFFF} ][Tag Color  val={0000} ] of them for
me, I'll give you something quite splendid.

Yes! That's your homework for today, dear!
Collect [Tag Color  val={FFFF} ][Tag Color  val={0001} ]20[Tag Color  val={FFFF} ][Tag Color  val={0000} ] of them![Tag Color  val={FFFF} ]";
"It's just not in my nature to do such
scrounging for jewelry... But you can do it,
can't you? Please wrap me in the pure joy
of [Tag Color  val={0001} ]20[Tag Color  val={FFFF} ][Tag Color  val={0000} ] of those delightful things![Tag Color  val={FFFF} ]";
"Why, to think a child like you would pay
such a large tribute to me...


Oh, your teacher is very impressed by
your efforts, little dear! My whole body
is numb with the thrill of excitement!
...So this is what pure joy feels like!";
"I'll take precisely [Tag Color  val={0001} ]20[Tag Color  val={FFFF} ][Tag Color  val={0000} ] of them, thank you.
That will do just fine! My heart will be
all aflutter! I don't know if you know,
but [Tag Color  val={FFFF} ][Tag Color  val={0001} ]20[Tag Color  val={FFFF} ][Tag Color  val={0000} ] is my [Tag Color  val={FFFF} ][Tag Color  val={0001} ]lucky number[Tag Color  val={FFFF} ][Tag Color  val={0000} ]![Tag Color  val={FFFF} ]";
"And just as I promised, I will reward you
for going out and collecting all these for
me. I'm going to give you...

A wonderfully splendid[Tag Color  val={0001} ] thing[Tag Color  val={FFFF} ][Tag Color  val={0000} ]!
Close your eyes, dear...[Tag Color  val={FFFF} ]";
"Dum-dah-DUM!



You see, although I am but a mere teacher,
I own my very own [Tag Color  val={0001} ]cabana[Tag Color  val={FFFF} ][Tag Color  val={0000} ] in a tropical
oasis down south. But lately I haven't
made use of it at all, so you can have it!
[Tag 4:159  ]Ooh hoo hoo hoo hoo! It's all right, dear.
You can stop gaping in amazement now![Tag Color  val={FFFF} ]";
"Now that you have this deed, that [Tag Color  val={0001} ]cabana
[Tag Color  val={FFFF} ][Tag Color  val={0000} ]is all yours! You OWN it! So whatever
you do, don't lose this piece of paper![Tag Color  val={FFFF} ]";
"I am getting on in age, and sea travel
hasn't exactly agreed with me as of late...
Now I can just stay here and relax as I
continue my work with the children.";
"And just so you know, you'll find the place
[Tag Color  val={0001} ]southeast[Tag Color  val={FFFF} ][Tag Color  val={0000} ] of here! It's on a tiny, lonely little
isle near the Triangle Islands.

From now on, it is your own little
[Tag Color  val={FFFF} ][Tag Color  val={0001} ]bachelor pad[Tag Color  val={FFFF} ][Tag Color  val={0000} ]! Good luck finding it![Tag Color  val={FFFF} ]";
"Oh, and one more thing...
Don't tell ANYBODY, dear!";
"My dear! Did you bring me [Tag Color  val={0001} ]Joy Pendants
[Tag Color  val={FFFF} ][Tag Color  val={0000} ]yet again?[Tag Color  val={FFFF} ]";
"Hmm... Are you giving these to me as well?
But I told you I was perfectly satisfied
with the [Tag Color  val={0001} ]20[Tag Color  val={FFFF} ][Tag Color  val={0000} ] you gave me before![Tag Color  val={FFFF} ]";
"But my, you are such a persistent little
dear! Since you are so insistent, I will
accept them happily! ...Fine! I have no
choice but to unleash pure joy on you!
Prepare for an onrush of joy the likes
of which you've never imagined!";
"My dear! Did you bring me [Tag Color  val={0001} ]Joy Pendants
[Tag Color  val={FFFF} ][Tag Color  val={0000} ]yet again?[Tag Color  val={FFFF} ]";
"How many [Tag Color  val={0001} ]Joy Pendants[Tag Color  val={FFFF} ][Tag Color  val={0000} ] have you brought?
[Tag Color  val={FFFF} ][Tag Color  val={0001} ][Tag 2:18  ][Tag Color  val={FFFF} ][Tag Color  val={0000} ]...?[Tag Color  val={FFFF} ]";
"My goodness! When I put these together
with the ones you've already brought
me, they add up to a whopping [Tag Color  val={0001} ][Tag 2:19  ][Tag Color  val={FFFF} ][Tag Color  val={0000} ]!
Oh, thank you! THANK YOU! I'm so joyful![Tag Color  val={FFFF} ]";
"...To receive so many mountains of these
beautiful pendants... I am quite simply
brimming with joy, my dear!";
"To thank you, I have to give you my most
precious of precious belongings!
I shall give you...[Tag Color  val={0001} ]this[Tag Color  val={FFFF} ][Tag Color  val={0000} ]![Tag Color  val={FFFF} ]";
"Now, close your eyes, dear...
This [Tag Color  val={0001} ]item is so rare[Tag Color  val={FFFF} ][Tag Color  val={0000} ], there are sparse
few others like it anywhere in the world![Tag Color  val={FFFF} ]";
"What do you think? Doesn't it fill you with joy?
I found it a long time ago, in that cabana that
now belongs to you.

...My, but why the long face?";
"I understand, my dear! I really do!
You're just welling up with [Tag Color  val={0001} ]joy [Tag Color  val={FFFF} ]at having
done such a good deed, aren't you!

You mustn't forget this feeling, you hear?
Not ever! Not for any reason!";
"My, oh my, oh my! Have you brought me
[Tag Color  val={0001} ]Joy Pendants[Tag Color  val={FFFF} ][Tag Color  val={0000} ] again? Again? Oh, thank you,
you sweet little dear! Thank you![Tag Color  val={FFFF} ]";
"My goodness! When I put these together
with the others you've given me, I now have
a total of [Tag Color  val={0001} ][Tag 2:19  ][Tag Color  val={FFFF} ][Tag Color  val={0000} ]!
Why, I'm so joyful, it's frightening![Tag Color  val={FFFF} ]";
"And you, my little darling dear, you are like
the [Tag Color  val={0001} ]Champion of Making People Joyful[Tag Color  val={FFFF} ][Tag Color  val={0000} ]!
Please, take this, you noble champion![Tag Color  val={FFFF} ]";
"It's not much, but even you need some
pocket change, right, dear?

...But let's keep this just between us.";
"But now that I think about it, my room is
filled with these pendants now...
Are you sure you haven't been going a
little overboard with these things?";
"By the way, how is your [Tag Color  val={0001} ]cabana[Tag Color  val={FFFF} ][Tag Color  val={0000} ]?
Have you been to see it yet?


It's next to the [Tag Color  val={FFFF} ][Tag Color  val={0001} ]Triangle Islands[Tag Color  val={FFFF} ][Tag Color  val={0000} ]
southeast of here. Don't forget, dear![Tag Color  val={FFFF} ]";
"You know, I've been a teacher here for a
long time... It's tough to put one past me.
That being said, I'm pretty sure I know who
put you up to this, dear.
Those little sweeties! I'm so joyful! It's the
best birthday present I could ask for!";
"I suppose I ought to thank you!
Close your eyes, dear...";
"And if you see those boys again, tell them
I say hello!";
"Oh, if it's [Tag Color  val={0001} ]Joy Pendants[Tag Color  val={FFFF} ][Tag Color  val={0000} ], I suppose I'll take
them this time. But I think double-digit
amounts of joy are enough for me!

To be honest, I can actually only count to
99, anyway.


...But that's fine! I'm not a math teacher.


...Hey! Don't look at me like that![Tag Color  val={FFFF} ]";
"...This'd be the [Tag Color  val={0001} ]Bomb Shop[Tag Color  val={FFFF} ][Tag Color  val={0000} ]![Tag Color  val={FFFF} ]";
"...Go on and use [Tag 3:16  ] to look around!";
"My ancestors been making [Tag Color  val={0001} ]bombs [Tag Color  val={FFFF} ][Tag Color  val={0000} ]for
generations. Uh-huh. Now, seems like I'm
the only person left in the world who still
works in the [Tag Color  val={FFFF} ][Tag Color  val={0001} ]bomb[Tag Color  val={FFFF} ][Tag Color  val={0000} ] industry...[Tag Color  val={FFFF} ]";
"...Which means I'm the best in the world![Tag 1:6 val={0014} ]
And which means I don't go selling my work
without approving of who I sell it to![Tag 1:6 val={0014} ]
[Tag 1:0  ]And I don't approve of you! So beat it![Tag 1:1  ][Tag 1:6 val={000F} ]";
"I didn't call for you, boy! Go on, now!
Beat it!";
"[Tag Color  val={0001} ]10 Bombs  10,000 Rupees[Tag Color  val={FFFF} ][Tag Color  val={0000} ]
Come on, now! How's a kid like you going
to pay for these? You're dreaming![Tag Color  val={FFFF} ]";
"[Tag Color  val={0001} ]20 Bombs  20,000 Rupees[Tag Color  val={FFFF} ][Tag Color  val={0000} ]
Look! Can't you read?! Do these look like
something you can afford?! Huh?![Tag Color  val={FFFF} ]";
"[Tag Color  val={0001} ]30 Bombs   30,000 Rupees[Tag Color  val={FFFF} ][Tag Color  val={0000} ]
Listen to me, boy! You're out of your mind!
You CAN'T pay for these! So scram![Tag Color  val={FFFF} ]";
"[Tag Color  val={0001} ]10 Bombs   10,000 Rupees[Tag Color  val={FFFF} ][Tag Color  val={0000} ]
[Tag 1:7  ]Buy
Don't buy[Tag Color  val={FFFF} ]";
"[Tag Color  val={0001} ]20 Bombs   20,000 Rupees[Tag Color  val={FFFF} ][Tag Color  val={0000} ]
[Tag 1:7  ]Buy
Don't buy[Tag Color  val={FFFF} ]";
"[Tag Color  val={0001} ]30 Bombs   30,000 Rupees[Tag Color  val={FFFF} ][Tag Color  val={0000} ]
[Tag 1:7  ]Buy
Don't buy[Tag Color  val={FFFF} ]";
"...Ummm, you don't have enough cash,
do you? No, didn't think so.";
"Do you expect me to sell my fine bombs
to some boy who has no money?! HAH!
I'm done with you! Beat it! Scram!";
"Welcome! Yes, welcome to you!
Welcome to the [Tag Color  val={0001} ]Bomb Shop[Tag Color  val={FFFF} ][Tag Color  val={0000} ]![Tag Color  val={FFFF} ]";
"Go on, now! Use [Tag 3:16  ]! Look around!
Tell me, what'd you like today?";
"Now, I don't like to brag, but aren't these
just the finest bombs you've ever seen in
your entire life? Real fine, and real cheap!";
"Yes, kindness is our policy here![Tag 1:6 val={0014} ]
We're the [Tag Color  val={0001} ]Bomb Shop for the world[Tag Color  val={FFFF} ][Tag Color  val={0000} ]!
...We're always ready to serve![Tag Color  val={FFFF} ]";
"Come again, good sir! Come again, now!";
"[Tag Color  val={0001} ]10 Bombs   20 Rupees[Tag Color  val={FFFF} ][Tag Color  val={0000} ]
Well, good sir? Are you interested?[Tag Color  val={FFFF} ]";
"[Tag Color  val={0001} ]20 Bombs   35 Rupees
[Tag Color  val={FFFF} ][Tag Color  val={0000} ]We're pleased to give discounts for larger
orders. You just say the word, now![Tag Color  val={FFFF} ]";
"[Tag Color  val={0001} ]30 Bombs   50 Rupees[Tag Color  val={FFFF} ][Tag Color  val={0000} ]
These are so very cheap! No one can offer
you a better price on bombs, good sir![Tag Color  val={FFFF} ]";
"[Tag Color  val={0001} ]10 Bombs   20 Rupees[Tag Color  val={FFFF} ][Tag Color  val={0000} ]
[Tag 1:7  ]Buy
Don't buy[Tag Color  val={FFFF} ]";
"[Tag Color  val={0001} ]20 Bombs   35 Rupees[Tag Color  val={FFFF} ][Tag Color  val={0000} ]
[Tag 1:7  ]Buy
Don't buy[Tag Color  val={FFFF} ]";
"[Tag Color  val={0001} ]30 Bombs   50 Rupees[Tag Color  val={FFFF} ][Tag Color  val={0000} ]
[Tag 1:7  ]Buy
Don't buy[Tag Color  val={FFFF} ]";
"Oh, good sir! You don't have quite enough
money! Please, sir, I'm afraid I've got to
insist you only buy what you can pay for.";
"Good sir, you just can't carry that much.
Please, now, only purchase what you can
take with you.";
"Thank you so much!";
"...How'd you sneak in here? You little rat!
Shoo! Beat it! Scram, vermin!";
"...Please, can't you use our door to enter?
Why else would we have one, now?";
"Well, now! Good evening!";
"Hey, now! Here again?";
"Yes, yes! I rent out the first floor of this
mansion in order to run a nightly auction.


And actually, tonight's [Tag Color  val={0001} ]auction[Tag Color  val={FFFF} ][Tag Color  val={0000} ] is about to
begin. Oh, dear me, is it EVER![Tag Color  val={FFFF} ]";
"Now it is, indeed, an [Tag Color  val={0001} ]auction[Tag Color  val={FFFF} ][Tag Color  val={0000} ], but I like
to describe it in more simple terms: it is a
[Tag Color  val={FFFF} ][Tag Color  val={0001} ]competition[Tag Color  val={FFFF} ][Tag Color  val={0000} ] of the very highest order!

Oh yes! It is a competition to see who can
get the item that is being auctioned! Can
you outbid everyone else? Do you have the
courage and the fundage? Oh, the drama![Tag Color  val={FFFF} ]";
"Ah! But what's this? Well, dear me!
...Do I detect a hint of curiosity?
I believe I do! Fortunately, we welcome
bidders of all ages! Both kids and adults!";
"Yes, so tell me... Would you like to
participate in the [Tag Color  val={0001} ]auction[Tag Color  val={FFFF} ][Tag Color  val={0000} ]?
[Tag 1:7  ]Absolutely
Not tonight[Tag Color  val={FFFF} ]";
"No, no. It is my fault. I should not have
invited you. Do not mind me. Ignore me.";
"Really? Dear me...
Really?";
"Now, you are completely fine with me
NOT explaining the auction to you...[Tag 1:6 val={001E} ]
Am I correct in assuming this?
[Tag 1:7  ]I'm fine with that
I'm completely NOT fine";
"Yes! Good... That speeds things up!";
"Then, my dear, allow me to explain.";
"Once the auction begins, you must shrewdly
tap [Tag 3:0  ] repeatedly so you can earn [Tag Color  val={0001} ]the right
to bid[Tag Color  val={FFFF} ][Tag Color  val={0000} ]. Oh, the tapping! The excitement!

Yes, yes, when you want to [Tag Color  val={FFFF} ][Tag Color  val={0001} ]bid[Tag Color  val={FFFF} ][Tag Color  val={0000} ], tap [Tag 3:0  ]![Tag 1:6 val={001E} ]
As you do, your gauge will gradually build
up. Once your gauge is full, your chance to
[Tag Color  val={FFFF} ][Tag Color  val={0001} ]bid[Tag Color  val={FFFF} ][Tag Color  val={0000} ] has finally come! Oh, dear me, yes!
Now, when you [Tag Color  val={FFFF} ][Tag Color  val={0001} ]bid[Tag Color  val={FFFF} ][Tag Color  val={0000} ], you're naming the price
you're willing to pay for the item.
Let us just call it your chance to show
off your wealth! Flaunt it, my dear![Tag Color  val={FFFF} ]";
"Of course, if your fellow bidders try to
buy the item out from under you by raising
the [Tag Color  val={0001} ]bid[Tag Color  val={FFFF} ][Tag Color  val={0000} ], you can always raise it in return!
Indeed, this produces much excitement![Tag 1:6 val={001E} ]
This dramatic back-and-forth goes on until
time runs out, at which point the person
who had the highest bid gets the sublime
honor of purchasing the item.
The auction only lasts [Tag Color  val={FFFF} ][Tag Color  val={0001} ]one minute[Tag Color  val={FFFF} ][Tag Color  val={0000} ]—not
counting the time people spend talking!
But do not worry! I will show you how much
[Tag Color  val={FFFF} ][Tag Color  val={0001} ]time remains[Tag Color  val={FFFF} ][Tag Color  val={0000} ] when you make your bid.[Tag Color  val={FFFF} ]";
"...Now do you understand?
[Tag 1:7  ]I understand
I still don't get it...";
"...The blood doesn't flow through your brain
very well, does it? Dear me, what a shame.";
"Very well, then! Let us begin immediately![Tag 1:6 val={000F} ]
It's no time to dawdle. The auction is afoot!
On your toes! On your toes!";
"Dear me! I'm sorry to say it seems we won't
be holding the auction for some time...[Tag 1:6 val={0014} ]


It seems as if someone made off with every
last auction item...[Tag 1:6 val={0014} ] Talk about a hit auction!";
"Yesssssssss!";
"Well, that was a simple win!";
"AWESOME!";
"Oh, yeah! It's mine!";
"I win! I win!";
"YAHHHHHH-HOOOOOOOO!";
"Dear me, but there's a terrible storm raging
this evening... The night seems very...
unsettled, somehow.";
"My dear, let me tell you, operating a
prosperous business is a truly fine thing!


Ahh, yes...
I'm so busy...
So wonderfully busy, indeed.";
"Yes, yes, yes, my fine sir! You seem to be
in quite good spirits. And why not?


Thanks to you, my shop has become quite
fine! Quite fine, indeed! Dear me, yes!";
"My dear! I am most incredibly grateful.
Most grateful, indeed!";
"Yes, yes, yes! A shipment has indeed
arrived! A shipment of new products![Tag 1:6 val={000F} ]


Thanks to you signing agreements with
merchants for me, my product line has
increased dramatically! Dear me, yes!

Please, please, please! Keep it up!
My, you're such a hard worker!";
"Say, I've heard that there is a wandering
merchant on [Tag Color  val={0001} ]Bomb Island[Tag Color  val={FFFF} ][Tag Color  val={0000} ], a quaint little
landmass near the Forest Haven.

If there is such a fellow, perhaps you can
trade something with him. If you did, it
might convince him to send his products
to be sold in my shop.
The more you are able to trade, the
wider my product assortment becomes.
And wider is better! Oh, my dear, yes![Tag Color  val={FFFF} ]";
"Yes, yes, yes! You're the young master
who purchased my sail! At last, with those
funds, I have been able to open my [Tag Color  val={0001} ]stall[Tag Color  val={FFFF} ][Tag Color  val={0000} ]![Tag Color  val={FFFF} ]";
"But...I hate to say that my poor little [Tag Color  val={0001} ]stall
[Tag Color  val={FFFF} ][Tag Color  val={0000} ]is not an instant success. In fact, it is
rather deserted, I'm afraid to say...

...I think this tragic turn of events is
due to the fact that I don't have a wide-
enough lineup of products. For, if I am to
be fully honest, I only have one product.[Tag Color  val={FFFF} ]";
"To put it another way, I think my stall
would do much better if only I could stock
[Tag Color  val={0001} ]rare items[Tag Color  val={FFFF} ][Tag Color  val={0000} ] that people can't get here in
town... Yes, yes, that is what I need![Tag Color  val={FFFF} ]";
"Then I would make plenty of money![Tag 1:6 val={000F} ]
Not just plenty of money...it would be like
taking candy from many rich babies...[Tag 1:6 val={000F} ]
No, no, not even that![Tag 1:6 val={000F} ]
By running a prosperous business, I can
play my part to help this town develop
and become a happy place... Yes, yes, that
is the proper perspective!";
"But dear me! If only I had a young partner
to help me out... A real go-getter...";
"...My young master, you sadden me.";
"Yes, yes! Master! Now that I take a longer
look at you, I see that you have a fine
[Tag Color  val={0001} ]Delivery Bag[Tag Color  val={FFFF} ][Tag Color  val={0000} ], do you not? Dear me, it is
a bag fit for a hero...of delivery![Tag Color  val={FFFF} ]";
"I have a small request, and it requires the
use of that bag...
[Tag 1:7  ]A request?
I'm out of here!";
"Oh, dear me![Tag 1:6 val={000F} ] I knew it, young master![Tag 1:6 val={000F} ]
I knew you would understand my plight...
It is a rather long-winded explanation, but
please take the time to hear me out.";
"My [Tag Color  val={0001} ]stall[Tag Color  val={FFFF} ][Tag Color  val={0000} ] is a kind of [Tag Color  val={FFFF} ][Tag Color  val={0001} ]general store[Tag Color  val={FFFF} ][Tag Color  val={0000} ] that
makes its money by obtaining rare products
at inexpensive prices and then selling them.
...With a reasonable markup, of course.[Tag 1:6 val={001E} ]
However, because I have so few products to
sell, the shop remains rather...deserted.[Tag Color  val={FFFF} ]";
"I will sell anything! I am a master of the
sale! I just need to get some new products!";
"Could you not seek out traveling merchants
and negotiate [Tag Color  val={0001} ]supply contracts[Tag Color  val={FFFF} ][Tag Color  val={0000} ] with them
for me?[Tag Color  val={FFFF} ]";
"No, no, no! Do not look so frightened! I say
contracts, but it is just a word. You do not
have to do anything very difficult.

All I need for you to do is [Tag Color  val={0001} ]trade[Tag Color  val={FFFF} ][Tag Color  val={0000} ] one of my
products for a new product that the
merchant has in stock. You see, among
merchants, a [Tag Color  val={FFFF} ][Tag Color  val={0001} ]trade[Tag Color  val={FFFF} ][Tag Color  val={0000} ] is proof of a contract!
That is to say, it is the [Tag Color  val={FFFF} ][Tag Color  val={0001} ]merchant's oath[Tag Color  val={FFFF} ][Tag Color  val={0000} ]...
That is what we call it. Yes, yes.[Tag Color  val={FFFF} ]";
"[Tag Color  val={0001} ]Merchants [Tag Color  val={FFFF} ][Tag Color  val={0000} ]that have sworn a [Tag Color  val={FFFF} ][Tag Color  val={0001} ]merchant's
oath[Tag Color  val={FFFF} ][Tag Color  val={0000} ] will afterwards send their products
to me. It is the way things work.[Tag 1:6 val={001E} ]

So, as you succeed in trading my products,
my product lineup will increase![Tag Color  val={FFFF} ]";
"Do you understand everything I've told you?
[Tag 1:7  ]Perfectly!
Not at all...";
"...My dear! The blood flows slowly through
your brain, doesn't it? How awful for you.";
"Yes, yes! Young master, you are now my
new salesman! No, no! Scratch that! Starting
today, you and I are partners! Dear me, yes!";
"I give to you my proof of contract...
In other words, this is my[Tag 1:6 val={0014} ] [Tag Color  val={0001} ]merchant's oath[Tag Color  val={FFFF} ][Tag Color  val={0000} ][Tag 1:6 val={0014} ]![Tag Color  val={FFFF} ][Tag Color  val={0001} ]
[Tag Color  val={FFFF} ][Tag Color  val={0000} ]Take it with you, my young partner![Tag Color  val={FFFF} ]";
"The first thing you need to do is take
this to another [Tag Color  val={0001} ]traveling merchant[Tag Color  val={FFFF} ][Tag Color  val={0000} ] and
trade it for something...to build on
the foundation of my [Tag Color  val={FFFF} ][Tag Color  val={0001} ]merchant's oath[Tag Color  val={FFFF} ][Tag Color  val={0000} ].
As soon as you trade, the merchant you
traded with will send his products to
my shop, thereby increasing my product
line. Which will make me quite happy!
Well...your new trading partners—the
traveling merchants—are waiting for you
somewhere out there on the Great Sea![Tag Color  val={FFFF} ]";
"My dear! My expectations are high!";
"No, no, no! Young master! I have ill news!
Someone has been fiddling with my [Tag Color  val={0001} ]safe[Tag Color  val={FFFF} ][Tag Color  val={0000} ]!


I come to the shop first thing in the morning
and DEAR ME! I see signs suggesting
someone fiddled with things![Tag Color  val={FFFF} ]";
"Perhaps someone has been sneaking in
here at night and doing shady things![Tag 1:6 val={001E} ]
.[Tag 1:6 val={0014} ].[Tag 1:6 val={0014} ].[Tag 1:6 val={0014} ]But I do not have any proof.";
"Dear me! Such a mystery! If only I could
[Tag Color  val={0001} ]catch them in the act[Tag Color  val={FFFF} ][Tag Color  val={0000} ], I could scold them!
And OH! What a scolding I would give![Tag Color  val={FFFF} ]";
"Yes, yes! Young master, look! Already, my
shop has a wide variety of products to
choose from! It is a cornucopia!

Thanks to you, young master, every morning
the postman comes with packages from the
[Tag Color  val={0001} ]traveling salesmen[Tag Color  val={FFFF} ][Tag Color  val={0000} ] you traded with.[Tag Color  val={FFFF} ]";
"At last, my humble stall has the
appearance of a full-fledged store!


My dear! Your unflagging dedication has
strengthened my determination to live my
life for the success of my business!";
"Master, you are the savior of my stall!
I must thank you from the very bottom of
my heart.

This is my most prized possession—next to
my hoodie coat, of course! It is none other
than the [Tag Color  val={0001} ]Zunari[Tag Color  val={FFFF} ][Tag Color  val={0000} ] family treasure...
Please accept it![Tag Color  val={FFFF} ]";
"This is the only heirloom I brought with
me when I moved here from my hometown.
...Well, excluding the lovely sail you
purchased from me earlier, of course!
It is a magical heirloom...one that calls up
a mysterious power to protect your body
from harm.

Of course, you can use it even when you are
sailing the open seas. My dear! Please!
Use this to protect yourself...as you seek
out more merchants! I beg of you!
And please, be on the constant lookout
for new and exciting products...
...Not that I have anything left to reward
you with if you find any...";
"Yes, yes, yes! It is another fine day, is it
not? Days like this are best spent shopping!";
"Use [Tag 3:16  ] to have a look at my wares!";
"No, no, no! If you wish to speak to me,
please, I must insist you do so at my
reception counter. Rules are rules!";
"Do not look at me...look at my products!
If you are shopping for chitchat, then
we can do that at the reception counter.";
"Come back soon!";
"No, no, no! You do not have enough money!
This is a business, not a charity!";
"Dear me! Your bag seems to be quite full,
does it not? How tragic for you!


I would feel bad if I completely filled your
[Tag Color  val={0001} ]delivery bag[Tag Color  val={FFFF} ][Tag Color  val={0000} ] with my goods, so I will only
let you put a maximum of [Tag Color  val={FFFF} ][Tag Color  val={0001} ]three items[Tag Color  val={FFFF} ][Tag Color  val={0000} ] from
my shop in it. Does this sound good?
You can come back for more after those
are gone.[Tag Color  val={FFFF} ]";
"My dear![Tag 1:6 val={0014} ] Thank you so very much!";
"[Tag Color  val={0001} ]Town Flower   10 Rupees[Tag Color  val={FFFF} ][Tag Color  val={0000} ]
A flower from the town of bright smiles.
Use it to decorate the town with joy.[Tag Color  val={FFFF} ]";
"[Tag Color  val={0001} ]Town Flower   10 Rupees
[Tag 1:7  ][Tag Color  val={FFFF} ][Tag Color  val={0000} ]Buy
Don't buy[Tag Color  val={FFFF} ]";
"[Tag Color  val={0001} ]Sea Flower    20 Rupees[Tag Color  val={FFFF} ][Tag Color  val={0000} ]
The aroma of the sea wafts out of this
flower that hails from a faraway land.
Use it to adorn the town with a sea breeze![Tag Color  val={FFFF} ]";
"[Tag Color  val={0001} ]Sea Flower    20 Rupees
[Tag 1:7  ][Tag Color  val={FFFF} ][Tag Color  val={0000} ]Buy
Don't buy[Tag Color  val={FFFF} ]";
"[Tag Color  val={0001} ]Exotic Flower    25 Rupees[Tag Color  val={FFFF} ][Tag Color  val={0000} ]
An exotic flower from a tropical island.
Trim the town with a summer breeze.[Tag Color  val={FFFF} ]";
"[Tag Color  val={0001} ]Exotic Flower    25 Rupees
[Tag 1:7  ][Tag Color  val={FFFF} ][Tag Color  val={0000} ]Buy
Don't buy[Tag Color  val={FFFF} ]";
"[Tag Color  val={0001} ]Hero's Flag    75 Rupees[Tag Color  val={FFFF} ][Tag Color  val={0000} ]
A flag with a bold feel to it.
Use it to cover the town in courage![Tag Color  val={FFFF} ]";
"[Tag Color  val={0001} ]Hero's Flag     75 Rupees
[Tag 1:7  ][Tag Color  val={FFFF} ][Tag Color  val={0000} ]Buy
Don't buy[Tag Color  val={FFFF} ]";
"[Tag Color  val={0001} ]Big Catch Flag  85 Rupees[Tag Color  val={FFFF} ][Tag Color  val={0000} ]
A flag from a festival in which
fishermen hope for a good catch.
Use it to decorate the town with fish![Tag Color  val={FFFF} ]";
"[Tag Color  val={0001} ]Big Catch Flag    85 Rupees
[Tag 1:7  ][Tag Color  val={FFFF} ][Tag Color  val={0000} ]Buy
Don't buy[Tag Color  val={FFFF} ]";
"[Tag Color  val={0001} ]Big Sale Flag   35 Rupees[Tag Color  val={FFFF} ][Tag Color  val={0000} ]
You won't find a flag cheaper than this.
Decorate the town in a theme of a big
bargain sale.[Tag Color  val={FFFF} ]";
"[Tag Color  val={0001} ]Big Sale Flag   35 Rupees
[Tag 1:7  ][Tag Color  val={FFFF} ][Tag Color  val={0000} ]Buy
Don't buy[Tag Color  val={FFFF} ]";
"[Tag Color  val={0001} ]Pinwheel   55 Rupees[Tag Color  val={FFFF} ][Tag Color  val={0000} ]
A tiny windmill that catches the wind
and then spins and spins. Use it to send
gentle breezes through the town.[Tag Color  val={FFFF} ]";
"[Tag Color  val={0001} ]Pinwheel   55 Rupees
[Tag 1:7  ][Tag Color  val={FFFF} ][Tag Color  val={0000} ]Buy
Don't buy[Tag Color  val={FFFF} ]";
"[Tag Color  val={0001} ]Sickle Moon Flag   40 Rupees[Tag Color  val={FFFF} ][Tag Color  val={0000} ]
A showy flag in the shape of a crescent
moon. Use it to decorate the town with a
salute to the night sky.[Tag Color  val={FFFF} ]";
"[Tag Color  val={0001} ]Sickle Moon Flag   40 Rupees
[Tag 1:7  ][Tag Color  val={FFFF} ][Tag Color  val={0000} ]Buy
Don't buy[Tag Color  val={FFFF} ]";
"[Tag Color  val={0001} ]Skull Tower Idol  60 Rupees[Tag Color  val={FFFF} ][Tag Color  val={0000} ]
The fossilized skulls of weird creatures.
Use it to give the town a mysterious feel.[Tag Color  val={FFFF} ]";
"[Tag Color  val={0001} ]Skull Tower Idol  60 Rupees
[Tag 1:7  ][Tag Color  val={FFFF} ][Tag Color  val={0000} ]Buy
Don't buy[Tag Color  val={FFFF} ]";
"[Tag Color  val={0001} ]Fountain Idol  60 Rupees[Tag Color  val={FFFF} ][Tag Color  val={0000} ]
A sculpture of mysteriously bubbling water.
Use it to cover the town in ocean blue.[Tag Color  val={FFFF} ]";
"[Tag Color  val={0001} ]Fountain Idol   60 Rupees
[Tag 1:7  ][Tag Color  val={FFFF} ][Tag Color  val={0000} ]Buy
Don't buy[Tag Color  val={FFFF} ]";
"[Tag Color  val={0001} ]Postman Statue    100 Rupees[Tag Color  val={FFFF} ][Tag Color  val={0000} ]
A wooden carving of the postman from
Dragon Roost Isle. Use it to populate the
town with Ritos.[Tag Color  val={FFFF} ]";
"[Tag Color  val={0001} ]Postman Statue   100 Rupees
[Tag 1:7  ][Tag Color  val={FFFF} ][Tag Color  val={0000} ]Buy
Don't buy[Tag Color  val={FFFF} ]";
"[Tag Color  val={0001} ]Shop Guru Statue  200 Rupees[Tag Color  val={FFFF} ][Tag Color  val={0000} ]
The pride and joy of all merchants.
Decorate the town with ME![Tag Color  val={FFFF} ]";
"[Tag Color  val={0001} ]Shop Guru Statue  200 Rupees
[Tag 1:7  ][Tag Color  val={FFFF} ][Tag Color  val={0000} ]Buy
Don't buy[Tag Color  val={FFFF} ]";
"My dear fellow! I can't have you trying
to come in this way! No, no, no!


...Go over there!";
"No, no, no! It looks like your bag is
quite full, is it not? Yes, it is!


I can only put a maximum of three of my
products in your bag. Come back after you
use all of them up!";
"My story is a strange one... I came across
cursed seas from a land far away...a land
where the blizzards blow violently...heading
for this town called [Tag Color  val={0001} ]Windfall[Tag Color  val={FFFF} ][Tag Color  val={0000} ].[Tag Color  val={FFFF} ]";
"But dear me! As I traveled, a terrible storm
descended and tore my ship to bits... Yet
mysteriously, only [Tag Color  val={0001} ]that[Tag Color  val={FFFF} ][Tag Color  val={0000} ] escaped without
so much as a mark on it...[Tag Color  val={FFFF} ]";
"From the looks of you, I would say you
are a traveler as well. Oh, yes indeed!
...Could you not purchase [Tag Color  val={0001} ]that[Tag Color  val={FFFF} ][Tag Color  val={0000} ] from me?
It is my one and only heirloom from home.
The people of this town do not seem the
least bit interested in [Tag Color  val={FFFF} ][Tag Color  val={0001} ]that[Tag Color  val={FFFF} ][Tag Color  val={0000} ], despite the
fact that it would help them travel the
dangerous seas about their town...
Please! I beg of you! I wish to open a
business here in this town, so I am in
desperate need of finances![Tag Color  val={FFFF} ]";
"How does...[Tag Color  val={0001} ]80 Rupees[Tag Color  val={FFFF} ][Tag Color  val={0000} ] sound?
[Tag 1:7  ]I'll buy it
I don't need it[Tag Color  val={FFFF} ]";
"Why, you don't have enough [Tag Color  val={0001} ]Rupees[Tag Color  val={FFFF} ][Tag Color  val={0000} ]!
...You are a pitiable soul yourself![Tag Color  val={FFFF} ]";
"Ooooooooh... Oh, dear me... Sadly, I have
nothing else I could possibly sell you.
I have naught but my hoodie coat—and it is
a keepsake from my dear, dear mother!";
"Ooooooooh... Please buy [Tag Color  val={0001} ]that[Tag Color  val={FFFF} ][Tag Color  val={0000} ] from me!
Please purchase my only belonging!
[Tag Color  val={FFFF} ][Tag Color  val={0001} ]That[Tag Color  val={FFFF} ][Tag Color  val={0000} ] is a very, very fine thing indeed![Tag Color  val={FFFF} ]";
"Yes, yes, yes! Thank you very much, indeed!
I have received precisely [Tag Color  val={0001} ]80 Rupees[Tag Color  val={FFFF} ][Tag Color  val={0000} ] for it.
I can use these funds to finance my new
business! Oh, dear me, what a happy day![Tag Color  val={FFFF} ]";
"Very well, young master... As I promised,
please! Take [Tag Color  val={0001} ]that[Tag Color  val={FFFF} ][Tag Color  val={0000} ]!!! [Tag Color  val={FFFF} ]";
"Yes, yes, yes! You have made a good
purchase today, my young master!


And you have saved my life and business
as well! Treasure it dearly! It is the finest
[Tag Color  val={0001} ]sail[Tag Color  val={FFFF} ][Tag Color  val={0000} ] in the world! Treat it as such![Tag Color  val={FFFF} ]";
"Windfall is a warm and bustling place, I
deem. I do believe I shall settle and open
my business here. Yes, yes, that is a plan!

Oh, yes! I must say, if you happen to come
across a [Tag Color  val={0001} ]delivery bag[Tag Color  val={FFFF} ][Tag Color  val={0000} ] that looks handy for
carrying products, let me know! The first
thing I must do is find products to sell![Tag Color  val={FFFF} ]";
"No, no, no! You can't just walk into
someone's stall like that! No, indeed!


It just isn't proper! It just isn't done!";
"Dear me, my ship was torn apart by vicious
winds, and this island is where I washed
ashore. There was one other person with me,
yes there was...
But, I dare say, he was immediately arrested
based on his somewhat suspicious looks and
thrown right into jail. Yes, just locked up
somewhere on this island.
Needless to say, I'm really worried about him.
Would you be so kind as to help free him from
captivity? Indeed, it would be appreciated.";
"Haaa... I am so very worried about him...



He's locked up in a jail somewhere on this
island. And indeed, he's dressed a little like
you, yes he is, so you should recognize him
in an instant.";
"Haaa... I am so very worried about him...



He's locked up in a jail somewhere on this
island. He's dressed[Tag 1:6 val={0005} ].[Tag 1:6 val={0005} ].[Tag 1:6 val={0005} ].perhaps not quite like
you are dressed, but he is dressed in such a
way that he is instantly recognizable. Yes he is.";
"Really?! You have rescued him?! That is news
I deem rather great! You are one stand-up
individual, indeed you are! Now, I apologize,
as I have but another favor...
I'm actually considering starting up a little
shop here on the island, but I'm having trouble
funding my venture...

I have but one asset to my name. I wonder
if you might buy [Tag Color  val={0001} ]it[Tag Color  val={FFFF} ] from me, perhaps?


The people on this island have no interest in
venturing out into these dangerous seas, so
my chance of selling [Tag Color  val={0001} ]it[Tag Color  val={FFFF} ] to them is rather bleak.
The bleakest I can describe.
I'd really like to ask 200 Rupees for [Tag Color  val={0001} ]it[Tag Color  val={FFFF} ], but as a
favor for rescuing my friend, perhaps we may
strike a deal...";
"[Tag 4:267  ]Hmm... And who might you be? Why do I
get this strange feeling that we've met
before?";
"Ah... It's you...[Tag 1:6 val={001E} ]
The little boy who promises big promises
and then fails to deliver on them. Hmph.
Too bad you couldn't save my daughter.";
"Fortunately, not everyone in this world
fails to deliver. As it turns out, my dear
[Tag Color  val={0001} ]Mila[Tag Color  val={FFFF} ][Tag Color  val={0000} ] was saved by a group of kind pirates.

The pirates had a leader... [Tag Color  val={FFFF} ][Tag Color  val={0001} ]Tetra[Tag Color  val={FFFF} ][Tag Color  val={0000} ], I believe
she said her name was. I was most grateful.[Tag Color  val={FFFF} ]";
"[Tag Size  val={004B} ]She did demand a rather hefty reward, though...

[Tag Size  val={0064} ][Tag Size  val={0064} ]

Thanks to them, my fortune has vanished!
...We've hit rock bottom![Tag Size  val={0064} ]";
"But...my little Mila is alive and home safe
where she belongs, so I can't complain.[Tag 1:6 val={001E} ]
A daughter is more important than money.";
"Being poor must be pretty rough...
You take one look at me, and that's the
first thing you think, isn't it?

I ask you, why is that? Sure, the days can
get kind of tough, but good things still
happen, don't they? Money doesn't make
the sun shine, you know.";
"Just recently, my missing daughter, [Tag Color  val={0001} ]Mila[Tag Color  val={FFFF} ][Tag Color  val={0000} ],
was returned to me. I didn't think I
could ever feel more joyful...

But then she went and started working at
the shop to help out with our tight
family finances! What a trooper!

Could that girl be any more of an angel?[Tag Color  val={FFFF} ]";
"Although...I do worry about how she 
always seems to sneak out at [Tag Color  val={0001} ]night[Tag Color  val={FFFF} ][Tag Color  val={0000} ]...


Is there any shop in this town that's
open at [Tag Color  val={FFFF} ][Tag Color  val={0001} ]night[Tag Color  val={FFFF} ][Tag Color  val={0000} ]?[Tag Color  val={FFFF} ]";
"Hmmm... The look in your eyes seems to
imply that you have something to say.
Well? What is it? Are you suggesting that
I should go to work, too?";
"Owwww![Tag 1:6 val={0014} ] But OH! My back has truly been
hurting me of late... Really, just ACHING...[Tag 1:6 val={0014} ]
If I were twenty years younger...";
"Lately, my daughter, [Tag Color  val={0001} ]Mila[Tag Color  val={FFFF} ][Tag Color  val={0000} ], has been
sneaking out at night to go somewhere.[Tag Color  val={FFFF} ]";
"I suppose I could tag along and secretly
follow her, but when I think about the
possibility of her doing [Tag Color  val={0001} ]something bad[Tag Color  val={FFFF} ][Tag Color  val={0000} ],
I just...[Tag Color  val={FFFF} ]";
"If—and this is a huge, unlikely "if"—if you
happen to find [Tag Color  val={0001} ]Mila[Tag Color  val={FFFF} ][Tag Color  val={0000} ] about to do some
dishonorable act, will you stop her for me?

Just do it if you catch her in the act.
Not that she ever would, but if she does,
just jump out and stop her! Please![Tag Color  val={FFFF} ]";
"Honestly, though,[Tag 1:6 val={001E} ] despite how my little
[Tag Color  val={0001} ]Mila [Tag Color  val={FFFF} ][Tag Color  val={0000} ]may look, she is a kind child who
thinks only of her poor father.[Tag 1:6 val={001E} ]
She'd never do anything bad...[Tag 1:6 val={0014} ][Tag Color  val={FFFF} ]";
"My daughter and I have managed to eke
out a decent life, and in the process,
I've realized a great truth...

There is something more important than
money in the world...[Tag 1:6 val={001E} ]";
"I think at long last I've finally come to
understand just what [Tag Color  val={0001} ]true happiness
[Tag Color  val={FFFF} ][Tag Color  val={0000} ]really is.[Tag 1:6 val={001E} ]

...And I'm thankful for it.[Tag Color  val={FFFF} ]";
"Hey?[Tag 1:6 val={000F} ] Have we met before somewhere?[Tag 1:6 val={000F} ]
Aren't you...? No... Couldn't be.[Tag 1:6 val={000F} ]


Me? I am but a poor, [Tag Color  val={0001} ]traveling merchant[Tag Color  val={FFFF} ][Tag Color  val={0000} ].
I travel the world searching for rare objects
of all sorts—modern and ancient, foreign
and exotic.[Tag Color  val={FFFF} ]";
"My dream has always been to someday
open my own [Tag Color  val={0001} ]shop[Tag Color  val={FFFF} ][Tag Color  val={0000} ], but plans have a way
of getting delayed, and now it's been
thirty years since I started...[Tag 1:6 val={001E} ]
Time certainly laughs at us all, huh?
And still, day in and day out, rain or shine,
I spend my days looking for curiosities and
rare items.[Tag Color  val={FFFF} ]";
"Which reminds me, that [Tag Color  val={0001} ]Delivery Bag[Tag Color  val={FFFF} ][Tag Color  val={0000} ] of
yours looks like it might have some
rare treasure in it...[Tag Color  val={FFFF} ]";
"If you happen to have something of the
quality that one could put on sale in
a [Tag Color  val={0001} ]shop[Tag Color  val={FFFF} ][Tag Color  val={0000} ], would you consider trading it?[Tag Color  val={FFFF} ]";
"I have many fine products to trade.[Tag 1:6 val={001E} ]
If you have something you'd like to trade,
could you show it to me, please?";
"I am but a poor [Tag Color  val={0001} ]traveling merchant[Tag Color  val={FFFF} ][Tag Color  val={0000} ].[Tag 1:6 val={000F} ]
I roam the sea collecting rare goods in the
hopes of someday opening my own shop.[Tag Color  val={FFFF} ]";
"If you have anything in that [Tag Color  val={0001} ]Delivery Bag[Tag Color  val={FFFF} ][Tag Color  val={0000} ] of
yours that would be perfect for selling in a
shop, could you show it to me, please?[Tag Color  val={FFFF} ]";
"How satisfactory.[Tag 1:6 val={000F} ]
How utterly satisfactory![Tag 1:6 val={000F} ]
I am through working today![Tag 1:6 val={000F} ]";
"Running a business is eight-tenths effort...[Tag 1:6 val={000F} ]
but one still shouldn't work too much.[Tag 1:6 val={000F} ]
...That's what my father taught me. And
that's why I trade only [Tag Color  val={0001} ]three items per day[Tag Color  val={FFFF} ][Tag Color  val={0000} ].[Tag Color  val={FFFF} ]";
"Hooooo! I sure put in a lot of work today.
Satisfactory! Let's keep up that same level
of effort and dedication tomorrow!";
"Say, I heard there's another traveling
merchant not unlike myself on [Tag Color  val={0001} ]Greatfish
Isle[Tag Color  val={FFFF} ][Tag Color  val={0000} ] to the west of here.[Tag Color  val={FFFF} ]";
"They say that for every person in the world,
there are [Tag Color  val={0001} ]two more[Tag Color  val={FFFF} ][Tag Color  val={0000} ] who look exactly alike...[Tag 1:6 val={000F} ]
I wonder what my twins are like?[Tag Color  val={FFFF} ]";
"Ummm...[Tag 1:6 val={000F} ] Thanks for coming all this way
to show me what you have, but I never
trade more than [Tag Color  val={0001} ]three items in one day[Tag Color  val={FFFF} ][Tag Color  val={0000} ].[Tag Color  val={FFFF} ]";
"Running a business is eight-tenths effort,[Tag 1:6 val={000F} ]
but overworking yourself isn't healthy.
That's what my father taught me.";
"Huh? Why, that's...[Tag 1:6 val={000F} ]";
"Hmmm...[Tag 1:6 val={0014} ] You don't seem to have any items
one could easily sell at a [Tag Color  val={0001} ]shop[Tag Color  val={FFFF} ][Tag Color  val={0000} ], do you?[Tag 1:6 val={0014} ]


I really only want to trade for the kind of
rare items that one can carry around in a
[Tag Color  val={FFFF} ][Tag Color  val={0001} ]Delivery Bag[Tag Color  val={FFFF} ][Tag Color  val={0000} ]. Everything else is just a little
too unsatisfactory for my needs.[Tag Color  val={FFFF} ]";
"Ummm...[Tag 1:6 val={0014} ] This isn't quite the type of
thing that sells itself very well. I'm sorry.";
"a [Tag Color  val={0001} ]Town Flower[Tag Color  val={FFFF} ][Tag Color  val={0000} ]...isn't it?[Tag Color  val={FFFF} ]";
"a [Tag Color  val={0001} ]Sea Flower[Tag Color  val={FFFF} ][Tag Color  val={0000} ]...isn't it?[Tag Color  val={FFFF} ]";
"an [Tag Color  val={0001} ]Exotic Flower[Tag Color  val={FFFF} ][Tag Color  val={0000} ]...isn't it?[Tag Color  val={FFFF} ]";
"a [Tag Color  val={0001} ]Hero's Flag[Tag Color  val={FFFF} ][Tag Color  val={0000} ]...isn't it?[Tag Color  val={FFFF} ]";
"a [Tag Color  val={0001} ]Big Catch Flag[Tag Color  val={FFFF} ][Tag Color  val={0000} ]...isn't it?[Tag Color  val={FFFF} ]";
"a [Tag Color  val={0001} ]Big Sale Flag[Tag Color  val={FFFF} ][Tag Color  val={0000} ]...isn't it?[Tag Color  val={FFFF} ]";
"a [Tag Color  val={0001} ]Pinwheel[Tag Color  val={FFFF} ][Tag Color  val={0000} ]...isn't it?[Tag Color  val={FFFF} ]";
"a [Tag Color  val={0001} ]Sickle Moon Flag[Tag Color  val={FFFF} ][Tag Color  val={0000} ]...isn't it?[Tag Color  val={FFFF} ]";
"a [Tag Color  val={0001} ]Skull Tower Idol[Tag Color  val={FFFF} ][Tag Color  val={0000} ]...isn't it?[Tag Color  val={FFFF} ]";
"a [Tag Color  val={0001} ]Fountain Idol[Tag Color  val={FFFF} ][Tag Color  val={0000} ]...isn't it?[Tag Color  val={FFFF} ]";
"a [Tag Color  val={0001} ]Postman Statue[Tag Color  val={FFFF} ][Tag Color  val={0000} ]...isn't it?[Tag Color  val={FFFF} ]";
"Why, that's a [Tag Color  val={0001} ]Shop Guru Statue[Tag Color  val={FFFF} ][Tag Color  val={0000} ]...isn't it?[Tag Color  val={FFFF} ]";
"In that case... Would you be interested in
trading that [Tag 1:6 val={0014} ]for this [Tag Color  val={0001} ]Sea Flower[Tag Color  val={FFFF} ][Tag Color  val={0000} ]?[Tag 1:6 val={0014} ]
[Tag 1:7  ]Sure
No thanks[Tag Color  val={FFFF} ]";
"In that case... Would you be interested in
trading that [Tag 1:6 val={0014} ]for this [Tag Color  val={0001} ]Town Flower[Tag Color  val={FFFF} ][Tag Color  val={0000} ]?[Tag 1:6 val={0014} ]
[Tag 1:7  ]Sure
No thanks[Tag Color  val={FFFF} ]";
"In that case... Would you be interested in
trading that [Tag 1:6 val={0014} ]for this [Tag Color  val={0001} ]Sickle Moon Flag[Tag Color  val={FFFF} ][Tag Color  val={0000} ]?[Tag 1:6 val={0014} ]
[Tag 1:7  ]Sure
No thanks[Tag Color  val={FFFF} ]";
"In that case... Would you be interested in
trading that [Tag 1:6 val={0014} ]for this [Tag Color  val={0001} ]Big Catch Flag[Tag Color  val={FFFF} ][Tag Color  val={0000} ]?[Tag 1:6 val={0014} ]
[Tag 1:7  ]Sure
No thanks[Tag Color  val={FFFF} ]";
"In that case... Would you be interested in
trading that [Tag 1:6 val={0014} ]for this [Tag Color  val={0001} ]Fountain Idol[Tag Color  val={FFFF} ][Tag Color  val={0000} ]?[Tag 1:6 val={0014} ]
[Tag 1:7  ]Sure
No thanks[Tag Color  val={FFFF} ]";
"In that case... Would you be interested in
trading that [Tag 1:6 val={0014} ]for this [Tag Color  val={0001} ]Hero's Flag[Tag Color  val={FFFF} ][Tag Color  val={0000} ]?[Tag 1:6 val={0014} ]
[Tag 1:7  ]Sure
No thanks[Tag Color  val={FFFF} ]";
"In that case... Would you be interested in
trading that [Tag 1:6 val={0014} ]for this [Tag Color  val={0001} ]Sickle Moon Flag[Tag Color  val={FFFF} ][Tag Color  val={0000} ]?[Tag 1:6 val={0014} ]
[Tag 1:7  ]Sure
No thanks[Tag Color  val={FFFF} ]";
"In that case... Would you be interested in
trading that [Tag 1:6 val={0014} ]for this [Tag Color  val={0001} ]Fountain Idol[Tag Color  val={FFFF} ][Tag Color  val={0000} ]?[Tag 1:6 val={0014} ]
[Tag 1:7  ]Sure
No thanks[Tag Color  val={FFFF} ]";
"In that case... Would you be interested in
trading that [Tag 1:6 val={0014} ]for this [Tag Color  val={0001} ]Fountain Idol[Tag Color  val={FFFF} ][Tag Color  val={0000} ]?[Tag 1:6 val={0014} ]
[Tag 1:7  ]Sure
No thanks[Tag Color  val={FFFF} ]";
"In that case... Would you be interested in
trading that [Tag 1:6 val={0014} ]for this [Tag Color  val={0001} ]Sickle Moon Flag[Tag Color  val={FFFF} ][Tag Color  val={0000} ]?[Tag 1:6 val={0014} ]
[Tag 1:7  ]Sure
No thanks[Tag Color  val={FFFF} ]";
"In that case... Would you be interested in
trading that [Tag 1:6 val={0014} ]for this [Tag Color  val={0001} ]Fountain Idol[Tag Color  val={FFFF} ][Tag Color  val={0000} ]?[Tag 1:6 val={0014} ]
[Tag 1:7  ]Sure
No thanks[Tag Color  val={FFFF} ]";
"In that case... Would you be interested in
trading that [Tag 1:6 val={0014} ]for this [Tag Color  val={0001} ]Postman Statue[Tag Color  val={FFFF} ][Tag Color  val={0000} ]?[Tag 1:6 val={0014} ]
[Tag 1:7  ]Sure
No thanks[Tag Color  val={FFFF} ]";
"Satisfactory. Then my [Tag Color  val={0001} ]fee[Tag Color  val={FFFF} ][Tag Color  val={0000} ] will be...[Tag Color  val={FFFF} ]";
"...Are you sure?[Tag 1:6 val={0014} ] It's not my fault if you
wish you had traded later on.";
"For this...I guess [Tag Color  val={0001} ]20 Rupees[Tag Color  val={FFFF} ][Tag Color  val={0000} ] will do.
[Tag Color  val={FFFF} ][Tag Color  val={0001} ][Tag 1:7  ][Tag Color  val={FFFF} ][Tag Color  val={0000} ]It's a deal
No way[Tag Color  val={FFFF} ]";
"I'll give you a deal on this one:
only [Tag Color  val={0001} ]10 Rupees[Tag Color  val={FFFF} ][Tag Color  val={0000} ].
[Tag Color  val={FFFF} ][Tag Color  val={0001} ][Tag 1:7  ][Tag Color  val={FFFF} ][Tag Color  val={0000} ]It's a deal
No way [Tag Color  val={FFFF} ]";
"Hmm... Gee... Uhh...
[Tag Color  val={0001} ]40 Rupees[Tag Color  val={FFFF} ][Tag Color  val={0000} ], maybe?[Tag Color  val={FFFF} ][Tag Color  val={0001} ]
[Tag 1:7  ][Tag Color  val={FFFF} ][Tag Color  val={0000} ]It's a deal
No way[Tag Color  val={FFFF} ]";
"Yours looks kind of dirty there, so I'll need
[Tag Color  val={0001} ]85 Rupees[Tag Color  val={FFFF} ][Tag Color  val={0000} ].[Tag Color  val={FFFF} ][Tag Color  val={0001} ]
[Tag 1:7  ][Tag Color  val={FFFF} ][Tag Color  val={0000} ]It's a deal
No way[Tag Color  val={FFFF} ]";
"Yours has a little blemish there, so I'll
need [Tag Color  val={0001} ]65 Rupees[Tag Color  val={FFFF} ][Tag Color  val={0000} ] in return.[Tag Color  val={FFFF} ][Tag Color  val={0001} ]
[Tag 1:7  ][Tag Color  val={FFFF} ][Tag Color  val={0000} ]It's a deal
No way[Tag Color  val={FFFF} ]";
"Yours has some cracks in it, so I'll need
[Tag Color  val={0001} ]75 Rupees[Tag Color  val={FFFF} ][Tag Color  val={0000} ] on top of the trade.[Tag Color  val={FFFF} ][Tag Color  val={0001} ]
[Tag 1:7  ][Tag Color  val={FFFF} ][Tag Color  val={0000} ]It's a deal
No way[Tag Color  val={FFFF} ]";
"Hmm... Gee... Uhh...
[Tag Color  val={0001} ]40 Rupees[Tag Color  val={FFFF} ][Tag Color  val={0000} ], maybe?[Tag Color  val={FFFF} ][Tag Color  val={0001} ]
[Tag 1:7  ][Tag Color  val={FFFF} ][Tag Color  val={0000} ]It's a deal
No way[Tag Color  val={FFFF} ]";
"Yours has a little blemish there, so I'll
need [Tag Color  val={0001} ]65 Rupees[Tag Color  val={FFFF} ][Tag Color  val={0000} ] in return.[Tag Color  val={FFFF} ][Tag Color  val={0001} ]
[Tag 1:7  ][Tag Color  val={FFFF} ][Tag Color  val={0000} ]It's a deal
No way[Tag Color  val={FFFF} ]";
"Yours has a little ding there, so I'll
need [Tag Color  val={0001} ]65 Rupees[Tag Color  val={FFFF} ][Tag Color  val={0000} ] in return.[Tag Color  val={FFFF} ][Tag Color  val={0001} ]
[Tag 1:7  ][Tag Color  val={FFFF} ][Tag Color  val={0000} ]It's a deal
No way[Tag Color  val={FFFF} ]";
"Hmm... Gee... Uhh...
[Tag Color  val={0001} ]40 Rupees[Tag Color  val={FFFF} ][Tag Color  val={0000} ], maybe?[Tag Color  val={FFFF} ][Tag Color  val={0001} ]
[Tag 1:7  ][Tag Color  val={FFFF} ][Tag Color  val={0000} ]It's a deal
No way[Tag Color  val={FFFF} ]";
"Yours has a little blemish there, so I'll
need [Tag Color  val={0001} ]65 Rupees[Tag Color  val={FFFF} ][Tag Color  val={0000} ] in return.[Tag Color  val={FFFF} ][Tag Color  val={0001} ]
[Tag 1:7  ][Tag Color  val={FFFF} ][Tag Color  val={0000} ]It's a deal
No way[Tag Color  val={FFFF} ]";
"Yeah... This guy is pretty valuable, so I have
to ask for about [Tag Color  val={0001} ]100 Rupees[Tag Color  val={FFFF} ][Tag Color  val={0000} ] for him.[Tag Color  val={FFFF} ][Tag Color  val={0001} ]
[Tag 1:7  ][Tag Color  val={FFFF} ][Tag Color  val={0000} ]It's a deal
No way[Tag Color  val={FFFF} ]";
"Oh dear, oh dear, oh dear...[Tag 1:6 val={0014} ]
You don't have enough [Tag Color  val={0001} ]Rupees[Tag Color  val={FFFF} ][Tag Color  val={0000} ].[Tag 1:6 val={0014} ]
I'm afraid our contract talks have ended
in failure. How unsatisfactory.[Tag Color  val={FFFF} ]";
"Thank you so much!";
"Thanks![Tag 1:6 val={0014} ] That settles things.[Tag 1:6 val={0014} ]



I'll give you your item, as promised. Hold
out both of your hands...";
"So, by trading your goods for my goods,[Tag 1:6 val={0014} ]
we have formed a [Tag Color  val={0001} ]merchant's oath[Tag Color  val={FFFF} ][Tag Color  val={0000} ].[Tag 1:6 val={0014} ][Tag Color  val={FFFF} ]";
"So, from now on I shall honor our
[Tag Color  val={0001} ]merchant's oath[Tag Color  val={FFFF} ][Tag Color  val={0000} ] by sending shipments of my
product to the [Tag Color  val={FFFF} ][Tag Color  val={0001} ]Windfall Island Shop[Tag Color  val={FFFF} ][Tag Color  val={0000} ].[Tag 1:6 val={0014} ]

How, you ask?[Tag 1:6 val={0014} ] Why, my good friend the
postman will take it there for me, so it will
probably get there before you do. Just go
back to Windfall and check for yourself.[Tag Color  val={FFFF} ]";
"Thanks again!";
"I'm what you call a [Tag Color  val={0001} ]traveling merchant[Tag Color  val={FFFF} ][Tag Color  val={0000} ]! Yes,
I'm just a cheery fellow who bobs between
waves in search of all manner of rare items:
cracked and pristine, wild and woolly![Tag Color  val={FFFF} ]";
"I came from distant lands because I heard
there was a treasure of great worth on this
island, but I can't find a thing.

I thought perhaps my fate would cross with
that most mystic of rare items: the fabled
[Tag Color  val={0001} ]Shop Guru Statue[Tag Color  val={FFFF} ][Tag Color  val={0000} ]! ...But it seems as though
I am off the mark yet again.[Tag Color  val={FFFF} ]";
"By the by, for some reason, looking at that
[Tag Color  val={0001} ]Delivery Bag[Tag Color  val={FFFF} ][Tag Color  val={0000} ] of yours gives me the sneaking
suspicion that it might have some rare
treasure hidden in its depths...[Tag Color  val={FFFF} ]";
"If you have anything even slightly out of
the ordinary in there, would you mind
trading it to me? Anything at all?";
"This knapsack I'm lugging around is stuffed
full of all sorts of wondrous things! Why
don't you show me what you've got, and I'll
show you what I'll trade for it?";
"You see, there's this mystical curio that
I've been seeking for ages now...
It's called the [Tag Color  val={0001} ]Shop Guru Statue[Tag Color  val={FFFF} ][Tag Color  val={0000} ].

It's said to be a statue of the most
incredible of men—a man who has long
reigned at the peak of the business world.
...But why would you have it?[Tag Color  val={FFFF} ]";
"I've heard there are traveling merchants on
the [Tag Color  val={0001} ]Mother & Child Isles [Tag Color  val={FFFF} ][Tag Color  val={0000} ]and on [Tag Color  val={FFFF} ][Tag Color  val={0001} ]Bomb
Island[Tag Color  val={FFFF} ][Tag Color  val={0000} ]... I wonder if either of those guys
might have it...[Tag 1:6 val={0014} ]
Awwwww[Tag 1:6 val={000A} ]...[Tag 1:6 val={000A} ] If someone would just trade
that most excellent item to me, I would
offer them a [Tag Color  val={FFFF} ][Tag Color  val={0001} ]heart-filling reward[Tag Color  val={FFFF} ][Tag Color  val={0000} ] in return.[Tag Color  val={FFFF} ]";
"Yes,[Tag 1:6 val={000F} ] yes...[Tag 1:6 val={000F} ]
I'm closed for the day.[Tag 1:6 val={000F} ]";
"Running a business is four-fifths effort,[Tag 1:6 val={000F} ]
but overdoing it is a bad policy.[Tag 1:6 val={000F} ]
...My pops gave me that advice long ago.
That's why I trade [Tag Color  val={0001} ]only three items per day[Tag Color  val={FFFF} ][Tag Color  val={0000} ]![Tag Color  val={FFFF} ]";
"Whoa! That was a worthy day of work!";
"Ah, what kind of man is he, this so-called
[Tag Color  val={0001} ]Shop Guru[Tag Color  val={FFFF} ][Tag Color  val={0000} ]?! I am so intrigued by him that I
lay awake at night just thinking about him.

If someone would just trade his idol to me,
I would give them a [Tag Color  val={FFFF} ][Tag Color  val={0001} ]heart-filled reward[Tag Color  val={FFFF} ][Tag Color  val={0000} ] in
return. Oh, would that happy event occur![Tag Color  val={FFFF} ]";
"I hear there is a traveling merchant on the
[Tag Color  val={0001} ]Mother & Child Isles[Tag Color  val={FFFF} ][Tag Color  val={0000} ] and another on [Tag Color  val={FFFF} ][Tag Color  val={0001} ]Bomb
Island[Tag Color  val={FFFF} ][Tag Color  val={0000} ]... I wonder if either of those guys
has that fabled [Tag Color  val={FFFF} ][Tag Color  val={0001} ]Shop Guru Statue[Tag Color  val={FFFF} ][Tag Color  val={0000} ]...[Tag Color  val={FFFF} ]";
"Err...[Tag 1:6 val={000F} ] Thanks for coming all this way
to show me this, but I trade [Tag Color  val={0001} ]only three
times per day[Tag Color  val={FFFF} ][Tag Color  val={0000} ]. So sorry.[Tag Color  val={FFFF} ]";
"Business is four-fifths effort,[Tag 1:6 val={000F} ] but
overdoing it is no good for anyone.
That's what my pops always said!";
"Huh? That's...[Tag 1:6 val={000F} ]";
"Hmmm...[Tag 1:6 val={0014} ] You don't seem to have any items
one could easily sell at a [Tag Color  val={0001} ]shop[Tag Color  val={FFFF} ][Tag Color  val={0000} ], do you?[Tag 1:6 val={0014} ][Tag Color  val={FFFF} ]";
"Ummm...[Tag 1:6 val={0014} ] This isn't quite the type of
thing that leaps off the shelf. So sorry.";
"a [Tag Color  val={0001} ]Town Flower[Tag Color  val={FFFF} ][Tag Color  val={0000} ]...is it not?[Tag Color  val={FFFF} ]";
"a [Tag Color  val={0001} ]Sea Flower[Tag Color  val={FFFF} ][Tag Color  val={0000} ]...is it not?[Tag Color  val={FFFF} ]";
"an [Tag Color  val={0001} ]Exotic Flower[Tag Color  val={FFFF} ][Tag Color  val={0000} ]...is it not?[Tag Color  val={FFFF} ]";
"a [Tag Color  val={0001} ]Hero's Flag[Tag Color  val={FFFF} ][Tag Color  val={0000} ]...is it not?[Tag Color  val={FFFF} ]";
"a [Tag Color  val={0001} ]Big Catch Flag[Tag Color  val={FFFF} ][Tag Color  val={0000} ]...is it not?[Tag Color  val={FFFF} ]";
"a [Tag Color  val={0001} ]Big Sale Flag[Tag Color  val={FFFF} ][Tag Color  val={0000} ]...is it not?[Tag Color  val={FFFF} ]";
"a [Tag Color  val={0001} ]Pinwheel[Tag Color  val={FFFF} ][Tag Color  val={0000} ]...is it not?[Tag Color  val={FFFF} ]";
"a [Tag Color  val={0001} ]Sickle Moon Flag[Tag Color  val={FFFF} ][Tag Color  val={0000} ]...is it not?[Tag Color  val={FFFF} ]";
"a [Tag Color  val={0001} ]Skull Tower Idol[Tag Color  val={FFFF} ][Tag Color  val={0000} ]...is it not?[Tag Color  val={FFFF} ]";
"a [Tag Color  val={0001} ]Fountain Idol[Tag Color  val={FFFF} ][Tag Color  val={0000} ]...is it not?[Tag Color  val={FFFF} ]";
"um, a [Tag Color  val={0001} ]Postman Statue[Tag Color  val={FFFF} ][Tag Color  val={0000} ]...is it not?[Tag Color  val={FFFF} ]";
"Why, that's a [Tag Color  val={0001} ]Shop Guru Statue[Tag Color  val={FFFF} ][Tag Color  val={0000} ]...is it not?[Tag Color  val={FFFF} ]";
"In that case... Would you be interested in
trading that [Tag 1:6 val={0014} ]for this [Tag Color  val={0001} ]Sea Flower[Tag Color  val={FFFF} ][Tag Color  val={0000} ]?[Tag 1:6 val={0014} ]
[Tag 1:7  ]Sure
No thanks[Tag Color  val={FFFF} ]";
"In that case... Would you be interested in
trading that [Tag 1:6 val={0014} ]for this [Tag Color  val={0001} ]Exotic Flower[Tag Color  val={FFFF} ][Tag Color  val={0000} ]?[Tag 1:6 val={0014} ]
[Tag 1:7  ]Sure
No thanks[Tag Color  val={FFFF} ]";
"In that case... Would you be interested in
trading that [Tag 1:6 val={0014} ]for this [Tag Color  val={0001} ]Sea Flower[Tag Color  val={FFFF} ][Tag Color  val={0000} ]?[Tag 1:6 val={0014} ]
[Tag 1:7  ]Sure
No thanks[Tag Color  val={FFFF} ]";
"In that case... Would you be interested in
trading that [Tag 1:6 val={0014} ]for this [Tag Color  val={0001} ]Postman Statue[Tag Color  val={FFFF} ][Tag Color  val={0000} ]?[Tag 1:6 val={0014} ]
[Tag 1:7  ]Sure
No thanks[Tag Color  val={FFFF} ]";
"In that case... Would you be interested in
trading that [Tag 1:6 val={0014} ]for this [Tag Color  val={0001} ]Fountain Idol[Tag Color  val={FFFF} ][Tag Color  val={0000} ]?[Tag 1:6 val={0014} ]
[Tag 1:7  ]Sure
No thanks[Tag Color  val={FFFF} ]";
"In that case... Would you be interested in
trading that [Tag 1:6 val={0014} ]for this [Tag Color  val={0001} ]Hero's Flag[Tag Color  val={FFFF} ][Tag Color  val={0000} ]?[Tag 1:6 val={0014} ]
[Tag 1:7  ]Sure
No thanks[Tag Color  val={FFFF} ]";
"In that case... Would you be interested in
trading that [Tag 1:6 val={0014} ]for this [Tag Color  val={0001} ]Exotic Flower[Tag Color  val={FFFF} ][Tag Color  val={0000} ]?[Tag 1:6 val={0014} ]
[Tag 1:7  ]Sure
No thanks[Tag Color  val={FFFF} ]";
"In that case... Would you be interested in
trading that [Tag 1:6 val={0014} ]for this [Tag Color  val={0001} ]Fountain Idol[Tag Color  val={FFFF} ][Tag Color  val={0000} ]?[Tag 1:6 val={0014} ]
[Tag 1:7  ]Sure
No thanks[Tag Color  val={FFFF} ]";
"In that case... Would you be interested in
trading that [Tag 1:6 val={0014} ]for this [Tag Color  val={0001} ]Fountain Idol[Tag Color  val={FFFF} ][Tag Color  val={0000} ]?[Tag 1:6 val={0014} ]
[Tag 1:7  ]Sure
No thanks[Tag Color  val={FFFF} ]";
"In that case... Would you be interested in
trading that [Tag 1:6 val={0014} ]for this [Tag Color  val={0001} ]Skull Tower Idol[Tag Color  val={FFFF} ][Tag Color  val={0000} ]?[Tag 1:6 val={0014} ]
[Tag 1:7  ]Sure
No thanks[Tag Color  val={FFFF} ]";
"In that case... Would you be interested in
trading that [Tag 1:6 val={0014} ]for this [Tag Color  val={0001} ]Fountain Idol[Tag Color  val={FFFF} ][Tag Color  val={0000} ]?[Tag 1:6 val={0014} ]
[Tag 1:7  ]Sure
No thanks[Tag Color  val={FFFF} ]";
"In that case... Would you be interested in
trading that [Tag 1:6 val={0014} ]for this [Tag Color  val={0001} ]Postman Statue[Tag Color  val={FFFF} ][Tag Color  val={0000} ]?[Tag 1:6 val={0014} ]
[Tag 1:7  ]Sure
No thanks[Tag Color  val={FFFF} ]";
"Most worthy! Then my [Tag Color  val={0001} ]fee[Tag Color  val={FFFF} ][Tag Color  val={0000} ] will be...[Tag Color  val={FFFF} ]";
"...Are you sure?[Tag 1:6 val={0014} ] If you're kicking yourself
later for not trading, don't blame me!";
"Well, I suppose [Tag Color  val={0001} ]20 Rupees[Tag Color  val={FFFF} ][Tag Color  val={0000} ] will do.
[Tag Color  val={FFFF} ][Tag 1:7  ]It's a deal
No way";
"Ooh... I'll give you a huge deal on this:
[Tag Color  val={0001} ]25 Rupees[Tag Color  val={FFFF} ][Tag Color  val={0000} ] will do just fine.[Tag Color  val={FFFF} ][Tag Color  val={0001} ]
[Tag 1:7  ][Tag Color  val={FFFF} ][Tag Color  val={0000} ]It's a deal
No way[Tag Color  val={FFFF} ]";
"If I can just get [Tag Color  val={0001} ]20 Rupees[Tag Color  val={FFFF} ][Tag Color  val={0000} ] for this,
that'll cover me.
[Tag Color  val={FFFF} ][Tag 1:7  ]It's a deal
No way";
"Hmm... I need at least [Tag Color  val={0001} ]100 Rupees[Tag Color  val={FFFF} ][Tag Color  val={0000} ] for this
one, I'm afraid.
[Tag Color  val={FFFF} ][Tag 1:7  ]It's a deal
No way";
"It looks like the item you're offering is
kind of dirty, so how about [Tag Color  val={0001} ]65 Rupees[Tag Color  val={FFFF} ][Tag Color  val={0000} ]?[Tag Color  val={FFFF} ][Tag Color  val={0001} ]
[Tag 1:7  ][Tag Color  val={FFFF} ][Tag Color  val={0000} ]It's a deal
No way[Tag Color  val={FFFF} ]";
"Your item there is in need of repair, so
how about [Tag Color  val={0001} ]75 Rupees[Tag Color  val={FFFF} ][Tag Color  val={0000} ]?
[Tag Color  val={FFFF} ][Tag 1:7  ]It's a deal
No way";
"Errr... I'll give you a huge deal:
only [Tag Color  val={0001} ]25 Rupees!
[Tag 1:7  ][Tag Color  val={FFFF} ][Tag Color  val={0000} ]It's a deal
No way[Tag Color  val={FFFF} ]";
"It looks like the item you're offering is
kind of dirty, so how about [Tag Color  val={0001} ]65 Rupees[Tag Color  val={FFFF} ][Tag Color  val={0000} ]?[Tag Color  val={FFFF} ][Tag Color  val={0001} ]
[Tag 1:7  ][Tag Color  val={FFFF} ][Tag Color  val={0000} ]It's a deal
No way[Tag Color  val={FFFF} ]";
"It looks like the item you're offering is
kind of dirty, so how about [Tag Color  val={0001} ]65 Rupees[Tag Color  val={FFFF} ][Tag Color  val={0000} ]?[Tag Color  val={FFFF} ][Tag Color  val={0001} ]
[Tag 1:7  ][Tag Color  val={FFFF} ][Tag Color  val={0000} ]It's a deal
No way[Tag Color  val={FFFF} ]";
"The colors on that thing you're offering
have faded most terribly, so [Tag Color  val={0001} ]60 Rupees[Tag Color  val={FFFF} ][Tag Color  val={0000} ]![Tag Color  val={FFFF} ][Tag Color  val={0001} ]
[Tag 1:7  ][Tag Color  val={FFFF} ][Tag Color  val={0000} ]It's a deal
No way[Tag Color  val={FFFF} ]";
"It looks like the item you're offering is
kind of dirty, so how about [Tag Color  val={0001} ]65 Rupees[Tag Color  val={FFFF} ][Tag Color  val={0000} ]?[Tag Color  val={FFFF} ][Tag Color  val={0001} ]
[Tag 1:7  ][Tag Color  val={FFFF} ][Tag Color  val={0000} ]It's a deal
No way[Tag Color  val={FFFF} ]";
"Mmm-hmm. This is mighty precious...
I need at least [Tag Color  val={0001} ]100 Rupees[Tag Color  val={FFFF} ][Tag Color  val={0000} ] for it!
[Tag Color  val={FFFF} ][Tag 1:7  ]It's a deal
No way";
"Oh no, oh no, oh no, oh no, oh no...[Tag 1:6 val={0014} ]
You don't seem to have enough [Tag Color  val={0001} ]Rupees[Tag Color  val={FFFF} ][Tag Color  val={0000} ].[Tag 1:6 val={0014} ]
It looks like our contract talks have come
to a most unworthy conclusion.[Tag Color  val={FFFF} ]";
"Thank you, as always!";
"Thanks![Tag 1:6 val={0014} ] That settles things.[Tag 1:6 val={0014} ]



I'll give you your item, as I promised.
Hold out both hands...";
"So, by trading your goods for my goods,[Tag 1:6 val={0014} ]
we've formed a [Tag Color  val={0001} ]merchant's oath[Tag Color  val={FFFF} ][Tag Color  val={0000} ].[Tag 1:6 val={0014} ][Tag Color  val={FFFF} ]";
"As such, from now on I shall honor our
[Tag Color  val={0001} ]merchant's oath[Tag Color  val={FFFF} ][Tag Color  val={0000} ] by sending shipments of my
product to the [Tag Color  val={FFFF} ][Tag Color  val={0001} ]Windfall Island Shop[Tag Color  val={FFFF} ][Tag Color  val={0000} ].[Tag 1:6 val={0014} ]

How, you ask?![Tag 1:6 val={0014} ] Why, my good pal the
postman will take it there for me, so it will
likely get there before you do. Just head
back to Windfall and see for yourself.[Tag Color  val={FFFF} ]";
"Thanks again!";
"My [Tag Color  val={0001} ]heart-filled reward[Tag Color  val={FFFF} ][Tag Color  val={0000} ] has touched your
heart, hasn't it?[Tag Color  val={FFFF} ]";
"Is...
Is that...?
It couldn't be...";
"The [Tag Color  val={0001} ]Shop Guru Statue[Tag Color  val={FFFF} ][Tag Color  val={0000} ]?!?[Tag Color  val={FFFF} ]";
"...Such a divine figure! Surely, this is
none other than the legendary individual
who reigns at the peak of the business
world! Oh, most worthy day!
Wow! My lifelong dream has at long last
come true! Such joy!";
"This is my thanks to you for fulfilling
my dream! It's a [Tag Color  val={0001} ]heart-filled reward[Tag Color  val={FFFF} ][Tag Color  val={0000} ]
brimming with gratitude!

All right, hold out your hands...[Tag Color  val={FFFF} ]";
"My, but I have received a worthy item!
Tonight, I will hold this close to my
bosom as I sleep!
...I can't wait!";
"I'm what's called a [Tag Color  val={0001} ]traveling merchant[Tag Color  val={FFFF} ][Tag Color  val={0000} ].
Just a poor wanderer cruising the world
in search of rare objects of all sorts—
new and old, strange and unsettling.[Tag Color  val={FFFF} ]";
"I detected a scent wafting from this island
that suggested to me that there might be
something of value here, so I sailed my tiny
raft all this way from far, far away...
But the high rock wall on the main island
blocks my way, so it seems as though I
won't be able to get much farther. What a
disagreeable turn of events.";
"However, my boy, that [Tag Color  val={0001} ]Delivery Bag[Tag Color  val={FFFF} ][Tag Color  val={0000} ] of
yours smells to me as if it might well
be home to rare and unique items...[Tag Color  val={FFFF} ]";
"If you have any curios that might be worthy
of selling in a [Tag Color  val={0001} ]shop[Tag Color  val={FFFF} ][Tag Color  val={0000} ], might you trade them
to me?[Tag Color  val={FFFF} ]";
"Someday, I'm going to open myself a shop...
a huge shop! No! A MEGA-SUPERSTORE!
I'm trying to find goods to sell, so can
you show me what you've got on you?";
"I'm what's called a [Tag Color  val={0001} ]traveling merchant[Tag Color  val={FFFF} ][Tag Color  val={0000} ].[Tag 1:6 val={000F} ]
I scour the world for oddities and rare
items in the hopes of one day opening my
own shop. [Tag Color  val={FFFF} ]";
"If you have anything in that [Tag Color  val={0001} ]Delivery Bag
[Tag Color  val={FFFF} ][Tag Color  val={0000} ]of yours that's even the slightest bit
rare or of an interesting nature, could you
let me take a look at it?[Tag Color  val={FFFF} ]";
"How agreeable.[Tag 1:6 val={000F} ] How truly agreeable![Tag 1:6 val={000F} ]
That's as much work as I'm going to do
today! I'm calling it a day![Tag 1:6 val={000F} ]";
"Running a business is eight-tenths effort,[Tag 1:6 val={000F} ]
but you don't want to work yourself into
a grave![Tag 1:6 val={000F} ] I trade [Tag Color  val={0001} ]only three times a day[Tag Color  val={FFFF} ][Tag Color  val={0000} ]!
...That's what my dad taught me to do.[Tag Color  val={FFFF} ]";
"Ahhhhh! I sure put in a lot of work today.
Quite agreeable! Let's sustain that same
level of grit and determination tomorrow!";
"Oh, hey... I hear traveling merchants have
appeared on Greatfish Isle and Bomb
Island, too...";
"If you want to know the truth, I was
amazed to hear there were other traveling
merchants in this day and age! What an
odd couple of fellows they must be!";
"Running a business is eight-tenths effort...[Tag 1:6 val={000F} ]
but one still shouldn't work too much.[Tag 1:6 val={000F} ]
...That's what my father taught me. And
that's why I trade only [Tag Color  val={0001} ]three items per day[Tag Color  val={FFFF} ][Tag Color  val={0000} ].[Tag Color  val={FFFF} ]";
"A business is eight-tenths effort,[Tag 1:6 val={000F} ] but
working too much is bad for your health.
...That's what my dad taught me.";
"Huh?
Why, that's...[Tag 1:6 val={000F} ]";
"Hmmm...[Tag 1:6 val={0014} ] You don't seem to have any items
one could easily sell at a [Tag Color  val={0001} ]shop[Tag Color  val={FFFF} ][Tag Color  val={0000} ], do you?[Tag 1:6 val={0014} ][Tag Color  val={FFFF} ]";
"Ummm...[Tag 1:6 val={0014} ] This isn't quite the type of
thing that shoppers crave. I'm sorry.";
"a [Tag Color  val={0001} ]Town Flower[Tag Color  val={FFFF} ][Tag Color  val={0000} ]...right?[Tag Color  val={FFFF} ]";
"a [Tag Color  val={0001} ]Sea Flower[Tag Color  val={FFFF} ][Tag Color  val={0000} ]...right?[Tag Color  val={FFFF} ]";
"an [Tag Color  val={0001} ]Exotic Flower[Tag Color  val={FFFF} ][Tag Color  val={0000} ]...right?[Tag Color  val={FFFF} ]";
"a [Tag Color  val={0001} ]Hero's Flag[Tag Color  val={FFFF} ][Tag Color  val={0000} ]...right?[Tag Color  val={FFFF} ]";
"a [Tag Color  val={0001} ]Big Catch Flag[Tag Color  val={FFFF} ][Tag Color  val={0000} ]...right?[Tag Color  val={FFFF} ]";
"a [Tag Color  val={0001} ]Big Sale Flag[Tag Color  val={FFFF} ][Tag Color  val={0000} ]...right?[Tag Color  val={FFFF} ]";
"a [Tag Color  val={0001} ]Pinwheel[Tag Color  val={FFFF} ][Tag Color  val={0000} ]...right?[Tag Color  val={FFFF} ]";
"a [Tag Color  val={0001} ]Sickle Moon Flag[Tag Color  val={FFFF} ][Tag Color  val={0000} ]...right?[Tag Color  val={FFFF} ]";
"a [Tag Color  val={0001} ]Skull Tower Idol[Tag Color  val={FFFF} ][Tag Color  val={0000} ]...right?[Tag Color  val={FFFF} ]";
"a [Tag Color  val={0001} ]Fountain Idol[Tag Color  val={FFFF} ][Tag Color  val={0000} ]...right?[Tag Color  val={FFFF} ]";
"a [Tag Color  val={0001} ]Postman Statue[Tag Color  val={FFFF} ][Tag Color  val={0000} ]...right?[Tag Color  val={FFFF} ]";
"Why, that's a [Tag Color  val={0001} ]Shop Guru Statue[Tag Color  val={FFFF} ][Tag Color  val={0000} ]...right?[Tag Color  val={FFFF} ]";
"In that case... Would you be interested in
trading that [Tag 1:6 val={0014} ]for this [Tag Color  val={0001} ]Sea Flower[Tag Color  val={FFFF} ][Tag Color  val={0000} ]?[Tag 1:6 val={0014} ]
[Tag 1:7  ]Sure
No thanks[Tag Color  val={FFFF} ]";
"In that case... Would you be interested in
trading that [Tag 1:6 val={0014} ]for this [Tag Color  val={0001} ]Town Flower[Tag Color  val={FFFF} ][Tag Color  val={0000} ]?[Tag 1:6 val={0014} ]
[Tag 1:7  ]Sure
No thanks[Tag Color  val={FFFF} ]";
"In that case... Would you be interested in
trading that [Tag 1:6 val={0014} ]for this [Tag Color  val={0001} ]Pinwheel[Tag Color  val={FFFF} ][Tag Color  val={0000} ]?[Tag 1:6 val={0014} ]
[Tag 1:7  ]Sure
No thanks[Tag Color  val={FFFF} ]";
"In that case... Would you be interested in
trading that [Tag 1:6 val={0014} ]for this [Tag Color  val={0001} ]Big Sale Flag[Tag Color  val={FFFF} ][Tag Color  val={0000} ]?[Tag 1:6 val={0014} ]
[Tag 1:7  ]Sure
No thanks[Tag Color  val={FFFF} ]";
"In that case... Would you be interested in
trading that [Tag 1:6 val={0014} ]for this [Tag Color  val={0001} ]Sickle Moon Flag[Tag Color  val={FFFF} ][Tag Color  val={0000} ]?[Tag 1:6 val={0014} ]
[Tag 1:7  ]Sure
No thanks[Tag Color  val={FFFF} ]";
"In that case... Would you be interested in
trading that [Tag 1:6 val={0014} ]for this [Tag Color  val={0001} ]Big Catch Flag[Tag Color  val={FFFF} ][Tag Color  val={0000} ]?[Tag 1:6 val={0014} ]
[Tag 1:7  ]Sure
No thanks[Tag Color  val={FFFF} ]";
"In that case... Would you be interested in
trading that [Tag 1:6 val={0014} ]for this [Tag Color  val={0001} ]Exotic Flower[Tag Color  val={FFFF} ][Tag Color  val={0000} ]?[Tag 1:6 val={0014} ]
[Tag 1:7  ]Sure
No thanks[Tag Color  val={FFFF} ]";
"In that case... Would you be interested in
trading that [Tag 1:6 val={0014} ]for this [Tag Color  val={0001} ]Big Catch Flag[Tag Color  val={FFFF} ][Tag Color  val={0000} ]?[Tag 1:6 val={0014} ]
[Tag 1:7  ]Sure
No thanks[Tag Color  val={FFFF} ]";
"In that case... Would you be interested in
trading that [Tag 1:6 val={0014} ]for this [Tag Color  val={0001} ]Big Sale Flag[Tag Color  val={FFFF} ][Tag Color  val={0000} ]?[Tag 1:6 val={0014} ]
[Tag 1:7  ]Sure
No thanks[Tag Color  val={FFFF} ]";
"In that case... Would you be interested in
trading that [Tag 1:6 val={0014} ]for this [Tag Color  val={0001} ]Big Sale Flag[Tag Color  val={FFFF} ][Tag Color  val={0000} ]?[Tag 1:6 val={0014} ]
[Tag 1:7  ]Sure
No thanks[Tag Color  val={FFFF} ]";
"In that case... Would you be interested in
trading that [Tag 1:6 val={0014} ]for this [Tag Color  val={0001} ]Shop Guru Statue[Tag Color  val={FFFF} ][Tag Color  val={0000} ]?[Tag 1:6 val={0014} ]
[Tag 1:7  ]Sure
No thanks[Tag Color  val={FFFF} ]";
"In that case... Would you be interested in
trading that [Tag 1:6 val={0014} ]for this [Tag Color  val={0001} ]Postman Statue[Tag Color  val={FFFF} ][Tag Color  val={0000} ]?[Tag 1:6 val={0014} ]
[Tag 1:7  ]Sure
No thanks[Tag Color  val={FFFF} ]";
"Most agreeable! Then my [Tag Color  val={0001} ]fee[Tag Color  val={FFFF} ][Tag Color  val={0000} ] will be...[Tag Color  val={FFFF} ]";
"...Are you sure?[Tag 1:6 val={0014} ] Don't come crying to me if
you regret your decision later!";
"Yeah... That'll be [Tag Color  val={0001} ]20 Rupees[Tag Color  val={FFFF} ][Tag Color  val={0000} ] on the dot.
[Tag Color  val={FFFF} ][Tag Color  val={0001} ][Tag 1:7  ][Tag Color  val={FFFF} ][Tag Color  val={0000} ]It's a deal
No way[Tag Color  val={FFFF} ]";
"Yeah... A measly old [Tag Color  val={0001} ]10 Rupees[Tag Color  val={FFFF} ][Tag Color  val={0000} ] will do.[Tag Color  val={FFFF} ][Tag Color  val={0001} ]
[Tag 1:7  ][Tag Color  val={FFFF} ][Tag Color  val={0000} ]It's a deal
No way[Tag Color  val={FFFF} ]";
"Well, that thing you've got doesn't look so
hot, so I'll need [Tag Color  val={0001} ]55 Rupees[Tag Color  val={FFFF} ][Tag Color  val={0000} ] for mine.[Tag Color  val={FFFF} ][Tag Color  val={0001} ]
[Tag 1:7  ][Tag Color  val={FFFF} ][Tag Color  val={0000} ]It's a deal
No way[Tag Color  val={FFFF} ]";
"Yeah... I've got a cheap deal for you.
How about [Tag Color  val={0001} ]35 Rupees[Tag Color  val={FFFF} ][Tag Color  val={0000} ]?[Tag Color  val={FFFF} ][Tag Color  val={0001} ]
[Tag 1:7  ][Tag Color  val={FFFF} ][Tag Color  val={0000} ]It's a deal
No way[Tag Color  val={FFFF} ]";
"A nice, round number will do...
How about [Tag Color  val={0001} ]40 Rupees[Tag Color  val={FFFF} ][Tag Color  val={0000} ]?[Tag Color  val={FFFF} ][Tag Color  val={0001} ]
[Tag 1:7  ][Tag Color  val={FFFF} ][Tag Color  val={0000} ]It's a deal
No way[Tag Color  val={FFFF} ]";
"That thing you gave me looks kind of old,
so I'll need [Tag Color  val={0001} ]85 Rupees[Tag Color  val={FFFF} ][Tag Color  val={0000} ] in exchange, OK?[Tag Color  val={FFFF} ][Tag Color  val={0001} ]
[Tag 1:7  ][Tag Color  val={FFFF} ][Tag Color  val={0000} ]It's a deal
No way[Tag Color  val={FFFF} ]";
"Yeah... That'll be just [Tag Color  val={0001} ]25 Rupees[Tag Color  val={FFFF} ][Tag Color  val={0000} ].
[Tag Color  val={FFFF} ][Tag Color  val={0001} ][Tag 1:7  ][Tag Color  val={FFFF} ][Tag Color  val={0000} ]It's a deal
No way[Tag Color  val={FFFF} ]";
"That thing you gave me looks kind of old,
so I'll need [Tag Color  val={0001} ]85 Rupees[Tag Color  val={FFFF} ][Tag Color  val={0000} ] in exchange, OK?[Tag Color  val={FFFF} ][Tag Color  val={0001} ]
[Tag 1:7  ][Tag Color  val={FFFF} ][Tag Color  val={0000} ]It's a deal
No way[Tag Color  val={FFFF} ]";
"Yeah... I've got a cheap deal for you.
How about [Tag Color  val={0001} ]35 Rupees[Tag Color  val={FFFF} ][Tag Color  val={0000} ]?[Tag Color  val={FFFF} ][Tag Color  val={0001} ]
[Tag 1:7  ][Tag Color  val={FFFF} ][Tag Color  val={0000} ]It's a deal
No way[Tag Color  val={FFFF} ]";
"Yeah... I've got a cheap deal for you.
How about [Tag Color  val={0001} ]35 Rupees[Tag Color  val={FFFF} ][Tag Color  val={0000} ]?[Tag Color  val={FFFF} ][Tag Color  val={0001} ]
[Tag 1:7  ][Tag Color  val={FFFF} ][Tag Color  val={0000} ]It's a deal
No way[Tag Color  val={FFFF} ]";
"Yeah... This is super rare, so...
How about [Tag Color  val={0001} ]200 Rupees[Tag Color  val={FFFF} ][Tag Color  val={0000} ]?[Tag Color  val={FFFF} ][Tag Color  val={0001} ]
[Tag 1:7  ][Tag Color  val={FFFF} ][Tag Color  val={0000} ]It's a deal
No way[Tag Color  val={FFFF} ]";
"Yeah... This guy is pretty precious, so...
How about [Tag Color  val={0001} ]100 Rupees[Tag Color  val={FFFF} ][Tag Color  val={0000} ]?[Tag Color  val={FFFF} ][Tag Color  val={0001} ]
[Tag 1:7  ][Tag Color  val={FFFF} ][Tag Color  val={0000} ]It's a deal
No way[Tag Color  val={FFFF} ]";
"Oh, alas, alas, alas, alas, alas...[Tag 1:6 val={0014} ]
You don't have enough [Tag Color  val={0001} ]Rupees[Tag Color  val={FFFF} ][Tag Color  val={0000} ].[Tag 1:6 val={0014} ]
Looks like these contract talks are an
utter failure. How disagreeable.[Tag Color  val={FFFF} ]";
"Thanks for your business!";
"Thanks![Tag 1:6 val={0014} ] That squares us.[Tag 1:6 val={0014} ]



Here's your item, as promised. Hold out
both of your hands...";
"So, by trading your goods for my goods,[Tag 1:6 val={0014} ]
you and I have formed a [Tag Color  val={0001} ]merchant's oath[Tag Color  val={FFFF} ][Tag Color  val={0000} ].[Tag 1:6 val={0014} ][Tag Color  val={FFFF} ]";
"So, from this moment forward I shall honor
our [Tag Color  val={0001} ]merchant's oath[Tag Color  val={FFFF} ][Tag Color  val={0000} ] by sending shipments
of my product to the [Tag Color  val={FFFF} ][Tag Color  val={0001} ]Windfall Island Shop[Tag Color  val={FFFF} ][Tag Color  val={0000} ].[Tag 1:6 val={0014} ][Tag Color  val={FFFF} ]";
"Thanks again!";
"Hmmmmmm, now...
I would have to say that I've never seen
your face before. Have I?";
"...Hmmm, now. Intriguing. Beguiling.
I know you're just a small child, but I've
found one can rarely trust strangers.
Where is it you've come from, young sir?";
"I'm sorry, but the years have made me wary.
Once, long ago, I rented a room out to a
traveler for a single night. The next dawn,
my precious [Tag Color  val={0001} ]Picto Box[Tag Color  val={FFFF} ][Tag Color  val={0000} ] was stolen...
They caught the scoundrel, yet my possession
remains outside my grasp. Perhaps it will rot
forever with him in his [Tag Color  val={0001} ]cell[Tag Color  val={0000} ]. Why are good
deeds so often repaid with cruelty?
You may look like a child, but you can see
why I cannot be assured of your youth.
Be a good boy, and begone![Tag 4:163  ] Shoo! Shoo![Tag Color  val={FFFF} ]";
"Of course, I have countless [Tag Color  val={0001} ]Picto Boxes[Tag Color  val={FFFF} ][Tag Color  val={0000} ],
but I do not want any of them stolen from
me. My heart could not take another loss.

Were I able to interrogate that scoundrel and
learn where he'd hidden it... But alas, the
secret lies forever lost to all but the boxes
and walls of his [Tag Color  val={0001} ]cell[Tag Color  val={0000} ]...
[Tag 4:163  ]Now, shoo! Shoo![Tag Color  val={FFFF} ]";
"Why, young sir...";
"I must say, you seem to be in possession
of a very fine Picto Box there![Tag 1:6 val={001E} ]
Are you a lover of pictographs, as well?[Tag 1:6 val={000F} ]

There can be no villains amongst the ranks
of Picto Box lovers! Take your time.
Look around, I implore you![Tag Color  val={0001} ][Tag 3:21  ][Tag Color  val={FFFF} ]

And while you're here, please do visit
my upstairs [Tag Color  val={0001} ]Pictograph gallery[Tag Color  val={FFFF} ]!
You're bound to find it quite exciting,
young sir. I guarantee it!";
"Hmmmmmm, now... My, but yours is a finely
crafted [Tag Color  val={0001} ]Picto Box[Tag Color  val={FFFF} ][Tag Color  val={0000} ]![Tag Color  val={FFFF} ]";
"I once had a Picto Box of that quality...[Tag 1:6 val={000F} ]
But go ahead and witness my stunning
[Tag Color  val={0001} ]Pictograph gallery [Tag Color  val={FFFF} ]upstairs. ";
"You see, young sir, I have been studying
[Tag Color  val={0001} ]Picto Boxes[Tag Color  val={FFFF} ][Tag Color  val={0000} ] since I was but a lad.


My lifelong dream of creating a box with
incredible pictography capabilities is at
long last nearing fruition.

[Tag Color  val={FFFF} ][Tag Color  val={0000} ]But now I've grown old and have no real
desire to leave this island...[Tag Color  val={FFFF} ]";
"Young sir, I hesitate to ask, but... Could you
perchance become my [Tag Color  val={0001} ]pictograph assistant[Tag Color  val={FFFF} ][Tag Color  val={0000} ]?
[Tag 1:7  ]Sure
Good-bye[Tag Color  val={FFFF} ]";
"[Tag Size  val={004B} ]Hrrf! Well, I never! Kids these days![Tag Size  val={0064} ]";
"Oh-ho! Really? Really and truly?!
My heart leaps at your enthusiasm, but I
feel I must tell you...the path an [Tag Color  val={0001} ]assistant
[Tag Color  val={FFFF} ][Tag Color  val={0000} ]must follow is not a simple one![Tag Color  val={FFFF} ]";
"I demand that whosoever takes on the role
of my assistant be an individual who can
take whatever command I may issue and
promptly complete it without hesitation.
It will be quite a challenge, I assure you.
Are you still sure you want to do this?
[Tag 1:7  ]Absolutely
Forget it";
"Hahhh! You must share my love of the
pictograph! What is your name, young sir?

[Tag 1:11  ][Tag 2:0  ], is it...?[Tag 1:6 val={000F} ]
Very well then. I shall issue three commands
to you.[Tag 1:6 val={000F} ] On the day you complete all three
tasks, you shall be my number-one assistant,
[Tag 2:0  ]!";
"Now then! For my first command...";
"A love letter.
...Do you know what that is, young sir?
It is a collection of words of love,
long unspoken and put into written form.";
"Somewhere in this town, there is one who,
despite constant rejection, never learns the
cold lesson of unrequited passion and
continues to write letters of doomed love.";
"I am certain the object of this sadly
one-sided affection is in quite a quandary
over the matter. I am of the mind that I
must have a word with the unwanted suitor.
However, I must have physical evidence.
And thus, your first task is to snap a
pictograph of this individual in the act
of sending the unwanted letters!";
"...That sounds easy, does it not?
Rightly so. If you hope to be my assistant,
you must perform this task with ease!";
"Somewhere in this town, there is one who,
despite constant rejection, never learns
love's cruelest lesson and continues to
write love letters without rest.
I need you to recover proof of this sad
story by [Tag Color  val={0001} ]catching this person in the act[Tag Color  val={FFFF} ][Tag Color  val={0000} ].[Tag Color  val={FFFF} ]";
"Be sure to take a clear full-body shot so I
can see exactly what is going on. And, of
course, so as not to be seen, you should
[Tag Color  val={0001} ]take the pictograph from a distance[Tag Color  val={FFFF} ][Tag Color  val={0000} ], yes?
Now, to prove you have completed this
task, you should set your Picto Box to
[Tag 3:6  ], [Tag 3:5  ], or [Tag 3:4  ] and press that button to show
me the pictograph. Clear, young sir?[Tag Color  val={FFFF} ]";
"Very well! Next is my second command.";
"You must search for this town's most timid
and cowardly resident. I intend to flog his
spirit so as to lend him some backbone.

This individual flinches and jumps at even
the slightest of surprises. I need you to
capture the instant of pure fear on this
individual's face in a pictograph.";
"So, tell me, do you think you can complete
this task, young sir?";
"You must search for the town's most timid
and cowardly resident. You must witness
this individual in a moment of weakness,
flinching in fear.
And as this poor creature cowers, you must
capture the moment in a pictograph.";
"Since this person's face alone will not tell
the complete story, you must snap a head-
to-toe pictograph so I can see the [Tag Color  val={0001} ]moment
the fear reverberates through the soul[Tag Color  val={FFFF} ][Tag Color  val={0000} ].
So, tell me, do you think you can complete
this more difficult second task, young sir?[Tag Color  val={FFFF} ]";
"Very good! Next is, at long last, my final
command! Open your heart and mind, and
listen to what I say...";
"Somewhere in town is a couple, a man and
woman whose hearts are secretly filled with
thoughts of the other, and yet for reasons
unknown, the two have never spoken.
Even when they happen, by chance, to pass
each other in the road, they each steal a
brief, furtive glance of the other, but
they suppress the longing in their hearts...";
"I cannot let this tragedy go on any longer!
For the sake of the town and my own desire
to help these two poor souls...
I shall become [Tag Color  val={0001} ]Cupid, archer of love[Tag Color  val={FFFF} ][Tag Color  val={0000} ]!
These two are timid burglars in the house
of love...and you must capture a pictograph
of them thinking their furtive thoughts![Tag Color  val={FFFF} ]";
"And, young master [Tag 2:0  ]...
If and when, hope beyond hope, you
manage to complete this third task...
Then shall you be my number-one pupil!
[Tag 4:160  ]Oh ho ho ho ho! Does that not excite you?
...Good luck to you, young sir!";
"In this town is a couple whose hearts are
secretly filled with thoughts of one another,
but when they pass on the street, they only
gaze at one another and speak not...";
"You must capture in a pictograph this
secret couple, [Tag Color  val={0001} ]at that frozen moment
when they think their furtive thoughts
of one another[Tag Color  val={FFFF} ][Tag Color  val={0000} ]![Tag 1:6 val={0014} ]
Ah, yes, yes! There is one more thing.[Tag 1:6 val={000F} ]
Be sure to capture them both in perfect
[Tag Color  val={FFFF} ][Tag Color  val={0001} ]full-body shots[Tag Color  val={FFFF} ][Tag Color  val={0000} ]. Their faces alone will
not tell the full story of their love.[Tag Color  val={FFFF} ]";
"Ah, young [Tag 2:0  ]... Are pictographs
not the most divine of creations? You know
it is true, my young sir!";
"You, too, must snap and snap and snap
pictographs until you, like me, finally arrive
at the very pinnacle of pictography!";
"Hmmm, now? Are you offering me this
thing? Sadly, I have no need of it.";
"What's this, now?";
"Is... Is that...?";
"What a curious luminescence...
Is that truly one of the long-fabled
[Tag Color  val={0001} ]Forest Fireflies[Tag Color  val={FFFF} ][Tag Color  val={0000} ] from Forest Haven?[Tag Color  val={FFFF} ]";
"My fine assistant, [Tag 2:0  ]...
For ages, it has been said that the
[Tag Color  val={0001} ]Forest Fireflies[Tag Color  val={FFFF} ][Tag Color  val={0000} ] possess a mystical power.
[Tag Color  val={0000} ]
In the old days, they were required for making
colored pictographs...but no longer.[Tag Color  val={0000} ][Tag Color  val={FFFF} ]";
"Hmph! Until now you could only take black-
and-white pictographs, but now you can take
[Tag Color  val={0001} ]color pictographs[Tag Color  val={FFFF} ], allowing you to show the
world as it was meant to be seen!
[Tag Size  val={0064} ]Now! Go out there and snap pictographs.
Snap them in color for me, for all the years
I spent unable to do so! Fulfill my life's
ambition! Go to it, [Tag 2:0  ]![Tag Size  val={0064} ]";
"I am a bit of a purist when it comes to
pictographs. I'm sorry, but skill such as
yours would require much polish before I'd
consider you for the position of assistant.";
"[Tag Size  val={004B} ]Hmm... That's not quite right.[Tag Size  val={0064} ][Tag Size  val={0064} ]
I'm terribly sorry, but there is no way
I could possibly give this a passing grade.
I'm afraid you must retake the shot!
When you snap a pictograph, you must be
sure not to snap it too close-up, and yet,
at the same time it should not be too
zoomed out...
All of which means you must begin your
study of the pictography basics anew.[Tag Size  val={0064} ]";
"Oh-ho! Now THIS is a finely snapped
pictograph indeed! Hmmm, now...
They say love is blind, but what could he
be thinking, mailing all these letters?
I should not ridicule him, though, for he
reminds me of myself back in the innocence
of my youth... Memories of those bittersweet
summer days come rushing back to me...";
"But I digress...
Very good, young sir! I must congratulate
you on...passing your first test!";
"I shall promptly take this pictograph from
you and use it most efficiently!";
"Oh-ho! Now THIS is a finely snapped
pictograph indeed! Clearly this individual
must be the town's most timid of denizens!
Fear is his constant companion!
I cannot complain, young sir! You have
passed in a most admirable manner!
...Say, and is it me, or is this chap quite
the striking individual?";
"Very good, young sir! And this means you
have passed my second test!";
"To take the finest of pictures, you must
spend your days devoted to the path of
pictography, [Tag 2:0  ]! My young sir...
...My[Tag 1:6 val={000A} ] assistant!";
"Oh-ho! This is a finely snapped pictograph
indeed! ...I had no idea these two would
get along so splendidly! You can see the
love there, hidden but thriving.
Even I, who have lived in this town for so
many long years, did not realize in the
slightest the extent of their passion.
You have done well, [Tag 2:0  ].";
"...I'd hate to see you leave with nothing after
you went to so much trouble to show it to me.


I offer you this! The elderly lady next door
tells me it has value, of sorts.";
"From here onward, you must travel the world,
spreading the joy of pictography to all around![Tag 1:6 val={000F} ]
And as your heart swells with this satisfaction,
perhaps I'll have more pictographs to share...
[Tag 4:160  ]Oh ho ho ho ho ho ho!";
"Ahh, pictographs.";
"[Tag 4:160  ]Oh ho ho ho ho ho ho ho!
Aren't these some finely snapped
pictographs? You must admit it!";
"...But come now! You needn't be so
surprised, my young sir!


It is a hobby of mine to sneak up behind
people when they least expect it. It's quite
an amusing diversion. Think nothing of it.";
"By the way, the pictographs you see
decorating these fine walls have all been
taken by none other than myself.
They are my pride and joy!";
"You see, in my younger days I was tireless,
sailing far and wide across the Great Sea,
snapping pictographs wherever I went...";
"Have a look at them, young sir!";
"What is this a pictograph of, you ask?";
"Well, those are creatures called [Tag Color  val={0001} ]ChuChus[Tag Color  val={FFFF} ][Tag Color  val={0000} ].
They are said to have medicinal properties,
so they are a most important resource
treasured by sailors the world over.[Tag Color  val={FFFF} ]";
"Why, there is even said to be an extremely
rare species of them known as the [Tag Color  val={0001} ]Blue
ChuChu[Tag Color  val={FFFF} ][Tag Color  val={0000} ]. It is only under very unusual
circumstances that they are ever sighted.
...You would be most lucky to ever
come across one, young sir![Tag Color  val={FFFF} ]";
"This is a pretty nice pictograph.";
"This one is of a tiny rock islet resting
far out in the seas southeast of here.
Isn't it nice?";
"There was a very dignified [Tag Color  val={0001} ]butler[Tag Color  val={FFFF} ][Tag Color  val={0000} ] standing
before the door, and I snapped his pictograph
without even thinking... That aside, I am
certain this is someone's private [Tag Color  val={FFFF} ][Tag Color  val={0001} ]cabana[Tag Color  val={FFFF} ][Tag Color  val={0000} ].[Tag Color  val={FFFF} ]";
"This is an incredible pictograph.";
"I saw this strange platform rising up out of
the seas, seeming to claw at the sky.
...It makes for an even stranger silhouette.";
"I wonder if such things still remain out
there on the high seas, lonely on the waves.
Ah, if I only had the chance, I would love
to see these things once again...";
"This is a pictograph of an isle I once visited.";
"Isn't it a finely snapped shot? I took it
in my younger days. It is [Tag Color  val={0001} ]Outset Island[Tag Color  val={FFFF} ][Tag Color  val={0000} ].[Tag Color  val={FFFF} ]";
"It is the most delightful of fishing villages,
innocent and rich with nature's bounty...
It was there I met a beautiful young lass...

Although I suppose she is probably not
as young as she used to be these days...";
"What kind of pictograph is this, you ask?";
"One ill-fated day, misfortune befell me and
my boat was destroyed. Clinging to the
wreckage, I drifted at the whims of the
waves... That's when I saw this monstrosity.
This foul ship, veiled in mist and fading
in and out of sight like something of
another world... Yes, my young sir...
'Tis none other than the [Tag Color  val={0001} ]Ghost Ship[Tag Color  val={FFFF} ][Tag Color  val={0000} ]![Tag Color  val={FFFF} ]";
"The rumors I've heard tell of a man who
researched the reaches of the sea where
the [Tag Color  val={0001} ]Ghost Ship[Tag Color  val={FFFF} ][Tag Color  val={0000} ] faded in and out of sight,
and that he drew a map of its movements.
But it is said that as soon as the man had
finished drawing the lines of that cursed
map...he died a most unexpected death.
...Chilling! Truly chilling!
Now, if one were able to find that map...
then it might be possible to sneak onto
the [Tag Color  val={FFFF} ][Tag Color  val={0001} ]Ghost Ship[Tag Color  val={FFFF} ][Tag Color  val={0000} ] and get the treasure that
is said to lurk within its hull![Tag Color  val={FFFF} ]";
"This pictograph chills me to the bone...";
"The [Tag Color  val={0001} ]Forsaken Fortress[Tag Color  val={FFFF} ][Tag Color  val={0000} ]!



This place lies to the northwest of our fair
isle, but it has been enveloped in filthy
dark clouds of late. What are we to do
against the silent evil that lingers there?[Tag Color  val={FFFF} ]";
"If you value your life, young sir, then at
the very least you should stay as far away
from that place as you possibly can.

...It feels as if evil that is not of this world
lies in wait there, biding its time.";
"Not a bad pictograph, hm?";
"Is that not a rather mysterious statue?
The statue's home is on one of the [Tag Color  val={0001} ]Triangle
Islands[Tag Color  val={FFFF} ][Tag Color  val={0000} ]. It lies due south of here.[Tag Color  val={FFFF} ]";
"There are a total of three [Tag Color  val={0001} ]Triangle Islands[Tag Color  val={FFFF} ][Tag Color  val={0000} ]:
the [Tag Color  val={FFFF} ][Tag Color  val={0001} ]Northern[Tag Color  val={FFFF} ][Tag Color  val={0000} ], the [Tag Color  val={FFFF} ][Tag Color  val={0001} ]Southern[Tag Color  val={FFFF} ][Tag Color  val={0000} ], and the [Tag Color  val={FFFF} ][Tag Color  val={0001} ]Eastern
Triangle Islands[Tag Color  val={FFFF} ][Tag Color  val={0000} ]... Each of them has a
statue such as this standing on its shores.[Tag Color  val={FFFF} ]";
"Does this not make a fine pictograph?



It is the epitome of pictography: not too
close-up, yet not too zoomed out to discern
the subject. It boasts perfect balance of
scale, wouldn't you say?";
"What's the secret to snapping a fine
pictograph, you ask?


Why, it is to stand back at a slight
distance and to capture your subject
framed in just the right manner.

If the Picto Box is too zoomed in, you
cannot discern what the subject is, correct?
That is why such pictographs are rarely
considered to be fine snapshots.";
"Ah, the conditions for a fine pictograph,
you ask? Well now...


Generally, you should capture your subject
from the top of his or her head to the tips
of his or her toes. Your subject should be
framed fully within the pictograph's border.
Essentially, you should just concentrate on
getting your subject as large as possible
within the frame of the pictograph.";
"Now then, my young sir... You have
completed all of the tasks I set you to.


My doubts about you have all been cleared
up! I shall hereby be proud to call you my
assistant, [Tag 2:0  ]!

And... No assistant of mine will be seen going
around taking pictographs in monochrome!
Not in a million years! So here. Allow me to
present you with this Picto Box.";
"FLASH! You've captured art!";
"Quickly now! Up above!";
"Greetings, O person who has surely come to
take the challenge of the big sky! This is
where you can register for the Official Rito
Tribe [Tag Color  val={0001} ]Bird-Man Contest[Tag Color  val={FFFF} ][Tag Color  val={0000} ]![Tag Color  val={FFFF} ]";
"And now, listen. You are free to use any
means, methods, or tools you have at your
disposal to help you soar through the sky.

The rules are simple: "See how far you can
fly before you crash into the roiling seas
like so much dead-weight driftwood!"";
"A banner stands now at the site where the
[Tag Color  val={0001} ]Great and Talented Champion[Tag Color  val={FFFF} ][Tag Color  val={0000} ], who has
flown the farthest to date, crashed into the
frothy waves in a massive splash of glory!
If you are able to pass that flag...[Tag 1:6 val={0014} ]
then YOU will be the new [Tag Color  val={FFFF} ][Tag Color  val={0001} ]champion[Tag Color  val={FFFF} ][Tag Color  val={0000} ]!
And you will be drenched in praise, much
as you will be drenched in seawater![Tag Color  val={FFFF} ]";
"The participation fee is a mere [Tag Color  val={0001} ]10 Rupees[Tag Color  val={FFFF} ][Tag Color  val={0000} ]!
Well? Will you take the challenge?
[Tag 1:7  ]I will
Not right now[Tag Color  val={FFFF} ]";
"Ahh, do you not feel the grand romance of
the wide-open skies? The roaring invitation
of the wind? The soft call of the clouds?
You are a boring, boring creature.";
"Ru... Ru... Rupees! You do not have
enough Rupees, my empty-pocketed friend!";
"Ohhhhh-kayyy! Then up the ladder you go!
My brother awaits you up top!";
"Uh, you don't seem to have any wings or
feathers or anything on your back...


So...you do have something that you can
use to fly, right? I sure hope so.
Here's wishing the wind beneath your,
uh...thing! Whatever it is!";
"Do you want to fly again, young fledgling?
The entrance fee is only [Tag Color  val={0001} ]10 Rupees[Tag Color  val={FFFF} ][Tag Color  val={0000} ]!
[Tag 1:7  ]I'll fly
Not right now[Tag Color  val={FFFF} ]";
"Your current record is [Tag Color  val={0001} ][Tag 2:16  ][Tag Color  val={FFFF} ][Tag Color  val={0000} ].
May you return as feathered and winged as
a bird of the skies![Tag Color  val={FFFF} ]";
"Come back anytime you have...time!";
"...Uh, what was that?! That was so terrible,
I don't even know where to begin offering
advice! I could have fallen unconscious and
done better than that!";
"Hmm... [Tag Color  val={0001} ][Tag 2:15  ][Tag Color  val={FFFF} ][Tag Color  val={0000} ]?
That's...not impressive.


At the very least you ought to be paying
attention to the direction of the wind
when you fly. Think![Tag Color  val={FFFF} ]";
"[Tag Color  val={0001} ][Tag 2:15  ][Tag Color  val={FFFF} ][Tag Color  val={0000} ]? I suppose that's about average.
By which I mean, not even remotely in the
league of the great and talented.

Say, have you ever thought of flying into
any of the updrafts you see out there?
They can really boost your distance.[Tag Color  val={FFFF} ]";
"[Tag Color  val={0001} ][Tag 2:15  ][Tag Color  val={FFFF} ][Tag Color  val={0000} ]?
Well, you have some skill—that much is for
certain. But let me teach you the secrets
to pushing your distance further.
First of all, the wind has to be blowing
directly toward your goal. That's the only
time you should be flying. Secondly, use the
updrafts, and use them well.
Keep these two techniques in your head
when you fly... Just don't tell my brother
upstairs! Trade secrets, you know![Tag Color  val={FFFF} ]";
"[Tag Color  val={0001} ][Tag 2:15  ][Tag Color  val={FFFF} ][Tag Color  val={0000} ]!?! Really???
Wow! That's some great flying...but not
quite great AND talented!

I have no more advice to share with you.
All that's left is to cast your luck to
the wind and just fly! Fly, boy, fly![Tag Color  val={FFFF} ]";
"Flight distance was:[Tag 1:6 val={0005} ]
[Tag 4:240  ][Tag Color  val={0001} ][Tag 2:15  ][Tag Color  val={FFFF} ][Tag Color  val={0000} ]![Tag 1:6 val={000A} ]


Yes! A whopping [Tag Color  val={FFFF} ][Tag Color  val={0001} ][Tag 2:15  ][Tag Color  val={FFFF} ][Tag Color  val={0000} ]![Tag 1:6 val={000A} ][Tag Color  val={FFFF} ]";
"Amazing... You blew past [Tag Color  val={0001} ]my brother's
best record[Tag Color  val={FFFF} ][Tag Color  val={0000} ] in impressive fashion![Tag Color  val={FFFF} ]";
"You would make a fine and distinguished
member of the [Tag Color  val={0001} ]Rito tribe[Tag Color  val={FFFF} ][Tag Color  val={0000} ]! I guarantee it!
The [Tag Color  val={FFFF} ][Tag Color  val={0001} ]former champion[Tag Color  val={FFFF} ][Tag Color  val={0000} ] upstairs says so, too!
You are both great and talented![Tag Color  val={FFFF} ]";
"So, as the new champion of the [Tag Color  val={0001} ]Bird-Man
Contest[Tag Color  val={FFFF} ][Tag Color  val={0000} ], please accept this great and
talented prize![Tag Color  val={FFFF} ]";
"Come back anytime you feel the desire
to fly again! I shall await with one eye
on the sky and the other on the sea!";
"We should have expected as much, 
O champion! Another stupendous flight!";
"This is just a trifling thing, but please
accept it!
";
"Your current record is your superb flight of
[Tag Color  val={0001} ][Tag 2:16  ][Tag Color  val={FFFF} ][Tag Color  val={0000} ]! All hail![Tag Color  val={FFFF} ]";
"O Great and Talented Champion!
You've come again! Would you like to fly?
[Tag 1:7  ]I'll fly
Not right now";
"Oh, how lamentable!
...Where was your skill, O champion!?";
"Oh! Too bad! You flew [Tag Color  val={0001} ]out of bounds[Tag Color  val={FFFF} ][Tag Color  val={0000} ]!
That disqualifies you!


...It looks like the skies decided you
were going to fly in a different direction!
They do that sometimes.[Tag Color  val={FFFF} ]";
"...Ohhh, that's just atrocious flying!
Soaring out of bounds disqualifies you!
You must concentrate! Can't you at least
aim for your goal?";
"GO[Tag 1:6 val={0005} ]O[Tag 1:6 val={0005} ]O[Tag 1:6 val={0005} ]O[Tag 1:6 val={0005} ]O[Tag 1:6 val={0005} ]O[Tag 1:6 val={0005} ]O[Tag 1:6 val={0005} ]O[Tag 1:6 val={0005} ]O[Tag 1:6 val={0005} ]O[Tag 1:6 val={0005} ]O[Tag 1:6 val={0005} ]AL!



Con-GRA-tulations![Tag 1:3 val={001E} ]";
"Splo[Tag 1:6 val={0005} ]o[Tag 1:6 val={0005} ]o[Tag 1:6 val={0005} ]o[Tag 1:6 val={0005} ]o[Tag 1:6 val={0005} ]o[Tag 1:6 val={0005} ]o[Tag 1:6 val={0005} ]o[Tag 1:6 val={0005} ]oooosh!";
"Your current record is[Tag 1:6 val={0005} ].[Tag 1:6 val={0005} ].[Tag 1:6 val={0005} ].an impressive
[Tag 4:240  ][Tag Color  val={0001} ][Tag 2:15  ][Tag Color  val={FFFF} ][Tag Color  val={0000} ]!!![Tag Color  val={FFFF} ]";
"Heyyyyyy! What do you think you're doing?
I can't measure that, you strange person!
...Why, you don't even know which direction
you're supposed to fly, do you?";
"...You can't do that! Can't you see the
banner over there by your goal?! Why are
you flying in the OPPOSITE direction?!?
That makes very little sense!";
"Oh! A challenger! The contest is afoot!



You see that banner far off in the distance?
That marks the record distance set by our
[Tag Color  val={0001} ]Great and Talented Champion[Tag Color  val={FFFF} ][Tag Color  val={0000} ]!
...You must pass that banner![Tag Color  val={FFFF} ]";
"You can use whatever means, methods, and
tools you have at your disposal! All you
must do is take to the skies and aim for
that flag, plain and simple!
Just imagine you are flying down from the
very summit of Dragon Roost Mountain!";
"Have you finished all your stretching
exercises? Is the wind blowing the way
you like? Is your ballast balanced?";
"Once you have performed all your preflight
checks, step onto that launchpad and take
flight like an elegant creature of the air!

The banner you see out yonder marks the
record set by our [Tag Color  val={0001} ]Great and Talented
Champion[Tag Color  val={FFFF} ][Tag Color  val={0000} ]! ...You must pass it![Tag Color  val={FFFF} ]";
"Your current record is [Tag Color  val={0001} ][Tag 2:16  ][Tag Color  val={FFFF} ][Tag Color  val={0000} ]![Tag Color  val={FFFF} ]";
"Oh! You are the [Tag Color  val={0001} ]New and Great and
Talented Champion[Tag Color  val={FFFF} ][Tag Color  val={0000} ] who surpassed even me!


Please show us humble brothers yet another
great flight! I tremble with anticipation![Tag Color  val={FFFF} ]";
"Oh! Breathtaking! You have shown me an
incredible feat of aerial navigation.[Tag 1:6 val={0005} ].[Tag 1:6 val={0005} ].[Tag 1:6 val={0005} ]
My eyes! They are unworthy!";
"Have you seen the small metal pedestals all
around town? We call those [Tag Color  val={0001} ]Joy Pedestals[Tag Color  val={FFFF} ][Tag Color  val={0000} ].[Tag Color  val={FFFF} ]";
"Yeah, they got installed a little while ago
by the newly formed [Tag Color  val={0001} ]Joyous Volunteer
Association[Tag Color  val={FFFF} ][Tag Color  val={0000} ]. It's part of this grand plan to
help decorate the town.[Tag Color  val={FFFF} ]";
"Anyway, they're brilliant! I may as well tell
you that both myself and [Tag Color  val={0001} ]Zunari[Tag Color  val={FFFF} ][Tag Color  val={0000} ], the guy
who runs that stall over there, are members.
You just have to be a part of stuff like this![Tag Color  val={FFFF} ]";
"Hey there, little joy junior! Thanks so much
for being a [Tag Color  val={0001} ]Joyous Volunteer[Tag Color  val={FFFF} ][Tag Color  val={0000} ]![Tag Color  val={FFFF} ]";
"Wow! Windfall just seems to be filled with
joy lately... Don't you think?";
"Say, you haven't been cooperating with the
volunteers, have you? You know what I'm
talking about? Decorating the town?";
"Oh, really? ...You have? Wow, it never fails
to amaze me how kind and thoughtful folks
can be. ...I know! I'll return your kindness
with some of my own!";
"I hope you'll continue to help the
[Tag Color  val={0001} ]Joyous Volunteer Association[Tag Color  val={FFFF} ][Tag Color  val={0000} ] with its work,
little joy junior![Tag Color  val={FFFF} ]";
"Now I get it... You're secretly assisting the
[Tag Color  val={0001} ]Joyous Volunteer Association[Tag Color  val={FFFF} ][Tag Color  val={0000} ], aren't you?[Tag Color  val={FFFF} ]";
"Yeah, I've been a member for a while now,
so I can just tell these things. And being
a member is so rewarding! Spreading joy is
something you just HAVE to experience!";
"The [Tag Color  val={0001} ]Joy Pedestals[Tag Color  val={FFFF} ][Tag Color  val={0000} ] are set out so that
people can place little joyful objects in
them and decorate the town.[Tag Color  val={FFFF} ]";
"The items you can place in them should be
on sale over there, so try asking [Tag Color  val={0001} ]Zunari
[Tag Color  val={FFFF} ][Tag Color  val={0000} ]about the whole deal. Honestly, you're
missing out if you don't take part![Tag Color  val={FFFF} ]";
"People from all over the world seem to
gather here on [Tag Color  val={0001} ]Windfall Island[Tag Color  val={FFFF} ][Tag Color  val={0000} ], all hoping
to become successful merchants.

I suppose you could say that this is the
island where people and money come
together. But you know what...?

Money is important, sure...but don't you
think people need to open their hearts a
little more than their wallets?[Tag Color  val={FFFF} ]";
"I've been kicking around this crazy world
for a long time, and I've learned to stop
and sniff the flowers along the way!";
"Whoa! Don't startle me like that!
...Sheesh! I thought we were having an
earthquake or something!";
"Both [Tag Color  val={0001} ]Mila[Tag Color  val={FFFF} ][Tag Color  val={0000} ] and [Tag Color  val={FFFF} ][Tag Color  val={0001} ]Maggie[Tag Color  val={FFFF} ][Tag Color  val={0000} ] returned unharmed!



It sounds as though they went through
quite an ordeal, but they're safe now.[Tag Color  val={FFFF} ]";
"Oh, the horribleness! I don't know what I'd
do if I were kidnapped and taken to the
Forsaken Fortress! Just the thought of it
sends shivers down my spine! Brrrr!";
"Lately, I've been hearing that monsters from
the [Tag Color  val={0001} ]Forsaken Fortress[Tag Color  val={FFFF} ][Tag Color  val={0000} ] have been going
around kidnapping girls with long ears.[Tag Color  val={FFFF} ]";
"I can believe it. After all, two girls from
Windfall have already been kidnapped. Poor
[Tag Color  val={0001} ]Maggie[Tag Color  val={FFFF} ][Tag Color  val={0000} ] and [Tag Color  val={FFFF} ][Tag Color  val={0001} ]Mila[Tag Color  val={FFFF} ][Tag Color  val={0000} ]... It just breaks my heart
to think about those two.[Tag Color  val={FFFF} ]";
"Both of their fathers are desperate to find
anyone who can rescue their poor little
girls... What kind of world has this
become?! So much fear and suffering...";
"Hey there, boy! Did you happen to see the
postbox down near the docks?";
"Well, just so you know, if you want to send
someone a letter, just set it to [Tag 3:6  ], [Tag 3:5  ], or [Tag 3:4  ],
and use that button to put it in the
[Tag Color  val={0001} ]postbox[Tag Color  val={FFFF} ][Tag Color  val={0000} ]. It's just that easy.[Tag Color  val={FFFF} ]";
"Before long, the [Tag Color  val={0001} ]Rito postman[Tag Color  val={FFFF} ][Tag Color  val={0000} ] will come to
deliver it to whomever you've sent it to.
He's a hardworking fellow, I tell you![Tag Color  val={FFFF} ]";
"I wonder if the [Tag Color  val={0001} ]Rito[Tag Color  val={FFFF} ][Tag Color  val={0000} ] [Tag Color  val={FFFF} ][Tag Color  val={0001} ]postman[Tag Color  val={FFFF} ][Tag Color  val={0000} ] has already
come today...[Tag Color  val={FFFF} ]";
"Let's see... Was that all I needed to send?
I didn't forget anything, did I?";
"Dang! I DID forget to send something!
What a drag...";
"Awwww... What are you doing, taking
pictures like this?


I'd only send something like this to my
future wife!";
"I don't feel guilty at all!";
"Oh! A pictograph!



You know, there's a famed pictographer
living in the red brick building in town.
Have you been to see him yet?";
"Wh-Wh-Wh-What!? What do you want?";
"Huh? What're you showing me this for?
This is just a regular old letter.";
"...She is so saucy, isn't she!



I can't believe she's a schoolteacher!";
"Rumor has it she has mountains of tacky
pendants and earrings. It's as if she loves
nothing in the world more than jewelry!";
"Hm? ...Now, just WHAT are you doing?
Were you listening to us, you scamp?";
"You listen, young man! I haven't seen you
around, so I guess you're new to Windfall...
but don't you know it's bad to eavesdrop on
conversations meant only for adult ears?";
"We're discussing...very, VERY important
topics that kids just wouldn't understand.
You're far too young to be listening to us,
young man! So shoo!";
"So anyway, you know that brick building at
the top of the steps? Well, the gentleman
who lives there has SUCH class!";
"Ooh, I KNOW! That mysterious pictographer,
[Tag Color  val={0001} ]Lenzo[Tag Color  val={FFFF} ][Tag Color  val={0000} ], is so...dreamy! Ohhhhhhhh...
He makes my heart go aflutter![Tag Color  val={FFFF} ]";
"But...do you think the rumors could be true?
Is he actually devoted to someone special?
He just seems too serious about his work to
be involved with somebody...";
"The lucky lady! Who could she be?! I wish
someone would take a pictograph of the
two of them together so we could see if the
rumors are true! Oh, that'd be to die for!";
"Well, I suppose we were all wrong about
the rumors of [Tag Color  val={0001} ]Lenzo[Tag Color  val={FFFF} ][Tag Color  val={0000} ] and his "girlfriend"...[Tag Color  val={FFFF} ]";
"Ahhh... I simply can NOT wait!
Tonight's auction is going to be so fun!";
"Oooh! Oooh! The excitement! The drama!
Just wondering who's going to win the
bidding race tonight gives me goose bumps!
...I'm not sure I can wait until dark!";
"I'm going to be the auction star tonight,
I just know it!";
"They call those pictographs. I know all
about those things. ...That one's pretty nice.";
"Oh, you mean [Tag Color  val={0001} ]Lenzo[Tag Color  val={FFFF} ][Tag Color  val={0000} ] and the lady who loves
pictographs? Yes, yes, I already know
about that.[Tag Color  val={FFFF} ]";
"OH! 
[Tag Size  val={004B} ]This is...[Tag Size  val={0064} ]";
"It's the pictographer, [Tag Color  val={0001} ]Lenzo[Tag Color  val={FFFF} ][Tag Color  val={0000} ], and that
pictograph-loving lady![Tag Color  val={FFFF} ]";
"I guess we were completely wrong about
Lenzo having a girlfriend...


It looks as though they're just old friends
who happen to share the same hobby.";
"Thanks for setting us straight, young man.
We really should stop spreading idle
gossip like that.[Tag 1:6 val={0014} ]

...You've taught us the error of our ways,
and to thank you, we're going to give you
something nice. Stick out your hand!";
"My naughty little boy found this
somewhere. I'm sure you'll like it!";
"Well, if it isn't a lovely [Tag Color  val={0001} ]Joy Pendant[Tag Color  val={FFFF} ][Tag Color  val={0000} ]!
...Unfortunately, young man, the two of us
have plenty of joy in our lives right now,
so we don't need any of those. But thanks![Tag Color  val={FFFF} ]";
"You look like a curious boy... Did you know
there's an island a little to the east of
here called [Tag Color  val={0001} ]Dragon Roost Island[Tag Color  val={FFFF} ][Tag Color  val={0000} ]?[Tag Color  val={FFFF} ]";
"Folks say that the island is the home of a
tribe of people who dance in the skies like
birds on the wind. They call themselves the
[Tag Color  val={0001} ]Rito[Tag Color  val={FFFF} ][Tag Color  val={0000} ], and they say a [Tag Color  val={FFFF} ][Tag Color  val={0001} ]sky spirit[Tag Color  val={FFFF} ][Tag Color  val={0000} ] lives nearby.[Tag Color  val={FFFF} ]";
"But...to someone like me, a person who's
never left this little island, it may as well
be a fairy tale out of a child's book.
...Oh, if only I had my own boat!";
"[Tag Color  val={0001} ]Dragon Roost Island[Tag Color  val={FFFF} ][Tag Color  val={0000} ]...
I'd surely love to go there someday. They
say it's only a little ways to the east...[Tag Color  val={FFFF} ]";
"The sky-dancing [Tag Color  val={0001} ]Rito tribe[Tag Color  val={FFFF} ][Tag Color  val={0000} ]... A mystical
[Tag Color  val={FFFF} ][Tag Color  val={0001} ]sky spirit[Tag Color  val={FFFF} ][Tag Color  val={0000} ]... Dragon Roost Island just
sounds like a paradise floating in the
ocean of my dreams![Tag Color  val={FFFF} ]";
"Is... Is... Is that...your boat?
Well, that's startling!";
"Have you by chance seen...any
[Tag Color  val={0001} ]Skull Necklaces[Tag Color  val={FFFF} ][Tag Color  val={0000} ]?[Tag Color  val={FFFF} ]";
"My son is a sailor, but lately he's been
obsessed with collecting Skull Necklaces.
He never pays attention to his dear mum
anymore! He just goes on about necklaces!";
"...I simply can't believe it! What sort of
coldhearted boy prefers trinkets to the
company of his own mum?!!";
"Is that a [Tag Color  val={0001} ]Joy Pendant[Tag Color  val={FFFF} ][Tag Color  val={0000} ]? Well, how nice for
you. And thanks, but nothing can ever bring
me more joy than the wedding ring my
husband gave to me fifty years ago.[Tag Color  val={FFFF} ]";
"Umm, if I may suggest something, I'd prefer
you to take my pictograph from the front...


I'll certainly have no complaints if you take
a perfect shot of me from my face down to,
oh, say...my hips! Yes, that would do nicely!";
"Well, that's an excellent pictograph of me!
...I'm amazed! Usually, I look awful on film!


Oh, but...somehow my complexion just
doesn't look right. Maybe that's because
it's a black and white pictograph...";
"Oh, yes! Look at my face!
...How charming!";
"Well, is this how I look today?
...Why, I had no idea that the gloss on my
skin was so...perfect!";
"Just LOOK at me! I am so stunning!
...Oh, I feel so wonderful now!


I have to reward you for making me
feel so good about myself! Here!";
"My son picked it up somewhere, and I
would imagine you like this sort of thing,
correct? My son likes it, so you must, too!";
"If you could indulge me for a moment,
please admit that I am looking FINE!
Why, looking this fine would have won me
the Miss Windfall crown way back when!
I'm STILL looking better than all the
younger girls I know! Hoo hoo hoo!";
"Oh, hoo hoo hoo! And how do I look today?";
"My skin will always be beautiful!



Hoo hoo hoo! Not even the younger girls
look prettier than me!";
"You know, HE always shows off his pictures
of me just as soon as he's taken them.";
"...What?! I'll have you know I've only come
here to have him take a pictograph of my
exceptionally beautiful skin!";
"I've been a huge fan of pictographs for a
long time now...


So don't go taking this the wrong way! ";
"Allow me to think... Ah. Yes. I first started
searching for pictographs that recorded
true beauty...oh, about ten years ago...";
"How interesting!";
"Hah?[Tag 1:6 val={000F} ]
...Who's there?[Tag 1:6 val={000F} ]";
"Wh-Wh-Wh[Tag 1:6 val={000F} ]-What are you doing here?[Tag 1:6 val={000F} ]
Were you trying to give me a heart attack?";
"Hmm... And now that I think on it, just how
did you get in here? Why, I never even
noticed you!";
"Well, if that isn't a [Tag Color  val={0001} ]Joy Pendant[Tag Color  val={FFFF} ][Tag Color  val={0000} ]! Wait...
Are you trying to say that I look even
more fabulous when I wear jewelry?

Why, you delightful little rascal!
Tee hee![Tag Color  val={FFFF} ]";
"Welcome!";
"Oh, my! You're a very small customer,
aren't you? Well, that's fine, of course.
You just feel free to look around!";
"Oh, can I help you with something?
[Tag 1:7  ]Let's talk
Maybe next time";
"Well, bye!";
"You know, the world's a crazy place, kiddo.
You're still young, so you probably don't
know about what goes on out there beyond
the comfortable confines of your home.";
"Listen to this... The other night, a gang
of gangly pirates came into my shop
without any warning, and do you want to
know what they did?
Well, I'll tell you! They said, "Hey! You!
You'll be renting your little place out to us
tonight! You got that?!" I had no choice!";
"And that night, they stayed up all night
drinking coffee, singing strange pirate
songs of "love and loss" (whatever THAT
means), and generally causing a ruckus!
...Now THEY were a troublesome bunch!";
"If I look a little worried, it's just because
my pop's been sick and bedridden for a
long time now.";
"That's why I'm stuck managing this café!";
"It's taken me a while, but I think I'm finally
getting the hang of running this place.";
"When night falls around here, this place
fills up with all these sour, swarthy sailors.";
"In fact, there's this little boat called the
[Tag Color  val={0001} ]Shop Ship[Tag Color  val={FFFF} ][Tag Color  val={0000} ] that shows up at night and
cruises around the island selling things.
I'm not sure what the story is with that.
I guess what I'm trying to tell you here is
that this town has two faces: the nice,
pretty one you see in the [Tag Color  val={FFFF} ][Tag Color  val={0001} ]day[Tag Color  val={FFFF} ][Tag Color  val={0000} ] and the
darker, shadier one you see at [Tag Color  val={FFFF} ][Tag Color  val={0001} ]night[Tag Color  val={FFFF} ][Tag Color  val={0000} ].
...But I suppose that's too heavy a concept
for a youngster like yourself, eh?[Tag Color  val={FFFF} ]";
"Shhh! Keep quiet! ...This is no time for a kid
like you to be coming in here!";
"You don't want to get hurt, do you?
Just be a good kid and go home, OK?";
"Just a second, there, kid! ...Look, this isn't
any time for a kid like you to be coming
in here! Just trust me, OK?";
"Go on, now! Go home!";
"...Don't you know? The hooded guy who
runs the little stall downstairs...
I think his name is [Tag Color  val={0001} ]Zunari[Tag Color  val={FFFF} ][Tag Color  val={0000} ]...

Anyway, he's been hiding an incredible
treasure down there. That's what he says,
anyway. Something incredible.[Tag Color  val={FFFF} ]";
"The fact is, he comes up here all the time
just to brag about it.


To be honest, I'm pretty tired of hearing
about it, whatever it is.";
"Have you heard? About [Tag Color  val={0001} ]Zunari[Tag Color  val={FFFF} ][Tag Color  val={0000} ]? You know,
that big-hooded man who runs the stall
just downstairs from here?

Well, I hear he had an incredible treasure
that he valued above all else in that safe
of his, but that he went and gave it to
some strange boy for no apparent reason![Tag Color  val={FFFF} ]";
""My dear! I've gone and spread a little
joy to a pitiable boy! Dear me!"
...That's what he said, with the most
serious of looks on his face. 
It was a real eye-opener! I mean, what a
great person! I've completely changed my
opinion of him!";
"Is it true that pirates have invaded our
peaceful little island?


That's terrible news! What am I supposed
to do if they come to my coffeehouse and
start raising a ruckus?!";
"Well? What do you think about my outfit?
...You don't see clothes like this often,
do you? Aren't they so cute?";
"A friend of mine who lives on Outset Island
sent this outfit to me.


She's an amazing girl. She can put jars on
her head and walk around like it's nothing
at all! You have to see it to believe it!";
"You know something? When you stand here,
you see a lot of different people pass by.";
"This is a brand-new outfit, you know.
I just wish someone would notice it.";
"[Tag Size  val={004B} ]Actually, there's a fella I've had my eye on lately.[Tag Size  val={0064} ]";
"He's got such a distinguished chin...
And he's always walking back and forth.";
"Hey, I've had something on my mind ever
since the [Tag Color  val={0001} ]pictographer [Tag Color  val={FFFF} ][Tag Color  val={0000} ]who lives in the red
brick building told me my fortune.[Tag Color  val={FFFF} ]";
"He told me that if I send a beautiful
pictograph of myself to the one who has
captured my heart, true love will blossom
in return...";
"So I couldn't help but notice...that you
have a [Tag Color  val={0001} ]Picto Box [Tag Color  val={FFFF} ][Tag Color  val={0000} ]of your own, don't you?
Do you think you could take a pictograph
of me to the apple of my eye?
Maybe he'll notice my affections...
[Tag 1:7  ]Leave it to me!
Keep me out of this![Tag Color  val={FFFF} ]";
"Really?! How splendid!



Be sure to get my good side!



Oh! I want to show off this outfit, so
don't just take a pictograph of my face.
Can you be sure to get [Tag Color  val={0001} ]my whole body[Tag Color  val={FFFF} ][Tag Color  val={0000} ] in
the pictograph?[Tag Color  val={FFFF} ]";
"Well, that's just plain mean!";
"After you do your little "CLICK! CLICK!"
and take my pictograph, be sure to take
it to him for me!";
"[Tag Size  val={004B} ]Then surely...[Tag Size  val={0064} ]";
"[Tag Size  val={004B} ]Maybe... He'll come tomorrow![Tag Size  val={0064} ]";
"The two of us...are going to start dating!
Don't we make a delightful couple?";
"I'm so happy! And that's why I want to
share some of our happiness with you!";
"Take good care of it!";
"You delivered my pictograph, didn't you?
Well, it looks like that was what brought us
together... Thank you so much!";
"Thanks to you, [Tag Color  val={0001} ]Anton[Tag Color  val={FFFF} ][Tag Color  val={0000} ] and I have grown so
close to one another.
...Thank you so much![Tag Color  val={FFFF} ]";
"Hey... Have you ever seen what I call the
frightening fish-men?";
"Check this out... The other day I was out
at sea on a cruise, and without thinking
much about it, I tossed some leftover
bait out on the waves...";
"And you will NEVER guess what happened!



This fishy-looking thing popped up on the
surface, but it was no ordinary fish! It had
this weird, human-looking smile on its face,
and it just gobbled up the bait!";
"The ocean is so very vast. Many mysterious
things that we've yet to even dream of lie
sleeping beneath its waves...";
"You'd better remember this! Even if you see
a shadow underwater that you THINK looks
like a fish, whatever you do, don't throw
bait out for it, OK?
Because if you do, one of the dreaded
fish-men might appear and pull you
underwater with him!";
"It's true! One hundred percent true!
I've seen it myself! A stern-looking pirate
ship sailing full speed toward this little
town! I'd swear on the sea!";
"[Tag Color  val={0005} ]Tee hee hee!
Tell me, little boy...
[Tag 1:6 val={0014} ]Can you control the wind?[Tag Color  val={FFFF} ]";
"[Tag Color  val={0005} ]Hee hee! So young, to have such power...[Tag Color  val={FFFF} ][Tag Color  val={0000} ]
[Tag Color  val={FFFF} ][Tag Color  val={0005} ]How did you know to find me here?[Tag Color  val={FFFF} ]";
"[Tag Color  val={0005} ]I am the queen of the fairy world!



What is the matter, my child?
Does that not surprise you?[Tag 1:6 val={000A} ] Young one...[Tag Color  val={FFFF} ]";
"[Tag Color  val={0005} ]I like you.



And so, I shall give new power to the
[Tag Color  val={FFFF} ][Tag Color  val={0001} ]bow[Tag Color  val={FFFF} ][Tag Color  val={0005} ] that you wield.[Tag Color  val={FFFF} ]";
"[Tag Color  val={0001} ]Ice Arrows[Tag Color  val={FFFF} ][Tag Color  val={0005} ] can freeze the hottest flames,
and [Tag Color  val={FFFF} ][Tag Color  val={0001} ]Fire Arrows[Tag Color  val={FFFF} ][Tag Color  val={0005} ] can melt the coldest ice.[Tag Color  val={FFFF} ]";
"[Tag Color  val={0005} ]The fairies in this fountain will ease your
weariness.[Tag 1:6 val={0014} ] Use them as you need to.[Tag Color  val={FFFF} ]";
"[Tag Color  val={0005} ]Child...



I must tell you... You are just my type.
Tee hee hee![Tag Color  val={FFFF} ]";
"[Tag Color  val={0005} ]Young waker of the winds...[Tag Color  val={FFFF} ]";
"[Tag Color  val={0005} ]Allow me to aid you in your quest.[Tag Color  val={FFFF} ]";
"[Tag Color  val={0005} ]The fairies in this fountain shall ease your
weariness. When you grow fatigued from
your battles, come here to be refreshed.[Tag Color  val={FFFF} ]";
"[Tag Color  val={0005} ]Oh, waker of the winds...[Tag Color  val={FFFF} ]";
"[Tag Color  val={0005} ]Thanks to you, I have been freed from
that beast's foul grasp...[Tag Color  val={FFFF} ]";
"[Tag Color  val={0005} ]As thanks, I shall give you just a little
of my power...[Tag Color  val={FFFF} ]";
"[Tag Color  val={0005} ]May the winds of fortune always blow
across your bow...[Tag Color  val={FFFF} ]";
"[Tag Color  val={0005} ]In the [Tag Color  val={FFFF} ][Tag Color  val={0001} ]place where the wind god guides
you[Tag Color  val={FFFF} ][Tag Color  val={0005} ], you will find one who can grant new
power to the [Tag Color  val={FFFF} ][Tag Color  val={0001} ]Hero's Bow[Tag Color  val={FFFF} ][Tag Color  val={0005} ] that you wield.[Tag Color  val={FFFF} ]";
"[Tag Color  val={0005} ]...Power that can freeze fierce flames and
melt the coldest ice.[Tag Color  val={FFFF} ]";
"[Tag Color  val={0005} ]When you find you have need of such
power, you must call upon the powers of
the wind god.[Tag Color  val={FFFF} ]";
"[Tag Color  val={0005} ]Young waker of the winds...[Tag Color  val={FFFF} ]";
"[Tag Color  val={0005} ]How did you manage to find this place?[Tag Color  val={FFFF} ]";
"[Tag Color  val={0005} ]I am the queen of the fairy world.
I have been awaiting your arrival.


...But now is not yet the time for us
to meet.[Tag Color  val={FFFF} ]";
"[Tag Color  val={0005} ]You still have many challenges to overcome.
You seek to protect an individual very dear
to you.

Yes, I know of her...[Tag Color  val={FFFF} ]";
"[Tag Color  val={0005} ]...But there is yet another in this world
whom you must protect.[Tag Color  val={FFFF} ]";
"[Tag Color  val={0005} ]Come visit my fountain again when you
have met that individual...when the time
has come for you to face new challenges.

At that time, I shall show you my true self.[Tag Color  val={FFFF} ]";
"[Tag Color  val={0005} ]Tee hee hee!
Greetings, child![Tag Color  val={FFFF} ]";
"[Tag Color  val={0005} ]Tee hee hee!
It seems the door to your fate has already
swung open, has it not?[Tag Color  val={FFFF} ]";
"[Tag Color  val={0005} ]I am the queen of the fairy world.



What is the matter?
Does that not surprise you, [Tag 1:6 val={000A} ]child?[Tag Color  val={FFFF} ]";
"Oh! A fine welcome to you, young person
that I've never seen before!


You're so lucky to meet me at this time!
This shop will close in just [Tag Color  val={0001} ]seven more
days[Tag Color  val={FFFF} ][Tag Color  val={0000} ], and I'm having a clearance sale.[Tag Color  val={FFFF} ]";
"I'm going to be closing very soon, so if you
want to buy something, you'd better buy it
now. That's what I'd recommend.";
"Use [Tag 3:16  ] to browse, huh?";
"Why are you looking at me, huh?
Look at the goods!";
"Come again!";
"[Tag Color  val={0001} ]Empty Bottle: MSRP
[Tag Color  val={FFFF} ][Tag Color  val={0000} ]This is my last one.[Tag Color  val={FFFF} ]";
"[Tag Color  val={0001} ]Piece of Heart: Open Price
[Tag Color  val={FFFF} ][Tag Color  val={0000} ]This is my last one of these, too.[Tag Color  val={FFFF} ]";
"[Tag Color  val={0001} ]Treasure Chart: Current Price
[Tag Color  val={FFFF} ][Tag Color  val={0000} ]The price may be high, but it'll pay
off handsomely in the end![Tag Color  val={FFFF} ]";
"This [Tag Color  val={0001} ]empty bottle[Tag Color  val={FFFF} ][Tag Color  val={0000} ] is a mere [Tag Color  val={FFFF} ][Tag Color  val={0001} ]500 Rupees[Tag Color  val={FFFF} ][Tag Color  val={0000} ]!
Buy it! Buy it! Buy buy buy!
[Tag 1:7  ]I'll buy it
No thanks[Tag Color  val={FFFF} ]";
"This [Tag Color  val={0001} ]Piece of Heart[Tag Color  val={FFFF} ][Tag Color  val={0000} ] is only [Tag Color  val={FFFF} ][Tag Color  val={0001} ]950 Rupees[Tag Color  val={FFFF} ][Tag Color  val={0000} ]!
Buy it! Buy it! Buy buy buy!
[Tag 1:7  ]I'll buy it
No thanks[Tag Color  val={FFFF} ]";
"This [Tag Color  val={0001} ]Treasure Chart [Tag Color  val={FFFF} ][Tag Color  val={0000} ]is just [Tag Color  val={FFFF} ][Tag Color  val={0001} ]900 Rupees![Tag Color  val={FFFF} ][Tag Color  val={0000} ]
Buy it! Buy it! Buy buy buy!
[Tag 1:7  ]I'll buy it
No thanks[Tag Color  val={FFFF} ]";
"OHHHHH! You don't have enough Rupees!
Come on! Get it together!";
"You can't carry anything more!";
"Oh! You don't have an empty bottle!
I'm only selling the contents! Sorry!";
"OHHHHH! Thank you so much!
You're happy, I'm happy...
We're all happy!";
"I didn't lie! I closed...and completely redid
the inside of my shop. Tah-dah! It's reborn!";
"What? I have nothing to talk about...
Just buy something, huh?";
"What's that? Why would I know what that
is? I'm not Beedle! Or whatever his name is!
Don't show me that!";
"If you have time to show me that, then
you're not doing what you should be!
Stop fooling around!";
"OHHHHH! I'm sad to say that this shop will
close in just six short days.


Right now, I'm having my clearance sale.
Great deals to be had!";
"OHHHHH! I regret to inform you that this
shop will be closing in just five days.


It's clearance-sale time!
But for a limited time only!";
"This shop closes in just four more days.



Everything is on sale! It all must go!
If you want to buy, buy now!";
"OHHHHH! Time grows short! This shop will
close in just three days.


If you want to buy, do it now!";
"OHHHHH! The clock is ticking! This shop
will close in just two days!


Everything must go!
...But for a limited time only!";
"OHHHHH! This shop will close tomorrow!
That's it! Closed! Tomorrow!


Our clearance sale ends tomorrow!
Now may be your last chance!";
"OHHHHH! This shop will be closing today!
Today, the curtain drops!


Everything HAS to go!
This is your LAST chance!";
"OHHHHH! A fine welcome to you!



We've remodeled and reopened! Hoo-rah!
And right now, we're having a special
Grand Reopening Sale!
Have a look around!";
"We're having our Grand Reopening Sale!
Buy something! Buy buy buy!";
"OHHHHH! Welcome!



Buy something! Buy! Buy!";
"OHHHH! I'm really sorry! Really, I am! I'm all
sold out of everything!


But luckily, I'll be getting a new shipment
of some fine products in shortly! Just wait
a bit and then come on back, huh?";
"Sorry about that!";
"OHHHHH! Hey! I've been waiting for you!



These scurvy pirates sold me some [Tag Color  val={0001} ]bombs
[Tag Color  val={FFFF} ][Tag Color  val={0000} ]for cheap! This may be your only chance!
Buy buy buy![Tag Color  val={FFFF} ]";
"By the way, are you friends with that
adorable little kid?";
"Ohhh, you're pretty smart for someone with
such a young face, huh?
[Tag 4:125  ][Tag 1:6 val={000A} ]Yuk yuk yuk yuk yuk!";
"Buy something, you little imp!";
"Yuk yuk yuk yuk yuk!";
"We close tomorrow! If you're going to
buy, you'd better buy now!";
"We close today! Which means this is the
last day for our clearance sale! Which
means that you'd better buy buy BUY!";
"I don't have anything for sale at the
moment, but I'm constantly looking for
things that I can sell at good prices JUST
to you. I'm serious! I'm not lying!";
"Have I ever tricked you before?
[Tag 1:7  ]Yes
No";
"Of course not! So believe me! Just wait a
little longer, huh?";
"I'm sorry, I wasn't listening just now...";
"What? I couldn't hear you.";
"I'm sorry, I don't understand the words
that you use. What language is that?";
"OHHHHH! You're absolutely right! I've never
fooled you! Not even one time! Not once!
Thank you so much for believing me!";
"[Tag Color  val={0001} ]30 Bombs  60 Rupees
[Tag Color  val={FFFF} ][Tag Color  val={0000} ]This is a great price![Tag Color  val={FFFF} ]";
"30 Bombs  60 Rupees
Will you buy them? Buy them! Buy buy buy!
[Tag 1:7  ]I'll buy them
No thanks";
"[Tag Color  val={0001} ]30 Arrows  60 Rupees
[Tag Color  val={FFFF} ][Tag Color  val={0000} ]They're quite cheap in bulk!
And in this color, they match your bow
perfectly, huh?[Tag Color  val={FFFF} ]";
"30 Arrows  60 Rupees
Will you buy them? Buy them! Buy buy buy!
[Tag 1:7  ]I'll buy them
No thanks";
"[Tag Color  val={0001} ]Red Potion 30 Rupees
[Tag Color  val={FFFF} ][Tag Color  val={0000} ]This is great for recovering life energy!
Do you have an empty bottle to keep it in?[Tag Color  val={FFFF} ]";
"Red Potion 30 Rupees
Will you buy it? Buy it! Buy buy buy!
[Tag 1:7  ]I'll buy it
No thanks";
"Thank you so much for the sale!";
"What's that? I don't buy or trade!";
"Fine night, isn't it?";
"You know, this thing may look like a
windmill, but it's actually a [Tag Color  val={0001} ]wind-powered
Ferris wheel[Tag Color  val={FFFF} ][Tag Color  val={0000} ]! It used to harness the wind's
power to spin in quite a nifty manner...
But we rarely get a favorable wind around
here anymore, so it doesn't budge.[Tag Color  val={FFFF} ]";
"I'm pretty sure it's not broken or anything,
though, so if the [Tag Color  val={0001} ]wind [Tag Color  val={FFFF} ][Tag Color  val={0000} ]blew [Tag Color  val={FFFF} ][Tag Color  val={0001} ]in the right
direction again[Tag Color  val={FFFF} ][Tag Color  val={0000} ], we'd just have to hit the
[Tag Color  val={FFFF} ][Tag Color  val={0001} ]power switch[Tag Color  val={FFFF} ][Tag Color  val={0000} ] out back to get it moving.[Tag Color  val={FFFF} ]";
"Whoa! That's a pretty incredible wind
we've got blowing right now![Tag 1:6 val={0014} ]


But...the funny thing about this [Tag Color  val={0001} ]Ferris wheel
[Tag Color  val={FFFF} ][Tag Color  val={0000} ]is the fact that it doesn't matter how strong
the breeze is—it still won't budge unless
someone presses the power switch!
I don't know why they didn't just make it
work like a regular old windmill.
That would have been way better![Tag Color  val={FFFF} ]";
"Hmmm... It looks like a southeasterly wind
is blowing right now.";
"Hmm... It looks like a southwesterly wind
is blowing now.";
"Hmm... It looks like an easterly wind is
blowing now.";
"Hmmm... It looks like a westerly wind is
blowing now.";
"Ummm... It looks like a northerly wind is
blowing now.";
"Hmm... It looks like a northeasterly wind
is blowing now.";
"Umm... It looks like a northwesterly wind is
blowing now.";
"Do you see that, little man? The light in
the lighthouse has been reignited! Check
out the beam of light that sweeps out now,
shining through the night's darkness!";
"Seeing that brave beam fighting the gloom
has made me so happy, I just feel like
giving somebody a present. So, here! I'm
giving this to you, little man!";
"Now Windfall is going to be even more
lively than before! Hurray for everything!";
"Well, would you look at that! The Ferris
wheel just started moving all on its own!
Somebody must have started it up.

I wonder who got the thing going again?
I don't know who it was or where he is, but
he must be one nice guy—assuming, of
course, that he IS a guy.";
"Well, seeing as how it's finally moving
again, you should go for a ride while you
have the chance.

You can jump into the [Tag Color  val={0001} ]gondola seats [Tag Color  val={FFFF} ][Tag Color  val={0000} ]just
around the corner from here! Trust me,
little man, it's fun.[Tag Color  val={FFFF} ]";
"This tower was originally used as a
lighthouse for Windfall Island, you know.


Yeah, it used to send a bright shaft of light
onto the night sea—sort of a safety beacon.
...But that was quite some time ago.";
"Even now, what's left of that lighthouse's
illumination device still spins around up
top, all night, every night.
...But its fire remains extinguished.";
"Isn't that a sad story? And it doesn't have
to be. I bet that thing would light up again
if someone could just get a spark of fire
inside it.";
"Looking out from the top of a lighthouse
is the best! Don't you agree, little man?";
"A little rain once in a while isn't bad at all!
I think I've actually missed getting wet!";
"You...don't look at all familiar, buddy.
Are you some kind of tourist or something?
If you are, I'll show you around—why don't
you join me for a little stroll around town?";
"Our [Tag Color  val={0001} ]Windfall Island[Tag Color  val={FFFF} ][Tag Color  val={0000} ] may be a little cozy,
so to speak, but people from all over the
world come here. The town's always lively.[Tag Color  val={FFFF} ]";
"Ha ha! Why, just walking around and
having a look at things is quite fun!
THAT'S the mark of a great town!";
"So anyway, taking strolls is kind of like a
hobby of mine. I'm always moving, buddy!
...But do you think it's strange for a young
guy like me to walk around so much?";
"Well, whatever. I'll tell you one thing:
because I take so many strolls, I know all
the best walking courses in town.";
"Take that little path beside the bomb shop,
for example. How many people in town know
that it kind of sneaks around behind the
building? I think I'm the only one, buddy!";
"I tell you, every time I walk by, she kind of
gives me that look... You know that look I'm
talking about? What do you suppose that
look could mean...?";
"There's this certain someone that I've had
my eye on lately. I don't know her name,
but boy, oh boy...";
"Whenever I think about her, my heart just
starts fluttering in my chest. I've never
felt anything like this before...

You think I'm catching a cold, buddy?";
"That's it! I've made up my mind! First, I'm
going to ask her out for [Tag Color  val={0001} ]coffee[Tag Color  val={FFFF} ][Tag Color  val={0000} ], and then,
if things seem to be going right, I'm going
to profess my love for her![Tag Color  val={FFFF} ]";
"Urrgh... I just can't seem to settle down.
I'm so nervous... I mean, just when am I
supposed to invite her out, buddy?";
"Hey! It's you! Listen to this, will you?
I...DID...IT! I worked up my courage, and
I talked to her, and it was totally the
right move!
You know why, buddy? She likes me!
She actually likes me!";
"Everything's coming up roses for me...
Life IS good, buddy!";
"I'm so happy! And you, [Tag Color  val={0001} ]Linda[Tag Color  val={FFFF} ][Tag Color  val={0000} ]...
You're so swell![Tag Color  val={FFFF} ]";
"Oh! A pictograph, eh, buddy?";
"Say... Speaking of pictographs, did you
know we have a famous pictographer living
here on the island? [Tag Color  val={0001} ]Lenzo[Tag Color  val={FFFF} ][Tag Color  val={0000} ] is his name.[Tag Color  val={FFFF} ]";
"Have you met him yet, buddy?";
"...But man, is this a terrible pictograph!
Who is this, anyway?!";
"...Hmm, this one's not bad, but the color
just isn't right, somehow.";
"Maybe because it's in black and white?";
"Ah! This girl...!



Actually, buddy, this is the girl I've had
my eye on lately.";
"Wow! She really IS that pretty! I mean,
just seeing this pictograph reminds me
of how gorgeous that girl is...

But no! I'll never be happy with just a
mere pictograph! Never!";
"That's it! I've made my decision! I am going
to get that girl to go out with me!
It's got to be done, buddy!";
"I've got it! Maybe I'll invite her to join me
at the café bar—for coffee, of course!


...So what's her name, anyway?
Do you think she's nice?
Does she have a steady fellow?
Ohhhhh, I'm so NERVOUS!";
"Oh, that's nice, buddy!";
"Yep, to sailors like us, the wind's our
whole life! It'd sure be nice if a fair wind
blew today...";
"Oh! There's a fair wind blowing to the west!";
"If you were to set sail and let this easterly
wind take you where it would, you'd end up
at a place called the [Tag Color  val={0001} ]Mother & Child Isles[Tag Color  val={FFFF} ][Tag Color  val={0000} ].
It's a real pleasant sail—not too far away.[Tag Color  val={FFFF} ]";
"But the thing is, the mother island is
pretty much surrounded by this high rock
wall. There's no way anyone'll ever get in
there...unless they can [Tag Color  val={0001} ]fly[Tag Color  val={FFFF} ][Tag Color  val={0000} ], of course![Tag Color  val={FFFF} ]";
"Oh, there's no fair wind blowing west
right now.";
"Yup, we men of the sea are real sensitive
when it comes to wind direction!";
"Squid.



...You ever been all ate up by one o' them
squid out on the Great Sea?
[Tag 1:7  ]Oh yeah
Nope";
"Don't you go lyin', now! Why, stick any
other sailor out there in my position and
he'd be belly up. He'd have been finished.
FINISHED, I'm tellin' you!
It's a darn good thing I'm about as
rough and tumble a sailor as you'll ever
meet! Oh, you better believe it!";
"This one time, our ship got caught in this
giant whirlpool, you get me? And what's
there waitin' for us in the middle of it?
...The giantest squid you ever seen!";
"All over its body the thing had these
beady, gnarly, glowin' eyes...
And I don't even KNOW what was goin'
on with its tentacles!";
"...Now that I'm thinkin' on it, those were
the squirrelliest eyes I ever seen! If I ever
come across that beastie again, I'll whale
him in the eyes. THAT'S what I'll do!";
"Hmmm... It's a westerly wind that's blowing
now. If you were to sail where this wind
would take you, you'd end up on a straight
shot for [Tag Color  val={0001} ]Dragon Roost Island[Tag Color  val={FFFF} ][Tag Color  val={0000} ]...[Tag Color  val={FFFF} ]";
"...But I suppose telling that to a nonsailor
like yourself is a bit pointless, eh?";
"The sea's a fine thing, to be sure, but it's
not until I get back to town again that I
can really relax, know what I mean?";
"And when I see the area around this fine-
lookin' gate we got here... Well, that's
when I really start feelin' good. Yeah,
that gate in particular just says...
"At long last, you're home, boy!"
...I s'pose that's the feelin' I'm
talkin' about. That comin'-home feelin'.";
"That huge gate there at the entrance to
town is one of Windfall Island's most
famous features. No matter how much I see
it, I never get tired of it, you know?";
"Hey, by the by, there's a statue way up
there on top of the gate that looks kinda
familiar somehow...

...Is that [Tag Color  val={0001} ]Zunari the Shop Master[Tag Color  val={FFFF} ][Tag Color  val={0000} ]?[Tag Color  val={FFFF} ]";
"Hey, by the by, there's a statue way up
there on top of the gate that looks kinda
familiar somehow...

Is that an idol carved in the style of the
[Tag Color  val={0001} ]Rito tribe[Tag Color  val={FFFF} ][Tag Color  val={0000} ]? That's a mighty nice-lookin'
statue, if it is. Well, I guess it's mighty
nice even if it isn't a Rito, but still.[Tag Color  val={FFFF} ]";
"Hey, by the by, the top of that gate is
lookin' mighty fancy, if you ask me.


...Is there some kinda festival today
or somethin'?";
"Hey, by the by, the top of that gate is
lookin' mighty regal these days!
...A lover of flags such as myself can't
get enough of it, know what I mean?";
"Hey, by the by, they seem to have put all
sorts of statues on top of that gate...
It's a mighty peculiar way of decoratin' the
thing, but I like it, know what I mean?";
"Hey, by the by, don't it look like they've
tried to spice that gate up by decoratin' it
and such?

I think so, too. But whoever did it don't
have no sense of pomp and circumstance
at all, do they?!

I gotta tell you, before I became a sailor,
I wanted to be an [Tag Color  val={0001} ]artist[Tag Color  val={FFFF} ][Tag Color  val={0000} ], so when it comes
to ar-tis-tic expression, I'm kind of a snob,
know what I mean? A good snob.[Tag Color  val={FFFF} ]";
"But I gotta admit, it'd be nice to have that
gate decorated proper. You know, with a
true sense of decorative style...

Ain't there any youngsters around who
want to be [Tag Color  val={0001} ]artists[Tag Color  val={FFFF} ][Tag Color  val={0000} ] anymore?[Tag Color  val={FFFF} ]";
"Look at that! It's brilliant! It makes
me so happy to see the gate like that!
...Here! I want you to have this!";
"What inspired you to decorate that gate?
What, are you tryin' to be an [Tag Color  val={0001} ]artist
[Tag Color  val={FFFF} ][Tag Color  val={0000} ]or somethin'?

Well, nice work, I say! Nice work![Tag Color  val={FFFF} ]";
"Heh heh...
What are you doin' in a place like this
at such a late hour?

Isn't it bedtime for all the little brats?";
"'Tis a peaceful place, this here island...
The people here would never even dream of
leavin' their little paradise and settin' sail
on a voyage at sea, know what I mean?";
"Why, this town is full of faces that don't
even show the slightest interest in the sails
of a ship. Are we sailors the only ones?
Has no one else set out on the Great Sea?";
"Have you heard? There are pirates here on
this island now. RIGHT now! Well, that's
what they say, anyway.
...Me, I don't believe it.";
"Yeah, yeah. Step right up.";
"Eh?";
"Oh, you again?";
"You like this place, eh?";
"Wow. Haven't seen you around here for a
while. You must be a busy little kid...";
"If you have confidence in your [Tag Color  val={0001} ]target
shooting[Tag Color  val={FFFF} ][Tag Color  val={0000} ], why don't you give this a shot?[Tag Color  val={FFFF} ]";
"It's [Tag Color  val={0006} ]50 Rupees [Tag Color  val={FFFF} ][Tag Color  val={0000} ]per game. Wanna try?
[Tag 1:7  ]You bet
No thanks[Tag Color  val={FFFF} ]";
"[Tag Size  val={0096} ]Ah![Tag Size  val={0064} ]";
"[Tag Size  val={004B} ]...Oh... Never mind... My mistake...[Tag Size  val={0064} ]";
"Yeah, whatever.
Come again. Or not.";
"Umm, it's [Tag Color  val={0006} ]50 Rupees[Tag Color  val={FFFF} ][Tag Color  val={0000} ] per game...[Tag Color  val={FFFF} ]";
"All right. Now then...
Ermm... EH-HEM!";
"Oh! Ho! Ho!
[Tag 1:6 val={000A} ]So, you're the little shrimp who
thinks he's a target-shooting hotshot, yeah?";
"And you say this knowing full well that we
are pirates who are so frightening that
crying babies shut their mouths when we
step into the room?!";
"Har! This should be funny!
Fine then, hotshot!";
"If you can manage to sink the [Tag Color  val={0001} ]5[Tag Color  val={FFFF} ][Tag Color  val={0000} ] pirate
ships you see off on the horizon, we'll
acknowledge your skills with a cannon,
you shrimpy little landlubber!
HOWEVER! We won't tolerate any comments
about how the pirate ships look like
barrels! And you get only [Tag Color  val={FFFF} ][Tag Color  val={0001} ]10 shots[Tag Color  val={FFFF} ][Tag Color  val={0000} ]!
You heard me!
You can [Tag Color  val={FFFF} ][Tag Color  val={0001} ]move [Tag Color  val={FFFF} ][Tag Color  val={0000} ]your cannon with [Tag 3:8  ][Tag Color  val={FFFF} ][Tag Color  val={0001} ] [Tag Color  val={FFFF} ][Tag Color  val={0000} ]and
[Tag Color  val={FFFF} ][Tag Color  val={0001} ]fire[Tag Color  val={FFFF} ][Tag Color  val={0000} ] it with [Tag 3:0  ]. Watch the water plumes
carefully when you fire, yeah?[Tag Color  val={FFFF} ]";
"You got it, shrimp?
[Tag 1:7  ]I got it!
Not really...";
"Then clean out your ears and listen up!";
"If you manage to sink all [Tag Color  val={0001} ]5[Tag Color  val={FFFF} ][Tag Color  val={0000} ] pirate ships,
we'll give you all the [Tag Color  val={FFFF} ][Tag Color  val={0001} ]treasure[Tag Color  val={FFFF} ][Tag Color  val={0000} ] we've
stolen up until now! Good luck to you,
shrimp! You'll need it, yeah?[Tag Color  val={FFFF} ]";
"Oh! Ho! Ho!
You again, shrimp!?";
"So, our little shrimp has returned to us.";
"Oh... Too bad.";
"It's [Tag Color  val={0006} ]50 Rupees[Tag Color  val={FFFF} ][Tag Color  val={0000} ] per game...



Want to try again?
[Tag 1:7  ]Sure
No thanks[Tag Color  val={FFFF} ]";
"Psssh!
[Tag 1:6 val={000A} ]Wow![Tag 1:6 val={000A} ] Nice shooting...


But we won't hand over our priceless
[Tag Color  val={0001} ]treasure[Tag Color  val={FFFF} ][Tag Color  val={0000} ] so easily, yeah?[Tag Color  val={FFFF} ]";
"[Tag 1:6 val={000A} ][Tag 1:0  ]Miss![Tag 1:1  ] [Tag 1:6 val={000A} ][Tag 1:0  ]Hey, Miss![Tag 1:1  ]";
"Gonzo!
[Tag 1:6 val={000A} ]You're at least an honorary member of
my family, are you not?!

So act like it! Don't lose your head!";
"You're a talented little kid!
...I like you!


As we promised, here's our [Tag Color  val={0001} ]treasure[Tag Color  val={FFFF} ][Tag Color  val={0000} ].
It's yours, so take it![Tag Color  val={FFFF} ]";
"Psssh!
[Tag 1:6 val={000A} ]W-[Tag 1:6 val={000A} ]Wait a second!";
"[Tag 1:6 val={000A} ][Tag 1:0  ]Miss![Tag 1:1  ] [Tag 1:6 val={000A} ][Tag 1:0  ]Miss![Tag 1:1  ]";
"What do you want? Don't you know how to
keep quiet, you scurvy dog!?";
"Oh! I was just wondering who was out here,
and look at this! It's YOU again! Look at
you and that adorably cute face of yours!

I can't help but give away our [Tag Color  val={0001} ]treasure
[Tag Color  val={FFFF} ][Tag Color  val={0000} ]to you. It's yours, so take it![Tag Color  val={FFFF} ]";
"Did that boy beat you guys again!?
Give me a break! This is ridiculous!";
"Are you sure a kid like you should be
playing in a seedy place like this?


Oh well, a promise is a promise! Take our[Tag Color  val={0001} ]
treasure[Tag Color  val={FFFF} ][Tag Color  val={0000} ]! It's yours![Tag Color  val={FFFF} ]";
"All right. Nice job and all that...



You can leave via the ladder behind you.
Climb down in an orderly manner,
if you please...";
"Zzz...[Tag 1:6 val={000A} ] I'm already[Tag 1:6 val={000A} ]...[Tag 1:6 val={000A} ]closed...
[Tag 1:6 val={000A} ]for today...zzz...[Tag Size  val={004B} ]


[Tag Size  val={0064} ][Tag Size  val={0064} ]Myum myum...[Tag 1:6 val={000A} ] Come again...
[Tag 1:6 val={000A} ]tomorrow... ZZ[Tag Size  val={0064} ][Tag Size  val={004B} ]Zz[Tag Size  val={0064} ][Tag Size  val={0032} ]zz...[Tag Size  val={0064} ]";
"[Tag Color  val={0000} ]Forsaken Fortress[Tag Color  val={FFFF} ]";
"Star Island";
"Northern Fairy Island";
"Gale Isle";
"Crescent Moon Island";
"Seven-Star Isles";
"Overlook Island";
"Four-Eye Reef";
"Mother & Child Isles";
"Spectacle Island";
"[Tag Color  val={0000} ]Windfall Island[Tag Color  val={FFFF} ]";
"Pawprint Isle";
"[Tag Color  val={0000} ]Dragon Roost Island[Tag Color  val={FFFF} ]";
"Flight Control Platform";
"Western Fairy Island ";
"Rock Spire Isle";
"Tingle Island ";
"Northern Triangle Isle";
"Eastern Fairy Island ";
"Fire Mountain";
"Star Belt Archipelago ";
"Three-Eye Reef ";
"[Tag Color  val={0000} ]Greatfish Isle[Tag Color  val={FFFF} ]";
"Cyclops Reef";
"Six-Eye Reef";
"Tower of the Gods";
"Eastern Triangle Island";
"Thorned Fairy Island";
"Needle Rock Isle";
"Islet of Steel ";
"Stone Watcher Island";
"Southern
Triangle Island";
"Private Oasis";
"Bomb Island ";
"Bird's Peak Rock";
"Diamond Steppe
Island";
"Five-Eye Reef";
"Shark Island ";
"Southern Fairy Island ";
"Ice Ring Isle";
"[Tag Color  val={0000} ]Forest Haven[Tag Color  val={FFFF} ]";
"Cliff Plateau Isles";
"Horseshoe Island";
"[Tag Color  val={0000} ]Outset Island[Tag Color  val={FFFF} ]";
"Headstone Island";
"Two-Eye Reef";
"Angular Isles";
"Boating Course";
"Five-Star Isles";
"[Tag 1:11  ][Tag 2:0  ]'s Oasis";
"Triforce Chart 1";
"Triforce Chart 2
";
"Triforce Chart 3";
"Triforce Chart 4";
"Triforce Chart 5";
"Triforce Chart 6";
"Triforce Chart 7";
"Triforce Chart 8";
"Treasure Chart 1";
"Treasure Chart 2";
"Treasure Chart 3";
"Treasure Chart 4";
"Treasure Chart 5";
"Treasure Chart 6";
"Treasure Chart 7";
"Treasure Chart 8";
"Treasure Chart 9";
"Treasure Chart 10";
"Treasure Chart 11";
"Treasure Chart 12";
"Treasure Chart 13";
"Treasure Chart 14";
"Treasure Chart 15";
"Treasure Chart 16";
"Treasure Chart 17";
"Treasure Chart 18";
"Treasure Chart 19";
"Treasure Chart 20";
"Treasure Chart 21";
"Treasure Chart 22";
"Treasure Chart 23";
"Treasure Chart 24";
"Treasure Chart 25";
"Treasure Chart 26";
"Treasure Chart 27";
"Treasure Chart 28";
"Treasure Chart 29";
"Treasure Chart 30";
"Treasure Chart 31";
"Treasure Chart 32";
"Treasure Chart 33";
"Y'know, laddie, if I had to give myself a
title, it'd be a Know-It-All Sailor. I'm wise.
Learned. Experienced. G'head, ask me
anything you want to know about the sea.";
"I know it sounds kind of odd for me to say
this about myself, but you should know that
my mood changes with the wind. I'm a
whirlwind of emotion, laddie! Aye!
...But don't let that stop you from asking
me anything you want to know! Ask away!";
"Right now the wind is blowing to the north.
Say, that reminds me... There's an island to
the north that blasts out mighty gusts of
wind. Aye, a mysterious place... ";
"No one can get near it... It's like the very
breath of the earth is gushing out from the
bellows of the world. I tell you, laddie,
that's no average wind!";
"I don't think anyone could fight through
that wind—not unless he were a real hefty
bloke. Even a guy like me would be blown
back like a feather! And I'm a burly sort!";
"So the wind is blowing to the northwest
now, is it? Interesting, laddie!";
"Aye, now that I think about it... There's a
strangely magical island northwest of here.
It's the kind of place that feels like it
came straight out of a fairy tale.";
"Why, I've even got mates who claim to have
seen fairies on that island...but who knows
whether they're telling the truth or not.
The boys are prone to...boasting a wee bit.";
"So the wind is blowing to the northeast?
A sou'wester, is it, laddie?";
"Y'know, when you're out at sea at night,
and you take a look at the sky, the stars
are just amazing. In fact, when the weather
is fair, you can see the Big Dipper up there.";
"I don't know why that just sprung to mind,
to tell you the truth. You can see the Big
Dipper northeast of anywhere, not just here.";
"The wind is blowing west today, laddie!
Ah, west... There's a mighty interesting
island due west of here. Aye, so there is.";
"There's a gigantic cannon on it, and it's
manned by a suspicious-looking bloke.
Rumor has it, he's got something mighty
peculiar that he's showing off there.";
"I sure wouldn't mind taking a gander at
whatever it is myself, laddie!";
"So, the wind blows east, does it, laddie?
Have you seen the mountain far to the east
of this island? The [Tag Color  val={0001} ]volcanic isle[Tag Color  val={FFFF} ][Tag Color  val={0000} ] that spews
molten lava?! Oh, not a nice place! [Tag Color  val={FFFF} ]";
"Legend tells of a powerful treasure that lies
waiting for one who can brave the very
bowels of the earth and lay claim to it!
Aye, that tale's famous amongst us sailors!";
"That treasure... If the rumors are true, it can
turn you into a titan! Aye! It bestows so
much strength upon you, you could lift
stones the size of small islands, laddie!";
"...WHAT?!?
You already got that treasure!?
You can't be serious, laddie!";
"Why, I've heard just getting your hands
on that treasure makes you sturdy enough
to stand in the face of the fiercest winds!";
"Not many know of it, but there's an [Tag Color  val={0001} ]island
of ice[Tag Color  val={FFFF} ][Tag Color  val={0000} ] far to the south. Aye, it's said to be
wrapped in a biting blizzard so nasty, it
can freeze visitors solid in their tracks![Tag Color  val={FFFF} ]";
"But there's said to be a great treasure
hidden there, amongst the savage snows.
Or so the sailors tell...";
"Y'know, laddie, I've seen some odd things,
but nothing so odd as this one island. It
was far, far to the south of this town, and
it was home to this humongous head!";
"I've got to say, laddie, it looked to me like
that head was on watch...like there was 
something that it was guarding...
Maybe something below it...";
"But I never confirmed my suspicions. That
stone head was so heavy, I almost threw
my back out trying to move it! Aye, you'd
need unnatural strength to lift that thing!";
"So the wind blows to the southeast, does
she? Southeast...";
"Now that I think about it, I recall seeing the
strangest of houses on a lonely little
isle to the south. It seemed downright
[Tag Color  val={0001} ]out of place[Tag Color  val={FFFF} ][Tag Color  val={0000} ] to me, laddie...[Tag Color  val={FFFF} ]";
"I don't know what kind of fool goes
building a cabana in these treacherous
seas... But whoever did it has got some
nerve, I tell you! Oh, aye!";
"You say you want a sail for a boat?
Tell me you're kidding with me!
...Listen up, laddie! Try using your
head a little more!
What makes you think a bloke like me—a
guy who makes his living off the sea—would
give away the very sailing gear he needs to
survive?! Look elsewhere, laddie!";
"Now let's say—just for a moment—that
pirates actually did come ashore...
What would they want with a peaceful
village like this?! Tell me that, laddie!";
"Ahhhhhhh! Nothin' better than a cup of
refreshment at your local café after a long
day's work... Nothin'!";
"So, I'm feelin' pretty good. Why? 'Cause I
recently got myself a pet pig. Three, in fact!
I got a black-splotched pig, too! How often
do you see one of those? Not often, chum.";
"I've let 'em ashore to graze over yonder.
...But the thing is, I can't stop worryin'
about the little guys!";
"Hey! What are you doin', lollygaggin'
around! There's only [Tag 2:20  ] left!";
"See, if I don't get 'em out and exercise 'em
once in a while, they pick up excess flab!
Nobody likes an extra-fat pig, chum!

...So I'll be countin' on you to handle
this tomorrow, too!";
"Hey, just so you know, if you ever have
money issues, I give good financial advice.
You come talk to me anytime, chum! I may
not look rich, but I've got plenty of cash!";
"Oh... You got that look about you...that look
that says you've run into some tight-money
troubles... Am I right, chum?";
"You got any interest in takin' care of my
pigs for me? I'll pay cash, chum!
[Tag 1:7  ]Definitely
I'm not that desperate";
"You want to babysit my pigs again?
[Tag 1:7  ]Definitely
I'm not that desperate";
"...You aren't a very likable kid, are you?";
"Really?! Then let me explain...";
"I've let three pigs loose on this island, but
now I'm a little worried about one of 'em.";
"Is he hungry? Has he gotten sick? Is he
lonely? Angry? Depressed? I can't help
worryin' about him, so I want you to find
the little guy and bring him back to me.
If you can do it in under [Tag Color  val={0001} ][Tag 2:20  ][Tag Color  val={FFFF} ][Tag Color  val={0000} ],
I'll give you some pocket change![Tag Color  val={FFFF} ]";
"As for how you tell this guy apart from
the others... Well, it's easy, chum!
He's [Tag Color  val={0001} ]the pig that angers easily[Tag Color  val={FFFF} ][Tag Color  val={0000} ].

That pig's precious to me! Bring him back
here without injuring him, and press [Tag 3:26  ] to
set him down beside me, all right?[Tag Color  val={FFFF} ]";
"As for how you tell this guy apart from
the others... Well, it's simple, chum!
He's [Tag Color  val={0001} ]the stinky pig[Tag Color  val={FFFF} ][Tag Color  val={0000} ].

That pig's precious to me! Bring him back
here without injuring him, and press [Tag Color  val={0000} ][Tag 3:26  ][Tag Color  val={0000} ] to
set him down beside me. All right?[Tag Color  val={FFFF} ]";
"As for how you tell this guy apart from
the others... Well, it's real easy, chum!
He's [Tag Color  val={0001} ]the slightly stupid pig[Tag Color  val={FFFF} ][Tag Color  val={0000} ].

That pig's precious to me! Bring him back
here without injuring him, and press [Tag Color  val={0000} ][Tag 3:26  ][Tag Color  val={0000} ] to
set him down beside me. All right?[Tag Color  val={FFFF} ]";
"Are you ready, chum?
[Tag 1:7  ]Absolutely
I'm not sure...";
"Then let me explain it to you once more...";
"All right! Startin' now, you have to do it
within [Tag Color  val={0001} ][Tag 2:20  ][Tag Color  val={FFFF} ][Tag Color  val={0000} ]! Ready[Tag 1:6 val={000A} ].[Tag 1:6 val={000A} ].[Tag 1:6 val={000A} ].[Tag 1:6 val={000A} ]?[Tag Color  val={FFFF} ]";
"GO!!![Tag 1:3 val={000C} ]";
"What's that, chum?!";
"Oh! Did you go and bring me another
[Tag Color  val={0001} ]Skull Necklace[Tag Color  val={FFFF} ][Tag Color  val={0000} ]?[Tag Color  val={FFFF} ]";
"Oh! Chum! That's a [Tag Color  val={0001} ]Skull Necklace[Tag Color  val={FFFF} ][Tag Color  val={0000} ]!



I collect these things! ...But how'd you
know that?![Tag Color  val={FFFF} ]";
"I can sell these for huge profits at antique
stores. Which reminds me, there's somethin'
I want to talk to you about, chum...";
"Could you give me [Tag Color  val={0001} ]three[Tag Color  val={FFFF} ][Tag Color  val={0000} ] of these? If you
do, I'll let you play a really fun game.
[Tag 1:7  ]I'll give you three
Good-bye[Tag Color  val={FFFF} ]";
"...I can't stand you, chum...p!";
"Hey, now! You don't have enough of 'em!
Don't rile me up like that, chum!";
"Thanks, chum! I'm happy to take 'em off
your hands!";
"All right, then! Now I'll let you play my
little game. It's called...[Tag Color  val={0001} ]Piggy-Sitting[Tag Color  val={FFFF} ][Tag Color  val={0000} ]![Tag Color  val={FFFF} ]";
"I've let three pigs loose on this island.
You have to bring 'em all back to
me within [Tag Color  val={0001} ][Tag 2:20  ][Tag Color  val={FFFF} ][Tag Color  val={0000} ]![Tag Color  val={FFFF} ]";
"If you do a good job, I'll reward you for your
trouble! Are you ready, chum?
[Tag 1:7  ]Absolutely
I'm not sure...";
"All right! Bring 'em all to me within
[Tag Color  val={0001} ][Tag 2:20  ][Tag Color  val={FFFF} ][Tag Color  val={0000} ]—startin' now!
Ready[Tag 1:6 val={000A} ].[Tag 1:6 val={000A} ].[Tag 1:6 val={000A} ].[Tag 1:6 val={000A} ]?[Tag 1:6 val={000A} ][Tag Color  val={FFFF} ]";
"Oh... Too bad! Time's up! If you can't beat
my pigs, I guess you're still a little green,
chum! But don't sweat it!";
"Hey! Why didn't you show up yesterday???
I was waitin' all day for you, chum!
Oh, well... I guess that's all water under
the ship's bridge...";
"Way to go, chum! I don't know how you
figured out how to catch 'em all—this guy
in particular!";
"Oinky, oinky! Looks like you're full of
energy! I guess I didn't need to worry
after all. Well, thanks for playin', chum!";
"Oh, yeah! I guess a promise is a promise...
I owe you a little reward then, don't I?
All right, hold out your hand, chum!";
"I'm sure it was a good workout for my pig,
too. Thanks again, chum!";
"Well, whatever. I guess I can let you
make one mistake. But hurry up! You only
have [Tag 2:20  ] left!";
"Boooo! Wrong!
...I said I'd let you make one mistake, right?
ONE!";
"I guess you can't beat my pigs at their
own game! ...You're still a little green,
chum! But don't sweat it!";
"Wow! You found the third one! Nice work!
Well, chum...
You win.";
"But still... Cripes! How could my little
piggies lose like that...? They must be out
of shape—time for an exercise regimen!
Things won't go so easy for you next time!";
"Oh-ho! The first one arrives!
...You got [Tag 2:20  ] left, chum!";
"The second one shows up! Well, chum,
there's only [Tag 2:20  ] left!";
"Uh-oh! Wrong piggy, chum! The one I'm after
is even [Tag Color  val={0001} ]stupider[Tag Color  val={FFFF} ][Tag Color  val={0000} ]![Tag Color  val={FFFF} ]";
"Uh-oh! Wrong piggy, chum! The one you're
supposed to bring me is even [Tag Color  val={0001} ]stinkier[Tag Color  val={FFFF} ][Tag Color  val={0000} ]![Tag Color  val={FFFF} ]";
"Uh-oh! Wrong piggy, chum! The one you're
supposed to bring me is even [Tag Color  val={0001} ]angrier[Tag Color  val={FFFF} ][Tag Color  val={0000} ]![Tag Color  val={FFFF} ]";
"He's a [Tag Color  val={0001} ]stupid pig[Tag Color  val={FFFF} ][Tag Color  val={0000} ], so hurry up and
bring him back before he gets stupider![Tag Color  val={FFFF} ]";
"He's a [Tag Color  val={0001} ]stinky pig[Tag Color  val={FFFF} ][Tag Color  val={0000} ], so get him back here
before he stinks up the whole town![Tag Color  val={FFFF} ]";
"He's an [Tag Color  val={0001} ]angry pig[Tag Color  val={FFFF} ][Tag Color  val={0000} ], so get him back here
before he goes on an oinking rampage![Tag Color  val={FFFF} ]";
"Ahhhh! Nothin' better than a cup of
refreshment at your local café after a long
day's work... Absolutely NOTHIN'!

I'm tellin' you, those pirates were just
lookin' for a little relaxation. You don't
find cafés on the high seas!";
"[Tag 4:261  ]'Hoy! Hold it right there, small fry!";
"I don't know where you got your mitts on
that [Tag Color  val={0001} ]Sea Chart[Tag Color  val={FFFF} ][Tag Color  val={0000} ] you got there...[Tag Color  val={FFFF} ]";
"But it looks to me like it's pretty much got
nothing but seas drawn on it!


It's pathetic! In fact, it's almost an insult to
call that thing a [Tag Color  val={0001} ]Sea Chart[Tag Color  val={FFFF} ][Tag Color  val={0000} ], if you ask me![Tag Color  val={FFFF} ]";
"[Tag 4:264  ]What's the matter, small fry? I'm just trying
to be nice here! I'm telling you that you've
got a problem. And you do.

Don't give me that stupefied look! It makes
you look like you oughta be in diapers!";
"Just listen, OK? I'm here to teach you what
I know about this island, so open up your
[Tag Color  val={0001} ]Sea Chart[Tag Color  val={FFFF} ][Tag Color  val={0000} ]! And make it snappy![Tag Color  val={FFFF} ]";
"That's all I can teach you, small fry!



But I will do this for you, since I'm feeling
so generous: I'll send word to all my
brethren living near the islands of the
Great Sea. Good bunch of fish.
If you see a fish [Tag Color  val={0001} ]leaping[Tag Color  val={FFFF} ][Tag Color  val={0000} ] out of the water
when you sail near an island, sail up to it
and spread [Tag Color  val={FFFF} ][Tag Color  val={0001} ]bait[Tag Color  val={FFFF} ][Tag Color  val={0000} ] out on the water's surface.
Trust me, this is good advice, fry. 
See, the baiting process allows you to get
a [Tag Color  val={FFFF} ][Tag Color  val={0001} ]chart[Tag Color  val={FFFF} ][Tag Color  val={0000} ] of the island, along with any [Tag Color  val={FFFF} ][Tag Color  val={0001} ]info
[Tag Color  val={FFFF} ][Tag Color  val={0000} ]that might be of use to you. I HIGHLY
recommend you make a habit of doing so.
See, you're [Tag Color  val={FFFF} ][Tag Color  val={0001} ]definitely[Tag Color  val={FFFF} ][Tag Color  val={0000} ] going to need a
reliable [Tag Color  val={FFFF} ][Tag Color  val={0001} ]Sea Chart[Tag Color  val={FFFF} ][Tag Color  val={0000} ] to help you search for
things out at sea. I can't emphasize that
enough, fry. You NEED a well-drawn chart.
If you don't get a chart for every island
you come across, it'll just be a bigger
hassle for you later on! Now don't say I
never did anything for you, fry![Tag Color  val={FFFF} ]";
"'Hoy! You there! You Kingly Red Lion guy!
That's it! I've repaid my debt! I'm done!
You take care of the rest!";
"[Tag 4:261  ]'Hoy, small fry!";
"Yeah, yeah, I've heard. I take it you want a
[Tag Color  val={0001} ]chart[Tag Color  val={FFFF} ][Tag Color  val={0000} ] and [Tag Color  val={FFFF} ][Tag Color  val={0001} ]information [Tag Color  val={FFFF} ][Tag Color  val={0000} ]about this island?


Then start by opening up your [Tag Color  val={FFFF} ][Tag Color  val={0001} ]Sea Chart[Tag Color  val={FFFF} ][Tag Color  val={0000} ]![Tag Color  val={FFFF} ]";
"And that's all the info I've got to offer!



If you want to hear it again, you'll have
to throw some more [Tag Color  val={0001} ]bait[Tag Color  val={FFFF} ][Tag Color  val={0000} ] on the water for
me! Sorry, but that's my policy, fry!

I can't go fighting evil on an empty
stomach, you know![Tag Color  val={FFFF} ]";
"And with that...I'm off!";
"[Tag 4:262  ]Aww! Gimme a break! What's with using the
same bait all the time? Don't they make a
premium brand of this stuff?

Oh, well. Such is the life of a fish. So...
You want to hear the [Tag Color  val={0001} ]info [Tag Color  val={FFFF} ][Tag Color  val={0000} ]about this here
island again?[Tag Color  val={FFFF} ]";
"And that's all the info I've got for you, fry!



You'd better be thankful for the clues you
got from me! I'm serious!";
"And with that...I'm off!";
"[Tag 4:261  ]...Hey, what's that?



Why, small fry! That's a fine-looking bow
you got there! Where'd you get that?


If you're not in any kind of hurry, why
don't you stop and play with me a bit?
[Tag 1:7  ]OK
Sorry";
"Oh! Fine! Great! Like I care! ";
"[Tag 4:263  ]Hoo hoo! Of course you will, fry!
And to be honest, you'll be helping me out.
See, I've been having some ferocious body
aches that only acupuncture can cure!
Check it out: I'll give you [Tag Color  val={0001} ]10 arrows[Tag Color  val={FFFF} ][Tag Color  val={0000} ] for that
bow of yours, and I want you to aim those
suckers at me when I leap out of the sea!
Yeah! See if you can't peg me with 'em!
For [Tag Color  val={FFFF} ][Tag Color  val={0001} ]each arrow[Tag Color  val={FFFF} ][Tag Color  val={0000} ] you nail me with, I'll
give you [Tag Color  val={FFFF} ][Tag Color  val={0001} ]10 Rupees[Tag Color  val={FFFF} ][Tag Color  val={0000} ]...and if you hit me
[Tag Color  val={FFFF} ][Tag Color  val={0001} ]all 10 times[Tag Color  val={FFFF} ][Tag Color  val={0000} ], I'll give you [Tag Color  val={FFFF} ][Tag Color  val={0001} ]200 Rupees[Tag Color  val={FFFF} ][Tag Color  val={0000} ]!

What? You worried about little old me, fry?



Hah! Don't be! I'm a man-fish! I've spent my
life being toughened up by seas rougher
than any you've ever seen! Those arrows of
yours ain't got nothing on me![Tag Color  val={FFFF} ]";
"Get ready to start, small fry!";
"So anyway, can I interest you in that little
game of ours? I'm ready to play! Are you?
What do you say, small fry?

Do you want to play?
[Tag 1:7  ]Sure
Not really";
"[Tag 4:264  ][Tag Size  val={0096} ]AHH![Tag Color  val={0001} ][Tag 3:21  ][Tag Color  val={FFFF} ][Tag Size  val={0064} ][Tag Color  val={0000} ] That hit the spot![Tag Size  val={0064} ]
That completely cured my stiff neck![Tag Size  val={0064} ][Tag Color  val={FFFF} ]";
"W[Tag 1:6 val={000A} ]-Way to go, small fry!
That was p[Tag 1:6 val={000A} ]-perfect!


I guess I owe you the [Tag Color  val={0001} ]200 Rupees[Tag Color  val={FFFF} ][Tag Color  val={0000} ] I promised
you. Well, take it, you thief![Tag Color  val={FFFF} ]";
"[Tag 4:262  ]What's the deal, fry?
You could only hit me [Tag Color  val={0001} ][Tag 2:25  ] times[Tag Color  val={FFFF} ][Tag Color  val={0000} ]?


Oh, well. What's a man-fish to do?
Well, here's your [Tag Color  val={FFFF} ][Tag Color  val={0001} ][Tag 2:26  ][Tag Color  val={FFFF} ][Tag Color  val={0000} ]! Go on! Take 'em![Tag Color  val={FFFF} ]";
"[Tag 4:262  ]What's the deal, fry?! You could only
hit me [Tag Color  val={0001} ]once[Tag Color  val={FFFF} ][Tag Color  val={0000} ]?! How's that supposed to cure
the pain in my neck? Get it together!

Ah, whatever! Take your [Tag Color  val={FFFF} ][Tag Color  val={0001} ]10 Rupees[Tag Color  val={FFFF} ][Tag Color  val={0000} ] and go![Tag Color  val={FFFF} ]";
"[Tag 4:262  ]What's the matter with you, fry?
With a fine bow like that you'd think you
could at least hit me once!

It looks like you need some time on rough
seas to toughen you up, too!";
"If you want to do it again, fry, just scatter
some more [Tag Color  val={0001} ]bait[Tag Color  val={FFFF} ][Tag Color  val={0000} ] for me, OK?
And with that...I'm off![Tag Color  val={FFFF} ]";
"I hear there's a fellow on [Tag Color  val={0001} ]Windfall Island
[Tag Color  val={FFFF} ][Tag Color  val={0000} ]who's collecting [Tag Color  val={FFFF} ][Tag Color  val={0001} ]Skull Necklaces[Tag Color  val={FFFF} ][Tag Color  val={0000} ]!


You know who it is, fry? I don't. Sorry.



What I CAN tell you is that those
piggish monsters you see here in the
[Tag Color  val={FFFF} ][Tag Color  val={0001} ]Forsaken Fortress[Tag Color  val={FFFF} ][Tag Color  val={0000} ] seem to carry those [Tag Color  val={FFFF} ][Tag Color  val={0001} ]Skull
Necklaces[Tag Color  val={FFFF} ][Tag Color  val={0000} ] around all the time.
Not that I think it's easy work stealing
anything from the likes of those guys.[Tag Color  val={FFFF} ]";
"I hear that somewhere out in the wide world
is a handy[Tag Color  val={0001} ] arrow that can freeze anything[Tag Color  val={FFFF} ][Tag Color  val={0000} ].


With something like that, you could even
freeze that nasty monster in the Forsaken
Fortress...for a while, anyway.

But then, what would you do with a frozen
monster, you say? Good question, fry.


Why, I'd say you'd give that thing a whack
and watch it shatter into teeny-tiny pieces![Tag Color  val={FFFF} ]";
"The little [Tag Color  val={0001} ]shop master[Tag Color  val={FFFF} ][Tag Color  val={0000} ] on Windfall Island
apparently got his hands on a truly
amazing [Tag Color  val={FFFF} ][Tag Color  val={0001} ]treasure[Tag Color  val={FFFF} ][Tag Color  val={0000} ].

He calls it [Tag Color  val={FFFF} ][Tag Color  val={0001} ]Magic Armor[Tag Color  val={FFFF} ][Tag Color  val={0000} ] or something like
that. It's a pretty cool magical relic,
from what I've heard.

If you want him to give it to you, try
staring deep into his eyes and winning
him over with flattery, fry!
Ahhhh ha ha ha ha ha ha ha ha![Tag Color  val={FFFF} ]";
"Are you thinking you want to get into that
cave, small fry? The one that's protected
by the crazy winds on that island?

Heh heh heh! OK, then. Let me just tell you
a little secret...


If you go [Tag Color  val={0001} ]five squares south[Tag Color  val={FFFF} ][Tag Color  val={0000} ] and [Tag Color  val={FFFF} ][Tag Color  val={0001} ]one square
east[Tag Color  val={FFFF} ][Tag Color  val={0000} ] from here, you'll reach [Tag Color  val={FFFF} ][Tag Color  val={0001} ]Ice Ring Isle[Tag Color  val={FFFF} ][Tag Color  val={0000} ],
where you'll find an item that will make
you [Tag Color  val={FFFF} ][Tag Color  val={0001} ]as heavy as stone[Tag Color  val={FFFF} ][Tag Color  val={0000} ]!
If you get that item, you won't have to
worry about getting blown over by winds.[Tag Color  val={FFFF} ]";
"You'd best be careful sailing these waters
on [Tag Color  val={0001} ]nights when the moon is full[Tag Color  val={FFFF} ][Tag Color  val={0000} ].


Well, if you like pure, soul-freezing horror,
fry, then maybe you can handle it.[Tag Color  val={FFFF} ]";
"If you see [Tag Color  val={0001} ]seagulls[Tag Color  val={FFFF} ][Tag Color  val={0000} ] flying all around some
sea waters, that's a sign that you need to
be wary, fry.

Because the seagulls flock to wherever
[Tag Color  val={FFFF} ][Tag Color  val={0001} ]Big Octos[Tag Color  val={FFFF} ][Tag Color  val={0000} ] appear... [Tag Color  val={FFFF} ][Tag Color  val={0001} ]BIG OCTOS[Tag Color  val={FFFF} ][Tag Color  val={0000} ], I tell you!
Those things don't mess around![Tag Color  val={FFFF} ]";
"Hey, small fry, do you know about the
golden [Tag 1:6 val={000A} ]Triumph Forks[Tag 1:6 val={000A} ]?
It's there, I tell you... On that island...
The [Tag Color  val={0001} ]genuine article[Tag Color  val={FFFF} ]...[Tag Color  val={0000} ]
But the cliff there rises sharply, and even
if you wanted to climb it, there aren't any
ledges or footings for you to grab on to.

So? What are you going to do, small fry?[Tag Color  val={FFFF} ]";
"You've seen those weird [Tag Color  val={0001} ]rings of light
[Tag Color  val={FFFF} ][Tag Color  val={0000} ]that appear on the surface of the sea,
haven't you, small fry?

Did you know that some of those rings only
appear at night? Didn't think so.[Tag Color  val={FFFF} ]";
"They say that [Tag Color  val={0001} ]inside[Tag Color  val={FFFF} ][Tag Color  val={0000} ] the ring of rock
that makes up the perimeter of that [Tag Color  val={FFFF} ][Tag Color  val={0001} ]island[Tag Color  val={FFFF} ][Tag Color  val={0000} ],
there lives an incredibly [Tag Color  val={FFFF} ][Tag Color  val={0001} ]beautiful fairy[Tag Color  val={FFFF} ][Tag Color  val={0000} ]!

But the thing is, nobody's ever met her.



Supposedly, the only way you'll ever meet
her is to take a ride on a whirlwind and
drop inside that rock perimeter from the
sky above. Doesn't sound easy, fry...[Tag Color  val={FFFF} ]";
"Beware the night when [Tag Color  val={0001} ]the crescent moon
faces up[Tag Color  val={FFFF} ][Tag Color  val={0000} ]!


That's all I can tell you, small fry.[Tag Color  val={FFFF} ]";
"Out on the cape of this island is this crazy
dancing fool who can't tell day from night! 


The guy's nuts...but you've got to respect
someone who's not afraid to just let it
all hang out like that, you know?

I've been watching him, thinking I'd try to
learn that dance and compete with him
from out here in the ocean...

But I just can't seem to swing with that
crazy, funky rhythm of his.
You should teach him true rhythm with your
[Tag Color  val={0001} ]baton[Tag Color  val={FFFF} ], small fry! Show him what it's all about!";
"Do you know what a ChuChu is, small fry?
 


[Tag 1:6 val={0014} ]No, I'm not talking about the sound you
make when you kiss someone![Tag Color  val={0001} ][Tag 3:21  ][Tag 3:21  ][Tag Color  val={FFFF} ][Tag Color  val={0000} ]
I'm talking about ChuChus!

They're those slimy, monster-like puddles of
goo that turn into blobs of jelly, stand up,
and start jumping at you like crazy when
you come near them. 
Well, in any case, there's lots of them on
that island over there, so if you see any,
I'd avoid them. They can get...nasty.

Now that I think about it, every once in a
while I see the [Tag Color  val={FFFF} ][Tag Color  val={0001} ]potion brewer[Tag Color  val={FFFF} ][Tag Color  val={0000} ] who lives on
[Tag Color  val={FFFF} ][Tag Color  val={0001} ]Windfall Island[Tag Color  val={FFFF} ][Tag Color  val={0000} ] come here...
Now why would he do that, fry?[Tag Color  val={FFFF} ]";
"There's a real peculiar [Tag Color  val={0001} ]cave[Tag Color  val={FFFF} ][Tag Color  val={0000} ] toward the
backside of this here [Tag Color  val={FFFF} ][Tag Color  val={0001} ]Dragon Roost Island[Tag Color  val={FFFF} ][Tag Color  val={0000} ].


Yeah, real peculiar. But I doubt you'll ever
get there to see it, small fry—unless you
manage to sprout wings and fly, that is...

'Cause you won't be getting there otherwise![Tag Color  val={FFFF} ]";
"To the west of here, over on [Tag Color  val={0001} ]Dragon Roost
Island[Tag Color  val={FFFF} ][Tag Color  val={0000} ], you'll see all kinds of rocks.
Big ones, little ones...you get the picture.

Anyway, they say that long ago, there used
to be [Tag Color  val={FFFF} ][Tag Color  val={0001} ]treasure[Tag Color  val={FFFF} ][Tag Color  val={0000} ] hidden inside those things.


Who knows? There may still be some left,
so you should open your eyes and take a
good look around...from as high up as the
sun to as low down as your toes![Tag Color  val={FFFF} ]";
"I hear the bird-people who live on [Tag Color  val={0001} ]Dragon
Roost Island[Tag Color  val={FFFF} ][Tag Color  val={0000} ] east of here have invented
an incredibly useful device that they call
a [Tag Color  val={FFFF} ][Tag Color  val={0001} ]Grappling Hook[Tag Color  val={FFFF} ][Tag Color  val={0000} ]... No lie, fry!
I hear you can throw that thing at monsters
and use it to grab [Tag Color  val={FFFF} ][Tag Color  val={0001} ]treasure they've hidden
in their pockets[Tag Color  val={FFFF} ][Tag Color  val={0000} ]. Talk about cool.

Oh, and have you seen those [Tag Color  val={FFFF} ][Tag Color  val={0001} ]imp-like
creatures[Tag Color  val={FFFF} ][Tag Color  val={0000} ] called [Tag Color  val={FFFF} ][Tag Color  val={0001} ]Bokoblins[Tag Color  val={FFFF} ][Tag Color  val={0000} ] that hang out
on the lookout platforms at sea and stare
through their telescopes?
I hear those guys keep [Tag Color  val={FFFF} ][Tag Color  val={0001} ]Joy Pendants[Tag Color  val={FFFF} ][Tag Color  val={0000} ] hidden
in their pockets, so if you get one of
those Grappling Hooks, you can use it
to swipe their pendants![Tag Color  val={FFFF} ]";
"I wonder how long it's been since the
light in Windfall's lighthouse went dark...


It was quite a grand sight, I tell you,
the way that ray of light shone out like a
shaft of gold through the cold darkness.
I used to gaze at it with dear Gillian...
Anyway, I bet if someone could shoot a
[Tag Color  val={0001} ]powerful spark[Tag Color  val={FFFF} ][Tag Color  val={0000} ] into the top of that
lighthouse, it would light up again!

Of course, that's just my intuition
talking...


Then again, you should never doubt a fish's
intuition, small fry![Tag Color  val={FFFF} ]";
"Let me tell you a little something about
that island over there, small fry...
The guy who lives there is named [Tag Color  val={0001} ]Tingle[Tag Color  val={FFFF} ][Tag Color  val={0000} ],
but he won't grow up and act his age.
He still dresses like a little kid.
That...is not normal.
Still, from what I hear, he can [Tag Color  val={FFFF} ][Tag Color  val={0001} ]decipher
[Tag Color  val={FFFF} ][Tag Color  val={0000} ]maps like nobody's business!
It just goes to show you that you can't
judge a person on appearance alone, fry!


Of course, the thing about this Tingle guy
is that when it comes time to pay his
[Tag Color  val={FFFF} ][Tag Color  val={0001} ]deciphering fee[Tag Color  val={FFFF} ][Tag Color  val={0000} ], you'd better be ready to
fork over some serious dough.
[Tag Color  val={FFFF} ][Tag Color  val={0001} ]Anyone who doesn't have a deep wallet
[Tag Color  val={FFFF} ][Tag Color  val={0000} ]won't be reading any maps, that's for sure.[Tag Color  val={FFFF} ]";
"Let me tell you something, small fry...
The school on that Windfall Island has one
gorgeous teacher!

But the thing is, this gang of four little
hoodlums is always causing trouble for her.
 

Those little delinquents like to cause all
sorts of trouble. They go climbing trees and
hiding behind buildings instead of going to
school... What a bunch of savages.
Somebody's got to scold those scoundrels
and set them straight for the sake of that
poor teacher! You hear me, fry?";
"Word is, they hold an auction every night
over there on Windfall Island.


Every night the people gather in the Hall of
Wealth to amuse themselves by spending a
little money. Ah, the rich!

Auctions may be a race to see who can bid
the highest, but I'll let you in on a little
secret: the key to winning an auction is to
be both patient and bold. I'm serious, fry!
From what I hear, they get some great
things up on that auction block, too.
...Like an [Tag Color  val={0001} ]extra-fast sail[Tag Color  val={FFFF} ][Tag Color  val={0000} ], among other
things. Maybe that's just a rumor.
You should try it out, small fry.
You might just like it![Tag Color  val={FFFF} ]";
"You see that there volcano that's spewing
out lava like there's no tomorrow? Yeah,
well, they say there's a great [Tag Color  val={0001} ]treasure
[Tag Color  val={FFFF} ][Tag Color  val={0000} ]hidden inside that thing.
The thing is, everyone who's ever tried
to get inside has just been blasted away
by the great balls of fire that come
shooting off the top.
If you want to get inside, you ought to go
find the island that's [Tag Color  val={FFFF} ][Tag Color  val={0001} ]one square north [Tag Color  val={FFFF} ][Tag Color  val={0000} ]and
[Tag Color  val={FFFF} ][Tag Color  val={0001} ]four squares west[Tag Color  val={FFFF} ][Tag Color  val={0000} ] of here. That's where [Tag Color  val={FFFF} ][Tag Color  val={0001} ]the
power to freeze anything [Tag Color  val={FFFF} ][Tag Color  val={0000} ]is hidden.
...Or so they say. Maybe it's not true.
But it wouldn't hurt to look, fry![Tag Color  val={FFFF} ]";
"I wouldn't sail through these seas on nights
when [Tag Color  val={0001} ]the left half of the moon is missing[Tag Color  val={FFFF} ][Tag Color  val={0000} ]...
You'll regret it if you do, fry!

I'm warning you! It's not my fault if you get
so scared that you can't go to the
bathroom at night anymore![Tag Color  val={FFFF} ]";
"I met a really weird guy on the island due
east of here. He had a pack on his back
huger than any pack I've ever seen.
I mean, it was B-I-G, fry!
He said he was looking for treasure, but
what does he expect to find in a place
like that?

I tell you...the guy is completely obsessed!";
"You should come around these parts on
nights when just a wee bit of the [Tag Color  val={0001} ]left half
[Tag Color  val={FFFF} ][Tag Color  val={0000} ]of the moon is missing.

...[Tag 1:6 val={001E} ][Tag 1:0  ]That's when IT appears, fry![Tag 1:1  ][Tag Color  val={FFFF} ]";
"You've seen those weird [Tag Color  val={0001} ]rings of light [Tag Color  val={FFFF} ][Tag Color  val={0000} ]that
appear on the seas at night, haven't you?


Yeah, well, those things are a sure sign
that there's treasure in the deeps, fry!


But let me tell you, there are some lights
that don't always shine. Yeah. There are
these special ones that [Tag Color  val={FFFF} ][Tag Color  val={0001} ]shine like crazy[Tag Color  val={FFFF} ][Tag Color  val={0000} ],
but only when you open a [Tag Color  val={FFFF} ][Tag Color  val={0001} ]Treasure Chart[Tag Color  val={FFFF} ][Tag Color  val={0000} ]!
They say that those mark the spots where
the greatest treasures are hidden![Tag Color  val={FFFF} ]";
"They've got a shop over there on Windfall
island—a nice outdoor shop! Did you know
that, small fry?

And in that shop they've got this really fine
safe that looks to be brimming full with
riches...and they just leave it sitting
outside—day and night!
I tell you, one of these days that thing is
going to get hauled off by a thief!
Mark my words, fry!

Of course, if I were to find a thief in the
act of thieving, I'd stop the perpetrator
right there and catch the rat red-handed!

I'm sure if I did, the owner of that shop
would thank me. Yeah, he'd be happy.


...That would be the honest thing to do!";
"I've done a fish-fortune on you, small fry,
and from what I can tell, it looks like you're
fated to come to this place many times.

And the keys that control that fate are
none other than the lucky items known as
the Triumph Forks! Yeah, they're some sort
of magical utensils!
If you want to learn more about the
Triumph Forks, talk to that guy, [Tag Color  val={0001} ]Tingle[Tag Color  val={FFFF} ][Tag Color  val={0000} ]!
That's what the fish-fortune told me!

Now, I know I may only be a fish, but my
fortune-telling is uncannily accurate!
You'd better believe it, small fry![Tag Color  val={FFFF} ]";
"Tell me, small fry... Have you ever caught a
fairy before?


'Cause from what I've been told, when
you've been beaten to a pulp by monsters
and such, and you think that you've finally
met your match...
If you've got a fairy with you, then you've
got nothing to worry about. Don't you
wish you had something handy for carrying
fairies around with you, fry?
If you want one, go [Tag Color  val={0001} ]south[Tag Color  val={FFFF} ][Tag Color  val={0000} ] from here until
you see a miserable-looking [Tag Color  val={FFFF} ][Tag Color  val={0001} ]submarine
[Tag Color  val={FFFF} ][Tag Color  val={0000} ]floating on the sea. Look there![Tag Color  val={FFFF} ]";
"Tell me, small fry, do you have any of them
[Tag Color  val={0001} ]Golden Feathers[Tag Color  val={FFFF} ][Tag Color  val={0000} ]?


I hear those things are all the rage with
Rito ladies on [Tag Color  val={FFFF} ][Tag Color  val={0001} ]Dragon Roost Island[Tag Color  val={FFFF} ][Tag Color  val={0000} ] these
days. They just go gaga over them!

But the thing is, the only way to get a
[Tag Color  val={FFFF} ][Tag Color  val={0001} ]Golden Feather[Tag Color  val={FFFF} ][Tag Color  val={0000} ] is to defeat one of those
bird monsters...or so they say.

Yup! Rito men who have girlfriends sure
have tough lots in life, I tell you![Tag Color  val={FFFF} ]";
"You've seen the boats sailing around here
with the real huge cannons, right, fry?
 

I bet you those things have their hulls
packed with treasure!


Of course, if you don't have a [Tag Color  val={0001} ]cannon
[Tag Color  val={FFFF} ][Tag Color  val={0000} ]yourself, there's no way you'll ever sink
one of them...[Tag Color  val={FFFF} ]";
"Tell me, small fry, have you ever heard of
the fabled set of Triumph Forks?


Well, it's right there, my young fry...
On that island... You know... A chart,
showing you where to find them...

Of course, getting it's the hard part.";
"So tell me, small fry, have you heard about
the golden [Tag 1:6 val={000A} ]Triumph Forks[Tag 1:6 val={000A} ]?
There are such things...

And that island there has one of these
[Tag Color  val={0001} ]golden items[Tag Color  val={FFFF} ] you keep hearing about![Tag Color  val={0000} ]


If you want it, try asking that huge,
grouchy-looking [Tag Color  val={FFFF} ][Tag Color  val={0001} ]stone watcher[Tag Color  val={FFFF} ][Tag Color  val={0000} ]!


I doubt you could even budge the thing,
though... You've got skinny arms, fry.[Tag Color  val={FFFF} ]";
"A famed pictographer lives far to the [Tag Color  val={0001} ]north
[Tag Color  val={FFFF} ][Tag Color  val={0000} ]of here on [Tag Color  val={FFFF} ][Tag Color  val={0001} ]Windfall Island[Tag Color  val={FFFF} ][Tag Color  val={0000} ].


He's apparently real wise and talented
in the ways of pictography.


He's even said to have [Tag Color  val={FFFF} ][Tag Color  val={0001} ]legendary
pictographs[Tag Color  val={FFFF} ][Tag Color  val={0000} ] that he treasures above all
other things. He keeps them hidden away
in a secret safe, or so they say.
By the way, small fry...
What exactly is a pictograph, anyway?![Tag Color  val={FFFF} ]";
"So, tell me, small fry... Have you heard of
the golden set of [Tag 1:6 val={000A} ]Triumph Forks[Tag 1:6 val={000A} ]?
It's right there, I tell you! The [Tag Color  val={0001} ]article
genuine[Tag Color  val={FFFF} ][Tag Color  val={0000} ]! In that house!
If you want it, you'd better go in there
and scour the place from floor to ceiling![Tag Color  val={FFFF} ]";
"You ought to come sail these seas [Tag Color  val={0001} ]on nights
when the right half of the moon is missing[Tag Color  val={FFFF} ][Tag Color  val={0000} ]...


It'll give you shivers, fry![Tag Color  val={FFFF} ]";
"Tell me, small fry, have you ever heard
of the golden [Tag 1:6 val={000A} ]Triumph Forks[Tag 1:6 val={000A} ]?
They're there, on that island... Or, at least,
a [Tag Color  val={0001} ]chart [Tag Color  val={FFFF} ][Tag Color  val={0000} ]leading to them is there.
Where's it hidden, you ask? Well, for the
answer to that, you'll have to ask a gull.[Tag Color  val={FFFF} ]";
"Oh, I've got some great information,
small fry! Lucky you!


If you use the [Tag Color  val={0001} ]treasure[Tag Color  val={FFFF} ][Tag Color  val={0000} ] that's hidden on
that island there, the thing that vanishes
as soon as you get near it... It won't
vanish anymore! You know...IT!
I'm talking about IT! That thing that
appears [Tag Color  val={FFFF} ][Tag Color  val={0001} ]on nights when a wee bit of the
right half of the moon is missing[Tag Color  val={FFFF} ][Tag Color  val={0000} ]!
Don't you know what I'm talking about?! IT![Tag Color  val={FFFF} ]";
"Long ago, there was this huge [Tag Color  val={0001} ]fairy[Tag Color  val={FFFF} ][Tag Color  val={0000} ] who
lived to the [Tag Color  val={FFFF} ][Tag Color  val={0001} ]south of here[Tag Color  val={FFFF} ][Tag Color  val={0000} ], in [Tag Color  val={FFFF} ][Tag Color  val={0001} ]the forest
[Tag Color  val={FFFF} ][Tag Color  val={0000} ]on [Tag Color  val={FFFF} ][Tag Color  val={0001} ]Outset Island[Tag Color  val={FFFF} ][Tag Color  val={0000} ].

But now, all that's left is the ruins of the
Fairy Fountain where she lived...
It's sort of sad...

But to tell you the truth... I hear there
still IS a fairy there. Yup! She's still
alive and kicking down there, fry![Tag Color  val={FFFF} ]";
"Tell me, small fry, have you ever been
caught in one of those cyclones?


The wind [Tag Color  val={0001} ]deity[Tag Color  val={FFFF} ][Tag Color  val={0000} ], [Tag Color  val={FFFF} ][Tag Color  val={0001} ]Cyclos[Tag Color  val={FFFF} ][Tag Color  val={0000} ], uses those cyclones
to fly across the sea [Tag Color  val={FFFF} ][Tag Color  val={0001} ]instantaneously[Tag Color  val={FFFF} ][Tag Color  val={0000} ], or so
I've heard. Could be just a rumor.

Boy, if you had that power, you wouldn't
have to spend so much time sailing back
and forth across the sea all the time.
Wouldn't that be nice, fry?
But let me tell you, there's no way he'll
give up his power easily! You can't get near
the guy, so you'll have to figure out how to
shoot him from a distance.
Don't you have a weapon that can pierce
things from a distance? You know, fffwip?
FFFWIP, I tell you! You get my point, fry?![Tag Color  val={FFFF} ]";
"Listen up, small fry—this is just between
you and me...


On [Tag Color  val={0001} ]Outset Island[Tag Color  val={FFFF} ][Tag Color  val={0000} ], buried [Tag Color  val={FFFF} ][Tag Color  val={0001} ]beneath the black
soil[Tag Color  val={FFFF} ][Tag Color  val={0000} ]...there's some serious [Tag Color  val={FFFF} ][Tag Color  val={0001} ]treasure[Tag Color  val={FFFF} ][Tag Color  val={0000} ].
I know it sounds like I'm trying to pull
your leg, but I'm serious. Try [Tag Color  val={FFFF} ][Tag Color  val={0001} ]digging[Tag Color  val={FFFF} ][Tag Color  val={0000} ] there![Tag Color  val={FFFF} ]
What? You haven't got anything to dig with?[Tag 1:6 val={000A} ]
I'd say try using an [Tag Color  val={0001} ]animal [Tag Color  val={FFFF} ]or something.
Work smarter, not harder, small fry!";
"There's this amazing [Tag Color  val={0001} ]treasure[Tag Color  val={FFFF} ][Tag Color  val={0000} ] inside that
freezing ring of ice over there.


But even if you wanted it and tried to get
inside, you'd just be frozen solid as soon
as you approached the shore.

But...if you go [Tag Color  val={FFFF} ][Tag Color  val={0001} ]four squares north[Tag Color  val={FFFF} ][Tag Color  val={0000} ] and [Tag Color  val={FFFF} ][Tag Color  val={0001} ]three
squares west[Tag Color  val={FFFF} ][Tag Color  val={0000} ], you'll find [Tag Color  val={FFFF} ][Tag Color  val={0001} ]the power to melt
any ice—no matter how cold[Tag Color  val={FFFF} ][Tag Color  val={0000} ]!
Search for it, small fry![Tag Color  val={FFFF} ]";
"Just a wee bit north of here, on [Tag Color  val={0001} ]Bomb Island[Tag Color  val={FFFF} ][Tag Color  val={0000} ],
I've sometimes seen a [Tag Color  val={FFFF} ][Tag Color  val={0001} ]merchant[Tag Color  val={FFFF} ][Tag Color  val={0000} ] of incredible
girth with a monstrous pack on his back.

Now, what could he be doing on that lonely
little isle?


I tell you, there are some strange folk in the
world, fry...[Tag Color  val={FFFF} ]";
"Hey, small fry, do you know about the
[Tag Color  val={0001} ]Nintendo Gallery[Tag Color  val={FFFF} ][Tag Color  val={0000} ]?


The only way in there is to hit a [Tag Color  val={FFFF} ][Tag Color  val={0001} ]switch
[Tag Color  val={FFFF} ][Tag Color  val={0000} ]that's way up high in the [Tag Color  val={FFFF} ][Tag Color  val={0001} ]Forest Haven[Tag Color  val={FFFF} ][Tag Color  val={0000} ].


But the only way to do THAT would be to
bribe one of the gulls by putting a little
[Tag Color  val={FFFF} ][Tag Color  val={0001} ]bait[Tag Color  val={FFFF} ][Tag Color  val={0000} ] on your head![Tag Color  val={FFFF} ]";
"On the [Tag Color  val={0001} ]island due east[Tag Color  val={FFFF} ][Tag Color  val={0000} ] of here lives an
[Tag Color  val={FFFF} ][Tag Color  val={0001} ]old man[Tag Color  val={FFFF} ][Tag Color  val={0000} ] who was once a master
swordsman. He's got proof of it, too:
he has a [Tag Color  val={FFFF} ][Tag Color  val={0001} ]Knight's Crest[Tag Color  val={FFFF} ][Tag Color  val={0000} ].
Want to know what that thing is, fry?



Well, too bad... I can't go giving away
every secret![Tag Color  val={FFFF} ]";
"I heard that beneath the [Tag Color  val={0001} ]big-head boulder
[Tag Color  val={FFFF} ][Tag Color  val={0000} ]on top of the hill here on [Tag Color  val={FFFF} ][Tag Color  val={0001} ]Outset[Tag Color  val={FFFF} ][Tag Color  val={0000} ]...


...is where the greatest treasures of all,
the golden Triumph Forks, are buried.


But actually, fry, I must have misheard
or something...


'Cause this one guy told me that what was
actually buried beneath that weird rock was
some shard of something called a [Tag Color  val={FFFF} ][Tag Color  val={0001} ]Triforce[Tag Color  val={FFFF} ][Tag Color  val={0000} ].
Whoever heard of that?
That's crazy! There's a big difference
between "Triumph Forks" and "Triforce"!
I mean, I think someone intentionally
buried something misleading there.[Tag Color  val={FFFF} ]";
"Small fry, there's a [Tag Color  val={0001} ]real heavy stone head
[Tag Color  val={FFFF} ][Tag Color  val={0000} ]blocking a cave on that island. Don't you
wonder what's behind it? Don't you want to
get in there?
Heh heh! Let me tell you a great secret!



If you go [Tag Color  val={FFFF} ][Tag Color  val={0001} ]north four squares[Tag Color  val={FFFF} ][Tag Color  val={0000} ] and [Tag Color  val={FFFF} ][Tag Color  val={0001} ]east three
squares[Tag Color  val={FFFF} ][Tag Color  val={0000} ] to [Tag Color  val={FFFF} ][Tag Color  val={0001} ]Fire Mountain[Tag Color  val={FFFF} ][Tag Color  val={0000} ], you'll find an
item that gives you [Tag Color  val={FFFF} ][Tag Color  val={0001} ]the strength to easily
lift anything[Tag Color  val={FFFF} ][Tag Color  val={0000} ], no matter how heavy it is.
With that thing, you could lift that stone
and toss it out of your way as if it were
light as a feather.[Tag Color  val={FFFF} ]";
"I tell you, lately no one around these waters
has seen the beautiful [Tag Color  val={0001} ]fairy [Tag Color  val={FFFF} ][Tag Color  val={0000} ]who [Tag Color  val={FFFF} ][Tag Color  val={0001} ]bestows
magic power[Tag Color  val={FFFF} ][Tag Color  val={0000} ]. She used to live here, fry.

All anyone ever sees anymore are the
[Tag Color  val={FFFF} ][Tag Color  val={0001} ]Big Octos[Tag Color  val={FFFF} ][Tag Color  val={0000} ] that have been appearing
lately. Maybe they scared her off...
Oh no! I sure hope...they didn't eat her![Tag Color  val={FFFF} ]";
"[Tag Color  val={0001} ]Northeast[Tag Color  val={FFFF} ][Tag Color  val={0000} ] of here is the [Tag Color  val={FFFF} ][Tag Color  val={0001} ]Forest Haven[Tag Color  val={FFFF} ][Tag Color  val={0000} ]...
They say a truly unique kind of [Tag Color  val={FFFF} ][Tag Color  val={0001} ]firefly[Tag Color  val={FFFF} ][Tag Color  val={0000} ]
is indigenous to that place.
You heard of it, small fry?
It emits bursts of light in [Tag Color  val={FFFF} ][Tag Color  val={0001} ]seven colors[Tag Color  val={FFFF} ][Tag Color  val={0000} ]!
Supposedly it's as beautiful as a rainbow!


If you want to capture one though, you'd
best have a [Tag Color  val={FFFF} ][Tag Color  val={0001} ]bottle[Tag Color  val={FFFF} ][Tag Color  val={0000} ] to keep it in.[Tag Color  val={FFFF} ]";
"Lemme ask you something, fry...
Have you been using [Tag 3:26  ] to make your boat
[Tag Color  val={0001} ]jump[Tag Color  val={FFFF} ][Tag Color  val={0000} ]? Well? Have you?

...Of course, going out to sea just to jump
around would be real dumb, if you ask me.


Anyway, what you can do is tilt [Tag 3:18  ] to
move your tiller just as you land...
That's how you make a sharp turn. If you
didn't know that, why don't you try it out?[Tag Color  val={FFFF} ]";
"Have you seen it, small fry?
[Tag 1:6 val={0014} ]...The [Tag Color  val={0001} ]Ghost Ship[Tag Color  val={FFFF} ][Tag Color  val={0000} ]?


'Cause it's real. It's even been seen here,
in these very waters...


[Tag Color  val={FFFF} ][Tag Color  val={0001} ]On nights when the crescent moon faces
down[Tag Color  val={FFFF} ][Tag Color  val={0000} ]... That's when horror rises...[Tag Color  val={FFFF} ]";
"You did it! Nice work! Perhaps next time
you can take me out to the café for a
drink afterward!";
"Why, that was so easy! You see, this is
how one wins with dignity!";
"Aww... This bug in my belly just won't
settle down... I'm going straight home to
drown my sorrows in food!";
"You little darling...
Could I adopt you?";
"That's the only way the auction could end!
I'm a fierce competitor at everything I do!";
"I suppose there's no beating time...
I think I got a few more wrinkles tonight!";
"Young man, you shouldn't be so loose with
your wallet. I mean, you must have gone
through a lot of blood, sweat, and tears to
earn that kind of cash!";
"Well, I suppose good things DO come to
those who wait! Imagine that!
...Maybe I have more talent for this
sort of thing than I thought!";
"What's with that person!? Why, I've never
seen a pair of eyes change color like that
at the mere mention of the word "auction"!";
"Wow! I'm impressed! It looks like the
old gal doesn't win this time...";
"I did it! I tell you, I know how to use
my experience to make the most of any
situation! They did once call me "Miss
Auction," I'll have you know!";
"Oh, well... But next time, I'll come bidding
like a racehorse right out of the gates!";
"(Hoo hoo hoo! Poor kid doesn't get it!)";
"(Oh, how cute! He thinks he's going to win!)";
"(Ach! What? No... My, he's got a lot of pluck 
 for such a youngster!)";
"(Hee hee hee! Keep trying, little guy!)";
"(It ain't over yet, kiddo!)";
"(What? What's going on here?! Just how
 filthy rich is this kid, anyway?!)";
"(My goodness!)";
"(Eeeeek! What are you doing, boy?!)";
"(WHAT?!? I used to be called Miss Auction!
 I can't lose now!)";
"(Ooh! You little whippersnapper!)";
"(...You little punk!)";
"(Nooooo! Gimme a break already, kid!!)";
"Anton";
"Linda";
"Sam";
"Gossack";
"Garrickson";
"Vera";
"Pompie";
"Missy";
"Minenco";
"Gummy";
"Oh, yeah! Oh, yeah! I won!";
"Hoo hoo hoo! Another easy victory!";
"Yesssssss!";
"Spring has come to the long, cold
winter of my life!!!";
"I'll take that!";
"Ho ho ho ho ho ho ho!
I did it! I won!";
"I got it!
Easy! Too easy!";
"Oh? Did I win? Hee hee!
...I can't believe it!";
"Did you see that? Did you?!
I am definitely number one!";
"Yahoooooo!";
"Deeeee-licious!";
"Hey! I got somethin' real good I'll sell
to ya! For real!";
"What'll it be for ya?
[Tag 1:8  ]All-Purpose Bait (3 scoops)
Hyoi Pear
Nothing";
"What'll it be for ya?
[Tag 1:8  ]Red Potion
Blue Potion
Nothing";
"What'll it be for ya?
[Tag 1:8  ]10 Bombs
30 Bombs
Nothing";
"What'll it be for ya?
[Tag 1:8  ]10 Arrows
30 Arrows
Nothing";
"All-Purpose Bait (3 scoops) 40 Rupees
[Tag 1:7  ]I'll buy it
No thanks";
"Hyoi Pear 30 Rupees
[Tag 1:7  ]I'll buy it
No thanks";
"Red Potion 30 Rupees
[Tag 1:7  ]I'll buy it
No thanks";
"Blue Potion 80 Rupees
[Tag 1:7  ]I'll buy it
No thanks";
"10 Bombs 50 Rupees
[Tag 1:7  ]I'll buy them
No thanks";
"30 Bombs 80 Rupees
[Tag 1:7  ]I'll buy them
No thanks";
"10 Arrows 40 Rupees
[Tag 1:7  ]I'll buy them
No thanks";
"30 Arrows 80 Rupees
[Tag 1:7  ]I'll buy them
No thanks";
"Bring me more sometime! More!";
"Cheapskate...";
"You ain't got enough Rupees, do ya?
It's rough bein' poor, ain't it?";
"You ain't got no empty bottle...";
"You can't carry no more...
Greedy, ain't ya?";
"Yo! Hold up!
...What's a kid like you doing out at a
time like this?";
"Are you out to take a look at the heavens,
too? In that case, you'll get a better view
from over here.";
"A lot of people collect things as a hobby.
Me, I just like to sit and gaze at the night
sky. That's all the hobby I need.";
"If you have anything that's good for looking
at the night sky, have a look at that moon.
I highly recommend it.";
"Well? Cool, right? Doesn't looking at the
moon just cleanse your soul?";
"If you want to know the truth, I'm actually
a little...heartbroken...at the moment. I just
can't shake this depression.";
"See, I found out that my childhood friend
Linda had her eyes on someone besides me
all this time... And you know what's worse?
He was my buddy! I just can't take it!";
"But...it's all a done deal now, so...
sorry if you got wrapped up in it.";
"Hmph! Nobody understands how I feel.

...Do me a favor? Beat it!";
"What a jerk! How did he manage that?!
Right under my nose!";
"[Tag Size  val={004B} ]But I guess he IS an all-right guy...[Tag Size  val={0064} ]";
"You pesky little brat! Nobody understands
how I feel! Do you hear me? Nobody!
Not you! Not anybody!";
"Wait...



Are you trying to tell me that you DO
understand how I feel?
[Tag 1:7  ]Completely
I couldn't care less";
"Jerk!";
"...Oh, really? Then how about a little test
to see if you really do!";
"I want you to take a [Tag Color  val={0001} ]pictograph [Tag Color  val={FFFF} ][Tag Color  val={0000} ]of the first
[Tag Color  val={0001} ]perfectly round, pale thing [Tag Color  val={0000} ]you can think
of and show it to me.[Tag Color  val={FFFF} ]";
"If you show me something that's exactly the
same as my favorite thing, then you win,
and I'll acknowledge...that you understand
the inner workings of my heart and mind.
It's quite a simple little riddle, isn't it?
Quickly, now! Bring me the [Tag Color  val={0001} ]pictograph[Tag Color  val={FFFF} ]!";
"Wow! I feel totally rejuvenated,
and it's all because of you!
...Thanks a lot!";
"What in the...?
Why are you so proud of this terrible
picture? Am I supposed to be impressed?

Let me tell you, if you don't show me a
zoomed-in pictograph of my favorite thing,
I can't be certain you know how I feel!
And then I'll consider you a liar!";
"Oh, too bad...
The point of focus isn't exactly bad...
but it's not quite right, either.";
"...What's round about this? Nothing!
I said [Tag Color  val={0001} ]something perfectly round and pale[Tag Color  val={FFFF} ][Tag Color  val={0000} ]![Tag Color  val={FFFF} ]";
"What's pale about this? Nothing!
I said [Tag Color  val={0001} ]something perfectly round and pale[Tag Color  val={FFFF} ][Tag Color  val={0000} ]![Tag Color  val={FFFF} ]";
"Oooooh! That's right! That certainly is the
pictograph I'm looking for! The correct
answer is exactly what you've shown me:
the [Tag Color  val={0001} ]full moon[Tag Color  val={FFFF} ][Tag Color  val={0000} ]![Tag Color  val={FFFF} ]";
"Unrequited love may have twisted me up
inside, but I can still find peace when I
gaze at the timeless moon...

And of all her phases, I particularly love
gazing at the [Tag Color  val={0001} ]full moon[Tag Color  val={FFFF} ][Tag Color  val={0000} ]![Tag Color  val={FFFF} ]";
"I know I caused you a lot of trouble,
but...thanks!


I really mean it! I want you to have this for
all your efforts. Just a little reward for
easing the pain of this troubled heart.";
"This supposedly has a spot on it that
marks where some sunken treasure lies.


I don't have a boat, so I can't leave this
island to go look for it anyway.";
"Tonight I'll be asking the night sky to help
you find the treasure! Best of luck!";
"Yes! Tonight is a full moon!";
"Awww... I wanted to see Linda, not you.";
"Heh heh! It's another fine moon tonight.
Say, did you know...?";
"Like the human heart, the shape of the
moon changes with time. Every night,
it becomes just a little bit different.";
"Look at that! Aren't the three sister-stars
impressive? What a stellar family!";
"Heh heh heh heh! Do you know what the
name of that constellation is?";
"...You're looking for a sail? I have no idea
where you'd find one. Do I look like a
sailor to you?

Look, I'm feeling down right now, so shove
off, will you? Go pester that guy in the
massive coat, or whatever.";
"I just saw some strangers here in town.
They went over toward the bomb shop.
...Why would they be going there?";
"[Tag Size  val={0096} ]Ya!!![Tag Size  val={0064} ]";
"Mighty-fine boat you got there, bub.
You must be searching for [Tag Color  val={0001} ]treasure on the
seafloor[Tag Color  val={FFFF} ][Tag Color  val={0000} ], too. Aren't you?[Tag Color  val={FFFF} ]";
"Har har harrrrr! You won't get any from us,
bub! Not likely!";
"Lemme ask you something real quick:
Who wanders around on a fishless sea?


I'll tell you who, bub: Only pirates,
monsters, and treasure hunters like
ourselves! And maybe some other things
that I've never heard of...";
"Y'know, with all the weak island dwellers
who never leave their shores, I'm amazed
to see such a tiny little guy out here.";
"I like your style, bub! I feel like I've known
you my whole life!";
"So hey, bub, tell you what! As one treasure
hunter to another, I'll give you this...
You'll definitely be needing it if you want
to haul up treasure.
Come on! Take it! I won't take "no" for an
answer. I also won't take "nay," "nope,"
or "nar." Just grab it!
";
"First, open your [Tag Color  val={0001} ]Map[Tag Color  val={FFFF} ] on the Wii U GamePad,
[Tag 1:6 val={000F} ]and then compare the [Tag Color  val={0001} ]Island Charts [Tag Color  val={FFFF} ][Tag Color  val={0000} ]on the
right with the [Tag Color  val={FFFF} ][Tag Color  val={0001} ]Treasure Charts[Tag Color  val={FFFF} ] [Tag Color  val={0000} ]on the left to
see where treasure lies.
If you press [Tag 3:23  ] to pause the game, you can
take your sweet time poring over the charts.
After all, haste makes waste!

After that, all you need to do is use the
same thing we use to haul up treasure: one
of those [Tag Color  val={FFFF} ][Tag Color  val={0001} ]Grappling Hooks[Tag Color  val={FFFF} ][Tag Color  val={0000} ] that the Rito
tribesfolk of [Tag Color  val={FFFF} ][Tag Color  val={0001} ]Dragon Roost Island[Tag Color  val={FFFF} ][Tag Color  val={0000} ] use.[Tag Color  val={FFFF} ]";
"All right, little treasure buddy!
Best of luck to all of us!";
"First, open your [Tag Color  val={0001} ]Map[Tag Color  val={FFFF} ] on the Wii U GamePad,
[Tag 1:6 val={000F} ]and then compare the [Tag Color  val={0001} ]Island Charts [Tag Color  val={FFFF} ][Tag Color  val={0000} ]on the
right with the [Tag Color  val={FFFF} ][Tag Color  val={0001} ]Treasure Charts[Tag Color  val={FFFF} ] [Tag Color  val={0000} ]on the left to
see where treasure lies.
If you press [Tag 3:23  ] to pause the game, you can
take your sweet time poring over the charts.
After all, haste makes waste!

Then, you just use your [Tag Color  val={FFFF} ][Tag Color  val={0001} ]Grappling Hook
[Tag Color  val={FFFF} ][Tag Color  val={0000} ]while [Tag Color  val={FFFF} ]in your boat[Tag Color  val={0000} ] to haul up treasure![Tag Color  val={FFFF} ]
Just press [Tag 3:38  ], easy as you like.";
"Well, little treasure buddy, good luck to all
of us! Happy hunting!";
"What's the matter, bub?";
"If you want to search for treasure, you
should open your [Tag Color  val={0001} ]Map[Tag Color  val={FFFF} ].


You can compare the [Tag Color  val={0001} ]Island Charts[Tag Color  val={FFFF} ][Tag Color  val={0000} ] on the
right with the [Tag Color  val={FFFF} ][Tag Color  val={0001} ]Treasure Charts[Tag Color  val={FFFF} ][Tag Color  val={0000} ] on the left.
It's not rocket science, bub!

Besides Treasure Charts, you'll also need
a [Tag Color  val={FFFF} ][Tag Color  val={0001} ]Grappling Hook[Tag Color  val={FFFF} ][Tag Color  val={0000} ] that you can use to haul
up treasure.[Tag Color  val={FFFF} ]";
"That's all there is to it, bub!";
"To search for treasure, you should open
up your [Tag Color  val={0001} ]Map[Tag Color  val={FFFF} ].


Then just compare the [Tag Color  val={0001} ]Island Charts[Tag Color  val={FFFF} ][Tag Color  val={0000} ] on the
right with the [Tag Color  val={FFFF} ][Tag Color  val={0001} ]Treasure Charts[Tag Color  val={FFFF} ][Tag Color  val={0000} ] on the left.
It's not quantum physics, bub!

The secret to hauling up treasure is to
go toward the area marked on the map, and
once you think you've found the right spot...

Use your [Tag Color  val={FFFF} ][Tag Color  val={0001} ]Grappling Hook[Tag Color  val={FFFF} ][Tag Color  val={0000} ] while [Tag Color  val={FFFF} ][Tag Color  val={0001} ]in your boat[Tag Color  val={FFFF} ][Tag Color  val={0000} ]!
Trust me, it'll work, bub!


The only other thing you need is patience![Tag Color  val={FFFF} ]";
"So that's how it works!";
"...Bub...";
"To haul up treasure, you need both a
[Tag Color  val={0001} ]Treasure Chart[Tag Color  val={FFFF} ][Tag Color  val={0000} ] and a [Tag Color  val={FFFF} ][Tag Color  val={0001} ]Grappling Hook[Tag Color  val={FFFF} ][Tag Color  val={0000} ].


You do get it, don't you, bub?
I mean, it's not brain surgery.[Tag Color  val={FFFF} ]";
"Then quit bugging me!";
"To get treasure, you have to check
your Treasure Charts carefully and then
use your [Tag Color  val={0001} ]Grappling Hook[Tag Color  val={FFFF} ][Tag Color  val={0000} ] to haul it up.

You do get that, don't you, bub?[Tag Color  val={FFFF} ]";
"Then quit bugging me!";
"[Tag Size  val={0096} ]Ya!!! Bub![Tag Size  val={0064} ]";
"You collecting treasure, bub?";
"To see where you can find treasure, open
your [Tag Color  val={0001} ]Map[Tag Color  val={FFFF} ]. If you compare the [Tag Color  val={0001} ]Island Charts[Tag Color  val={FFFF} ][Tag Color  val={0000} ]
on the right with the [Tag Color  val={FFFF} ][Tag Color  val={0001} ]Treasure Charts[Tag Color  val={FFFF} ][Tag Color  val={0000} ] on the
left, it should be easy to figure out!
The secret to hauling up treasure is to go
to the spot marked on the map and then
use your [Tag Color  val={FFFF} ][Tag Color  val={0001} ]Grappling Hook[Tag Color  val={FFFF} ][Tag Color  val={0000} ] while [Tag Color  val={FFFF} ][Tag Color  val={0001} ]in your boat[Tag Color  val={FFFF} ][Tag Color  val={0000} ].
Then it just takes patience, bub!
A lot of first-time treasure hunters give
up pretty quickly because they don't get
how it works, but they're missing out!
It's really not that hard![Tag Color  val={FFFF} ]";
"So that's how it works!";
"...Bub...";
"...I don't know how many times I have to
explain it to you, but here goes...


If you want to search for treasure, first open
your [Tag Color  val={0001} ]Map[Tag Color  val={FFFF} ], and then compare the [Tag Color  val={0001} ]Island Charts[Tag Color  val={FFFF} ][Tag Color  val={0000} ]
on the right with the [Tag Color  val={FFFF} ][Tag Color  val={0001} ]Treasure Charts[Tag Color  val={FFFF} ][Tag Color  val={0000} ] on the
left to figure out where the treasure is!
You get that part, right?



You'll have to use both your [Tag Color  val={FFFF} ][Tag Color  val={0001} ]Treasure
Charts[Tag Color  val={FFFF} ][Tag Color  val={0000} ] and your [Tag Color  val={FFFF} ][Tag Color  val={0001} ]Grappling Hook[Tag Color  val={FFFF} ][Tag Color  val={0000} ] to haul
up the treasure.

You got that, bub? And do you understand
what we're doing now? Good![Tag Color  val={FFFF} ]";
"So, you understand what treasure hunting
is all about now, right, bub?";
"[Tag Size  val={0096} ]YAA!!! BUB!!![Tag Size  val={0064} ]";
"You find yourself a Grappling Hook, bub?";
"For hauling up treasure, there's nothing
better than the [Tag Color  val={0001} ]Grappling Hooks[Tag Color  val={FFFF} ][Tag Color  val={0000} ] used by
the Rito tribe on [Tag Color  val={FFFF} ][Tag Color  val={0001} ]Dragon Roost Island[Tag Color  val={FFFF} ][Tag Color  val={0000} ]![Tag Color  val={FFFF} ]";
"You'd better see what you can do to
get yourself one, bub!";
"...Bub...";
"You do know that you need a [Tag Color  val={0001} ]Grappling
Hook[Tag Color  val={FFFF} ][Tag Color  val={0000} ] to haul up treasure, right?[Tag Color  val={FFFF} ]";
"And you do know what it is that we 
treasure hunters do, right, bub...?";
"[Tag Size  val={0096} ]Ya! Bub!!![Tag Size  val={0064} ]";
"You collecting treasure, bub?



I know you're probably sick of hearing this,
but first you should open up your [Tag Color  val={0001} ]Map[Tag Color  val={FFFF} ].


Then just compare the [Tag Color  val={0001} ]Island Charts[Tag Color  val={FFFF} ][Tag Color  val={0000} ] on the
right with the [Tag Color  val={FFFF} ][Tag Color  val={0001} ]Treasure Charts[Tag Color  val={FFFF} ][Tag Color  val={0000} ] on the left
to see where the treasure is hidden!
[Tag 1:6 val={000F} ]Isn't that great, bub?[Tag Color  val={FFFF} ]";
"I'll give you all the Rupees we've found.
We're actually searching for other
treasure...";
"Keep it quiet, but our actual goal is to
find the legendary treasure that [Tag Color  val={0001} ]sleeps at
the bottom of the sea[Tag Color  val={FFFF} ][Tag Color  val={0000} ]!

If you must know, bub, it's these golden,
triangular-shaped...


Triumph Forks!!! Yeah! Some sort of magical
cutlery! That's what we heard![Tag Color  val={FFFF} ]";
"...But don't tell anybody, bub!";
"[Tag Size  val={0096} ]BUB![Tag Size  val={0064} ]";
"If you know anything about the legendary
golden treasure...


Those Triumph Forks thingies...
Be sure to tell me.";
"Oh, and keep this a well-guarded
secret, bub...";
"Yeah, those Grappling Hooks... Nothing
pulls up stuff like those things.";
"Yeah, those Grappling Hooks... Nothing
pulls up stuff like those things.";
"The Grappling Hooks that the Rito tribe of
[Tag Color  val={0001} ]Dragon Roost Island[Tag Color  val={FFFF} ][Tag Color  val={0000} ] use are great.
Yeah, those are the best.[Tag Color  val={FFFF} ]";
"Do you sleep still?";
"Wait!";
"Do not be so hasty, boy...";
"I can see this girl's dreams...



[Tag 1:6 val={000F} ]Oceans...
[Tag 1:6 val={000F} ]Oceans...


[Tag 1:6 val={000F} ]Oceans...
[Tag 1:6 val={000F} ]Oceans...


[Tag 1:6 val={001E} ]Oceans as far as the eye can see.";
"They are vast seas...[Tag 1:6 val={000F} ]
None can swim across them...
They yield no fish to catch...";
"What did the king of Hyrule say?
[Tag 1:6 val={001E} ]...That the gods sealed Hyrule away?";
"And they left behind people who would
one day awaken Hyrule?!";
"[Tag 1:6 val={001E} ]How ridiculous...



So many pathetic creatures, scattered
across a handful of islands,[Tag 1:6 val={000F} ] drifting on this
sea like fallen leaves on a forgotten pool...
What can they possibly hope to achieve?";
"Don't you see?
[Tag 1:6 val={001E} ]All of you...";
"[Tag 1:6 val={003C} ][Tag Size  val={0096} ]Your gods destroyed you![Tag 1:3 val={005A} ][Tag Size  val={0064} ]";
"[Tag 1:6 val={000F} ]I have been waiting for you, boy.



For one like you...
[Tag 1:6 val={001E} ]Yes...[Tag 1:6 val={001E} ] For the hero.";
"[Tag 1:6 val={000F} ]Do not betray my expectations.";
"Yes, surely you are the Hero of Time,
reborn...";
"Your time has come...



Come now...[Tag 1:6 val={000F} ] Stand before me!";
"My country lay within a vast desert.";
"When the sun rose into the sky, a burning
wind punished my lands, searing the world.
[Tag 1:6 val={001E} ]And when the moon climbed into the dark
of night, a frigid gale pierced our homes.
No matter when it came, the wind carried
the same thing... Death.";
"But the winds that blew across the green
fields of Hyrule brought something other
than suffering and ruin.";
"I[Tag 1:6 val={001E} ] coveted that wind, I suppose.";
"It can only be called fate.



...That here,[Tag 1:6 val={000F} ] I would again gather the
three with the crests.";
"...That I should lay my hand on that which
grants the wishes of the beholder...


That when power, wisdom, and courage
come together,[Tag 1:6 val={000F} ] the gods would have no
choice but to come down...";
"The power of the gods... [Tag 1:6 val={000F} ]The Triforce!
He who touches it[Tag 1:6 val={000F} ] will have whatever he
desires granted!";
"Already, the crest of wisdom is mine...";
"[Tag 1:6 val={001E} ]All that remains...";
"Do not fear. I will not kill you...";
"I merely have need of the power that dwells
within you.";
"Now! [Tag 1:6 val={000F} ]Let us put an end to that which
binds us together!";
"Gods![Tag 1:6 val={000F} ] Hear that which I desire!";
"Expose this land to the rays of the sun
once more! Let them burn forth!";
"[Tag Size  val={0096} ]Give Hyrule[Tag 1:6 val={000F} ] to me!!![Tag Size  val={0064} ]";
"He who touches it[Tag 1:6 val={000F} ] will have whatever he
desires granted...";
"That is what you said, is it not, Ganondorf?";
"[Tag Size  val={0096} ]Gods of the Triforce!


[Tag Size  val={0064} ][Tag Size  val={0064} ]
[Tag Size  val={0064} ][Tag Size  val={0096} ]Hear that which I desire![Tag Size  val={0064} ]";
"[Tag Size  val={0096} ]Hope!



I desire hope for [Tag Size  val={0064} ][Tag Size  val={0096} ]these
children!
[Tag Size  val={0064} ][Tag Size  val={0064} ]

[Tag Size  val={0064} ][Tag Size  val={0096} ]Give them a future![Tag Size  val={0064} ]";
"[Tag Size  val={0096} ]Wash away this ancient[Tag Size  val={0064} ][Tag Size  val={0064} ]
[Tag Size  val={0064} ][Tag Size  val={0096} ]land of Hyrule!

[Tag Size  val={0064} ][Tag Size  val={0064} ]
[Tag Size  val={0064} ][Tag Size  val={0096} ]Let a ray of hope shine[Tag Size  val={0064} ][Tag Size  val={0064} ]
[Tag Size  val={0064} ][Tag Size  val={0096} ]on the future of the world!!![Tag Size  val={0064} ]";
"And let our destinies finally be fulfilled...



Ganondorf![Tag 1:6 val={000F} ] May you drown with Hyrule!!![Tag 1:6 val={000F} ]";
"[Tag 4:257  ]This is foolishness...
[Tag 1:6 val={001E} ]A future...for you?";
"[Tag 1:0  ]What are you laughing at, Ganondorf?![Tag 1:1  ]
[Tag 1:6 val={000F} ]You're insane!";
"[Tag 1:11  ][Tag 2:0  ]! I'm sorry!
[Tag 1:6 val={000A} ]I overslept!";
"I think it's time for us to say good-bye to
this place.


[Tag 1:0  ]We must return to the world above![Tag 1:1  ]
[Tag 1:6 val={001E} ]Back to our ocean!";
"Very well, then...
[Tag 1:6 val={001E} ]Allow me to show you...";
"Your future...



Yes... Allow me to show you...



Just what hope you have...";
"[Tag 1:6 val={001E} ]...See how much your precious Triforce
is worth![Tag 1:3 val={005A} ]";
"[Tag 4:258  ]Ughnn...[Tag 1:6 val={0014} ] Heh heh...
[Tag 1:6 val={000A} ]The wind...
[Tag 1:6 val={000A} ]It is[Tag 1:6 val={0014} ] blowing...";
"[Tag 1:11  ][Tag 2:0  ]!!!";
"My children...[Tag 1:6 val={000F} ] Listen to me.



I have lived regretting the past.
And I have faced those regrets.";
"If only I could do things over again...
[Tag 1:6 val={001E} ]Not a day of my life has gone by without
my thoughts turning to my kingdom of old.

[Tag 1:6 val={001E} ]I have lived bound to Hyrule.";
"In that sense,[Tag 1:6 val={001E} ] I was the same as Ganondorf.";
"But you...";
"I want you[Tag 1:6 val={001E} ] to live for the future.



[Tag 1:6 val={000F} ]There may be nothing left for you...



But despite that,[Tag 1:6 val={000F} ] you must look forward
and walk a path of hope, trusting that it
will sustain you when darkness comes.";
"Farewell...



This is the only world that your ancestors
were able to leave you.";
"Please...forgive us.";
"[Tag 4:256  ]W-Wait!



You could...[Tag 1:6 val={0014} ] You could come with us!";
"Yes, of course... We have a ship!
We can find it.
[Tag 1:6 val={0014} ]We WILL find it!

The land that will be the next Hyrule!";
"So...";
"...



Ah,[Tag 1:6 val={001E} ] but child... That land[Tag 1:6 val={002D} ] will not
be Hyrule.";
"[Tag 1:6 val={003C} ][Tag Size  val={0096} ]It will be YOUR land![Tag Size  val={0064} ]";
"You have deceived yourself...";
"Did you think you'd be safe inside the
castle? Foolish...";
"Now that my power has been restored,
there is no safe haven for you!";
"I have taken your precious Zelda.";
"And here, you shall fall into eternal
slumber!";
"[Tag Size  val={0096} ]Anchors aweigh!!![Tag 1:3 val={001E} ][Tag Size  val={0064} ]";
"[Tag Size  val={0096} ]Hold the tiller steady!!![Tag 1:3 val={003C} ][Tag Size  val={0064} ]";
"As for our destination...[Tag 1:3 val={003C} ]";
"The wind will guide us![Tag 1:3 val={003C} ]";
"I'll use this bow to cover you! Attack him
as best you can!";
"[Tag 1:11  ][Tag 2:0  ]! You have to distract him!";
"Are you ready?! I'll aim for you!
And you use your [Tag Color  val={0001} ]shield[Tag Color  val={FFFF} ][Tag Color  val={0000} ]...[Tag 1:6 val={0014} ] Do you get it?[Tag Color  val={FFFF} ]";
"Are you ready?! I'll aim for you!
And you use your [Tag Color  val={0001} ]shield[Tag Color  val={FFFF} ][Tag Color  val={0000} ]...[Tag 1:6 val={0014} ] Do you get it?[Tag Color  val={FFFF} ]";
"[Tag 1:6 val={000A} ]I have[Tag 1:6 val={000A} ] scattered[Tag 1:6 val={0014} ] the seeds of the future...";
"What?!?
Can'tcha see we're busy?!";
"I know we're super cute and all, but that
doesn't mean you can just come up and
talk to us whenever you like! Jeepers!";
"Hiya there, Mr. Smarty-Pants!
Hi!";
"What?!";
"Why are you staring at us like that, huh?
I know we're cute, but we're good girls!
We don't know any rumors! And we don't
spread the ones we know!";
"Yeah, we're good! No matter how much
money you give us, we won't tell you
anything! Nope! Nothing!";
"That's right! Not even for [Tag Color  val={0001} ]2 Rupees[Tag Color  val={FFFF} ][Tag Color  val={0000} ]!
[Tag 1:7  ]I'm ignoring you
Have some Rupees[Tag Color  val={FFFF} ]";
"What?! You're ignoring us? US?!?
...You stinker!";
"Oh, really? You're gonna give us Rupees?
...YIPPEE! We each get 1 whole Rupee!";
"Ha ha! ...We're STILL not going to tell you
anything! Not even a teensy-tiny rumor!";
"What's the matter, mister? Why are you
looking at us like we're aliens or something
weird like that?";
"...WHAT?!
We're GOOD girls! We don't spread rumors!";
"Yippeeee!";
"We're the [Tag Color  val={0001} ]Little Tipsters[Tag Color  val={FFFF} ][Tag Color  val={0000} ]!
Everyone in town calls us that![Tag Color  val={FFFF} ]";
"I wonder what that means, anyway?
...Maybe when we get bigger we'll finally
figure it out, huh?";
"Yeah! We would NEVER tell you about how
every night all the grown-ups meet up in that
one house and shout "BID! BID! BID!" till
they're hoarse!
They say it's an auction, or something...
They must really want those [Tag Color  val={0001} ]Peas of Art[Tag Color  val={FFFF} ]
or the, whatchamacallit, [Tag Color  val={0001} ]useful sail[Tag Color  val={FFFF} ]...";
"Yeah! We would never tell you about that
strange guy dressed from head to toe in
[Tag Color  val={0002} ]green[Tag Color  val={FFFF} ][Tag Color  val={0000} ] who's locked up in the town jail!
...But I wonder if he's related to you...[Tag Color  val={FFFF} ]";
"Yeah! We would never tell you about the
merchants with the huge backpacks who
are on [Tag Color  val={0001} ]Bomb Island[Tag Color  val={FFFF} ][Tag Color  val={0000} ], [Tag Color  val={FFFF} ][Tag Color  val={0001} ]Greatfish Isle[Tag Color  val={FFFF} ][Tag Color  val={0000} ], and
the [Tag Color  val={FFFF} ][Tag Color  val={0001} ]Mother & Child Isles[Tag Color  val={FFFF} ][Tag Color  val={0000} ]!
...I hear they all think [Tag Color  val={FFFF} ][Tag Color  val={0001} ]Zunari's shop[Tag Color  val={FFFF} ][Tag Color  val={0000} ] is the
greatest! Isn't that the weirdest?[Tag Color  val={FFFF} ]";
"Yeah! We'd never tell you that if you bring
[Tag Color  val={0001} ]Lenzo[Tag Color  val={FFFF} ] a Picto Box, he'll be super happy,
and even show you his upstairs gallery!

I guess grown-ups like having friends
who have the same hobbies, too...
Must be lonely, being a grown-up...
That's why we'll never grow up!";
"Yeah! We'd never tell you that our teacher,
Mrs. Marie, has a super-nice [Tag Color  val={0001} ]cabana[Tag Color  val={FFFF} ][Tag Color  val={0000} ]!


...She only took us there for summer school
once. We would never tell that, either![Tag Color  val={FFFF} ]";
"Yeah... 'Cause we already told you all the
rumors that were flying around town!";
"We give up!";
".[Tag 1:6 val={000A} ].[Tag 1:6 val={000A} ].[Tag 1:6 val={000A} ]Don't try to play tricks on us!
You don't have that many Rupees!";
"Come on! Get out of our way!";
"You're a pain!";
"Y-You're incredible! D-Did you just...
FLY down here?!";
"That's the coolest thing ever! Hey! If you
can fly, do you think maybe you can hit
that [Tag Color  val={0001} ]switch[Tag Color  val={FFFF} ][Tag Color  val={0000} ] over there? Huh? Can you?[Tag Color  val={FFFF} ]";
"Huh? You can't see it? It's just over there,
up toward the top of the Forest Haven...


Don't you have a [Tag Color  val={0001} ]Telescope[Tag Color  val={FFFF} ][Tag Color  val={0000} ]? I mean, who
doesn't in this day and age?[Tag Color  val={FFFF} ]";
"You have to hit that switch up there if you
want to get down into the [Tag Color  val={0001} ]Nintendo Gallery
[Tag Color  val={FFFF} ][Tag Color  val={0000} ]nestled beneath this island.

If you had a [Tag Color  val={FFFF} ][Tag Color  val={0001} ]Telescope[Tag Color  val={FFFF} ][Tag Color  val={0000} ], you could
probably see what I'm talking about.
...That switch is a real pain![Tag Color  val={FFFF} ]";
"See, once you become a gallery member,
they teach you how to activate the switch,
but I'm not a member yet...";
"Dang! If I could only fly through the skies...
Whee! Like a seagull! That would be great...";
"The switch is way up on top of that island,
at the base of that one branch... You see
what I mean? Right in that little nook...";
"[Tag 1:0  ]Hey![Tag 1:1  ][Tag 1:6 val={000F} ][Tag 1:0  ] Ooh! Hey! Wow![Tag 1:1  ][Tag 1:6 val={000F} ]
What kind of figurine are you after?


If you have a Picto Box, you can get as
many figurines as you like! Yeah! Wow!
...This place is like paradise!";
"So...you were a member this whole time!
Awesome! Hey, and thanks to you, I got in
and became a member, too!

Check it out! I gave this guy a pictograph,
and he gave me this figurine in return!
Talk about cool! This'll be all the rage!";
"You should get some figurines made, too!";
"That manager guy is gone, you know...
Yeah, he left one last figurine and took
off somewhere. I have no idea where.

He left [Tag Color  val={0001} ]your figurine[Tag Color  val={FFFF} ][Tag Color  val={0000} ] in the [Tag Color  val={FFFF} ][Tag Color  val={0001} ]vast ocean room
[Tag Color  val={FFFF} ][Tag Color  val={0000} ]on the other side of that wall![Tag Color  val={FFFF} ]";
""I have made every last figurine this world
could possibly desire from me. I have set
out into the world in search of new
inspiration to guide my hands."[Tag 1:6 val={000F} ]
...That's what was written here.";
"So... I guess this means...[Tag 1:6 val={000F} ]
You're the new master of the Nintendo
Gallery, aren't you?[Tag 1:6 val={000F} ]
Heh heh heh...[Tag 1:6 val={000F} ]
It looks like you'll be with us for a
long, long time! Well, I'll be counting on
you, buddy! I'll be here every day!";
"Oh, Mr. Cool-Nintendo-Guy-Manager...
Where in the world could you have gone?
I sure hope I get to meet you again
someday... Someday soon...";
"This is cool! This is so coooool!
I can't stand it! This is nuts!";
"Check it out! This arrangement is totally
awesome! I bet I'm the only one that gets
the subtleties of it! Just LOOK at it!";
"They took some liberties with this one, huh?
I can tell, man! I've got the eye!";
"Listen... Please try not to interrupt me as I
gaze upon my figurines...in supreme bliss.";
"All I want out of life is just the chance to
hang out and gaze at my figurines...
My life is soooo good.";
"Oh, yeah! This is cool. It's so absurdly cool!
I love how the wrist is just slightly
twisted. It's perfect! ";
"Look at how perfectly the joints are bent!
This is a Nintendo fan's dream come true!";
"Why is it that figurines of people always look
cooler than the people themselves? Weird.";
"This is such high quality! This is a weird
thing to say, but...I almost want to lick it!";
"Heh heh heh! So this is how he did that?
Dang! That master is one talented guy!";
"Welcome, [Tag 2:0  ].
Your figurine-based request has been fulfilled.";
"It's been a long time since I've done
work this exceptional. [Tag Color  val={0001} ][Tag 3:21  ][Tag Color  val={FFFF} ]";
"I know I always say this, but this is some
of the best work I've done in quite a while.";
"Go in that door there to check it out.";
"What's the matter? Hurry up and go look
at it. You won't be disappointed.";
"Well? Do you like it? If you do, then go
find me another great subject to work on!";
"Do you have a new subject for me?
If you do, please show it!";
"Oh, no, [Tag 2:0  ]! The figurine-making
process is a fine craft, I'm afraid. I won't be
able to make that many by tomorrow, no
matter how many pictographs you bring.
Could you come back tomorrow?";
"...What's this? This is in black and white!
Monochrome pictographs just don't provide
the kind of inspiration I need to create a
beautiful figurine, I'm afraid.";
"Hmmm... Yes... This is a fine pictograph, but
it just isn't the type of thing that inspires
me. No, not even in the least bit.";
"Wait just a second... I've already made a
figurine of this. Haven't you seen it yet?";
"Faces are the very soul of all figurines!
If you don't give me a shot where the
subject is completely facing the Picto Box,
I'm afraid I can't craft a figurine for you.";
"Oh! Well, this is almost right...
If you only had taken a shot that showed
the subject's entire body, I'd be quite
inspired to craft a figurine of this.";
"Ahh...[Tag 1:6 val={000F} ] Hah...[Tag 1:6 val={000F} ] Mmmm...[Tag 1:6 val={000F} ]
This is quite an inspiring motif![Tag 1:6 val={000F} ]


Hurrah! I'm filled with inspiration!";
"So what's your name, kid?
...[Tag 1:11  ][Tag 2:0  ]?
[Tag 1:11  ][Tag 2:0  ], is it?

Well, [Tag 2:0  ], this officially marks
your induction into our little club. [Tag Color  val={0001} ][Tag 3:21  ][Tag Color  val={FFFF} ][Tag Color  val={0000} ]


I think I should be done with this [Tag Color  val={0001} ]tomorrow[Tag Color  val={0000} ].
I'll have to ask you to be patient until then.[Tag Color  val={FFFF} ]";
"Figurine making requires love
and time. You'll have to wait [Tag Color  val={0001} ]until
tomorrow[Tag Color  val={FFFF} ]. I bet you're looking forward
to seeing what you're going to get!";
"Welcome!";
"Welcome to the [Tag Color  val={0001} ]Nintendo Gallery[Tag Color  val={FFFF} ][Tag Color  val={0000} ]
Figurine Palace![Tag Color  val={FFFF} ][Tag Color  val={0001} ] [Tag 3:21  ][Tag Color  val={FFFF} ]";
"This is your first time here, isn't it?
Did one of our members provide you with
an introduction, I hope?";
"Ah, well, no worries one way or the other.
We've been losing members due to our lack
of "gimmicky attractions"...but we don't
worry. True fans know we're the coolest.
So anyway, do you know what it takes to
become a member of our club?";
"The figurines we have on display here have
all been made using [Tag Color  val={0001} ]pictographs [Tag Color  val={FFFF} ][Tag Color  val={0000} ]provided
by our devoted members.[Tag Color  val={FFFF} ]";
"If you bring me, the master sculptor, a
[Tag Color  val={0001} ]pictograph[Tag Color  val={FFFF} ][Tag Color  val={0000} ] that steals my breath away...


Then you'll become a member, and you'll
become able to view the collection in our
galleries. And won't that be nice?[Tag Color  val={FFFF} ]";
"Do you have such a pictograph?";
"Would you like to be a member? Oh?
In that case, bring me a [Tag Color  val={0001} ]pictograph
[Tag Color  val={FFFF} ][Tag Color  val={0000} ]that steals my breath away.[Tag Color  val={FFFF} ]";
"As far as what kind of pictograph has the
power to steal my breath away...


Well, it can be either a person or a monster.
You just have to be careful to take a
[Tag Color  val={0001} ]full-body [Tag Color  val={FFFF} ][Tag Color  val={0000} ]shot with your subject [Tag Color  val={FFFF} ][Tag Color  val={0001} ]facing you[Tag Color  val={FFFF} ][Tag Color  val={0000} ].[Tag Color  val={FFFF} ][Tag Color  val={0001} ][Tag 3:21  ][Tag Color  val={FFFF} ]";
"...But until you bring me a subject that I
like, you can't join. Sorry, but that's
the way the cookie crumbles!

I AM making these figurines for free, so I
figure I should be allowed this one little
rule, don't you?";
"Welcome, [Tag 2:0  ].
Did you find me a new subject?
Well, show it to me! [Tag Color  val={0001} ][Tag 3:21  ][Tag Color  val={FFFF} ]";
"How do you like my figurine? Isn't it
marvelous? We do use only the highest
quality material, after all, so I suppose
it couldn't be anything less than lovely.
You can make figurines out of many
different materials, but I carve mine from
[Tag Color  val={0001} ]rainbow stone[Tag Color  val={FFFF} ][Tag Color  val={0000} ]—it's a special type of rock
whose colors defy description.
Rainbow stone is a very precious material,
and it can only be found around here![Tag Color  val={FFFF} ]";
"Oh, hey! Sorry, but only members are
allowed to view our gallery!";
"I've put it in the first room on the right.
...My right! [Tag Color  val={0001} ][Tag 3:21  ][Tag Color  val={FFFF} ]";
"I've put it in the second room from
the right. ...My right![Tag Color  val={0001} ][Tag 3:21  ][Tag Color  val={FFFF} ]";
"I've put it in the third room from the right.
...My right! [Tag Color  val={0001} ][Tag 3:21  ][Tag Color  val={FFFF} ]";
"I've put it in the room right across from
me. You can't miss it. [Tag Color  val={0001} ][Tag 3:21  ][Tag Color  val={FFFF} ]";
"I've put it in the third room from the left.
...My left![Tag Color  val={0001} ][Tag 3:21  ][Tag Color  val={FFFF} ]";
"I've put it in the second room from
the left. ...My left![Tag Color  val={0001} ][Tag 3:21  ][Tag Color  val={FFFF} ]";
"I've put it in the first room on the left.
...My left![Tag Color  val={0001} ][Tag 3:21  ][Tag Color  val={FFFF} ]";
"...Beautiful. Breathtaking. Sublime!



The shiny pupil... The smooth, supple skin...
Who is this? And where can I find such
beauty existing in the world? Why, this is
[Tag Color  val={0001} ]beauty incarnate[Tag Color  val={FFFF} ][Tag Color  val={0000} ]!
Mercy! My heart bubbles over with the
undeniable compulsion to create a
figurine from this work of art![Tag Color  val={FFFF} ]";
"Are you saying my fans want this figurine?
Wow... That golden, freshly brushed hair...
That stylish, yet unassuming bod...
...Why, this is a mighty handsome man!
Mercy! My very soul compels me to make a
figurine from this picture!";
"Please! Permit me to sculpt this!
It will be a jewel of a figurine!";
"Oh, [Tag 2:0  ]! It's you!
I should be done with my work by tomorrow.
Come back then!

Mm?[Tag 1:6 val={001E} ] You seem eager to show me more...



Oh, all right then. I'm working myself into a
stupor, but that's never stopped me before! [Tag 3:21  ]
[Tag 1:6 val={000F} ]Let's see what you've got, then.";
"I was completely overcome with the creative
urge after seeing what you gave me! I ended
up making lots of figurines!

But all that artistic spirit made me a little
absentminded, so I don't exactly remember
which rooms I placed them all in...
Why don't you go and have a look inside?";
"Eh? Didn't I already make a figurine from
this pictograph? I can't be bothered doing
the same thing twice!";
"[Tag 4:259  ]Ho[Tag 1:6 val={000A} ] ho![Tag 1:6 val={000A} ] To think that over there...[Tag Color  val={0001} ]
[Tag Color  val={FFFF} ][Tag Color  val={0000} ][Tag 1:6 val={000A} ]There would be such a [Tag Color  val={FFFF} ][Tag Color  val={0001} ]container[Tag Color  val={FFFF} ][Tag Color  val={0000} ]...[Tag Color  val={FFFF} ]";
"[Tag 4:259  ]Ho ho! All the way out there?
[Tag 1:6 val={000A} ]I see! I see! Quite so!";
"[Tag 4:259  ]Ho ho![Tag 1:6 val={000A} ] So close! If only I could [Tag Color  val={0001} ]fly[Tag Color  val={FFFF} ][Tag Color  val={0000} ] to
the top of that hill! If only!


Beneath that [Tag Color  val={FFFF} ][Tag Color  val={0001} ]rock head[Tag Color  val={FFFF} ][Tag Color  val={0000} ]...
[Tag 1:6 val={000A} ][Tag 1:0  ]The Tri[Tag 1:1  ][Tag 1:6 val={000A} ][Tag Size  val={004B} ]frmphm...[Tag Size  val={0064} ][Tag Color  val={FFFF} ][Tag Size  val={0064} ]
Oh! I nearly spoke aloud without thinking.
[Tag 1:6 val={000A} ]It is a secret.[Tag Color  val={0001} ][Tag 3:21  ] [Tag Color  val={FFFF} ][Tag Size  val={0064} ][Tag Color  val={0000} ]Yes. Quite a secret...[Tag Color  val={FFFF} ][Tag Color  val={0001} ][Tag 3:21  ][Tag Color  val={FFFF} ]";
"[Tag 4:259  ]Ho [Tag 1:6 val={000A} ]ho! [Tag 1:6 val={000A} ]Fuh-[Tag 1:6 val={000A} ]Frightening!";
"[Tag 4:259  ]Ho [Tag 1:6 val={000A} ]ho! [Tag 1:6 val={000A} ]I see.[Tag 1:6 val={000A} ] I do, indeed.";
"[Tag 4:259  ]Ho [Tag 1:6 val={000A} ]ho! [Tag 1:6 val={000A} ]One! One flying seagull![Tag 1:6 val={000A} ]
No! Two! Two flying seagulls!


Wait! I see more seagulls![Tag 1:6 val={001E} ] Three! Four! Five!
Now six! No! No! Seven seagulls! Eight!
This is madness! Eight seagulls...";
"[Tag 4:259  ]Ho[Tag 1:6 val={000A} ] ho! [Tag 1:6 val={000A} ]So THAT is how that works...";
"[Tag 4:259  ]Ho ho![Tag 1:6 val={000A} ] So beautiful! Incredibly beautiful!



[Tag 1:6 val={001E} ][Tag 1:0  ]I'm so glad I bought this [Tag Color  val={0001} ]kaleidoscope[Tag Color  val={FFFF} ][Tag Color  val={0000} ]![Tag 1:1  ] [Tag Color  val={FFFF} ][Tag Color  val={0001} ][Tag 3:21  ][Tag Color  val={FFFF} ]";
"[Tag 4:259  ]Ho ho![Tag 1:6 val={000A} ] My, that battery of mounted guns
is a dangerous thing. If only someone could
blow the entire lot of them to bits!

It is such a shame that they exist, for there
is something wonderful hidden there!";
"[Tag 4:259  ]Ho ho![Tag 1:6 val={000A} ] Too bad! All I can see is seagulls
now...


What a shame! I was certain that huge [Tag Color  val={0001} ]fairy
[Tag Color  val={FFFF} ][Tag Color  val={0000} ]could be seen right around here...


[Tag 1:6 val={0014} ]Of course! ...[Tag Color  val={FFFF} ][Tag Color  val={0002} ]Magic[Tag Color  val={FFFF} ][Tag Color  val={0000} ]! That fairy is using
magic! That is the only explanation![Tag Color  val={FFFF} ]";
"Treasure Chart 34";
"Treasure Chart 35";
"Treasure Chart 36";
"Treasure Chart 37";
"Treasure Chart 38";
"Treasure Chart 39";
"Treasure Chart 40";
"Treasure Chart 41";
"Ghost Ship Chart";
"Tingle's Chart";
"IN-credible Chart";
"Octo Chart";
"Great Fairy Chart";
"Island Hearts Chart";
"Sea Hearts Chart";
"Secret Cave Chart";
"Light Ring Chart";
"Platform Chart";
"Beedle's Chart";
"Submarine Chart";
"Treasure Chart 42";
"Treasure Chart 43";
"Treasure Chart 44";
"Treasure Chart 45";
"Treasure Chart 46";
"[Tag 1:11  ][Tag 2:0  ], would you care for another
of my Legendary Pictographs?";
"Today I have prepared a pictograph of
the great [Tag Color  val={0001} ]king of Hyrule[Tag Color  val={FFFF} ][Tag Color  val={0000} ].[Tag Color  val={FFFF} ]";
"Today I have prepared a pictograph of
[Tag Color  val={0001} ]Ganondorf[Tag Color  val={FFFF} ][Tag Color  val={0000} ], the king of evil.[Tag Color  val={FFFF} ]";
"Today I have prepared a pictograph of
a beautiful [Tag Color  val={0001} ]Great Fairy[Tag Color  val={FFFF} ][Tag Color  val={0000} ].[Tag Color  val={FFFF} ]";
"Today I have prepared a pictograph of
the great [Tag Color  val={0001} ]water spirit[Tag Color  val={FFFF} ][Tag Color  val={0000} ],[Tag Color  val={FFFF} ][Tag Color  val={0001} ] Jabun[Tag Color  val={FFFF} ][Tag Color  val={0000} ].[Tag Color  val={FFFF} ]";
"Today I have prepared a pictograph of
the [Tag Color  val={0001} ]Queen of Fairies[Tag Color  val={FFFF} ][Tag Color  val={0000} ].[Tag Color  val={FFFF} ]";
"Today I have prepared a pictograph of
the [Tag Color  val={0001} ]Wind Sage[Tag Color  val={FFFF} ][Tag Color  val={0000} ].[Tag Color  val={FFFF} ]";
"Today I have prepared a pictograph of
the [Tag Color  val={0001} ]Earth Sage[Tag Color  val={FFFF} ][Tag Color  val={0000} ].[Tag Color  val={FFFF} ]";
"Guess what, young [Tag 2:0  ]! Today is
a great day in pictography!";
"Today marks the day long past when I,
as a young lad still struggling to reach
the pinnacle of pictography, received
my very first [Tag Color  val={0001} ]Legendary Pictograph[Tag Color  val={FFFF} ][Tag Color  val={0000} ].[Tag Color  val={FFFF} ]";
"A [Tag Color  val={0001} ]Legendary Pictograph[Tag Color  val={FFFF} ][Tag Color  val={0000} ] is an image of
a being or essence that has passed
beyond the knowledge of this world.
They're quite incredible, really.
These are images that one comes across
only in the rarest of circumstances, but as
I am the leading pictographer in the land,
I have managed to gather many of them.[Tag Color  val={FFFF} ]";
"And yet, [Tag 2:0  ], seeing as how you
are one who has dedicated his life to the
art of pictography, as I have...

I am willing to pass on to you one of these
treasured [Tag Color  val={0001} ]Legendary Pictographs[Tag Color  val={FFFF} ][Tag Color  val={0000} ].[Tag Color  val={FFFF} ]";
"If you have any open pictograph slots,
I will place the image in your [Tag Color  val={0001} ]Deluxe Picto
Box[Tag Color  val={FFFF} ][Tag Color  val={0000} ]. Let me see it for a moment, will you?[Tag Color  val={FFFF} ]";
"For me, every day is Pictography Day!
I cannot wait for tomorrow to come!";
"[Tag Size  val={004B} ]...Hmmph! The box is full![Tag Size  val={0064} ]";
"I shall place this pictograph in there
immediately![Tag 1:6 val={000A} ] Er... Hmmm, now...
But perhaps that would be hasty...";
"This is, after all, a very precious thing. I
cannot just give it away for free, can I?


What do you say, young sir? Will you pay...
[Tag 1:6 val={000A} ][Tag Size  val={004B} ]Ahem... [Tag Size  val={0064} ][Tag 1:6 val={001E} ][Tag Color  val={0001} ]150 Rupees [Tag Color  val={FFFF} ][Tag Color  val={0000} ]for it?
[Tag 1:7  ]I'll pay
No way[Tag Color  val={FFFF} ]";
"[Tag Size  val={004B} ]Penniless ragamuffin...[Tag Size  val={0064} ]";
"[Tag Size  val={004B} ]...Hmmph! He doesn't have enough money![Tag Size  val={0064} ]";
"[Tag 4:160  ]Oh ho ho ho! I have received my payment,
so now, without delay...";
"I just stick this here, and...";
"[Tag Color  val={0001} ]Aryll
[Tag Color  val={FFFF} ][Tag Color  val={0000} ]Birthplace: Outset Island
Personality: Kind and true to her family

[Tag 1:11  ][Tag 2:0  ]'s energetic younger sister is
adored by all who meet her. Her current
goal is to learn how to fetch water so she
can help out her grandmother.
Her most treasured belonging is a telescope
bearing a drawing of a seagull.[Tag Color  val={FFFF} ]";
"[Tag Color  val={0001} ][Tag 1:11  ][Tag 2:0  ]'s Grandma[Tag Color  val={FFFF} ][Tag Color  val={0000} ]
Birthplace: Outset Island
Personality: Worrywart

This kind old woman works hard to raise
her two grandchildren. She's a very
talented cook—her special Elixir Soup is
sure to raise anyone's spirits.
She also can be somewhat mischievous and
enjoys playing the occasional prank on
[Tag 2:0  ].[Tag Color  val={FFFF} ]";
"[Tag Color  val={0001} ]Sue-Belle[Tag Color  val={FFFF} ][Tag Color  val={0000} ]
Birthplace: Windfall Island
Personality: Serious

Sue-Belle was born and raised on Windfall,
but she became concerned for the health of
her grandfather, Sturgeon, so she decided
to move to live with him on Outset Island.
Morning, noon, and night, she fills vases
with water and carries them on her head
from the well to their house. Strangely
enough, she actually enjoys the task.[Tag Color  val={FFFF} ]";
"[Tag Color  val={0001} ]Sturgeon[Tag Color  val={FFFF} ][Tag Color  val={0000} ]
Birthplace: Outset Island
Personality: Extremely serious

Known as Outset's living encyclopedia,
Sturgeon is quite wise, boasting an
abnormally high IQ.

He has extremely sensitive nerves—quite the
opposite of his younger brother, Orca, who
lives downstairs. Surprisingly, Sturgeon was
an accomplished swordsman in his youth.[Tag Color  val={FFFF} ]";
"[Tag Color  val={0001} ]Orca
[Tag Color  val={FFFF} ][Tag Color  val={0000} ]Birthplace: Outset Island
Talent: Swordplay

In his younger days, Orca had hoped to be
a swordsman, but he suffered a serious
injury that ended that dream. He soon
returned to Outset and became a fisherman.
On a ledge on one wall of his house is a
memento from his days of training with a
blade. Orca is a lifelong bachelor.[Tag Color  val={FFFF} ]";
"[Tag Color  val={0001} ]Abe[Tag Color  val={FFFF} ][Tag Color  val={0000} ]
Birthplace: Outset Island
Greatest Treasure: His family

Abe is a family man who takes good care
of his wife and two kids. In his younger
days, his dashing good looks and baritone
voice made him quite the ladies' man.
Then one day, he was instantly smitten by
a woman named Rose. Even though he was
consistently rebuffed, he persisted and
finally convinced Rose to marry him.[Tag Color  val={FFFF} ]";
"[Tag Color  val={0001} ]Rose[Tag Color  val={FFFF} ][Tag Color  val={0000} ]
Birthplace: Outset Island
Favorite thing: Animals

The mother of Joel and Zill, Rose is a
woman of refreshingly simple tastes...but
she's a demanding mother. She has the bad
habit of trying to laugh her way out of lies.[Tag Color  val={FFFF} ]";
"[Tag Color  val={0001} ]Mesa[Tag Color  val={FFFF} ][Tag Color  val={0000} ]
Birthplace: Outset Island
Personality: Slacker

Mesa performs his chores at very much his
own pace. His vegetable patch is always
full of weeds, and he spends most of the
year trying to clear it out.
He's surprisingly timid and often can't
fall asleep at night. He's currently looking
for a wife.[Tag Color  val={FFFF} ]";
"[Tag Color  val={0001} ]Joel[Tag Color  val={FFFF} ][Tag Color  val={0000} ]
Birthplace: Outset Island
Main Interest: Sticks

Joel's dream is to grow up as soon as he
can so he can jump across boulders just
like [Tag 2:0  ].

Both he and his younger brother, Zill,
distinctly resemble their father.[Tag Color  val={FFFF} ]";
"[Tag Color  val={0001} ]Zill[Tag Color  val={FFFF} ][Tag Color  val={0000} ]
Birthplace: Outset Island
Talent: Sniffling

Zill is a hyper-inquisitive young boy
who speaks his thoughts as soon as they
come to mind. He can often strike a nerve
without realizing it.
He likes to imitate his older brother, Joel.
And strangely enough, it seems that he
actually lets his nose run on purpose...[Tag Color  val={FFFF} ]";
"[Tag Color  val={0001} ]Jabun[Tag Color  val={FFFF} ][Tag Color  val={0000} ]
Birthplace: Greatfish Isle
Water Spirit

Jabun can only speak Hylian, so hardly
anyone understands a word he says.[Tag Color  val={FFFF} ]";
"[Tag Color  val={0001} ]Wild Pig[Tag Color  val={FFFF} ][Tag Color  val={0000} ]
Birthplace: Unknown
Talent: Digging holes

Wild pigs are found primarily in the fields
of Outset Island. They love [Tag Color  val={FFFF} ][Tag Color  val={0001} ]All-Purpose Bait
[Tag Color  val={FFFF} ][Tag Color  val={0000} ]above all other foods, and when they eat it,
they can't help but tear into the earth.[Tag Color  val={FFFF} ]";
"[Tag Color  val={0001} ]Seagull[Tag Color  val={FFFF} ][Tag Color  val={0000} ]
Birthplace: Unknown
Talent: Flying

Seagulls soar freely over the Great Sea.
They love [Tag Color  val={FFFF} ][Tag Color  val={0001} ]Hyoi Pears[Tag Color  val={FFFF} ][Tag Color  val={0000} ] above all other foods,
and eating them simply steals their hearts.[Tag Color  val={FFFF} ]";
"[Tag Color  val={0001} ]Crab[Tag Color  val={FFFF} ][Tag Color  val={0000} ]
Birthplace: Unknown
Talent: Crab-walking

These creatures are crabs, plain and simple.[Tag Color  val={FFFF} ]";
"[Tag Color  val={0001} ]Tott[Tag Color  val={FFFF} ][Tag Color  val={0000} ]
Birthplace: Windfall Island
Talent: Dancing

This young fellow dreams of becoming a
professional dancer. He dances before a
strange stone monument day and night.

This smooth dancer may still be practicing,
but he's also recruiting for a partner! [Tag 3:22  ][Tag Color  val={FFFF} ]";
"[Tag Color  val={0001} ]Mila[Tag Color  val={FFFF} ][Tag Color  val={0000} ]
Birthplace: Windfall Island
Personality: Harsh

This poor girl was filthy rich until she
got rescued from her prison in the
Forsaken Fortress. 

Now that her family has fallen on hard
times, she works for the shop on Windfall
Island to help ease their hardship.[Tag Color  val={FFFF} ]";
"[Tag Color  val={0001} ]Mila's Father[Tag Color  val={FFFF} ][Tag Color  val={0000} ]
Birthplace: Windfall Island
Favorite Thing: Money

His hobby was once collecting expensive
vases, but unfortunately, they were the kind
of vase one wants to break as soon as one
catches sight of them.
Those who did and were forced to
compensate him for his loss were said to
regret it afterward.[Tag Color  val={FFFF} ]";
"[Tag Color  val={0001} ]Maggie[Tag Color  val={FFFF} ][Tag Color  val={0000} ]
Birthplace: Windfall Island
Favorite Things: Love and romance

Maggie was dirt poor before being
kidnapped and held captive in the Forsaken
Fortress. She's quite popular with all boys...
but she prefers "wild" boys over all others.
Lately she has taken to writing poems and
will soon be publishing one entitled
"A Woman's Heart Is Blue."[Tag Color  val={FFFF} ]";
"[Tag Color  val={0001} ]Maggie's Father[Tag Color  val={FFFF} ][Tag Color  val={0000} ]
Birthplace: Windfall Island
Personality: Not particularly good

Surprisingly, Maggie's father is quite
confident that he is the epitome of fashion.
It would probably be more accurate to say
that the clothes he wears are "distinct."
He seems to especially like vintage clothes
and jewelry.[Tag Color  val={FFFF} ]";
"[Tag Color  val={0001} ]Bomb-Master Cannon[Tag Color  val={FFFF} ][Tag Color  val={0000} ]
Birthplace: Windfall Island
Mood: Shifts violently

Cannon is the world's only maker of bombs.
He considers himself a magician with
gunpowder and other explosives. His
hairstyle is as unique as his talent.[Tag Color  val={FFFF} ]";
"[Tag Color  val={0001} ]The Potion Master, Doc Bandam[Tag Color  val={FFFF} ][Tag Color  val={0000} ]
Birthplace: Windfall Island
Favorite Food: Chu Jelly

Doc Bandam spends his days researching
ChuChus in his potion shop. He visits
Pawprint Island now and then to collect the
Chu Jelly he uses to make his potions.
He considers himself a potion artist, and
like an artist, he's quite whimsical.[Tag Color  val={FFFF} ]";
"[Tag Color  val={0001} ]The Pictographer, Lenzo[Tag Color  val={FFFF} ][Tag Color  val={0000} ]
Birthplace: Unknown
Personality: Hard to grasp

Lenzo is a famed pictographer known to all.
His mysterious personality is quite popular
with the ladies in town.[Tag Color  val={FFFF} ]";
"[Tag Color  val={0001} ]The Shop Guru, Zunari[Tag Color  val={FFFF} ][Tag Color  val={0000} ]
Birthplace: A C-C-COLD Island
Pet Phrase: "Dear me!"

Even on the hottest day of summer, Zunari
can be found in his shop, wearing the
beloved hood that his mother made for him.
He keeps a great treasure in his safe there.
On a side note, he turns forty this year and
is now recruiting for a wife. [Tag Color  val={FFFF} ][Tag Color  val={0001} ][Tag 3:21  ][Tag Color  val={FFFF} ]";
"[Tag Color  val={0001} ]The Joyful Teacher, Mrs. Marie[Tag Color  val={FFFF} ][Tag Color  val={0000} ]
Birthplace: Windfall Island
This Year's Lucky Number: 20

This year marks the twentieth year this
splendid individual has worked as
Windfall's schoolteacher. Her hobby is
collecting Joy Pendants.
Her goal in life is to raise unique and
creative students. The most unique thing
she's ever created is her own hairstyle.[Tag Color  val={FFFF} ]";
"[Tag Color  val={0001} ]Windfall's Gang of Boys, the Killer Bees[Tag Color  val={FFFF} ][Tag Color  val={0000} ]
Birthplace: Windfall Island
Main Objective: Raising trouble

This small gang of four calls itself the
[Tag Color  val={FFFF} ][Tag Color  val={0001} ]Killer Bees[Tag Color  val={FFFF} ][Tag Color  val={0000} ]. Starting from the left, the
members are:

The leader, [Tag Color  val={FFFF} ][Tag Color  val={0001} ]Ivan[Tag Color  val={FFFF} ][Tag Color  val={0000} ]:[Tag Color  val={FFFF} ][Tag Color  val={0001} ]
 [Tag Color  val={FFFF} ][Tag Color  val={0000} ]A very talented and reliable leader.
 Leave all tree climbing to him.
 
[Tag Color  val={FFFF} ][Tag Color  val={0001} ]Jin[Tag Color  val={FFFF} ][Tag Color  val={0000} ], the fox:
 Ivan's quick-witted adviser.
 His wry insults can be hard to take.[Tag Color  val={FFFF} ][Tag Color  val={0001} ]

Jan[Tag Color  val={FFFF} ][Tag Color  val={0000} ], the blue-hair:
 Uses his innocent looks to avert trouble. 
 He's the Killer Bee's thug.

The pig-nosed [Tag Color  val={FFFF} ][Tag Color  val={0001} ]Jun-Roberto[Tag Color  val={FFFF} ][Tag Color  val={0000} ]:[Tag Color  val={FFFF} ][Tag Color  val={0001} ]
[Tag Color  val={FFFF} ][Tag Color  val={0000} ] Secretly aims to be the next gang leader.
 He was raised in a bourgeois family and
 has developed into a terrible little tyrant.
When these four are together, they fear
absolutely nothing![Tag Color  val={FFFF} ]";
"[Tag Color  val={0001} ]Potova & Joanna[Tag Color  val={FFFF} ][Tag Color  val={0000} ]
Birthplace: Windfall Island
Nickname: The Little Tipsters

These two girls are talented at hitting on
island rumors, seemingly without any tips
or advice from others. Children can be
really frightening sometimes.[Tag Color  val={FFFF} ]";
"[Tag Color  val={0001} ]Anton[Tag Color  val={FFFF} ][Tag Color  val={0000} ]
Birthplace: Windfall Island
Favorite Activity: Kickboxing

The reason his second-favorite hobby is
taking walks is because it keeps his legs
in shape. He's had his eye on a certain
young lady lately.[Tag Color  val={FFFF} ]";
"[Tag Color  val={0001} ]Kreeb[Tag Color  val={FFFF} ][Tag Color  val={0000} ]
Birthplace: Windfall Island
Least Favorite Proverb:
 "Only smoke and fools love high places."

This young guy's trademark is his yellow
hat. He seems to have an unusual interest
in the town's Ferris wheel and lighthouse.[Tag Color  val={FFFF} ]";
"[Tag Color  val={0001} ]Kamo[Tag Color  val={FFFF} ][Tag Color  val={0000} ]
Birthplace: Windfall Island
Years with No Girlfriend: 18

Ever the romantic, Kamo loves to gaze at
the night sky. He and his dear friend
[Tag Color  val={FFFF} ][Tag Color  val={0001} ]Linda [Tag Color  val={FFFF} ][Tag Color  val={0000} ]were once classmates at
[Tag Color  val={FFFF} ][Tag Color  val={0001} ]Mrs. Marie's School[Tag Color  val={FFFF} ][Tag Color  val={0000} ].[Tag Color  val={FFFF} ]";
"[Tag Color  val={0001} ]Gillian[Tag Color  val={FFFF} ][Tag Color  val={0000} ]
Birthplace: Windfall Island
Workplace: The Café Bar

Gillian manages the café in place of her
now-ill father. It seems she once had a
boyfriend, but that info is TOP SECRET![Tag Color  val={FFFF} ]";
"[Tag Color  val={0001} ]Linda[Tag Color  val={FFFF} ][Tag Color  val={0000} ]
Birthplace: Windfall Island
Best Friend: Sue-Belle

Lately, her childhood friend, the delicate
[Tag Color  val={FFFF} ][Tag Color  val={0001} ]Kamo[Tag Color  val={FFFF} ][Tag Color  val={0000} ], has become smitten with her, but
she's apparently completely oblivious to
his feelings.[Tag Color  val={FFFF} ]";
"[Tag Color  val={0001} ]Sam[Tag Color  val={FFFF} ][Tag Color  val={0000} ]
Birthplace: Windfall Island
Favorite Spot: The sea-view bench

He thinks that a little composure is of the
utmost importance in life. Sam's a card-
carrying member of the Joyous Volunteer
Association.[Tag Color  val={FFFF} ]";
"[Tag Color  val={0001} ]Gossack[Tag Color  val={FFFF} ][Tag Color  val={0000} ]
Birthplace: Windfall Island
Personality: Not brave

There isn't much to say about Gossack.[Tag Color  val={FFFF} ]";
"[Tag Color  val={0001} ]Garrickson[Tag Color  val={FFFF} ][Tag Color  val={0000} ]
Birthplace: Windfall Island
Personality: Passionate

He is constantly thinking of someone on
a faraway island. He's apparently a very
passionate man, and he has a very hip
sense of fashion.[Tag Color  val={FFFF} ]";
"[Tag Color  val={0001} ]Pompie & Vera[Tag Color  val={FFFF} ][Tag Color  val={0000} ]
Birthplace: Windfall Island
Hobby: Gossiping

Pompie and Vera are the town's most
talkative pair of ladies, and they are
always spreading idle gossip. Lately
they've been obsessed with [Tag Color  val={FFFF} ][Tag Color  val={0001} ]Lenzo[Tag Color  val={FFFF} ][Tag Color  val={0000} ]. [Tag Color  val={FFFF} ][Tag Color  val={0001} ][Tag 3:21  ][Tag Color  val={FFFF} ]";
"[Tag Color  val={0001} ]Missy[Tag Color  val={FFFF} ][Tag Color  val={0000} ]
Birthplace: Windfall Island
Her Son: Dampa the Sailor

She's just an ordinary elderly woman.[Tag Color  val={FFFF} ]";
"[Tag Color  val={0001} ]Minenco[Tag Color  val={FFFF} ][Tag Color  val={0000} ]
Birthplace: Windfall Island
Favorite Thing: Pictographs

This former beauty became famous after
being dubbed Miss Windfall Island...about
forty years ago. There isn't a younger
woman who could take that title away.[Tag Color  val={FFFF} ]";
"[Tag Color  val={0001} ]Gummy the Sailor[Tag Color  val={FFFF} ][Tag Color  val={0000} ]
Birthplace: Windfall Island
Favorite Spice: Pepper

No one knows where he gets his spending
money from, but this nifty sailor spends
night after night unwinding at the auction.[Tag Color  val={FFFF} ]";
"[Tag Color  val={0001} ]Kane the Sailor[Tag Color  val={FFFF} ][Tag Color  val={0000} ]
Birthplace: Windfall Island
Favorite Occupation: Artist

Long ago, Kane longed to be an artist or a
sculptor, but circumstances in his home life
forced him to become a sailor. He's still
critical of all artistic expression, though.[Tag Color  val={FFFF} ]";
"[Tag Color  val={0001} ]Dampa the Sailor[Tag Color  val={FFFF} ][Tag Color  val={0000} ]
Birthplace: Windfall Island
Favorite Animal: Pigs

Dampa recently got some pet pigs, and now
they're all he can think about. He really
confirms the old adage about pets and
their owners...[Tag Color  val={FFFF} ]";
"[Tag Color  val={0001} ]Candy the Sailor[Tag Color  val={FFFF} ][Tag Color  val={0000} ]
Birthplace: Windfall Island
Good at Cooking: Crêpes

At first glance, Candy looks a little
intimidating, but he's actually extremely
kind and quite knowledgeable. He's always
happy to share his knowledge, too.
He's energetic and sort of a scamp for
a seventeen-year-old.[Tag Color  val={FFFF} ]";
"[Tag Color  val={0001} ]Tetra[Tag Color  val={FFFF} ][Tag Color  val={0000} ]
Personality: Elusive
 Tetra seems bossy and strong willed, but
 she's actually quite kind.
Orphaned at a young age, Tetra followed in
her mother's footsteps, becoming a pirate
and watching after her mother's gang of
lovable swabbies. 
Tetra and her crew are in search of a
legendary treasure hidden beneath the
waves of the Great Sea.[Tag Color  val={FFFF} ]";
"[Tag Color  val={0001} ]Gonzo[Tag Color  val={FFFF} ][Tag Color  val={0000} ]
Personality: Short tempered
Favorite Thing: Miss Tetra

Leader of Tetra's family of pirates, Gonzo
seems to be quite strong...but he cries at
the drop of a hat.[Tag Color  val={FFFF} ]";
"[Tag Color  val={0001} ]Senza[Tag Color  val={FFFF} ][Tag Color  val={0000} ]
Personality: Mild mannered
Talent: Ummm...talking, maybe?

Senza is in charge of keeping the pirate
ship in order. He's a mild-mannered
speaker, but his persuasive skills are
said to be unmatched.[Tag Color  val={FFFF} ]";
"[Tag Color  val={0001} ]Nudge[Tag Color  val={FFFF} ][Tag Color  val={0000} ]
Personality: Who knows?
Talent: Sewing

Nudge seems to understand Tetra best of
all the pirates and often counsels her
in her decision making. He's actually
stronger than Gonzo.[Tag Color  val={FFFF} ]";
"[Tag Color  val={0001} ]Zuko[Tag Color  val={FFFF} ][Tag Color  val={0000} ]
Personality: Taciturn
Talent: Spying

Zuko is in charge of keeping watch. His
sharp eyes can read signs a mile off, but
no one really understands what he says,
so they rarely know what he's seen.[Tag Color  val={FFFF} ]";
"[Tag Color  val={0001} ]Niko[Tag Color  val={FFFF} ][Tag Color  val={0000} ]
Personality: Merry
Least Favorite Thing: Gonzo's underwear

Niko is the bottom rung on the pirate
ladder, so he's responsible for all the odd
jobs on the ship.

He's quite childish and rarely thinks of
the consequences of his actions. Even so,
he shows signs of having what it takes to
move up the pirate ladder.[Tag Color  val={FFFF} ]";
"[Tag Color  val={0001} ]Mako[Tag Color  val={FFFF} ][Tag Color  val={0000} ]
Personality: At first glance, quiet
Least Favorite Thing:
 Having his glasses touched by strangers.
Mako is called the brains of the ship and
the king of invention. He may look like a
weakling, but his glasses give him keen
eyesight, and he's unstoppable when mad.
Not many know this, but he keeps a knife
hidden in that thick book of his.[Tag Color  val={FFFF} ]";
"[Tag Color  val={0001} ]Tingle[Tag Color  val={FFFF} ][Tag Color  val={0000} ]
Birthplace: Unknown
Favorite Things: Fairies, deciphering maps

It's been several years since Tingle first
became enchanted with deciphering maps in
the hopes it would help him find fairies,
and he's lost many things during that time.
He's raising funds to begin his search for
fairies, hoping to embark sometime in his
thirties, while the lust of life is still upon
him. At the age of 35, the pressure's on![Tag Color  val={FFFF} ]";
"[Tag Color  val={0001} ]Ankle[Tag Color  val={FFFF} ][Tag Color  val={0000} ]
Birthplace: Unknown
Favorite Proverb: "One may as well hang for
a stolen sheep as for a stolen lamb."
Since being taught how to decipher maps
by his older brother [Tag Color  val={FFFF} ][Tag Color  val={0002} ]Tingle[Tag Color  val={FFFF} ][Tag Color  val={0000} ], Ankle has been
supporting his good-for-nothing twin
brother, [Tag Color  val={FFFF} ][Tag Color  val={0003} ]Knuckle[Tag Color  val={FFFF} ][Tag Color  val={0000} ].
The only time he feels he can truly be
himself is when he's tending to the
Tingle Island flower garden.[Tag Color  val={FFFF} ]";
"[Tag Color  val={0001} ]Knuckle[Tag Color  val={FFFF} ][Tag Color  val={0000} ]
Birthplace: Unknown
Occupation: Carver

Knuckle is another of [Tag Color  val={FFFF} ][Tag Color  val={0002} ]Tingle's[Tag Color  val={FFFF} ][Tag Color  val={0000} ] younger
brothers—he happens to be [Tag Color  val={FFFF} ][Tag Color  val={0001} ]Ankle's[Tag Color  val={FFFF} ][Tag Color  val={0000} ] twin. He
finished carving Tingle Tower when he was
ten years old. The head is his studio.
Supposedly, it used to bother him that
this collection was considered complete,
even without his figurine.[Tag Color  val={FFFF} ]";
"[Tag Color  val={0001} ]David Jr.[Tag Color  val={FFFF} ][Tag Color  val={0000} ]
Birthplace: Windfall Island
Occupation: Treasure hunter

Seventeen-year-old David Jr. set out to sea
with dreams of finding the treasure of the
Ghost Ship that his now-deceased father
once saw.
He gets seasick quite easily and was in
just such a state when he awoke in a daze
on Tingle Island.

[Tag Color  val={FFFF} ][Tag Color  val={0001} ]Ankle[Tag Color  val={FFFF} ][Tag Color  val={0000} ] told him that "self comes before
wealth," and he's been working in the tower
ever since. He really hates the uniform.[Tag Color  val={FFFF} ]";
"[Tag Color  val={0001} ]Fishman[Tag Color  val={FFFF} ][Tag Color  val={0000} ]
Birthplace: The Great Sea
Personality: Honorable, dutiful, and surly

Apparently, these fish were aided long ago
by the King of Red Lions, which is why
they're now willing to offer [Tag 2:0  ]
valuable information.
Unfortunately, much of their information is
off the mark. For many long years they
have suffered from stiff necks, but none
of them know how to cure it.[Tag Color  val={FFFF} ]";
"[Tag Color  val={0001} ]Traveling Merchants[Tag Color  val={FFFF} ][Tag Color  val={0000} ]
Birthplace: Unknown
Favorite Food: Rocks

These businessmen are traveling the world
in search of curios and oddities, each with
the hope of someday opening his own shop.

Nobody knows where these wandering
merchants have come from or where
they're headed.[Tag Color  val={FFFF} ]";
"[Tag Color  val={0001} ]Old Man Ho Ho[Tag Color  val={FFFF} ][Tag Color  val={0000} ]
Birthplace: Unknown
Favorite Thing: Telescopes

Old Man Ho Ho found his first telescope
after retiring from his job and has been
traveling in search of new sights ever since.

A new discovery always awaits at the far
end of his telescope.[Tag Color  val={FFFF} ]";
"[Tag Color  val={0001} ]Beedle[Tag Color  val={FFFF} ][Tag Color  val={0000} ]
Birthplace: Unknown
Favorite Thing: Bugs (especially beetles)

A businessman by nature, Beedle's sales
pitch is unmatched. He hopes to open a
chain of trading posts where people can
buy, sell, or trade anything.[Tag Color  val={FFFF} ]";
"[Tag Color  val={0001} ]Salvatore[Tag Color  val={FFFF} ][Tag Color  val={0000} ]
Birthplace: Windfall Island
Talent: Drawing pictures

Long ago, Salvatore hoped to be a famous
painter, but that dream didn't last long.
He eventually returned to his hometown
and came up with his current business plan.
It's been a huge success, allowing him to
purchase his own island, where he has
opened up the second store in what he
hopes will become a huge chain.
He's now busy trying to think up that one
idea that will spark his next big endeavor.[Tag Color  val={FFFF} ]";
"[Tag Color  val={0001} ]Loot the Sailor[Tag Color  val={FFFF} ][Tag Color  val={0000} ]
Birthplace: Windfall Island
His Only Fear: The Mermen

Loot spends his days working far from
home at the boating course. He takes
his earnings straight to the café bar
on Windfall to enjoy a relaxing beverage.[Tag Color  val={FFFF} ]";
"[Tag Color  val={0001} ]Salvage Corp.[Tag Color  val={FFFF} ][Tag Color  val={0000} ]
Birthplace: Angular Isles
Talent: Searching for sunken treasure

These young men found friendship through
their common interest in searching for
sunken treasure. Soon afterward, they
formed the Salvage Corp.
With their first haul of treasure, all they
could afford to buy was their diving suits.
Now they dream of finding that one huge
haul that makes them all rich.
They are currently searching for the
legendary treasure sunken beneath the sea.
[Tag Color  val={FFFF} ]";
"[Tag Color  val={0001} ]Fairy
[Tag Color  val={FFFF} ][Tag Color  val={0000} ]Birthplace: Unknown[Tag Color  val={FFFF} ][Tag Color  val={0001} ]
[Tag Color  val={FFFF} ][Tag Color  val={0000} ]First Impression: Good

Fairies are the most reliable of creatures.
When their master's life energy has been
depleted, they immediately come to his or
her aid. They can be carried in bottles.[Tag Color  val={FFFF} ]";
"[Tag Color  val={0001} ]Great Fairy[Tag Color  val={FFFF} ][Tag Color  val={0000} ]
Birthplace: Angular Isles
Talent: Powering-up

The seven Great Fairies who are destined to
aid the great hero by increasing his powers
are hiding in seven different reaches of the
Great Sea.[Tag Color  val={FFFF} ]";
"[Tag Color  val={0001} ]Queen of Fairies[Tag Color  val={FFFF} ][Tag Color  val={0000} ]
Birthplace: Fairy Island
Talent: Empowering arrows with fire and ice

She appears to be but a child, but she is
much greater and more powerful than the
Great Fairies. She will grant [Tag 2:0  ]
the power to add fire and ice to his arrows.[Tag Color  val={FFFF} ]";
"[Tag Color  val={0001} ]Princess Zelda

[Tag Color  val={FFFF} ][Tag Color  val={0000} ]

Princess Zelda is the legitimate heir to
the Hyrulean Royal Family. She is actually
the pirate Tetra.[Tag Color  val={FFFF} ]";
"[Tag Color  val={0001} ]King of Hyrule[Tag Color  val={FFFF} ][Tag Color  val={0000} ]



The king of Hyrule was unable to protect
his kingdom from evil and left its fate
up to the gods. The King of Red Lions is
merely his disguise.
His full name is one that is truly fit for
royalty: Daphnes Nohansen Hyrule.[Tag Color  val={FFFF} ]";
"[Tag Color  val={0001} ][Tag 1:11  ][Tag 2:0  ] & the King of Red Lions[Tag Color  val={FFFF} ][Tag Color  val={0000} ]
Birthplace: Outset Island
Favored Hand: Left

The Hero of Wind, [Tag 2:0  ], uses the
Wind Waker to control the wind and sail
the seas on his mysterious boat (which is
actually the king of Hyrule).
Surprisingly, he seems to have an unnatural
interest in figurines and has at last
completed his collection! He is now the
master of the Nintendo Gallery.[Tag Color  val={FFFF} ]";
"[Tag Color  val={0001} ]Medli[Tag Color  val={FFFF} ][Tag Color  val={0000} ]
Birthplace: Dragon Roost Island
Personality: Serious and sincere

Medli is Valoo's attendant, and as such
puts incredible effort into everything she
does. Even so, there are times when she
seems to be spinning her wheels.
Her greatest treasure is the harp that she
carries on her back.[Tag Color  val={FFFF} ]";
"[Tag Color  val={0001} ]Komali[Tag Color  val={FFFF} ][Tag Color  val={0000} ]
Birthplace: Dragon Roost Island
Personality: Mama's boy

Komali had very little confidence in himself
and thus closed himself off from the world
outside his tribe's aerie.

With just a little help from [Tag 2:0  ],
though, he has regained his confidence and
has at last begun to show signs of being a
confident and mature Rito adult.[Tag Color  val={FFFF} ]";
"[Tag Color  val={0001} ]The Rito Chieftain[Tag Color  val={FFFF} ][Tag Color  val={0000} ]
Birthplace: Dragon Roost Island
Head of the Rito tribe

The chieftain is a very gifted leader who is
adored by his people. Due to his position,
he must be strict with his relations, but as
with any father, he worries about his son.[Tag Color  val={FFFF} ]";
"[Tag Color  val={0001} ]Quill the Postman[Tag Color  val={FFFF} ][Tag Color  val={0000} ]
Birthplace: Dragon Roost Island
Personality: Dutiful, passionate

Quill has courage, if nothing else. He is
admired by his fellow Rito, and the chieftain
places great trust in him.[Tag Color  val={FFFF} ]";
"[Tag Color  val={0001} ]Skett & Akoot[Tag Color  val={FFFF} ][Tag Color  val={0000} ]
Birthplace: Dragon Roost Island
Occupation: The chieftain's guards

Skett and Akoot are said to be the number-
one and number-two Ritos when it comes
to talent and strength, which is why they
are the chieftain's guards.
The reason they get along so well is
because they are childhood friends.
Their style of speech can be considered
somewhat antiquated.[Tag Color  val={FFFF} ]";
"[Tag Color  val={0001} ]Kogoli[Tag Color  val={FFFF} ][Tag Color  val={0000} ]
Birthplace: Dragon Roost Island


He always seems to be worrying about the
state of the island, but no one has ever
seen him working to improve it...[Tag Color  val={FFFF} ]";
"[Tag Color  val={0001} ]Ilari[Tag Color  val={FFFF} ][Tag Color  val={0000} ]
Birthplace: Dragon Roost Island
Occupation: Windfall Island postman

Ilari is quite kind as long as he's composed,
but when things don't go well, he quickly
grows impatient and can get rough with
his speech.
He apparently has a hard time remembering
people's faces...[Tag Color  val={FFFF} ]";
"[Tag Color  val={0001} ]Hoskit[Tag Color  val={FFFF} ][Tag Color  val={0000} ]
Birthplace: Dragon Roost Island


His biggest worry is getting a present for
his girlfriend. He looks quite easygoing,
but he's always thinking of his girlfriend.
He values his friends tremendously.[Tag Color  val={FFFF} ]";
"[Tag Color  val={0001} ]Namali[Tag Color  val={FFFF} ][Tag Color  val={0000} ]
Birthplace: Dragon Roost Island
Personality: Worrisome

Namali doesn't really have any distinct
characteristics per se...[Tag Color  val={FFFF} ]";
"[Tag Color  val={0001} ]Basht & Bisht[Tag Color  val={FFFF} ][Tag Color  val={0000} ]
Birthplace: Dragon Roost Island
Occupation: Island police

Being extremely honest and sincere Ritos,
they were chosen to be the island's police
force. When you talk to them, they speak
frankly about events on the island.[Tag Color  val={FFFF} ]";
"[Tag Color  val={0001} ]Obli[Tag Color  val={FFFF} ][Tag Color  val={0000} ]
Birthplace: Windfall Island
Hobby: Dressing up

Obli has such an unhealthy obsession with
the Ritos that he's begun dressing as a Rito
and running the famed Bird-Man Contest.
 
He's the older of the laudable brothers
who host the contest.[Tag Color  val={FFFF} ]";
"[Tag Color  val={0001} ]Willi[Tag Color  val={FFFF} ][Tag Color  val={0000} ]
Birthplace: Windfall Island
Hobby: Dressing up

Willi used to be a very average carpenter
on Windfall. He so longed to soar the skies
that he began dressing as a Rito. He's the
younger of a laudable pair of siblings.[Tag Color  val={FFFF} ]";
"[Tag Color  val={0001} ]Koboli[Tag Color  val={FFFF} ][Tag Color  val={0000} ]
Birthplace: Dragon Roost Island
Occupation: Mail sorter

Koboli is the third generation in a family
of postmen, but rumor has it that an
ancestor of his in an age gone by was also
a postman...[Tag Color  val={FFFF} ]";
"[Tag Color  val={0001} ]Pashli[Tag Color  val={FFFF} ][Tag Color  val={0000} ]
Birthplace: Dragon Roost Island
Personality: Gentle

For reasons unknown, Pashli's always busy.[Tag Color  val={FFFF} ]";
"[Tag Color  val={0001} ]Baito[Tag Color  val={FFFF} ][Tag Color  val={0000} ]
Birthplace: Unknown
Personality: Earnest

Baito is very earnest when it comes to
mastering a job. He often misses his
mother and gets homesick, which can be
quite hard on him.
He wants to be like [Tag 2:0  ].[Tag Color  val={FFFF} ]";
"[Tag Color  val={0001} ]Valoo[Tag Color  val={FFFF} ][Tag Color  val={0000} ]
Birthplace: Dragon Roost Island
Sky Spirit

Valoo has lived on Dragon Roost Island and
protected the Ritos since long, long ago.
He has a habit of speaking only Hylian,
which only his attendant, Medli, grasps.[Tag Color  val={FFFF} ]";
"[Tag Color  val={0001} ]Zephos & Cyclos[Tag Color  val={FFFF} ][Tag Color  val={0000} ]
Birthplace: Dragon Roost Island
Sibling deities who control the wind

Zephos and Cyclos are two lighthearted
deities who teach [Tag 2:0  ] the Wind's
Requiem and the Ballad of Gales.[Tag Color  val={FFFF} ]";
"[Tag Color  val={0001} ]Laruto[Tag Color  val={FFFF} ][Tag Color  val={0000} ]
Birthplace: Zora's Domain


Long, long ago, the Zora sage, Laruto,
offered up her prayers in the Earth Temple
so that the Master Sword would continue to
house the power to repel evil.[Tag Color  val={FFFF} ]";
"[Tag Color  val={0001} ]Makar[Tag Color  val={FFFF} ][Tag Color  val={0000} ]
Birthplace: The Forest Haven
Personality: Frivolous

Makar is in charge of the musical
performance at the ceremony held each
year by the Koroks in the Forest Haven.

The instrument he uses appears to be a
cello, but it is actually a violin...[Tag Color  val={FFFF} ]";
"[Tag Color  val={0001} ]Olivio[Tag Color  val={FFFF} ][Tag Color  val={0000} ]
Birthplace: The Forest Haven
One of the Korok forest spirits

After the annual ceremony in the Forest
Haven, Olivio flies off to a distant
part of the world to sow tree seeds and
raise new patches of forest.
He's responsible for the forest on an
island one square west and three squares
north of the Forest Haven.[Tag Color  val={FFFF} ]";
"[Tag Color  val={0001} ]Aldo[Tag Color  val={FFFF} ][Tag Color  val={0000} ]
Birthplace: The Forest Haven
One of the Korok forest spirits

After the annual ceremony in the Forest
Haven, Aldo flies off to a distant
part of the world to sow tree seeds and
raise new patches of forest.
He's responsible for the forest on an
island one square east of the Forest Haven.[Tag Color  val={FFFF} ]";
"[Tag Color  val={0001} ]Oakin[Tag Color  val={FFFF} ][Tag Color  val={0000} ]
Birthplace: The Forest Haven
One of the Korok forest spirits

After the annual ceremony in the Forest
Haven, Oakin flies off to a distant
part of the world to sow tree seeds and
raise new patches of forest.
He is responsible for the forest on an
island four squares west and five squares
north of the Forest Haven.[Tag Color  val={FFFF} ]";
"[Tag Color  val={0001} ]Drona[Tag Color  val={FFFF} ][Tag Color  val={0000} ]
Birthplace: The Forest Haven
One of the Korok forest spirits

After the annual ceremony in the Forest
Haven, Drona flies off to a distant
part of the world to sow tree seeds and
raise new patches of forest.
He is responsible for the forest on an
island one square west and one square
north of the Forest Haven.[Tag Color  val={FFFF} ]";
"[Tag Color  val={0001} ]Irch[Tag Color  val={FFFF} ][Tag Color  val={0000} ]
Birthplace: The Forest Haven
One of the Korok forest spirits

After the annual ceremony in the Forest
Haven, Irch flies off to a distant
part of the world to sow tree seeds and
raise new patches of forest.
He is responsible for the forest on an
island three squares west of the Forest
Haven.[Tag Color  val={FFFF} ]";
"[Tag Color  val={0001} ]Rown[Tag Color  val={FFFF} ][Tag Color  val={0000} ]
Birthplace: The Forest Haven
One of the Korok forest spirits

After the annual ceremony in the Forest
Haven, Rown flies off to a distant
part of the world to sow tree seeds and
raise new patches of forest.
He is responsible for the forest on an
island four squares west and four squares
north of the Forest Haven.[Tag Color  val={FFFF} ]";
"[Tag Color  val={0001} ]Hollo[Tag Color  val={FFFF} ][Tag Color  val={0000} ]
Birthplace: The Forest Haven
One of the Korok forest spirits

Even after the Korok ceremony, Hollo
remains in the Forest Haven researching
potion making.

He'll make a potion that replenishes both
life energy and magic power for you if you
bring him Boko Baba seeds.
Onjalla! Manjalla! CHO-WAY![Tag Color  val={FFFF} ]";
"[Tag Color  val={0001} ]Elma[Tag Color  val={FFFF} ][Tag Color  val={0000} ]
Birthplace: The Forest Haven
One of the Korok forest spirits

After the annual ceremony in the Forest
Haven, Elma flies off to a distant
part of the world to sow tree seeds and
raise new patches of forest.
He is responsible for the forest on an
island five squares west and one square
north of the Forest Haven.[Tag Color  val={FFFF} ]";
"[Tag Color  val={0001} ]Linder[Tag Color  val={FFFF} ][Tag Color  val={0000} ]
Birthplace: The Forest Haven
One of the Korok forest spirits

After the annual ceremony in the Forest
Haven, Linder flies off to a distant
part of the world to sow tree seeds and
raise new patches of forest.
He is responsible for the forest on an
island four squares west and two squares
north of the Forest Haven.[Tag Color  val={FFFF} ]";
"[Tag Color  val={0001} ]Deku Tree[Tag Color  val={FFFF} ][Tag Color  val={0000} ]
Birthplace: The Forest Haven


The Deku Tree is both an earth spirit and
the guardian of the forest. He has lived
for many long years, so his wisdom is vast.

However, since his roots run deep into the
earth, he cannot move. As a result, he is
often afflicted by parasitic enemies...[Tag Color  val={FFFF} ]";
"[Tag Color  val={0001} ]Carlov the Sculptor[Tag Color  val={FFFF} ][Tag Color  val={0000} ]
Birthplace: Unknown
Occupation: Nintendo Gallery Master

With unmatched talent, he is the world's
greatest sculptor. It's said the reason he
won't let anyone watch him sculpt is
because he does so in his underwear.
Lately, his club has been losing membership
because he hasn't done anything "cool"
with it, but as long as [Tag 2:0  ]
hangs around, everything will be all right![Tag Color  val={FFFF} ]";
"[Tag Color  val={0001} ]Manny[Tag Color  val={FFFF} ][Tag Color  val={0000} ]
Birthplace: Windfall Island
Favorite Thing: Figurines

He used to always sit at home and rarely
go outside, but his passion for the
Nintendo Gallery kept him moving, and he
finally earned membership in it.[Tag Color  val={FFFF} ]";
"[Tag Color  val={0001} ]Fado[Tag Color  val={FFFF} ][Tag Color  val={0000} ]
Birthplace: Kokiri Forest
Personality: Somewhat saucy

Long, long ago the Kokiri sage, Fado,
offered up his prayers in the Wind Temple
so that the Master Sword would continue to
house the power to repel evil.[Tag Color  val={FFFF} ]";
"[Tag Color  val={0001} ]Bokoblin[Tag Color  val={FFFF} ][Tag Color  val={0000} ]
Habitat: Forsaken Fortress
Spoils: Joy Pendants

These little imps wield sharp machetes
and Boko sticks when attacking. If they
have no weapon, they'll attempt to fight
hand to hand.[Tag Color  val={FFFF} ]";
"[Tag Color  val={0001} ]Miniblin[Tag Color  val={FFFF} ][Tag Color  val={0000} ]
Habitat: Forsaken Fortress
Talent: Herd movements

These little beasts are quick and agile.
They scurry along walls and gather in great
numbers. You should deal with them
individually so they don't surround you.[Tag Color  val={FFFF} ]";
"[Tag Color  val={0001} ]ChuChu[Tag Color  val={FFFF} ][Tag Color  val={0000} ]
Habitat: Varied
Spoils: Chu Jelly

There are ChuChus of many different colors,
all with their own distinct characteristics.
In general, they are most susceptible to
projectile weapons.[Tag Color  val={FFFF} ]";
"[Tag Color  val={0001} ]Rat[Tag Color  val={FFFF} ][Tag Color  val={0000} ]
Habitat: Forsaken Fortress
Favorite Food: All-Purpose Bait

These creatures attack spontaneously and
attempt to steal Rupees. The ones that
carry bombs around are apparently known
as [Tag Color  val={FFFF} ][Tag Color  val={0001} ]Bombchus[Tag Color  val={FFFF} ][Tag Color  val={0000} ].[Tag Color  val={FFFF} ]";
"[Tag Color  val={0001} ]Keese & Fire Keese[Tag Color  val={FFFF} ][Tag Color  val={0000} ]
Habitat: Dragon Roost Cavern
Least Favorite Thing: Projectiles

These bats fly around dark places and
attack anything that moves. Great care
should be taken around Fire Keeses that
appear during times of volcanic activity.[Tag Color  val={FFFF} ]";
"[Tag Color  val={0001} ]Magtail[Tag Color  val={FFFF} ][Tag Color  val={0000} ]
Habitat: Dragon Roost Cavern
Weakness: Water

These creatures are covered in a hard
exoskeleton that not even the searing heat
of lava can penetrate. Their eyes are their
only weakness.
Magtails can be picked up and carried
around when they've rolled into a
defensive position.[Tag Color  val={FFFF} ]";
"[Tag Color  val={0001} ]Kargaroc[Tag Color  val={FFFF} ][Tag Color  val={0000} ]
Habitat: Dragon Roost
Spoils: Golden Feathers

These fierce and dangerous opponents often
carry Bokoblins and Moblins into battle.
You can use your Grappling Hook to steal
their Golden Feathers.[Tag Color  val={FFFF} ]";
"[Tag Color  val={0001} ]Peahat[Tag Color  val={FFFF} ][Tag Color  val={0000} ]
Habitat: Forbidden Woods
Talent: Rotating

These strange creatures use their propeller-
like wings to float in midair. They can be
easily knocked out of the sky with either
projectiles or a Deku Leaf.[Tag Color  val={FFFF} ]";
"[Tag Color  val={0001} ]Boko Baba[Tag Color  val={FFFF} ][Tag Color  val={0000} ]
Habitat: Forbidden Woods
Spoils: Boko Baba Seeds

These creatures that mimic Baba Buds
attempt to swallow anything that comes
near. Defeat them by stunning them with a
jump attack and then cutting their stems.[Tag Color  val={FFFF} ]";
"[Tag Color  val={0001} ]Morth[Tag Color  val={FFFF} ][Tag Color  val={0000} ]
Habitat: Forbidden Woods
Least Favorite Thing: Deku Leaves

These creatures attack in groups and cling
to the bodies of their prey. A spin attack is
the best way to shake them off. They're
light and vulnerable to Deku Leaf blasts.[Tag Color  val={FFFF} ]";
"[Tag Color  val={0001} ]Red Bubble & Blue Bubble[Tag Color  val={FFFF} ][Tag Color  val={0000} ]
Habitat: Tower of the Gods
Stronger Form: Blue Bubble

The cursed blue flames of the Blue Bubble
steal the power away from all of your
attacks. Bubbles can be easily blown away
by the Deku Leaf.[Tag Color  val={FFFF} ]";
"[Tag Color  val={0001} ]Floor Master[Tag Color  val={FFFF} ][Tag Color  val={0000} ]
Habitat: Forsaken Fortress
Personality: Surprisingly lonely

These creatures use their long hands to
grab their victims, which they then yank
into another room. They occasionally grab
nearby vases and throw them.[Tag Color  val={FFFF} ]";
"[Tag Color  val={0001} ]Armos
[Tag Color  val={FFFF} ][Tag Color  val={0000} ]Habitat: Tower of the Gods
Vulnerability: Arrows

These small statues shift into autopilot
and attack prey. Shoot them in the eyes
with an arrow to silence them, and then
destroy them by hacking their crystal backs.[Tag Color  val={FFFF} ]";
"[Tag Color  val={0001} ]Armos Knight[Tag Color  val={FFFF} ][Tag Color  val={0000} ]
Habitat: Tower of the Gods
Vulnerability: Bombs

These auto-homing statues were created to
deter intruders. To destroy them, you must
toss bombs into their gaping mouths.[Tag Color  val={FFFF} ]";
"[Tag Color  val={0001} ]Poe[Tag Color  val={FFFF} ][Tag Color  val={0000} ]
Habitat: Earth Temple
Best Attack: Possession

These ghostly creatures have no physical
form, so physical attacks pass right
through them. Shining light on them with
the Mirror Shield makes them take form.[Tag Color  val={FFFF} ]";
"[Tag Color  val={0001} ]ReDead[Tag Color  val={FFFF} ][Tag Color  val={0000} ]
Habitat: Earth Temple
Least Favorite Thing: Mirror Shield

These undead creatures live only in the
darkest depths of the earth. Their icy-cold
gazes paralyze their victims with fear.
Try to attack them from behind.[Tag Color  val={FFFF} ]";
"[Tag Color  val={0001} ]Octorok[Tag Color  val={FFFF} ][Tag Color  val={0000} ]
Habitat: The Forest Haven, Great Sea
[Tag Color  val={0000} ]Series: Exemplary Enemy[Tag Color  val={0000} ]

When approached, these creatures tend to
hide in the water. They can easily be
defeated by reflecting the rocks they shoot
with a sword or shield.[Tag Color  val={FFFF} ]";
"[Tag Color  val={0001} ]Seahat[Tag Color  val={FFFF} ][Tag Color  val={0000} ]
Habitat: The Great Sea
Weakness: Projectiles

These tremendous flying fish can be found
only on the Great Sea. A large school of them
will ram ships incessantly, trying to break them,
so it is best to attack them from a distance.[Tag Color  val={FFFF} ]";
"[Tag Color  val={0001} ]Gyorg[Tag Color  val={FFFF} ][Tag Color  val={0000} ]
Habitat: The Great Sea
Weakness: Projectiles

These so-called ocean killing machines are
plentiful in the Great Sea. You should attack
them with arrows or boomerangs before
they begin relentlessly ramming your boat.[Tag Color  val={FFFF} ]";
"[Tag Color  val={0001} ]Moblin[Tag Color  val={FFFF} ][Tag Color  val={0000} ]
Habitat: Forsaken Fortress
Spoils: Skull Necklaces

These mighty enemies swing their long
spears with the greatest of ease. They've
knocked [Tag 2:0  ] around with that
attack countless times.[Tag Color  val={FFFF} ]";
"[Tag Color  val={0001} ]Mothula[Tag Color  val={FFFF} ][Tag Color  val={0000} ]
Habitat: Forbidden Woods
Effective Weapons: Deku Leaf, projectiles

This gigantic moth scatters its scales
through the air. Even using projectiles to
clip its wings won't assure safety—it can
still run around swiftly and release larvae.[Tag Color  val={FFFF} ]";
"[Tag Color  val={0001} ]Darknut[Tag Color  val={FFFF} ][Tag Color  val={0000} ]
Habitat: Tower of the Gods
Spoils: Knight's Crest

These mighty knights are protected by
heavy-duty armor. Rather than attacking
from the front, it might be best to slip
around behind them and cut their armor off.[Tag Color  val={FFFF} ]";
"[Tag Color  val={0001} ]Darknut[Tag Color  val={FFFF} ][Tag Color  val={0000} ]
Habitat: Earth Temple
Spoil: Knight's Crest

These knights are well protected by their
round bucklers and mighty armor. If you use
a parry attack to jump up and knock off
their helmets, it'll spell their doom.[Tag Color  val={FFFF} ]";
"[Tag Color  val={0001} ]Mighty Darknut[Tag Color  val={FFFF} ][Tag Color  val={0000} ]
Habitat: Hyrule Castle
Spoil: Knight's Crest

These are Darknut captains. Some wear
capes that must be burned or cut off before
their armor straps can be cut.[Tag Color  val={FFFF} ]";
"[Tag Color  val={0001} ]Phantom Ganon[Tag Color  val={FFFF} ][Tag Color  val={0000} ]
Habitat: Forsaken Fortress
Effective Weapons:
 Light Arrows, Master Sword
This is a phantom that Ganondorf created
in his own likeness. Use your sword to
knock back the balls of magic that he hurls,
and then attack him when he's stunned.
Actually, you can also use [Tag Color  val={FFFF} ][Tag Color  val={0001} ]empty bottles[Tag Color  val={FFFF} ][Tag Color  val={0000} ] to
deflect his magic attacks.[Tag Color  val={FFFF} ]";
"[Tag Color  val={0001} ]Stalfos[Tag Color  val={FFFF} ][Tag Color  val={0000} ]
Habitat: Earth Temple
Weakness: Its head

These skeleton warriors attack by violently
swinging their gigantic maces around. Even
if they're shattered to pieces, they'll
reform unless their heads are destroyed.[Tag Color  val={FFFF} ]";
"[Tag Color  val={0001} ]Wizzrobe[Tag Color  val={FFFF} ][Tag Color  val={0000} ]
Habitat: Tower of the Gods
Magic: Fire, summons

These mighty mages are adept at wielding
flame and summoning other creatures to
their aid.

The only way to defeat them is to try to
predict their movements and attack them
during the brief moments that they assume
physical form.[Tag Color  val={FFFF} ]";
"[Tag Color  val={0001} ]Wizzrobe[Tag Color  val={FFFF} ][Tag Color  val={0000} ]
Habitat: Wind Temple
Magic: Summons

These high-level mages use the magic of
summoning to aid them in battle. They are
the only Wizzrobes that can summon other
Wizzrobes, which makes them formidable.[Tag Color  val={FFFF} ]";
"[Tag Color  val={0001} ]Big Octo[Tag Color  val={FFFF} ][Tag Color  val={0000} ]
Habitat: Great Sea
Effective Weapons: Projectiles

There are said to be six of these legendary
giant squid in different reaches of the Great
Sea. When ships pass by, they create
tremendous currents to try to sink them.
The only way to escape is to shoot all of
their weak spots—their eyes—with projectiles
before being sucked in.[Tag Color  val={FFFF} ]";
"[Tag Color  val={0001} ]Gohma[Tag Color  val={FFFF} ][Tag Color  val={0000} ]
Habitat: Dragon Roost Island
Effective Weapon: Grappling Hook

This gigantic shelled insect inhabits
areas of lava and magma. The only way to
penetrate its hard bio-armor would be to
drop an entire sheet of bedrock on it.[Tag Color  val={FFFF} ]";
"[Tag Color  val={0001} ]Kalle Demos[Tag Color  val={FFFF} ][Tag Color  val={0000} ]
Habitat: Forbidden Woods
Favorite Thing: Makar

This plant monster is a gigantic parasite
that lives in the depths of the
Forbidden Woods.

Only by cutting loose all of its disgusting
tentacles with the Boomerang will its tender
core be revealed.[Tag Color  val={FFFF} ]";
"[Tag Color  val={0001} ]Gohdan, the Great Arbiter[Tag Color  val={FFFF} ][Tag Color  val={0000} ]
Habitat: Tower of the Gods
Effective Weapon: Arrows

This monstrous machine was created by the
gods as a trial for the great hero. You can
drop it to the ground only by piercing
its hands and face with arrows.
Once it has fallen, you can defeat it by
immediately tossing a bomb inside it.
Oddly enough, arrows occasionally drop
from its nostrils.[Tag Color  val={FFFF} ]";
"[Tag Color  val={0001} ]The Monstrous Helmaroc King[Tag Color  val={FFFF} ][Tag Color  val={0000} ]
Habitat: Forsaken Fortress
Master: Ganondorf

The Helmaroc King is a monstrous bird that
has been fitted with a mighty steel mask.
Once the mask has been split with a
hammer, its tender beak will be revealed.[Tag Color  val={FFFF} ]";
"[Tag Color  val={0001} ]Jalhalla, Protector of the Seal[Tag Color  val={FFFF} ][Tag Color  val={0000} ]
Habitat: Earth Temple
Underlings: Poes

This gigantic ghost rules over all Poes.
After reflecting light onto it with the
Mirror Shield, you can lift it and throw
it around.[Tag Color  val={FFFF} ]";
"[Tag Color  val={0001} ]Molgera, Protector of the Seal[Tag Color  val={FFFF} ][Tag Color  val={0000} ]
Habitat: Wind Temple
Effective Weapon: Hookshot

This evil guardian burrows deep into sand.
Use the Hookshot to draw out its tender
tongue, and then slash at it with your blade.[Tag Color  val={FFFF} ]";
"[Tag Color  val={0001} ]Puppet Ganon[Tag Color  val={FFFF} ][Tag Color  val={0000} ]
Habitat: Ganon's Castle
Effective Weapon: Light Arrows

This is a gigantic marionette created by
Ganon himself. It transforms into three
different shapes, but all are vulnerable
to rays of light.
Rather than shooting randomly at it, try
to deduce when it can be easily targeted
and then take advantage of your chance.[Tag Color  val={FFFF} ]";
"[Tag Color  val={0001} ]Ganondorf[Tag Color  val={FFFF} ][Tag Color  val={0000} ]
Base of Operations: Ganon's Castle
Effective Weapons:
 Light Arrows, Master Sword
The possessor of the Triforce of Power,
Ganondorf controls many fell beasts. 


It is useless for [Tag 2:0  ] to try to
face him alone. He must look for an ally
who can aid him in battle.[Tag Color  val={FFFF} ]";
"ぱつ";
"はつ";
"かい";
"つう";
"にん";
"り";
"ぷん";
"ふん";
"びょう";
"こ";
"こ";
"ぽん";
"ぼん";
"ほん";
"こ";
"こ";
"こ";
"まい";
"こ";
" Rupee";
" Rupees";
"000 Rupee(s)";
" Blow";
" Blows";
" letter";
" letters";
" ";
" ";
":";
":";
" ";
" ";
" yard";
" yards";
" point";
" points";
" ";
" ";
"00 pendant(s)";
" bomb";
" bombs";
" arrow";
" arrows";
" seed";
" seeds";
"00 seed(s)";
" necklace";
" necklaces";
"00 necklace(s)";
" ";
" ";
"00 Chu(s)";
" feather";
" feathers";
"00 feather(s)";
" crest";
" crests";
"00 crest(s)";
" ";
"Wind's Requiem";
"Song of Passing";
"Earth God's Lyric";
"Command Melody";
"Wind God's Aria";
"Ballad of Gales";
"A";
"B";
"Y";
"X";
"R";
"ZR";
"A";
" ";
"Read";
"Let Go";
"End";
"Pick Up";
"Climb";
"Back";
"Check";
"Open";
"Let Go";
"Drop";
"Roll";
"Put Away";
"Crouch";
"Throw";
"Sidle";
"Grab";
"Jump";
"OK";
"Speak";
"Stop";
"Set Sail";
"Picto Mode";
"Switch Arrow";
"Next";
"Switch";
"Defend";
"Album";
"Take";
"Info";
"Fly";
"Call";
"Look";
"Choose";
"Close";
"Cancel";
"Zoom";
"Cruise";
"Swing";
"Bid";
"Fire";
"Salvage";
"[Tag Size  val={00C8} ][Tag 3:41  ][Tag Size  val={0064} ]Fast[Tag Size  val={00C8} ][Tag Size  val={0064} ]";
"[Tag Size  val={00C8} ][Tag 3:40  ][Tag Size  val={0064} ]Normal";
"Equip";
"Get Out";
"Tingle Bottle";
"Erase";
"A";
"A";
"Select a mode.";
" Boss Battle ";
"Helmaroc King";
" Island Stroll ";
"Outset Island";
"アソブコースヲエランデクダサイ";
"Thank you for playing!";
" Press Any Button ";
"© 2002-2013　Nintendo";
"THE END";
"[Tag 1:12  ] PRODUCER ";
"Eiji Aonuma";
"[Tag 1:12  ] DIRECTOR ";
"Daiki Iwamoto";
"[Tag 1:12  ] HD REFINING ART DIRECTOR ";
"Satoru Takizawa";
"[Tag 1:12  ] HD REFINING PROGRAM DIRECTOR ";
"Takuhiro Dohta";
"[Tag 1:12  ] GRAPHIC DESIGN ";
"Masanao Arimoto";
"Haruyasu Ito";
"[Tag 1:12  ] HD REFINING ";
"Hajime Suzuki";
"Shoutarou Sakamoto";
"Takeshi Sakamoto";
"Tatsuya Shimamura";
"Masaya Tamano";
"Yuri Suga";
"Chisato Fujita";
"Ayaka Kaneko";
"Mai Takai";
"Hirofumi Nakazawa";
"Wataru Masuda";
"[Tag 1:12  ] UI DESIGN ";
"Emi Tomita";
"Daigo Shimizu";
"[Tag 1:12  ] DESIGN SUPPORT ";
"Ryuji Kobayashi";
"Yoshiyuki Oyama";
"Makoto Yonezu";
"Yasuyo Iwawaki";
"Takashi Fukahori";
"Yuka Sawano";
"[Tag 1:12  ] DESIGN MANAGEMENT ";
"Yoshiki Haruhana";
"[Tag 1:12  ] LEAD PROGRAMMING ";
"Kenji Higashiyama";
"[Tag 1:12  ] SYSTEM PROGRAMMING ";
"Kenzo Hayakawa";
"Masashi Masuoka";
"Yuki Tanaka";
"Chihiro Okada";
"[Tag 1:12  ] GRAPHIC PROGRAMMING ";
"Koji Sakai";
"Ryu Shinomiya";
"Kazuhiro Nakari";
"Shogo Kihara";
"Shuhei Maekawa";
"Nao Ueda";
"[Tag 1:12  ] UI PROGRAMMING ";
"Momoko Shibutani";
"Masaru Nii";
"Shinji Okuda";
"Nobuhiko Sadamoto";
"Etsuko Sakai";
"[Tag 1:12  ] ADDITIONAL PROGRAMMING ";
"Toshio Iwawaki";
"Kazuaki Morita";
"Makoto Sasaki";
"Yuji Sawatani";
"[Tag 1:12  ] PROGRAMMING SUPPORT ";
"Hirohito Yoshimoto";
"Tomohisa Saito";
"Takahiro Okuda";
"Keita Tsutsui";
"Hiroshi Umemiya";
"Masatoshi Ogawa";
"[Tag 1:12  ] TEXTURE UPCONVERT PROGRAMMING ";
"Toru Nakayama";
"Junichi Iwasaki";
"Kouichirou Nakamura";
"[Tag 1:12  ] PROGRAM MANAGEMENT ";
"Kenji Yamamoto";
"Toshihiko Nakago";
"Yuichi Yamamoto";
"[Tag 1:12  ] COORDINATION ";
"Masaya Ishizuka";
"Masakazu Matsushita";
"[Tag 1:12  ] SOUND ENGINEERING ";
"Masafumi Kawamura";
"Koichi Kyuma";
"[Tag 1:12  ] MUSIC ";
"Kenta Nagata";
"Hajime Wakai";
"Asuka Hayazaki";
"Atsuko Asahi";
"[Tag 1:12  ] TECHNICAL SUPPORT ";
"Mitsuo Iwamoto";
"Tomohiro Umeda";
"Yasuhiro Kawaguchi";
"Yoshito Yasuda";
"[Tag 1:12  ] NOA LOCALIZATION MANAGEMENT ";
"Nate Bihldorff";
"Reiko Ninomiya";
"Tim O'Leary";
"Leslie Swan";
"[Tag 1:12  ] NOA LOCALIZATION ";
"Gema Almoguera";
"Lars Knudson";
"Anne-Marie Laperrière";
"Chris Pranger";
"Thaddée Wiseur";
"Jonathan Yeckley";
"[Tag 1:12  ] NOE LOCALISATION MANAGEMENT ";
"David Ryan";
"Amaury Bagnariol";
"[Tag 1:12  ] NOE LOCALISATION ";
"Helen Weetman";
"Greg T. Sadownik";
"Arne Glinka";
"Sinan Kement";
"Giaime Carbonara";
"Vincenzo Russo";
"Natacha Faubert";
"Sabrina Jouillat";
"Araceli Mazón Figueroa";
"Álvaro García Barbón";
"Andrea De Benedetto";
"Oliver Bates";
"Sascha Michalke";
"Matteo Zuzzi";
"Johnny Benoit";
"Ana Oliveras Daví";
"[Tag 1:12  ] TESTING ";
"Hitoshi Nishizawa";
"Kazuki Kishita";
"Masashi Onishi";
"Yasunori Shibayama";
"Maki Yoshitake";
"Mario Club Co., Ltd.";
"NOA Product Testing";
"NOE Testing Team";
"[Tag 1:12  ] SPECIAL THANKS ";
"Tsutomu Kaneshige";
"Ryota Maruko";
"Hisashi Sekoguchi";
"Kazuya Sumaki";
"Katsuhito Nishimura";
"Takahiro Takayama";
"Atushi Haneda";
"Takumi Kawagoe";
"Yoshiyuki Sawada";
"Tatsuya Shinada";
"Naonari Fukumoto";
"Yasunari Soejima";
"Tatsuo Nishiyama";
"Toshiyuki Doi";
"SRD";
"IMAGICA DIGITALSCAPE Co.,Ltd.　BAUHAUS ENTERTAINMENT";
"HEXADRIVE Inc.";
"The Wind Waker Original Staff";
"[Tag 1:12  ] GENERAL PRODUCER ";
"Shigeru Miyamoto";
"[Tag 1:12  ] EXECUTIVE PRODUCER ";
"Satoru Iwata";
"Nintendo is the author of this software for 
the purpose of copyright. All rights reserved.
© 2002-2013  Nintendo";
"GAME OVER";
"Currently playing on TV.";
"Currently playing on Wii U GamePad.
Press [Tag 3:24  ] to return to TV mode.";
"Enter your name.";
"Enter the password.";
"ユーザーの入力したテキストが入る";
"Use the GamePad to input.";
"Look at the TV while inputting.";
"OK";
"N";
"S";
"W";
"E";
"北";
"南";
"東";
"西";
"999";
"9999";
"99";
"1";
"[Tag 2:40 val={020000CD} ].[Tag 2:41 val={020000CD} ].[Tag 2:42 val={020000CD} ]";
"×９９９";
"99";
"9";
"Y";
"X";
"R";
"Back";
"Back";
"Return";
"シマノハート　マップ";
"ハートノカケラハ
ゼンブデ３０コ
アリマス。";
"ガンバッテ
ゼンブアツ
メマショウ。";
"タダシフタツダケハ
モラウコトニ
ナリマス。";
"Back";
"Return";
"Back";
"Back";
"Back";
"Back";
"Back";
"Back";
"Back";
"B2";
"B1";
"1F";
"2F";
"3F";
"4F";
"Ext.";
"B1";
"1F";
"2F";
"3F";
"4F";
"Ext.";
"B2";
"B1";
"1F";
"2F";
"3F";
"4F";
"Ext.";
"Forsaken Fortress";
"Dragon Roost Cavern";
"Forbidden Woods";
"Tower of the Gods";
"Earth Temple";
"Wind Temple";
"No Area Map";
"ITEMS";
"9";
"MAP";
"9";
"BOTTLES";
"9";
"99";
"×44";
"Save";
"Mode Select";
"Options";
"Back";
"[Tag 3:0  ] Options";
"[Tag 3:0  ] Save";
"Equip with [Tag 3:0  ]";
"Tap for Options";
"Tap to Save";
"Tap to Equip";
"Press [Tag 3:0  ] to go to Mode Select";
"Tap to go to Mode Select";
"Y";
"X";
"R";
"[Tag 2:40 val={020000CD} ]:[Tag 2:41 val={020000CD} ]";
"7000×7000";
"N";
"E";
"S";
"W";
"×00";
"×00";
"100×100";
"1000×1000";
"200×200";
"?";
"100×100";
"This map
isn't open.";
"Tap this map to
open it.";
"This map must be
interpreted before
you can read it.";
"7000×7000";
"1000×1000";
"200×200";
"?";
"No data";
"%%%%%%%%%%%%%%%%%%%%%%%%%%%%%%%%%%%%%%%%%%%%%%%%%%%%%%%%%%%%%%%%%%%%%%%%%%%%%%%%%%%%%%%%%%%%%%%%%%%%";
"%%%%%%%%%%";
"タウラ島（トピックタグは最大50文字まで）";
"0";
"0";
"Yeah!";
"Forsaken Fortress";
"Star Island";
"Northern Fairy Island";
"Gale Isle";
"Crescent Moon Island";
"Seven-Star Isles";
"Overlook Island";
"Four-Eye Reef";
"Mother & Child Isles";
"Spectacle Island";
"Windfall Island";
"Pawprint Isle";
"Dragon Roost Island";
"Flight Control Platform";
"Western Fairy Island";
"Rock Spire Isle";
"Tingle Island";
"Northern Triangle Isle";
"Eastern Fairy Island";
"Fire Mountain";
"Star Belt Archipelago";
"Three-Eye Reef";
"Greatfish Isle";
"Cyclops Reef";
"Six-Eye Reef";
"Tower of the Gods";
"Eastern Triangle Island";
"Thorned Fairy Island";
"Needle Rock Isle";
"Islet of Steel";
"Stone Watcher Island";
"Southern Triangle Island";
"Private Oasis";
"Bomb Island";
"Bird's Peak Rock";
"Diamond Steppe Island";
"Five-Eye Reef";
"Shark Island";
"Southern Fairy Island";
"Ice Ring Isle";
"Forest Haven";
"Cliff Plateau Isles";
"Horseshoe Island";
"Outset Island";
"Headstone Island";
"Two-Eye Reef";
"Angular Isles";
"Boating Course";
"Five-Star Isles";
"??? Island";
"Forsaken Fortress";
"Dragon Roost Cavern";
"Forbidden Woods";
"Tower of the Gods";
"Earth Temple";
"Wind Temple";
"Hyrule Castle";
"Ganon's Tower";
"Pirate Ship";
"Your post has a new comment.";
"Settings";
"You haven't found any Tingle Bottles yet.
Try to find some! Check the beaches and the sea!";
"You have chosen not to receive any Tingle Bottles.
You can change this from the Settings menu.";
"You cannot currently receive Tingle Bottles because
either Miiverse or Online Interaction in Games has
been restricted by Parental Controls.
(See the Wii U electronic manual for more information.)";
"7000×7000";
"1000×1000";
"200×200";
"?";
"";
"２４";
"００";
"High Score";
"No Rupees won...";
"Rupees won:";
"[Tag 2:40 val={020000CD} ]:[Tag 2:41 val={020000CD} ].[Tag 2:42 val={020000CD} ]";
"Time remaining:";
"Perfect!";
"×";
"３３３";
"GO!";
"°";
"００";
"Pause";
"Look at the Wii U GamePad.";
" Outset Island ";
" Forsaken Fortress ";
" Dragon Roost Island ";
" Forest Haven ";
" Greatfish Isle ";
" Windfall Island ";
" Tower of the Gods ";
" Hyrule Kingdom ";
" Gale Island ";
" Headstone Island ";
" Fire Mountain ";
" Ice Ring Isle ";
" Dragon Roost Cavern ";
" Forbidden Woods ";
" Tower of the Gods ";
" Earth Temple ";
" Wind Temple ";
" Ganon's Tower ";
"[Tag 3:23  ]Skip";
"Quest Log 1";
"Quest Log 2";
"Quest Log 3";
"Return";
"Erase";
"Copy";
"Start";
"Yes";
"No";
"ああああああああああ";
"[Tag 2:42 val={020001CD} ]/[Tag 2:41 val={020001CD} ]/[Tag 2:40 val={040001CD} ] [Tag 2:43 val={020001CD} ]:[Tag 2:44 val={020001CD} ]";
"New Game";
"Normal Mode";
"Hero Mode";
"Link";
"Wii U Pro Controller";
"Wii U GamePad";
"Controller Selection";
"File Selection";
"Erase this data?";
"Erasing data...";
"The data was erased.";
"Copy to where?";
"Overwrite this data?";
"Copying...";
"The data was copied.";
"Save in which file?";
"Overwrite this data and save?";
"Saving...";
"Game saved. Returning to title screen.";
" Press Any Button ";
"© 2002-2013　Nintendo";
"Ver.00.00.00";
"You can't record any more pictographs. Make space by selecting a
pictograph from your [Tag Color  val={0001} ]Album[Tag Color  val={FFFF} ] you no longer want and [Tag Color  val={0001} ]erasing[Tag Color  val={FFFF} ] it.";
"You will be able to save pictographs once you receive a Picto Box.";
"Select between holding down [Tag 3:25  ] to target (HOLD)
or pressing [Tag 3:25  ] to switch targeting on/off (SWITCH).";
"Reverse the left/right directions for the
[Tag 3:33  ] camera controls.";
"Invert up/down directions for [Tag 3:32  ] camera controls during
first-person camera movement.";
"メッセージの[Tag Ruby  val={00040006304B30933058} ]漢字につける ふりがなの[Tag Ruby  val={000400083072308730463058} ]表示を[Tag Ruby  val={00040008305B306330663044} ]設定できます";
"Set controller preferences between the Wii U GamePad
and the Wii U Pro Controller.";
"Set preferences for whose Tingle Bottles you want to
receive. You can also turn the feature off entirely.";
"Set preferences to exclude messages in
Tingle Bottles that include spoilers.";
"Switch the gyroscope on the Wii U GamePad on or off.
This will have no effect when using the Wii U Pro Controller.";
"Choose whether to display action prompts and currently
assigned items in the corner of the screen. You can turn
these off when you become familiar with the game.";
"Target Type";
"Camera";
"First-Person Camera";
"ふりがな";
"Controller";
"Gyroscope";
"UI Display";
"Hold";
"Switch";
"Standard";
"Reverse Left/Right";
"Standard";
"Reverse Up/Down";
"あり";
"なし";
"Wii U GamePad";
"Wii U Pro Controller";
"On";
"Off";
"Off";
"On";
"Allow Tingle Bottles
from Miiverse";
"Allow Tingle Bottles
with spoilers";
"Anyone";
"Friends only";
"Don't receive";
"Receive";
"Don't receive";
"Miiverse Settings";
"Would you like to save?";
"Cancel";
"Save";
"Now saving...";
"The game has been saved.
Would you like to continue playing?";
"Would you like to continue playing?";
"To Title Screen";
"Continue";
"Warp to this location?";
"No";
"Yes";
"Quit the game and return
to the mode-select screen?";
"Quit";
"Continue";
"Please connect a Wii U Pro Controller.";
"Please turn on the Wii U GamePad.";
"Back";
"Controller settings have been changed.
Please use a Wii U Pro Controller.";
"Controller settings have been changed.
Please use the Wii U GamePad.";
"OK";
"Pause game and open the Miiverse application?
(Game progress will not be lost.)";
"No";
"Yes";
"Pause game and open the Miiverse application?
(Game progress will not be lost.)";
"No";
"Yes";
"Save data has been created.";
"The save data appears to be corrupted and
could not be read. The current save data will
be erased, and new data will be created.";
"Creating save data...";
"OK";
"You can now send letters in Tingle Bottles
by using Miiverse!


Set your Tingle Bottle to [Tag 3:6  ], [Tag 3:5  ], or [Tag 3:4  ]
to send a letter of your own. You can even
use a Picto Box to include a [Tag Color  val={0001} ]pictograph[Tag Color  val={FFFF} ]
with your message.

Pick up Tingle Bottles that you find lying on
beaches or floating in the sea to read letters
other people have written.

You can adjust your message settings
at any time from the [Tag Color  val={0001} ]Settings screen[Tag Color  val={FFFF} ].";
"The game will save and make a file
for a second quest.";
"To keep current save data,
select a new Quest Log.
Do you want to save?";
"Are you sure you want to return to
the title screen without saving?";
"Next";
"OK";
"Cancel";
"Save";
"To Title Screen";
"In [Tag Color  val={0001} ]Hero Mode[Tag Color  val={FFFF} ], you take double damage and
won't be given recovery hearts at any point.
This mode is only for the truest heroes!";
"OK";
"";
"";
"×９";
"";
"Zoom";
"";
"Look Around";
"12";
"/";
"12";
"Good!";
"No";
"Yes";
"Save this picture?";
"/";
"12";
"12";
"You have no recorded pictographs.";
"Good!";
"Loading...";
"";
"×9";
"";
"Look Around";
"Zoom";
"";
"";
